<?xml version="1.0" encoding="MacRoman"?>
<!DOCTYPE markables SYSTEM "markables.dtd">
<markables xmlns="www.eml.org/NameSpaces/parse">
<markable id="markable_0" span="word_1..word_32" tag="(ROOT (S (S (NP (NNP Betaferon) (NNP Betaferon)) (VP (VBZ contains) (NP (NP (DT the) (JJ following) (NNS substances)) (PRN (-LRB- -LRB-) (NP (NNP Composition)) (-RRB- -RRB-)) (NNP Active) (NNS ingredients)))) (: :) (S (NP (NP (CD 1) (NN ml)) (PP (IN of) (NP (NP (DT the) (JJ prepared) (NN solution)) (PP (IN for) (NP (NN injection)))))) (VP (VBZ contains) (NP (NP (NP (NP (CD 0.25) (NN mg)) (PRN (-LRB- -LRB-) (NP (CD 8) (CD million) (NNP IU)) (-RRB- -RRB-))) (PP (IN of) (NP (NNP Interferon)))) (ADJP (JJ beta-1b))))) (. .)))" mmax_level="parse" />
<markable id="markable_1" span="word_33..word_57" tag="(ROOT (S (NP (NNP Betaferon)) (VP (VBZ is) (ADJP (VBN formulated) (S (VP (TO to) (VP (VB contain) (NP (NP (NP (CD 0.3) (NN mg)) (PRN (-LRB- -LRB-) (NP (CD 9.6) (CD million) (NNP IU)) (-RRB- -RRB-))) (PP (IN of) (NP (NNP Interferon))) (ADJP (JJ beta-1b) (PP (IN per) (NP (NP (NN vial)) (PP (IN at) (NP (NP (DT a) (JJ calculated) (NN overfill)) (PP (IN of) (NP (CD 20) (NN %)))))))))))))) (. .)))" mmax_level="parse" />
<markable id="markable_2" span="word_58..word_71" tag="(ROOT (FRAG (NP (NN Inactive) (NNS ingredients)) (: :) (NP (JJ Human) (NN albumin)) (, ,) (VP (VB dextrose) (SBAR (WHNP (WHNP (WP What) (NNS presentations)) (PP (IN of) (NP (NNP Betaferon)))) (S (VP (VBP are) (ADJP (JJ available)))))) (. ?)))" mmax_level="parse" />
<markable id="markable_3" span="word_72..word_91" tag="(ROOT (S (NP (NP (DT Each) (NN pack)) (PP (IN of) (NP (NNP Betaferon)))) (VP (VBZ contains) (NP (NP (NP (CD 15) (NNS vials)) (PP (IN of) (NP (NNP Interferon) (NN beta-1b)))) (CC and) (NP (NP (CD 15) (NNS vials)) (PP (IN of) (NP (ADJP (CD 0.54) (NN %)) (NN sodium) (NN chloride) (NN solution)))))) (. .)))" mmax_level="parse" />
<markable id="markable_4" span="word_92..word_96" tag="(ROOT (SBARQ (WHADVP (WRB How)) (SQ (VBZ does) (NP (NNP Betaferon)) (VP (VB work))) (. ?)))" mmax_level="parse" />
<markable id="markable_5" span="word_97..word_132" tag="(ROOT (S (S (NP (NP (PRN (-LRB- -LRB-) (NAC (NNP Properties) (PP (IN of) (NP (DT the) (NN preparation)))) (-RRB- -RRB-)) (NNP Multiple) (NNP sclerosis)) (PRN (-LRB- -LRB-) (NP (NNP MS)) (-RRB- -RRB-))) (VP (VBZ is) (NP (NP (DT a) (NN disease)) (PP (IN of) (NP (NP (NP (DT the) (JJ central) (JJ nervous) (NN system)) (PRN (-LRB- -LRB-) (NP (NNP CNS)) (-RRB- -RRB-))) (PRN (-LRB- -LRB-) (PP (FW i.e.) (NP (NN brain) (CC and) (JJ spinal) (NN cord))) (-RRB- -RRB-))))))) (CC and) (S (NP (PRP$ its) (JJ exact) (NN cause)) (VP (VBZ is) (ADJP (JJ unknown)))) (. .)))" mmax_level="parse" />
<markable id="markable_6" span="word_133..word_156" tag="(ROOT (S (NP (NP (DT An) (JJ abnormal) (NN response)) (PP (IN by) (NP (NP (DT the) (NN body) (POS 's)) (JJ immune) (NN system)))) (VP (VBZ is) (VP (VBN thought) (S (VP (TO to) (VP (VB play) (NP (DT an) (JJ important) (NN part)) (PP (IN in) (NP (DT the) (NN process))) (SBAR (WHNP (WDT which)) (S (VP (NNS damages) (NP (DT the) (NNPS CNS)))))))))) (. .)))" mmax_level="parse" />
<markable id="markable_7" span="word_157..word_168" tag="(ROOT (S (NP (NNP Interferon)) (NP (NN beta-1b)) (VP (VBZ has) (VP (VBN been) (VP (VBN shown) (S (VP (TO to) (VP (VB modify) (NP (DT the) (JJ immune) (NN system)) (NP (NN response)))))))) (. .)))" mmax_level="parse" />
<markable id="markable_8" span="word_169..word_182" tag="(ROOT (S (NP (NNS Interferons)) (VP (VBP belong) (PP (TO to) (NP (NP (DT the) (NN family)) (PP (IN of) (NP (NNS cytokines))) (, ,) (SBAR (WHNP (WDT which)) (S (VP (VBP are) (ADVP (RB naturally)) (VP (VBG occurring) (NP (NNS proteins))))))))) (. .)))" mmax_level="parse" />
<markable id="markable_9" span="word_183..word_189" tag="(ROOT (SBARQ (WHPP (IN For) (WHNP (WP what) (NN purpose))) (SQ (VBZ is) (NP (NNP Betaferon)) (VP (VBN used))) (. ?)))" mmax_level="parse" />
<markable id="markable_10" span="word_190..word_234" tag="(ROOT (S (NP (PRN (-LRB- -LRB-) (NP (NNP Indications)) (-RRB- -RRB-)) (NN Betaferon)) (VP (VBZ is) (VP (VBN indicated) (SBAR (IN for) (S (NP (NP (NN use)) (PP (IN in) (NP (NP (JJ ambulatory) (NNS patients)) (PRN (-LRB- -LRB-) (NP (NP (NNS patients)) (SBAR (WHNP (WP who)) (S (VP (MD can) (VP (VB walk)))))) (-RRB- -RRB-)) (PP (IN with) (NP (JJ relapsing-remitting) (JJ multiple) (NN sclerosis))) (PRN (-LRB- -LRB-) (NP (NNP MS)) (-RRB- -RRB-))))) (VP (VBN characterized) (PP (IN by) (NP (NP (QP (IN at) (JJS least) (CD two)) (NNS attacks)) (PP (IN of) (NP (JJ neurologic) (NN dysfunction))) (PP (IN over) (NP (NP (DT a) (ADJP (CD two) (NN year)) (NN period)) (VP (VBN followed) (PP (IN by) (NP (ADJP (JJ complete) (CC or) (JJ incomplete)) (NN recovery))))))))))))) (. .)))" mmax_level="parse" />
<markable id="markable_11" span="word_235..word_266" tag="(ROOT (S (PP (IN In) (NP (DT this) (JJ patient) (NN population))) (NP (NNP Betaferon)) (VP (VBD was) (VP (VBN shown) (S (VP (VP (TO to) (VP (VB reduce) (NP (NP (DT the) (NN frequency) (CC and) (NN severity)) (PP (IN of) (NP (JJ clinical) (NNS relapses)))))) (, ,) (VP (TO to) (VP (VB reduce) (NP (NP (DT the) (NN number)) (PP (IN of) (NP (NNP MS) (JJ related) (NNS hospitalizations)))))) (CC and) (VP (TO to) (VP (VB prolong) (NP (DT the) (JJ relapse-free) (NN time)))))))) (. .)))" mmax_level="parse" />
<markable id="markable_12" span="word_267..word_293" tag="(ROOT (S (NP (EX There)) (VP (VBZ is) (NP (NP (DT no) (NN evidence)) (PP (IN of) (NP (NP (DT an) (NN effect)) (PP (IN of) (NP (NNP Betaferon))))) (PP (IN on) (NP (NP (NP (DT the) (NN length)) (PP (IN of) (NP (NNS attacks)))) (, ,) (NP (NP (NNS symptoms)) (PP (IN in) (NP (NP (QP (IN between) (NNS attacks))) (, ,) (CC or) (NP (NP (DT the) (NN progression)) (PP (IN of) (NP (DT the) (NN disease))))))))))) (. .)))" mmax_level="parse" />
<markable id="markable_13" span="word_294..word_311" tag="(ROOT (S (NP (NP (NP (DT The) (NN effect)) (PP (IN of) (NP (NNP Betaferon)))) (PP (PP (IN on) (NP (NP (NN performance)) (PP (IN of) (NP (JJ daily) (NNS activities))))) (CC or) (PP (IN in) (NP (DT the) (JJ social) (NN field))))) (VP (VBZ is) (RB not) (VP (VBN known))) (. .)))" mmax_level="parse" />
<markable id="markable_14" span="word_312..word_324" tag="(ROOT (S (NP (NNP Betaferon)) (VP (VBZ has) (RB not) (ADVP (RB yet)) (VP (VBN been) (VP (VBN investigated) (PP (IN in) (NP (NNS patients))) (PP (IN with) (NP (JJ progressive) (JJ multiple) (NN sclerosis)))))) (. .)))" mmax_level="parse" />
<markable id="markable_15" span="word_325..word_334" tag="(ROOT (S (NP (EX There)) (VP (VBZ is) (NP (NP (DT no) (NN evidence)) (PP (IN of) (NP (NP (DT an) (NN effect)) (PP (IN on) (NP (NN disability))))))) (. .)))" mmax_level="parse" />
<markable id="markable_16" span="word_335..word_347" tag="(ROOT (S (NP (JJ Clinical) (NNS studies)) (VP (VBP show) (SBAR (IN that) (S (NP (RB not) (DT all) (NNS patients)) (VP (VB respond) (PP (TO to) (NP (NP (NN treatment)) (PP (IN with) (NP (NNP Betaferon))))))))) (. .)))" mmax_level="parse" />
<markable id="markable_17" span="word_348..word_362" tag="(ROOT (S (PP (IN Despite) (NP (NN treatment))) (NP (NP (NNS worsening)) (PP (IN of) (NP (NP (DT the) (NNS symptoms)) (PP (IN during) (NP (NNS attacks)))))) (VP (VBZ has) (VP (VBN been) (ADJP (JJ observed)) (PP (IN in) (NP (DT some) (NNS patients))))) (. .)))" mmax_level="parse" />
<markable id="markable_18" span="word_363..word_381" tag="(ROOT (S (NP (PRP It)) (VP (VBZ is) (RB not) (ADJP (JJ possible)) (S (VP (TO to) (VP (VB foresee) (SBAR (SBAR (WHNP (WDT which)) (S (NP (NNS patients)) (VP (MD will) (RB not) (VP (VB respond))))) (CC or) (SBAR (WHNP (WP$ whose) (NNS symptoms)) (S (VP (MD will) (VP (VB worsen) (NP (NP (NN treatment)) (PP (IN despite)))))))))))) (. .)))" mmax_level="parse" />
<markable id="markable_19" span="word_382..word_388" tag="(ROOT (SBARQ (WHADVP (WRB When)) (SQ (MD should) (NP (NNP Betaferon)) (RB not) (VP (VB be) (VP (VBN used)))) (. ?)))" mmax_level="parse" />
<markable id="markable_20" span="word_389..word_418" tag="(ROOT (FRAG (SBAR (SBAR (PRN (-LRB- -LRB-) (NP (NNP Contraindications)) (-RRB- -RRB-)) (S (NP (PRP You)) (VP (MD should) (RB not) (VP (VB use) (NP (NNP Betaferon)) (SBAR (IN if) (S (NP (PRP you)) (VP (VBP are) (ADJP (JJ pregnant))))))))) (CC or) (SBAR (IN if) (S (NP (PRP you)) (VP (VBP have) (NP (NP (DT a) (NN history)) (PP (IN of) (NP (NN hypersensitivity))) (PP (TO to) (NP (NP (ADJP (JJ natural) (CC or) (JJ recombinant)) (NN interferon) (NN beta)) (CC or) (NP (JJ human) (NN albumin))))))))) (. .)))" mmax_level="parse" />
<markable id="markable_21" span="word_419..word_443" tag="(ROOT (S (NP (PRP You)) (VP (MD should) (RB not) (VP (VB use) (NP (NNP Betaferon)) (SBAR (IN if) (S (NP (PRP you)) (VP (VBP are) (PP (IN under) (NP (NP (CD 18) (NNS years)) (PP (IN of) (NP (NN age)))))))) (, ,) (SBAR (IN because) (S (NP (PRP it)) (VP (VBZ has) (RB not) (VP (VBN been) (VP (VBN investigated) (PP (IN in) (NP (DT this) (NN age) (NN group)))))))))) (. .)))" mmax_level="parse" />
<markable id="markable_22" span="word_444..word_453" tag="(ROOT (S (NP (PRP It)) (VP (VBZ has) (RB not) (VP (VBN been) (VP (VBN investigated) (PP (IN in) (NP (DT this) (NN age) (NN group)))))) (. .)))" mmax_level="parse" />
<markable id="markable_23" span="word_454..word_479" tag="(ROOT (S (NP (PRP You)) (VP (MD should) (ADVP (RB also)) (RB not) (VP (VB use) (NP (NNP Betaferon)) (SBAR (IN if) (S (NP (PRP you)) (VP (VBP have) (NP (NP (DT a) (NN history)) (PP (IN of) (NP (NP (JJ severe) (JJ depressive) (NN illness) (NN and/or) (NN suicidal) (NNS thoughts)) (, ,) (NP (NN liver) (NN failure)) (CC or) (NP (ADJP (RB inadequately) (VBN treated)) (NN epilepsy)))))))))) (. .)))" mmax_level="parse" />
<markable id="markable_24" span="word_480..word_493" tag="(ROOT (S (SBAR (IN If) (S (NP (DT a) (JJ serious) (NN hypersensitivity) (NN reaction)) (VP (VBZ occurs)))) (, ,) (NP (NP (NN treatment)) (PP (IN with) (NP (NNP Betaferon)))) (VP (MD should) (VP (VB be) (VP (VBN discontinued)))) (. .)))" mmax_level="parse" />
<markable id="markable_25" span="word_494..word_504" tag="(ROOT (SBARQ (WHNP (WP What) (NNS precautions)) (SQ (MD must) (VP (VB be) (VP (VBN observed) (PP (IN during) (NP (NP (DT the) (NN use)) (PP (IN of) (NP (NNP Betaferon)))))))) (. ?)))" mmax_level="parse" />
<markable id="markable_26" span="word_505..word_514" tag="(ROOT (S (NP (NN Depression) (CC and) (JJ suicidal) (NNS thoughts)) (VP (VBP have) (VP (VBN been) (VP (VBN reported) (PP (IN by) (NP (NNS patients)))))) (. .)))" mmax_level="parse" />
<markable id="markable_27" span="word_515..word_524" tag="(ROOT (S (PP (IN In) (NP (JJ rare) (NNS cases))) (NP (DT this)) (VP (MD may) (VP (VB lead) (PP (TO to) (NP (JJ suicidal) (NNS attempts))))) (. .)))" mmax_level="parse" />
<markable id="markable_28" span="word_525..word_535" tag="(ROOT (S (SBAR (IN If) (S (NP (PRP you)) (VP (VBP experience) (NP (JJ such) (NNS symptoms))))) (, ,) (VP (VB contact) (NP (PRP$ your) (NN doctor)) (ADVP (RB promptly))) (. .)))" mmax_level="parse" />
<markable id="markable_29" span="word_536..word_561" tag="(ROOT (S (SBAR (IN If) (S (NP (PRP you)) (VP (VBP have) (NP (NP (DT a) (NN history)) (PP (PP (IN of) (NP (NNS seizures))) (CC or) (PP (IN of) (NP (NN depression))))))) (CC or) (SBAR (IN if) (S (NP (PRP you)) (VP (VBP suffer) (PP (IN from) (NP (JJ pre-existing) (NN heart) (NNS disorders))))))) (, ,) (NP (NNP Betaferon)) (VP (MD should) (VP (VB be) (VP (VBN administered) (PP (IN with) (NP (NN caution)))))) (. .)))" mmax_level="parse" />
<markable id="markable_30" span="word_562..word_573" tag="(ROOT (S (NP (NN Caution)) (VP (MD should) (ADVP (RB also)) (VP (VB be) (VP (VBN exercised) (SBAR (IN if) (S (NP (PRP you)) (VP (VBP are) (VP (VBG taking) (NP (JJ anti-epileptic) (NNS drugs))))))))) (. .)))" mmax_level="parse" />
<markable id="markable_31" span="word_574..word_588" tag="(ROOT (S (NP (NNP Betaferon)) (VP (MD should) (ADVP (RB also)) (VP (VB be) (VP (VBN administered) (PP (IN with) (NP (NN caution))) (SBAR (IN if) (S (NP (PRP you)) (VP (VBP have) (NP (DT a) (NN bone) (NN marrow) (NN disorder)))))))) (. .)))" mmax_level="parse" />
<markable id="markable_32" span="word_589..word_610" tag="(ROOT (S (SBAR (IN If) (S (NP (PRP$ your) (JJ white) (NN blood) (NN cell) (NN count)) (VP (VBZ decreases)))) (, ,) (NP (PRP$ your) (NN doctor)) (VP (MD should) (VP (VB monitor) (NP (PRP you)) (ADVP (RB closely)) (PP (IN for) (NP (NP (DT the) (NN development)) (PP (IN of) (NP (NN fever) (CC or) (NN infection))))))) (. .)))" mmax_level="parse" />
<markable id="markable_33" span="word_611..word_643" tag="(ROOT (S (S (NP (PRP It)) (VP (VBZ is) (RB not) (VP (VP (VBN known) (SBAR (IN if) (S (NP (NNP Betaferon)) (VP (VBZ has) (NP (NP (DT a) (JJ negative) (NN effect)) (PP (IN on) (NP (JJ human) (NN fertility)))))))) (CC but) (VP (VBN based) (PP (IN on) (NP (NP (DT the) (NN experience)) (PP (IN with) (NP (JJ other) (NNS interferons))))))))) (S (NP (NP (DT a) (NN decrease)) (PP (IN in) (NP (NN male) (CC or) (JJ female) (NN fertility) (NN cannot)))) (VP (VB be) (VP (VBN ruled) (PRT (RP out))))) (. .)))" mmax_level="parse" />
<markable id="markable_34" span="word_644..word_658" tag="(ROOT (S (NP (EX There)) (VP (VBZ is) (NP (NP (DT no) (NN information)) (PP (IN on) (NP (NP (DT the) (NN use)) (PP (IN of) (NP (NNP Betaferon)))))) (PP (IN in) (NP (NP (NNS patients)) (PP (IN with) (NP (NN kidney) (NNS problems)))))) (. .)))" mmax_level="parse" />
<markable id="markable_35" span="word_659..word_675" tag="(ROOT (S (ADVP (RB Therefore)) (, ,) (SBAR (IN if) (S (NP (PRP you)) (VP (VBP have) (NP (JJ such) (NNS problems))))) (, ,) (NP (PRP$ your) (NN kidney) (NN function)) (VP (MD should) (VP (VB be) (VP (VBN monitored) (PP (IN during) (NP (NN treatment)))))) (. .)))" mmax_level="parse" />
<markable id="markable_36" span="word_676..word_694" tag="(ROOT (S (PP (IN During) (NP (NP (DT the) (NN treatment)) (PP (IN with) (NP (NNP Betaferon))))) (NP (PRP$ your) (NN body)) (VP (MD may) (VP (VB produce) (NP (NP (NNS substances)) (SBAR (WHNP (WDT which)) (S (VP (MD may) (VP (VB reduce) (NP (NP (DT the) (NN effectiveness)) (PP (IN of) (NP (DT the) (NN treatment))))))))))) (. .)))" mmax_level="parse" />
<markable id="markable_37" span="word_695..word_706" tag="(ROOT (S (NP (DT This)) (VP (VP (VBZ is) (VP (VBN called) (S (VP (VBG neutralising) (NP (NN activity)))))) (CC and) (VP (ADVP (RB only)) (VBZ occurs) (PP (IN in) (NP (DT some) (NNS patients))))) (. .)))" mmax_level="parse" />
<markable id="markable_38" span="word_707..word_728" tag="(ROOT (S (ADVP (RB However)) (, ,) (NP (PRP it)) (VP (VBZ is) (RB not) (ADJP (JJ possible)) (S (VP (TO to) (VP (VB foresee) (SBAR (SBAR (IN whether) (S (NP (PRP you)) (VP (VBP belong) (PP (TO to) (NP (NP (DT this) (NN group)) (PP (IN of) (NP (NP (NNS patients)) (PP (IN with) (NP (JJ reduced) (NN efficacy)))))))))) (CC or) (RB not)))))) (. .)))" mmax_level="parse" />
<markable id="markable_39" span="word_729..word_737" tag="(ROOT (SQ (NNP May) (NP (NNP Betaferon)) (VP (VB be) (VP (VBN used) (PP (IN during) (NP (NN pregnancy) (CC and) (NN lactation))))) (. ?)))" mmax_level="parse" />
<markable id="markable_40" span="word_738..word_753" tag="(ROOT (S (NP (NNP Betaferon)) (VP (MD should) (RB not) (VP (VB be) (VP (VBN used) (UCP (PP (IN during) (NP (NN pregnancy))) (CC or) (SBAR (IN if) (S (NP (PRP you)) (VP (VBP are) (VP (VBG trying) (S (VP (TO to) (VP (VB become) (ADJP (JJ pregnant))))))))))))) (. .)))" mmax_level="parse" />
<markable id="markable_41" span="word_754..word_768" tag="(ROOT (S (SBAR (IN If) (S (NP (PRP you)) (VP (VBP wish) (S (VP (TO to) (VP (VB become) (ADJP (JJ pregnant)))))))) (, ,) (VP (VB discuss) (NP (DT the) (NN matter)) (PP (IN with) (NP (PRP$ your) (NN doctor))) (ADVP (RB first))) (. .)))" mmax_level="parse" />
<markable id="markable_42" span="word_769..word_781" tag="(ROOT (S (SBAR (IN While) (S (VP (VBG using) (NP (NP (JJ Betaferon) (NNS women)) (PP (IN of) (NP (VBG childbearing) (NN age))))))) (VP (MD should) (VP (VB take) (NP (JJ appropriate) (JJ contraceptive) (NNS measures)))) (. .)))" mmax_level="parse" />
<markable id="markable_43" span="word_782..word_797" tag="(ROOT (S (SBAR (IN If) (S (NP (PRP you)) (VP (VBP do) (VP (VBN become) (ADJP (JJ pregnant)))))) (NP (PRP you)) (VP (MD should) (VP (VP (VB stop) (NP (PRP$ your) (NN treatment))) (CC and) (VP (VB contact) (NP (PRP$ your) (NN doctor)) (ADVP (RB immediately))))) (. .)))" mmax_level="parse" />
<markable id="markable_44" span="word_798..word_810" tag="(ROOT (S (NP (PRP It)) (VP (VBZ is) (RB not) (VP (VBN known) (SBAR (IN whether) (S (NP (NNP Interferon) (JJ beta-1b)) (VP (VBZ is) (VP (VBN excreted) (PP (IN in) (NP (JJ human) (NN milk))))))))) (. .)))" mmax_level="parse" />
<markable id="markable_45" span="word_811..word_846" tag="(ROOT (S (ADVP (RB However)) (, ,) (SBAR (IN since) (S (NP (NP (JJ serious) (JJ adverse) (NNS reactions)) (PP (TO to) (NP (NP (JJ Interferon) (NN beta-lb)) (PP (IN in) (NP (JJ breast-fed) (NNS infants)))))) (VP (VBP are) (ADJP (RB theoretically) (JJ possible))))) (, ,) (NP (PRP you)) (VP (MD should) (VP (VP (VB discuss) (NP (DT the) (NN mater)) (PP (IN with) (NP (PRP$ your) (NN doctor)))) (CC and) (VP (VB make) (NP (DT a) (NN decision)) (SBAR (IN whether) (S (NP (NN breast-feeding) (CC or) (NNP Betaferon)) (VP (MD should) (VP (VB be) (VP (VBN stopped))))))))) (. .)))" mmax_level="parse" />
<markable id="markable_46" span="word_847..word_882" tag="(ROOT (S (SBAR (WHNP (WP What)) (S (VP (TO to) (VP (VB be) (ADJP (JJ aware) (PP (IN of) (SBAR (IN if) (S (NP (PRP you)) (VP (VBP are) (VP (VBG taking) (NP (NP (DT any) (JJ other) (NN medicine)) (PRN (-LRB- -LRB-) (NP (NNP Interactions)) (-RRB- -RRB-))) (PP (IN With) (NP (NP (DT the) (NN exception)) (PP (IN of) (NP (NP (NNS corticoids)) (CC or) (NP (NNP ACTH) (, ,) (NNP Betaferon)))))))))))))))) (VP (MD should) (RB not) (VP (VB be) (VP (VBN used) (PP (IN with) (NP (NP (NNS substances)) (VP (VBG modifying) (NP (DT the) (JJ immune) (NN system)) (NP (NN response)))))))) (. .)))" mmax_level="parse" />
<markable id="markable_47" span="word_883..word_914" tag="(ROOT (S (NP (NN Caution)) (VP (MD should) (VP (VB be) (VP (VBN exercised) (SBAR (WHADVP (WRB when)) (S (NP (NNP Interferon) (JJ beta-1b)) (VP (VBZ is) (VP (VBN administered) (PP (IN in) (NP (NN combination))) (PP (IN with) (NP (NP (JJ other) (NNS drugs)) (SBAR (WHNP (WDT which)) (S (VP (VBP need) (NP (NP (DT a) (JJ certain) (NN liver) (NN enzyme) (NN system)) (PRN (-LRB- -LRB-) (VP (VBN known) (PP (IN as) (NP (JJ cytochrome) (NNS P450) (NN system)))) (-RRB- -RRB-)) (PP (IN for) (NP (PRP$ their) (NN metabolism)))))))))))))))) (. .)))" mmax_level="parse" />
<markable id="markable_48" span="word_915..word_935" tag="(ROOT (S (NP (DT These) (NNS drugs)) (VP (VBP include) (NP (NP (NP (DT some) (ADJP (RB widely) (VBN used)) (NNS antipyretics)) (PRN (-LRB- -LRB-) (S (NP (NNS drugs)) (PP (IN against) (NP (NN fever) (CC and) (NN pain)))) (-RRB- -RRB-))) (, ,) (NP (JJ oral) (NNS contraceptives)) (, ,) (CC and) (NP (NNS antiepileptics)))) (. .)))" mmax_level="parse" />
<markable id="markable_49" span="word_936..word_940" tag="(ROOT (SBARQ (WHADVP (WRB How)) (SQ (VBZ is) (NP (NNP Betaferon)) (VP (VBN used))) (. ?)))" mmax_level="parse" />
<markable id="markable_50" span="word_941..word_966" tag="(ROOT (S (NP (NP (PRN (-LRB- -LRB-) (NP (NN Dosage) (CC and) (NN administration)) (-RRB- -RRB-)) (NNP The) (NN treatment)) (PP (IN with) (NP (NNP Betaferon)))) (VP (MD should) (VP (VB be) (VP (VBN initiated) (PP (IN under) (NP (NP (DT the) (NN supervision)) (PP (IN of) (NP (NP (DT a) (NN physician)) (VP (VBN experienced) (PP (IN in) (NP (NP (DT the) (NN treatment)) (PP (IN of) (NP (DT the) (NN disease))))))))))))) (. .)))" mmax_level="parse" />
<markable id="markable_51" span="word_967..word_982" tag="(ROOT (S (PP (IN At) (NP (DT the) (JJ present) (NN time))) (NP (PRP it)) (VP (VBZ is) (RB not) (VP (VBN known) (SBAR (WHADVP (WRB how) (RB long)) (S (NP (NP (NN treatment)) (PP (IN with) (NP (NNP Betaferon)))) (VP (MD should) (VP (VB last))))))) (. .)))" mmax_level="parse" />
<markable id="markable_52" span="word_983..word_996" tag="(ROOT (S (NP (NP (NP (NN Effectiveness)) (PP (IN of) (NP (DT this) (NN therapy)))) (PP (IN for) (NP (QP (JJR more) (IN than) (CD two)) (NNS years)))) (VP (VBZ has) (RB not) (VP (VBN been) (VP (VBN established)))) (. .)))" mmax_level="parse" />
<markable id="markable_53" span="word_997..word_1007" tag="(ROOT (S (NP (NP (DT The) (NN duration)) (PP (IN of) (NP (NN treatment)))) (VP (MD will) (VP (VB be) (VP (VBN decided) (PP (IN by) (NP (PRP$ your) (NN doctor)))))) (. .)))" mmax_level="parse" />
<markable id="markable_54" span="word_1008..word_1026" tag="(ROOT (S (NP (NNP Treatment)) (VP (VBZ is) (RB not) (VP (VBN recommended) (SBAR (IN if) (S (NP (PRP you)) (VP (VBP have) (VP (VBD had) (NP (QP (JJR fewer) (IN than) (CD two)) (NNP MS) (NNS attacks)) (PP (IN in) (NP (DT the) (JJ previous) (CD two) (NNS years))))))))) (. .)))" mmax_level="parse" />
<markable id="markable_55" span="word_1027..word_1054" tag="(ROOT (S (PP (IN Before) (NP (NN administration))) (, ,) (NP (NP (DT the) (NNP Betaferon) (NN solution)) (PP (IN for) (NP (NN injection)))) (VP (VBZ has) (S (VP (TO to) (VP (VB be) (VP (VBN prepared) (PP (IN from) (NP (NP (DT a) (NN vial)) (PP (IN of) (NP (NP (NNP Betaferon)) (CC and) (NP (NP (CD 1.2) (NN ml)) (PP (IN of) (NP (NN liquid)))))) (PP (IN from) (NP (NP (DT a) (NN vial)) (PP (IN of) (NP (NN diluent)))))))))))) (. .)))" mmax_level="parse" />
<markable id="markable_56" span="word_1055..word_1076" tag="(ROOT (S (NP (NP (CD 1.0) (NN ml)) (PP (IN of) (NP (NP (DT the) (JJ prepared) (NNP Betaferon) (NN solution)) (PP (IN for) (NP (NN injection)))))) (VP (VBZ is) (ADVP (RB then)) (VP (VP (VBN injected) (ADVP (RB subcutaneously))) (PRN (-LRB- -LRB-) (PP (IN under) (NP (DT the) (NN skin))) (-RRB- -RRB-)) (NP (DT every) (JJ other) (NN day)))) (. .)))" mmax_level="parse" />
<markable id="markable_57" span="word_1077..word_1088" tag="(ROOT (S (NP (DT This)) (VP (VBZ is) (ADJP (JJ equal) (PP (TO to) (NP (NP (CD 0.25) (NN mg)) (PRN (-LRB- -LRB-) (NP (CD 8) (CD million) (NNP IU)) (-RRB- -RRB-)))))) (. .)))" mmax_level="parse" />
<markable id="markable_58" span="word_1089..word_1115" tag="(ROOT (S (NP (DT This)) (VP (MD will) (ADVP (RB either)) (VP (VB be) (VP (VBN done) (PP (PP (IN by) (NP (NP (PRP$ your) (NN doctor)) (CC or) (NP (NP (PRP$ his) (NNS /)) (NP (PRP$ her) (NN assistant))))) (CC or) (PP (IN by) (NP (PRP yourself)))) (SBAR (IN after) (S (NP (PRP you)) (VP (VBP have) (VP (VBN been) (VP (ADVP (RB carefully) (CC and) (RB sufficiently)) (VBD instructed) (CC and) (VBN trained))))))))) (. .)))" mmax_level="parse" />
<markable id="markable_59" span="word_1116..word_1134" tag="(ROOT (S (S (VP (TO To) (VP (VB assist) (NP (PRP you)) (PP (IN in) (NP (NP (JJ subcutaneous) (NN self-administration)) (PP (IN of) (NP (NNP Betaferon)))))))) (, ,) (NP (NP (JJ detailed) (NNS instructions)) (PP (IN for) (NP (NN self-injection)))) (VP (VBP are) (VP (VBN provided) (PP (IN with) (NP (DT this) (NN leaflet))))) (. .)))" mmax_level="parse" />
<markable id="markable_60" span="word_1135..word_1148" tag="(ROOT (S (NP (DT These) (NNS instructions)) (ADVP (RB also)) (VP (VBP tell) (NP (PRP you)) (SBAR (WHADVP (WRB how)) (S (NP (NP (DT the) (NNP Betaferon) (NN solution)) (PP (IN for) (NP (NN injection)))) (VP (VBZ is) (VP (VBN prepared)))))) (. .)))" mmax_level="parse" />
<markable id="markable_61" span="word_1149..word_1177" tag="(ROOT (S (SBAR (WHNP (WP What)) (S (VP (TO to) (VP (VB do) (SBAR (IN if) (S (NP (PRP you)) (VP (VBP miss) (NP (NP (DT an) (NN injection)) (SBAR (IN If) (S (NP (PRP you)) (VP (VB forget) (SBAR (S (VP (TO to) (VP (VB administer) (NP (PRP$ your) (NN injection)) (PP (IN at) (NP (DT the) (JJ correct) (NN time)))))))))))))))))) (NP (PRP you)) (VP (MD should) (VP (VB give) (NP (PRP it)) (ADVP (ADVP (RB as) (RB soon)) (SBAR (IN as) (S (NP (PRP you)) (VP (VBP remember))))))) (. .)))" mmax_level="parse" />
<markable id="markable_62" span="word_1178..word_1187" tag="(ROOT (S (NP (PRP$ Your) (JJ next) (NN injection)) (VP (MD should) (VP (VB be) (VP (VBN given) (ADVP (NP (CD 48) (NNS hours)) (RB later))))) (. .)))" mmax_level="parse" />
<markable id="markable_63" span="word_1188..word_1196" tag="(ROOT (SBARQ (WHNP (WP What) (NN effect)) (SQ (MD could) (NP (NP (DT an) (NN overdose)) (PP (IN of) (NP (NNP Betaferon)))) (VP (VB have))) (. ?)))" mmax_level="parse" />
<markable id="markable_64" span="word_1197..word_1220" tag="(ROOT (S (NP (NP (PRN (-LRB- -LRB-) (NP (NNP Overdosage)) (-RRB- -RRB-)) (NN Administration)) (PP (IN of) (NP (NP (QP (JJ many) (NNS times)) (DT the) (NN dose)) (PP (IN of) (NP (NNP Betaferon)))))) (VP (VBD recommended) (SBAR (IN for) (S (NP (NP (DT the) (NN treatment)) (PP (IN of) (NP (NNP MS)))) (VP (VBD did) (RB not) (VP (VB lead) (PP (TO to) (NP (JJ life-threatening) (NNS situations)))))))) (. .)))" mmax_level="parse" />
<markable id="markable_65" span="word_1221..word_1240" tag="(ROOT (S (ADVP (RB However)) (, ,) (PP (IN in) (NP (NP (DT the) (NN case)) (PP (IN of) (NP (JJ accidental) (NN overdosage))))) (, ,) (INTJ (VB please)) (VP (VB consult) (NP (NP (DT the) (NN doctor)) (SBAR (WHNP (WP who)) (S (VP (VBZ has) (VP (VBN prescribed) (NP (NNP Betaferon)) (PP (IN for) (NP (PRP you))))))))) (. .)))" mmax_level="parse" />
<markable id="markable_66" span="word_1241..word_1271" tag="(ROOT (S (SBAR (ADVP (RB Also)) (IN if) (S (PP (IN by) (NP (NN mistake))) (NP (PRP you)) (VP (VB administer) (NP (PRP$ your) (NN injection)) (ADVP (RB too) (RB frequently)) (PRN (-LRB- -LRB-) (S (VP (VB e.g.) (NP (NP (CD one) (NN injection)) (SBAR (S (NP (DT every) (CD 24)) (VP (VBP h) (PP (RB instead) (IN of) (NP (NP (CD one) (NN injection)) (SBAR (S (NP (DT every) (CD 48)) (VP (VBP h)))))))))))) (-RRB- -RRB-))))) (NP (PRP you)) (VP (MD should) (VP (VB consult) (NP (PRP$ your) (NN doctor)))) (. .)))" mmax_level="parse" />
<markable id="markable_67" span="word_1272..word_1282" tag="(ROOT (SQ (VBP Are) (NP (EX there)) (NP (NP (DT any) (JJ side) (NNS effects)) (PP (IN during) (NP (NP (DT the) (NN use)) (PP (IN of) (NP (NNP Betaferon)))))) (. ?)))" mmax_level="parse" />
<markable id="markable_68" span="word_1283..word_1303" tag="(ROOT (S (NP (NP (NN Injection) (NN site) (NNS reactions)) (PP (VBG including) (NP (NP (NN inflammation)) (, ,) (NP (NN pain) (NN hypersensitivity)) (, ,) (NP (NP (NN skin) (NN cell-death)) (PRN (-LRB- -LRB-) (NP (NN necrosis)) (-RRB- -RRB-))) (, ,) (CC and) (NP (JJ non-specific) (NNS reactions))))) (VP (VBP occur) (ADVP (RB frequently))) (. .)))" mmax_level="parse" />
<markable id="markable_69" span="word_1304..word_1314" tag="(ROOT (S (NP (NP (DT The) (NN occurrence)) (PP (IN of) (NP (NN injection) (NN site) (NNS reactions)))) (ADVP (RB usually)) (VP (VBZ decreases) (PP (IN over) (NP (NN time)))) (. .)))" mmax_level="parse" />
<markable id="markable_70" span="word_1315..word_1339" tag="(ROOT (S (NP (NP (JJ Flu-like) (NNS symptoms)) (PRN (-LRB- -LRB-) (NP (NP (NN fever)) (, ,) (NP (NNS chills)) (, ,) (NP (JJ muscular) (NN pain)) (, ,) (NP (NP (DT a) (JJ general) (NN feeling)) (PP (IN of) (S (VP (VBG being) (ADJP (JJ unwell)))))) (, ,) (CC or) (NP (NN sweating))) (-RRB- -RRB-))) (VP (VBP have) (VP (VBN been) (VP (VBN seen) (ADVP (RB frequently))))) (. .)))" mmax_level="parse" />
<markable id="markable_71" span="word_1340..word_1348" tag="(ROOT (S (NP (NP (DT The) (NN occurrence)) (PP (IN of) (NP (DT the) (NNS symptoms)))) (VP (VBD decreased) (PP (IN over) (NP (NN time)))) (. .)))" mmax_level="parse" />
<markable id="markable_72" span="word_1349..word_1356" tag="(ROOT (S (NP (JJ Menstrual) (NNS disorders)) (VP (MD may) (VP (VB occur) (PP (IN in) (NP (JJ premenopausal) (NNS women))))) (. .)))" mmax_level="parse" />
<markable id="markable_73" span="word_1357..word_1393" tag="(ROOT (S (NP (JJ Central) (JJ nervous) (NN system)) (PRN (-LRB- -LRB-) (NP (NNP CNS)) (-RRB- -RRB-)) (NP (NP (JJ related) (JJ adverse) (NNS events)) (PP (VBG including) (NP (NP (NN depression)) (, ,) (NN anxiety) (, ,) (NP (JJ emotional) (NN instability)) (, ,) (NP (NP (NN loss)) (PP (IN of) (NP (NN identity) (CC or) (NN reality)))) (PRN (-LRB- -LRB-) (NP (NN depersonalization)) (-RRB- -RRB-)) (, ,) (NP (NNS convulsions)) (, ,) (NP (NN suicide) (NNS attempts)) (, ,) (CC and) (NP (NN confusion))))) (VP (VBP have) (VP (VBN been) (ADJP (JJ observed)))) (. .)))" mmax_level="parse" />
<markable id="markable_74" span="word_1394..word_1399" tag="(ROOT (S (NP (JJ Serious) (NN hypersensitivity) (NNS reactions)) (VP (VBP are) (ADJP (JJ rare))) (. .)))" mmax_level="parse" />
<markable id="markable_75" span="word_1400..word_1410" tag="(ROOT (S (SBAR (IN If) (S (NP (DT a) (JJ severe) (NN reaction)) (VP (VBZ occurs)))) (, ,) (VP (VB consult) (NP (PRP$ your) (NN doctor)) (ADVP (RB immediately))) (. .)))" mmax_level="parse" />
<markable id="markable_76" span="word_1411..word_1436" tag="(ROOT (S (S (NP (NP (DT The) (NN number)) (PP (IN of) (NP (JJ white) (NN blood) (NNS cells)))) (VP (MD can) (VP (VB decrease)))) (CC and) (S (NP (NP (DT the) (NN activity)) (PP (IN of) (NP (NP (NNS enzymes)) (SBAR (WHNP (WDT which)) (S (VP (VBP are) (ADVP (RB closely)) (VP (VBN related) (PP (TO to) (NP (NP (DT the) (NN function)) (PP (IN of) (NP (DT the) (NN liver)))))))))))) (VP (MD may) (VP (VB increase)))) (. .)))" mmax_level="parse" />
<markable id="markable_77" span="word_1437..word_1466" tag="(ROOT (S (ADVP (RB Therefore)) (, ,) (NP (NP (NP (NP (DT a) (JJ differential) (JJ white) (NN blood) (NN count)) (CC and) (NN determination)) (PP (IN of) (NP (JJ serum) (NN chemistry)))) (PRN (-LRB- -LRB-) (NP (NP (NNP SGOT)) (, ,) (NP (NNP SGPT))) (-RRB- -RRB-))) (VP (MD should) (VP (VB be) (VP (VP (VBN obtained) (ADVP (RB prior) (PP (TO to) (NP (NN treatment))))) (CC and) (VP (VBN repeated) (ADVP (RB regularly)) (PP (IN during) (NP (DT the) (NN therapy))))))) (. .)))" mmax_level="parse" />
<markable id="markable_78" span="word_1467..word_1484" tag="(ROOT (S (SBAR (IN If) (S (NP (JJ side) (NNS effects)) (VP (VBP are) (ADJP (JJ severe)))) (CC or) (SBAR (IN if) (S (NP (PRP you)) (VP (VBP notice) (NP (DT any) (JJ other) (JJ side) (NNS effects)))))) (VP (VBP please) (S (VP (VB inform) (NP (PRP$ your) (NN doctor))))) (. .)))" mmax_level="parse" />
<markable id="markable_79" span="word_1485..word_1490" tag="(ROOT (SBARQ (WHADVP (WRB How)) (SQ (MD should) (NP (NNP Betaferon)) (VP (VB be) (VP (VBN stored)))) (. ?)))" mmax_level="parse" />
<markable id="markable_80" span="word_1491..word_1500" tag="(ROOT (S (NP (NNP Betaferon)) (VP (MD must) (VP (VB be) (VP (VBN kept) (S (ADJP (JJ cold))) (PRN (-LRB- -LRB-) (NP (NNP 2-8) (NNP C)) (-RRB- -RRB-))))) (. .)))" mmax_level="parse" />
<markable id="markable_81" span="word_1501..word_1527" tag="(ROOT (S (VP (VB Store) (NP (PRP it)) (PP (IN in) (NP (NP (DT a) (NN refrigerator)) (PRN (-LRB- -LRB-) (PP (CONJP (CC but) (RB not)) (PP (IN in) (NP (DT a) (NN freezer))) (CC or) (NP (DT the) (NN freezing) (NN compartment))) (-RRB- -RRB-)) (PP (IN before) (NP (NN reconstitution))) (PRN (-LRB- -LRB-) (VP (VBG preparing) (NP (DT the) (NNP Betaferon) (NN solution)) (PP (IN for) (NP (NN injection)))) (-RRB- -RRB-))))) (. .)))" mmax_level="parse" />
<markable id="markable_82" span="word_1528..word_1565" tag="(ROOT (S (SBAR (IN If) (PRN (, ,) (PP (IN after) (NP (NN reconstitution))) (, ,)) (S (NP (PRP you)) (VP (VBP do) (RB not) (VP (VB inject) (NP (NNP Betaferon)) (ADVP (IN at) (RB once)))))) (, ,) (NP (PRP you)) (VP (MD can) (VP (VB store) (NP (DT the) (JJ reconstituted) (NN solution)) (PP (IN in) (NP (DT a) (NN refrigerator) (PRN (-LRB- -LRB-) (PP (CONJP (CC but) (RB not)) (PP (IN in) (NP (DT a) (NN freezer))) (CC or) (NP (DT the) (NN freezing) (NN compartment))) (-RRB- -RRB-)) (QP (IN up) (TO to) (CD 3)) (NNS hours))))) (. .)))" mmax_level="parse" />
<markable id="markable_83" span="word_1566..word_1574" tag="(ROOT (S (VP (VB Please) (S (VP (VB note) (NP (NP (DT the) (JJ expiry) (NN date)) (PP (IN on) (NP (DT the) (NN pack))))))) (. .)))" mmax_level="parse" />
<markable id="markable_84" span="word_1575..word_1581" tag="(ROOT (S (VP (VBP Do) (RB not) (VP (VB use) (PP (IN after) (NP (DT this) (NN date))))) (. .)))" mmax_level="parse" />
<markable id="markable_85" span="word_1582..word_1595" tag="(ROOT (S (VP (VP (VB Store) (NP (DT all) (NNS drugs)) (ADVP (RB properly))) (CC and) (VP (VB keep) (NP (PRP them)) (PP (IN out) (PP (IN of) (NP (NP (DT the) (NN reach)) (PP (IN of) (NP (NNS children)))))))) (. .)))" mmax_level="parse" />
<markable id="markable_86" span="word_1596..word_1621" tag="(ROOT (S (NP (NP (NNP Annex)) (: :) (NP (JJ Self-injection) (NNS procedure)) (NP (DT The) (VBG following) (NNS instructions))) (VP (VBP are) (VP (VBN intended) (S (VP (TO to) (VP (VB explain) (SBAR (SBAR (WHADVP (WRB how)) (S (VP (TO to) (VP (VB prepare) (NP (NP (NNP Betaferon)) (PP (IN for) (NP (NN administration)))))))) (CC and) (SBAR (WHADVP (WRB how)) (S (VP (TO to) (VP (VB proceed) (PP (IN in) (S (VP (VBG injecting) (NP (NNP Betaferon) (NNP yourself))))))))))))))) (. .)))" mmax_level="parse" />
<markable id="markable_87" span="word_1622..word_1633" tag="(ROOT (S (VP (VB Please) (S (VP (VP (VB read) (NP (DT the) (NNS instructions)) (ADVP (RB carefully))) (CC and) (VP (VB follow) (NP (PRP them)) (NP (NP (NN step)) (PP (IN by) (NP (NN step)))))))) (. .)))" mmax_level="parse" />
<markable id="markable_88" span="word_1634..word_1654" tag="(ROOT (S (NP (NP (NP (PRP$ Your) (NN doctor)) (CC or) (NP (PRP$ his) (NNS /))) (NP (PRP$ her) (NN assistant))) (VP (MD will) (ADVP (RB instructand)) (VP (VB assist) (NP (PRP you)) (PP (IN in) (S (VP (VBG learning) (NP (NP (DT the) (NN procedure)) (CC and) (NP (NP (DT the) (NN technique)) (PP (IN of) (NP (NN self-administration)))))))))) (. .)))" mmax_level="parse" />
<markable id="markable_89" span="word_1655..word_1679" tag="(ROOT (S (VP (VBP Do) (RB not) (VP (VB attempt) (ADJP (JJ self-administration)) (SBAR (IN until) (S (NP (PRP you)) (VP (VBP are) (ADJP (JJ sure) (SBAR (IN that) (S (NP (PRP you)) (VP (VBP understand) (NP (NP (DT the) (NNS requirements)) (PP (IN for) (S (VP (VP (VBG preparing) (NP (DT the) (NN injection) (NN solution))) (CC and) (VP (VBG giving) (NP (DT the) (NN injection)) (PP (TO to) (NP (PRP yourself))))))))))))))))) (. .)))" mmax_level="parse" />
<markable id="markable_90" span="word_1680..word_1689" tag="(ROOT (S (NP (DT The) (NNS instructions)) (VP (VBP comprise) (NP (NP (DT the) (JJ following) (JJ main) (NNS steps)) (: :) (CD 1))) (. .)))" mmax_level="parse" />
<markable id="markable_91" span="word_1690..word_1693" tag="(ROOT (S (VP (VBG Preparing) (PP (IN for) (NP (NN self-injection)))) (. .)))" mmax_level="parse" />
<markable id="markable_92" span="word_1694..word_1695" tag="(ROOT (FRAG (NP (CD 2)) (. .)))" mmax_level="parse" />
<markable id="markable_93" span="word_1696..word_1709" tag="(ROOT (S (VP (VBG Drawing) (PRT (RP up)) (NP (NP (DT the) (NN diluent)) (PRN (-LRB- -LRB-) (NP (NN sodium) (NN chloride) (NN solution)) (-RRB- -RRB-)) (PP (IN into) (NP (DT the) (NN syringe) (CD 3))))) (. .)))" mmax_level="parse" />
<markable id="markable_94" span="word_1710..word_1725" tag="(ROOT (S (VP (VBG Injecting) (NP (NP (DT the) (JJ required) (NN volume)) (PP (IN of) (NP (NN diluent))) (PRN (-LRB- -LRB-) (NP (CD 1.2) (NN ml)) (-RRB- -RRB-)) (PP (IN into) (NP (NP (DT the) (NN vial)) (PP (IN of) (NP (NNP Betaferon))))))) (. .)))" mmax_level="parse" />
<markable id="markable_95" span="word_1726..word_1727" tag="(ROOT (FRAG (NP (CD 4)) (. .)))" mmax_level="parse" />
<markable id="markable_96" span="word_1728..word_1745" tag="(ROOT (S (VP (VBG Drawing) (PRT (RP up)) (NP (NP (DT the) (JJ required) (NN volume)) (PP (IN of) (NP (NP (DT the) (NN solution)) (PP (IN for) (NP (NN injection))) (PRN (-LRB- -LRB-) (NP (CD 1.0) (NN ml)) (-RRB- -RRB-)))) (PP (IN into) (NP (DT the) (NN syringe))))) (. .)))" mmax_level="parse" />
<markable id="markable_97" span="word_1746..word_1747" tag="(ROOT (FRAG (NP (CD 5)) (. .)))" mmax_level="parse" />
<markable id="markable_98" span="word_1748..word_1769" tag="(ROOT (S (S (VP (VP (VBG Choosing) (CC and) (VBG preparing) (NP (DT the) (NN injection) (NN site))) (CC and) (VP (VBG injecting) (NP (NP (DT the) (NNP Betaferon) (NN solution)) (PRN (-LRB- -LRB-) (NP (CD 1.0) (NN ml)) (-RRB- -RRB-)))))) (ADVP (RB subcutaneously)) (PRN (-LRB- -LRB-) (PP (IN under) (NP (DT the) (NN skin))) (-RRB- -RRB-)) (. .)))" mmax_level="parse" />
<markable id="markable_99" span="word_1770..word_1771" tag="(ROOT (FRAG (NP (PRP I)) (. .)))" mmax_level="parse" />
<markable id="markable_100" span="word_1772..word_1776" tag="(ROOT (S (VP (VBG Preparing) (PP (IN for) (NP (NN self-injection) (CD 1)))) (. .)))" mmax_level="parse" />
<markable id="markable_101" span="word_1777..word_1786" tag="(ROOT (S (VP (VB Collect) (NP (DT all) (PRP$ your) (NN equipment)) (SBAR (IN before) (S (NP (PRP you)) (VP (VBP begin) (NP (DT the) (NN process)))))) (. .)))" mmax_level="parse" />
<markable id="markable_102" span="word_1787..word_1833" tag="(ROOT (S (NP (PRP You)) (VP (MD will) (VP (VB need) (NP (LST (: :)) (: -) (NP (NP (CD vial)) (PP (IN of) (NP (NN diluent))) (PP (IN for) (NP (NP (NP (NNP Betaferon)) (PRN (-LRB- -LRB-) (NP (NP (NN sodium) (NN chloride) (NN solution)) (NP (CD 0.54) (NN %))) (-RRB- -RRB-))) (: -) (NP (NP (NP (NNS vial)) (PP (IN of) (NP (NNP Betaferon)))) (: -) (NP (NP (JJ 2-ml) (NN syringe)) (: -) (NP (NP (JJ 21-gauge) (NN needle)) (: -) (NP (NP (NP (JJ 27-gauge) (NN needle) (PRN (: -) (NP (NN alcohol) (NNS wipes)) (: -)) (NN disposal) (NN unit)) (PRN (-LRB- -LRB-) (NP (NP (NP (DT a) (NN container)) (PP (IN for) (NP (JJ used) (NNS syringes)))) (CC and) (NP (NNS needles))) (-RRB- -RRB-))) (NP (CD 2)))))))))))) (. .)))" mmax_level="parse" />
<markable id="markable_103" span="word_1834..word_1842" tag="(ROOT (S (VP (VB Wash) (NP (PRP$ your) (NNS hands)) (ADVP (RB thoroughly)) (PP (IN with) (NP (NN soap) (CC and) (NN water)))) (. .)))" mmax_level="parse" />
<markable id="markable_104" span="word_1843..word_1844" tag="(ROOT (FRAG (NP (CD 3)) (. .)))" mmax_level="parse" />
<markable id="markable_105" span="word_1845..word_1852" tag="(ROOT (S (VP (VB Remove) (NP (DT the) (JJ protective) (NNS caps)) (PP (IN from) (NP (DT both) (NNS vials)))) (. .)))" mmax_level="parse" />
<markable id="markable_106" span="word_1853..word_1854" tag="(ROOT (FRAG (NP (CD 4)) (. .)))" mmax_level="parse" />
<markable id="markable_107" span="word_1855..word_1875" tag="(ROOT (S (NP (NN Use) (NN alcohol) (NNS wipes)) (VP (TO to) (VP (VP (VB clean) (NP (NP (DT the) (NNS tops)) (PP (IN of) (NP (DT the) (NNS vials) (NN move)))) (PP (IN in) (NP (CD one) (NN direction)))) (CC and) (VP (VB use) (NP (CD one) (NN wipe)) (PP (IN per) (NP (NN vial)))))) (. .)))" mmax_level="parse" />
<markable id="markable_108" span="word_1876..word_1892" tag="(ROOT (S (VP (VB Leave) (NP (NP (DT an) (NN alcohol)) (VP (VB wipe) (PRT (RP on)) (NP (NP (NN top)) (PP (IN of) (NP (DT each) (NN vial)))) (SBAR (IN until) (S (NP (PRP you)) (VP (VBP are) (ADJP (JJ ready) (S (VP (TO to) (VP (VB use) (NP (PRP it)))))))))))) (. .)))" mmax_level="parse" />
<markable id="markable_109" span="word_1893..word_1894" tag="(ROOT (X (NNP II) (. .)))" mmax_level="parse" />
<markable id="markable_110" span="word_1895..word_1935" tag="(ROOT (S (S (VP (VBG Drawing) (PRT (RP up)) (NP (NP (DT the) (NN diluent)) (PRN (-LRB- -LRB-) (NP (NN sodium) (NN chloride) (NN solution)) (-RRB- -RRB-)) (PP (IN into) (NP (NP (NP (DT the) (NN syringe)) (NP (NP (RB Only) (DT the) (NN vial)) (PP (IN of) (NP (NN diluent))))) (PRN (-LRB- -LRB-) (NN liquid) (-RRB- -RRB-)) (SBAR (WHNP (WDT that)) (S (VP (VBZ comes) (PP (IN inside) (NP (PRP$ your) (NN prescription) (NN package))))))))))) (VP (MD should) (VP (VB be) (VP (VBN used) (S (VP (TO to) (VP (VB dissolve) (NP (DT the) (JJ white) (NN powder)) (PP (IN in) (NP (DT the) (NNP Betaferon) (NNP vial) (. .) (CD 1))))))))) (. .)))" mmax_level="parse" />
<markable id="markable_111" span="word_1936..word_1950" tag="(ROOT (S (S (VP (VBG Resting) (NP (PRP$ your) (NNS hands)) (PP (IN on) (NP (DT a) (JJ stable) (NN surface))))) (, ,) (VP (VB remove) (NP (DT the) (NN syringe)) (PP (IN from) (NP (PRP$ its) (NN wrapping)))) (. .)))" mmax_level="parse" />
<markable id="markable_112" span="word_1951..word_1962" tag="(ROOT (S (VP (VBP Do) (RB not) (VP (VB touch) (NP (NP (NP (DT the) (NN tip)) (PRN (-LRB- -LRB-) (NP (NN nozzle)) (-RRB- -RRB-))) (PP (IN of) (NP (DT the) (NN syringe)))))) (. .)))" mmax_level="parse" />
<markable id="markable_113" span="word_1963..word_1964" tag="(ROOT (FRAG (NP (CD 2)) (. .)))" mmax_level="parse" />
<markable id="markable_114" span="word_1965..word_1986" tag="(ROOT (S (VP (VP (VB Take) (NP (DT the) (JJ 21-gauge) (NN needle)) (PP (IN out) (PP (IN of) (NP (PRP$ its) (NN wrapping))))) (CC and) (VP (VB place) (NP (PRP it)) (PP (ADVP (RB firmly)) (IN onto) (NP (NP (NP (DT the) (NN tip)) (PRN (-LRB- -LRB-) (NP (NN nozzle)) (-RRB- -RRB-))) (PP (IN of) (NP (DT the) (NN syringe))))))) (. .)))" mmax_level="parse" />
<markable id="markable_115" span="word_1987..word_1994" tag="(ROOT (S (VP (VB Remove) (NP (DT the) (NN needle) (NN guard)) (PP (IN from) (NP (DT the) (NN needle)))) (. .)))" mmax_level="parse" />
<markable id="markable_116" span="word_1995..word_2000" tag="(ROOT (S (VP (VBP Do) (RB not) (VP (VB touch) (NP (DT the) (NN needle)))) (. .)))" mmax_level="parse" />
<markable id="markable_117" span="word_2001..word_2002" tag="(ROOT (FRAG (NP (CD 3)) (. .)))" mmax_level="parse" />
<markable id="markable_118" span="word_2003..word_2017" tag="(ROOT (S (VP (VB Pull) (PRT (RP back)) (NP (NP (DT the) (NN plunger)) (PRN (-LRB- -LRB-) (PP (IN on) (NP (DT the) (NN syringe))) (-RRB- -RRB-)) (PP (TO to) (NP (DT the) (ADJP (CD 1.2) (JJ ml)) (NN mark))))) (. .)))" mmax_level="parse" />
<markable id="markable_119" span="word_2018..word_2039" tag="(ROOT (S (VP (VP (VB Read) (NP (NP (DT the) (NN label)) (PP (IN on) (NP (DT the) (NNS vials))))) (: -) (VP (VB find) (NP (DT the) (JJ diluent) (NN vial))) (CC and) (VP (VB throw) (PRT (RP away)) (NP (NP (DT the) (NN alcohol) (NN wipe)) (PP (IN on) (NP (NP (NN top)) (PP (IN of) (NP (PRP it)))))))) (. .)))" mmax_level="parse" />
<markable id="markable_120" span="word_2040..word_2041" tag="(ROOT (FRAG (NP (CD 4)) (. .)))" mmax_level="parse" />
<markable id="markable_121" span="word_2042..word_2068" tag="(ROOT (S (S (VP (VBG Holding) (NP (NP (DT the) (NN vial)) (PP (IN of) (NP (NN diluent))) (PP (IN on) (NP (DT a) (JJ stable) (NN surface)))))) (, ,) (NP (RB slowly)) (VP (VBZ insert) (NP (DT the) (NN needle)) (PP (ADVP (RB straight)) (IN through) (NP (DT the) (NN rubber) (NN stopper))) (, ,) (PP (IN into) (NP (NP (DT the) (NN top)) (PP (IN of) (NP (DT the) (NN vial)))))) (. .)))" mmax_level="parse" />
<markable id="markable_122" span="word_2069..word_2094" tag="(ROOT (S (SBAR (WHADVP (WRB When)) (S (VP (VBG inserting) (CC and) (VBG removing) (NP (NP (NNS needles)) (PP (IN from) (NP (NNS vials))))))) (, ,) (VP (VB be) (ADJP (JJ sure) (S (RB not) (VP (TO to) (VP (VB touch) (NP (NP (DT the) (NNS needles)) (CC or) (NP (DT the) (NN rubber) (NNS stoppers))) (PP (IN on) (NP (DT the) (NNS vials))) (PP (IN with) (NP (PRP$ your) (NNS hands)))))))) (. .)))" mmax_level="parse" />
<markable id="markable_123" span="word_2095..word_2108" tag="(ROOT (S (SBAR (IN If) (S (NP (PRP you)) (VP (VB touch) (NP (DT a) (NN stopper))))) (, ,) (VP (VB clean) (NP (PRP it)) (PP (IN with) (NP (DT a) (JJ fresh) (NN alcohol) (NN wipe)))) (. .)))" mmax_level="parse" />
<markable id="markable_124" span="word_2109..word_2137" tag="(ROOT (S (SBAR (IN If) (S (NP (PRP you)) (VP (VP (VB touch) (NP (DT a) (NN needle))) (CC or) (NP (NP (NP (DT the) (NN tip)) (PRN (-LRB- -LRB-) (NP (NN nozzle)) (-RRB- -RRB-))) (PP (IN of) (NP (DT the) (NN syringe))))))) (, ,) (VP (VP (VB throw) (NP (PRP it)) (ADVP (RB away) (PP (IN into) (NP (DT the) (NN disposal) (NN unit))))) (CC and) (VP (VB start) (PP (IN with) (NP (DT a) (JJ new) (CD one))))) (. .)))" mmax_level="parse" />
<markable id="markable_125" span="word_2138..word_2158" tag="(ROOT (S (PP (IN If) (NP (DT the) (NN needle) (NNS touches))) (NP (DT any) (NN surface)) (, ,) (VP (VP (VB throw) (NP (PRP it)) (ADVP (RB away) (PP (IN into) (NP (DT the) (NN disposal) (NN unit))))) (CC and) (VP (VB start) (PP (IN with) (NP (DT a) (JJ new) (CD one))))) (. .)))" mmax_level="parse" />
<markable id="markable_126" span="word_2159..word_2160" tag="(ROOT (FRAG (NP (CD 5)) (. .)))" mmax_level="parse" />
<markable id="markable_127" span="word_2161..word_2185" tag="(ROOT (S (VP (VBP Push) (PP (IN in) (NP (DT the) (NN plunger))) (NP (PDT all) (DT the) (NN way)) (S (VP (TO to) (ADVP (RB gently)) (VP (VB inject) (NP (NN air)) (PP (IN into) (NP (NP (DT the) (NN vial)) (PRN (-LRB- -LRB-) (S (VP (VB leave) (NP (DT the) (NN needle)) (PP (IN in) (NP (NP (DT the) (NN vial)) (PP (IN of) (NP (NN diluent))))))) (-RRB- -RRB-)))))))) (. .)))" mmax_level="parse" />
<markable id="markable_128" span="word_2186..word_2187" tag="(ROOT (FRAG (NP (CD 6)) (. .)))" mmax_level="parse" />
<markable id="markable_129" span="word_2188..word_2195" tag="(ROOT (S (VP (VB Turn) (NP (NP (DT the) (NN vial)) (PP (IN of) (NP (NN diluent)))) (ADVP (RB upside) (RB down))) (. .)))" mmax_level="parse" />
<markable id="markable_130" span="word_2196..word_2203" tag="(ROOT (S (VP (VB Keep) (S (NP (DT the) (NN needle) (NN tip)) (PP (IN in) (NP (DT the) (JJ liquid))))) (. .)))" mmax_level="parse" />
<markable id="markable_131" span="word_2204..word_2205" tag="(ROOT (FRAG (NP (CD 7)) (. .)))" mmax_level="parse" />
<markable id="markable_132" span="word_2206..word_2249" tag="(ROOT (S (VP (VP (VBG Resting) (NP (PRP$ your) (NNS hands)) (PP (IN on) (NP (DT a) (JJ stable) (NN surface)))) (, ,) (VP (VB hold) (NP (DT the) (NN vial) (CC and) (NN syringe)) (PP (IN in) (NP (CD one) (NN hand)))) (CC and) (ADVP (RB slowly)) (VP (VB pull) (PRT (RP back)) (NP (NP (DT the) (NN plunger)) (PP (IN of) (NP (DT the) (NN syringe)))) (PP (TO to) (NP (NP (DT the) (ADJP (CD 1.2) (JJ ml)) (NN mark)) (PRN (-LRB- -LRB-) (S (VP (TO to) (VP (VB draw) (PRT (RP up)) (NP (NP (DT that) (NN amount)) (PP (IN of) (NP (NN liquid))))))) (-RRB- -RRB-)))) (PP (IN with) (NP (PRP$ your) (JJ other) (NN hand))))) (. .)))" mmax_level="parse" />
<markable id="markable_133" span="word_2250..word_2274" tag="(ROOT (S (S (VP (VBG Keeping) (NP (DT the) (NN vial)) (ADVP (RB upside) (RB down)))) (, ,) (VP (ADVP (RB gently)) (VB tap) (NP (DT the) (NN syringe)) (SBAR (IN until) (S (NP (DT any) (NN air) (NNS bubbles)) (VP (VBP rise) (PP (TO to) (NP (NP (DT the) (NN top)) (PP (IN of) (NP (NP (DT the) (NN barrel)) (PP (IN of) (NP (DT the) (NN syringe))))))))))) (. .)))" mmax_level="parse" />
<markable id="markable_134" span="word_2275..word_2276" tag="(ROOT (FRAG (NP (CD 8)) (. .)))" mmax_level="parse" />
<markable id="markable_135" span="word_2277..word_2290" tag="(ROOT (S (ADVP (RB Carefully)) (VP (VB push) (PP (IN in) (NP (DT the) (NN plunger) (S (VP (TO to) (VP (VB eject) (NP (RB only) (DT the) (NN air)) (PP (IN through) (NP (DT the) (NN needle))))))))) (. .)))" mmax_level="parse" />
<markable id="markable_136" span="word_2291..word_2301" tag="(ROOT (S (VP (VB Make) (ADJP (JJ sure) (SBAR (IN that) (S (NP (DT the) (NN syringe)) (VP (VBZ contains) (NP (NP (CD 1.2) (NN ml)) (PP (IN of) (NP (NN diluent))))))))) (. .)))" mmax_level="parse" />
<markable id="markable_137" span="word_2302..word_2303" tag="(ROOT (FRAG (NP (CD 9)) (. .)))" mmax_level="parse" />
<markable id="markable_138" span="word_2304..word_2315" tag="(ROOT (S (VP (VB Remove) (NP (DT the) (NN needle)) (PP (IN with) (NP (NP (DT the) (NN syringe)) (PP (IN from) (NP (NP (DT the) (NN vial)) (PP (IN of) (NP (NN diluent)))))))) (. .)))" mmax_level="parse" />
<markable id="markable_139" span="word_2316..word_2317" tag="(ROOT (X (NNP III) (. .)))" mmax_level="parse" />
<markable id="markable_140" span="word_2318..word_2349" tag="(ROOT (S (S (VP (VBG Injecting) (NP (NP (DT the) (JJ required) (NN volume)) (PP (IN of) (NP (NN diluent))) (PRN (-LRB- -LRB-) (NP (CD 1.2) (NN ml)) (-RRB- -RRB-)) (PP (IN into) (NP (NP (DT the) (NN vial)) (PP (IN of) (NP (NNP Betaferon)))))))) (VP (VP (VBP Find) (NP (DT the) (NNP Betaferon) (NN vial))) (CC and) (VP (VBP throw) (PRT (RP away)) (NP (NP (NP (DT the) (NN alcohol) (NN wipe)) (PP (IN on) (NP (NP (NN top)) (PP (IN of) (NP (PRP it)))))) (. .) (NP (CD 1))))) (. .)))" mmax_level="parse" />
<markable id="markable_141" span="word_2350..word_2382" tag="(ROOT (S (S (VP (VBG Holding) (NP (NP (DT the) (NNP Betaferon) (NN vial)) (PP (IN on) (NP (DT a) (JJ stable) (NN surface)))))) (, ,) (VP (ADVP (RB slowly)) (VB insert) (NP (NP (DT the) (NN needle)) (PP (IN of) (NP (NP (DT the) (NN syringe)) (PRN (-LRB- -LRB-) (VP (VBG containing) (NP (NP (CD 1.2) (NN ml)) (PP (IN of) (NP (NN liquid))))) (-RRB- -RRB-))))) (NP (PDT all) (DT the) (NN way)) (PP (IN through) (NP (NP (DT the) (NN stopper)) (PP (IN of) (NP (DT the) (NN vial)))))) (. .)))" mmax_level="parse" />
<markable id="markable_142" span="word_2383..word_2384" tag="(ROOT (FRAG (NP (CD 2)) (. .)))" mmax_level="parse" />
<markable id="markable_143" span="word_2385..word_2424" tag="(ROOT (S (VP (VBP Push) (NP (DT the) (NN plunger)) (PRT (RP down)) (ADVP (RB slowly)) (, ,) (S (VP (VBG directing) (NP (DT the) (NN needle)) (PP (IN toward) (NP (NP (DT the) (NN side)) (PP (IN of) (NP (NP (DT the) (NN vial)) (SBAR (S (VP (TO to) (VP (VB allow) (S (NP (DT the) (JJ liquid)) (VP (TO to) (VP (VB run) (PRT (RP down)) (NP (NP (DT the) (NN inside) (NN wall)) (PRN (-LRB- -LRB-) (S (S (VP (VBG injecting) (NP (NP (NN diluent)) (ADVP (RB directly)) (PP (IN onto) (NP (DT the) (NN powder)))))) (VP (MD will) (VP (VB cause) (NP (JJ excess) (NN foaming))))) (-RRB- -RRB-)) (. .) (CD 3)))))))))))))))) (. .)))" mmax_level="parse" />
<markable id="markable_144" span="word_2425..word_2442" tag="(ROOT (S (VP (VB Make) (ADJP (JJ sure) (SBAR (IN that) (S (NP (DT the) (NN needle)) (VP (VBZ does) (RB not) (VP (VB come) (PP (IN into) (NP (NP (NP (NN contact)) (PP (IN with) (NP (DT the) (NN powder)))) (CC or) (NP (DT the) (VBG resulting) (NN solution)))))))))) (. .)))" mmax_level="parse" />
<markable id="markable_145" span="word_2443..word_2444" tag="(ROOT (FRAG (NP (CD 4)) (. .)))" mmax_level="parse" />
<markable id="markable_146" span="word_2445..word_2479" tag="(ROOT (S (SBAR (IN After) (S (NP (NP (DT the) (NN diluent)) (PP (IN in) (NP (DT the) (NN syringe)))) (VP (VBZ has) (VP (VBN been) (VP (ADVP (RB completely)) (VBN injected) (PP (IN into) (NP (DT the) (NNP Betaferon) (NN vial)))))))) (VP (VB hold) (NP (NP (DT the) (NN vial)) (PP (IN between) (NP (PRP$ your) (ADJP (NN thumb) (, ,) (NN forefinger) (CC and) (JJ middle)) (NN finger)))) (PP (IN with) (NP (NP (DT the) (NN needle) (CC and) (NN syringe)) (VP (VBG resting) (PP (IN against) (NP (PRP$ your) (NN hand))))))) (. .)))" mmax_level="parse" />
<markable id="markable_147" span="word_2480..word_2481" tag="(ROOT (FRAG (NP (CD 5)) (. .)))" mmax_level="parse" />
<markable id="markable_148" span="word_2482..word_2494" tag="(ROOT (S (ADVP (RB Gently)) (VP (VB rotate) (NP (PRP$ your) (NN hand)) (S (VP (TO to) (VP (ADVP (RB completely)) (VB dissolve) (NP (NP (DT the) (JJ white) (NN powder)) (PP (IN of) (NP (NNP Betaferon)))))))) (. .)))" mmax_level="parse" />
<markable id="markable_149" span="word_2495..word_2498" tag="(ROOT (SQ (VBP Do) (RB not) (VP (VB shake)) (. !)))" mmax_level="parse" />
<markable id="markable_150" span="word_2499..word_2500" tag="(ROOT (FRAG (NP (CD 6)) (. .)))" mmax_level="parse" />
<markable id="markable_151" span="word_2501..word_2512" tag="(ROOT (S (VP (VB Look) (ADVP (RB closely)) (PP (IN at) (NP (NP (DT the) (NN solution)) (PRN (-LRB- -LRB-) (S (NP (PRP it)) (VP (MD should) (VP (VB be) (ADJP (JJ clear))))) (-RRB- -RRB-))))) (. .)))" mmax_level="parse" />
<markable id="markable_152" span="word_2513..word_2528" tag="(ROOT (S (SBAR (IN If) (S (NP (DT the) (NN mixture)) (VP (VP (VBZ contains) (NP (NNS particles))) (CC or) (VP (VBZ is) (VP (VBN discoloured)))))) (, ,) (VP (VP (VB throw) (NP (PRP it)) (PRT (RP away))) (CC and) (VP (VB start) (ADVP (RB again)))) (. .)))" mmax_level="parse" />
<markable id="markable_153" span="word_2529..word_2530" tag="(ROOT (FRAG (NP (NNP IV)) (. .)))" mmax_level="parse" />
<markable id="markable_154" span="word_2531..word_2549" tag="(ROOT (S (VP (VBG Drawing) (PRT (RP up)) (NP (NP (DT the) (JJ required) (NN volume)) (PP (IN of) (NP (NP (DT the) (NN solution)) (PP (IN for) (NP (NN injection))) (PRN (-LRB- -LRB-) (NP (CD 1.0) (NN ml)) (-RRB- -RRB-)))) (PP (IN into) (NP (DT the) (NN syringe) (CD 1))))) (. .)))" mmax_level="parse" />
<markable id="markable_155" span="word_2550..word_2569" tag="(ROOT (S (ADVP (RB Slightly)) (VP (VP (VB incline) (NP (NP (DT the) (NN vial)) (PP (IN of) (NP (JJ Betaferon) (NN solution))))) (CC and) (VP (VB keep) (NP (DT the) (NN needle) (NN tip)) (PP (IN at) (NP (NP (DT the) (JJS lowest) (NN point)) (PP (IN of) (NP (DT the) (NN vial))))))) (. .)))" mmax_level="parse" />
<markable id="markable_156" span="word_2570..word_2577" tag="(ROOT (S (VP (VB Keep) (S (NP (DT the) (NN needle) (NN tip)) (PP (IN in) (NP (DT the) (JJ liquid))))) (. .)))" mmax_level="parse" />
<markable id="markable_157" span="word_2578..word_2579" tag="(ROOT (FRAG (NP (CD 2)) (. .)))" mmax_level="parse" />
<markable id="markable_158" span="word_2580..word_2593" tag="(ROOT (S (VP (VB Pull) (PRT (RP back)) (NP (DT the) (NN plunger) (S (VP (TO to) (VP (VB withdraw) (NP (NP (CD 1.0) (NN ml)) (PP (IN of) (NP (NN liquid))) (PP (IN into) (NP (DT the) (NN syringe))))))))) (. .)))" mmax_level="parse" />
<markable id="markable_159" span="word_2594..word_2595" tag="(ROOT (FRAG (NP (CD 3)) (. .)))" mmax_level="parse" />
<markable id="markable_160" span="word_2596..word_2610" tag="(ROOT (S (VP (VP (VB Turn) (NP (DT the) (NN vial)) (ADVP (RB upside) (RB down))) (CC and) (VP (VB hold) (NP (DT the) (NN syringe)) (PP (IN with) (NP (NP (DT the) (NN needle)) (VP (VBG pointing) (ADVP (RB upward))))))) (. .)))" mmax_level="parse" />
<markable id="markable_161" span="word_2611..word_2612" tag="(ROOT (FRAG (NP (CD 4)) (. .)))" mmax_level="parse" />
<markable id="markable_162" span="word_2613..word_2631" tag="(ROOT (S (VP (VB Tap) (NP (NP (DT the) (NN syringe)) (PP (ADVP (RB gently)) (IN until) (NP (NP (DT any) (NN air) (NNS bubbles) (NN rise)) (PP (TO to) (NP (NP (DT the) (NN top)) (PP (IN of) (NP (NP (DT the) (NN barrel)) (PP (IN of) (NP (DT the) (NN syringe))))))))))) (. .)))" mmax_level="parse" />
<markable id="markable_163" span="word_2632..word_2633" tag="(ROOT (FRAG (NP (CD 5)) (. .)))" mmax_level="parse" />
<markable id="markable_164" span="word_2634..word_2647" tag="(ROOT (S (ADVP (RB Carefully)) (VP (VB push) (PP (IN in) (NP (DT the) (NN plunger) (S (VP (TO to) (VP (VB eject) (NP (RB only) (DT the) (NN air)) (PP (IN through) (NP (DT the) (NN needle))))))))) (. .)))" mmax_level="parse" />
<markable id="markable_165" span="word_2648..word_2649" tag="(ROOT (FRAG (NP (CD 6)) (. .)))" mmax_level="parse" />
<markable id="markable_166" span="word_2650..word_2656" tag="(ROOT (S (VP (VB Remove) (NP (NP (DT the) (NN syringe)) (PP (IN from) (NP (DT the) (NN needle))))) (. .)))" mmax_level="parse" />
<markable id="markable_167" span="word_2657..word_2663" tag="(ROOT (S (VP (VB Leave) (NP (NP (DT the) (NN needle)) (PP (IN in) (NP (DT the) (NN vial))))) (. .)))" mmax_level="parse" />
<markable id="markable_168" span="word_2664..word_2665" tag="(ROOT (FRAG (NP (CD 7)) (. .)))" mmax_level="parse" />
<markable id="markable_169" span="word_2666..word_2676" tag="(ROOT (S (VP (VB Place) (NP (NP (DT the) (NN syringe)) (PRN (-LRB- -LRB-) (PP (IN without) (NP (NN needle))) (-RRB- -RRB-))) (PP (IN on) (NP (DT a) (NN surface)))) (. .)))" mmax_level="parse" />
<markable id="markable_170" span="word_2677..word_2693" tag="(ROOT (S (VP (VB Make) (ADJP (JJ sure) (SBAR (IN that) (S (NP (NP (NP (DT the) (NN tip)) (PRN (-LRB- -LRB-) (NP (NN nozzle)) (-RRB- -RRB-))) (PP (IN of) (NP (DT the) (NN syringe)))) (VP (VBZ does) (RB not) (VP (VB touch) (NP (DT the) (NN surface)))))))) (. .)))" mmax_level="parse" />
<markable id="markable_171" span="word_2694..word_2695" tag="(ROOT (FRAG (NP (CD 8)) (. .)))" mmax_level="parse" />
<markable id="markable_172" span="word_2696..word_2720" tag="(ROOT (S (VP (VP (VBP Find) (NP (DT the) (JJ 27-gauge) (NN needle))) (, ,) (VP (VB take) (NP (PRP it)) (PP (IN out) (PP (IN of) (NP (PRP$ its) (NN wrapping))))) (CC and) (VP (VB place) (NP (PRP it)) (PP (ADVP (RB firmly)) (IN onto) (NP (NP (NP (DT the) (NN tip)) (PRN (-LRB- -LRB-) (NP (NN nozzle)) (-RRB- -RRB-))) (PP (IN of) (NP (DT the) (NN syringe))))))) (. .)))" mmax_level="parse" />
<markable id="markable_173" span="word_2721..word_2722" tag="(ROOT (FRAG (NP (CD 9)) (. .)))" mmax_level="parse" />
<markable id="markable_174" span="word_2723..word_2739" tag="(ROOT (S (VP (VB Throw) (PRT (RP away)) (NP (NP (JJ unused) (NN portion)) (PP (IN of) (NP (DT the) (NN solution))) (VP (VBG remaining) (PP (IN in) (NP (NP (DT the) (NN vial)) (CC and) (NP (NP (DT the) (NN needle)) (PP (IN in) (NP (PRP it))))))))) (. .)))" mmax_level="parse" />
<markable id="markable_175" span="word_2740..word_2765" tag="(ROOT (S (NP (DT The) (NN injection)) (VP (MD should) (VP (VB be) (VP (VBN administered) (ADVP (RB immediately)) (PP (IN after) (NP (NP (VBG mixing)) (PRN (-LRB- -LRB-) (SQ (SBAR (IN if) (S (NP (DT the) (NN injection)) (VP (VBZ is) (VP (VBN delayed))))) (, ,) (VP (VP (VB refrigerate) (NP (DT the) (NN solution))) (CC and) (VP (VB inject) (NP (PRP it)) (PP (IN within) (NP (CD 3) (NNS hours)))))) (-RRB- -RRB-))))))) (. .)))" mmax_level="parse" />
<markable id="markable_176" span="word_2766..word_2769" tag="(ROOT (S (VP (VBP Do) (RB not) (VP (VB freeze))) (. .)))" mmax_level="parse" />
<markable id="markable_177" span="word_2770..word_2793" tag="(ROOT (X (NNP V.) (NNP Choosing) (X (CC and) (S (VP (VP (VBG preparing) (NP (DT the) (NN injection) (NN site))) (CC and) (VP (VBG injecting) (NP (NP (DT the) (NNP Betaferon) (NN solution)) (PRN (-LRB- -LRB-) (NP (CD 1.0) (NN ml)) (-RRB- -RRB-)) (ADVP (RB subcutaneously)) (PRN (-LRB- -LRB-) (PP (IN under) (NP (DT the) (NN skin))) (-RRB- -RRB-))))))) (X (NP (CD 1))) (. .)))" mmax_level="parse" />
<markable id="markable_178" span="word_2794..word_2809" tag="(ROOT (S (VP (VB Choose) (NP (NP (DT an) (NN injection) (NN site)) (PRN (-LRB- -LRB-) (S (VP (VB see) (NP (NP (NN medication) (NN record) (NN card)) (PP (IN with) (NP (DT an) (NN injection) (NNS sites) (NN diagram)))))) (-RRB- -RRB-)))) (. .)))" mmax_level="parse" />
<markable id="markable_179" span="word_2810..word_2822" tag="(ROOT (S (NP (PRP You)) (VP (MD may) (VP (VB want) (S (VP (TO to) (VP (VB hold) (NP (DT the) (NN syringe)) (PP (IN like) (NP (NP (DT a) (NN pencil)) (CC or) (NP (NN dart))))))))) (. .)))" mmax_level="parse" />
<markable id="markable_180" span="word_2823..word_2892" tag="(ROOT (S (S (NP (NP (NN Use)) (NP (NP (NP (DT a) (JJ different) (NN site)) (NP (DT each) (NN day)) (SBAR (S (NP (PRP you)) (VP (VB inject))))) (: :) (PRN (: -) (NP (NP (NP (NNS Arms)) (PRN (-LRB- -LRB-) (NP (JJ upper) (NN back) (NN portion)) (-RRB- -RRB-))) (: -) (NP (NP (NP (NNP Abdomen)) (PRN (-LRB- -LRB-) (PP (IN except) (PP (IN around) (NP (NN navel) (CC and) (NN waistline)))) (-RRB- -RRB-))) (: -) (NP (NNP Buttocks)))) (: -)) (NP (NP (NNP Thighs)) (PRN (-LRB- -LRB-) (NP (NP (NN front) (CC and) (NNS sides)) (PP (IN except) (PP (IN at) (NP (NN groin) (CC and) (NN knee))))) (-RRB- -RRB-))))) (VP (VBP Do) (RB not) (VP (VB use) (NP (NP (DT any) (NNS areas)) (SBAR (WHPP (IN in) (WHNP (WDT which))) (S (NP (PRP you)) (VP (VBP feel) (SBAR (S (VP (VBZ lumps) (NP (NP (JJ firm) (NNS knots)) (, ,) (NP (NNS depressions) (NN pain)) (, ,) (CC or) (NP (NN discoloration))))))))))))) (: ;) (S (VP (VB talk) (PP (TO to) (NP (NP (PRP$ your) (NN doctor)) (CC or) (NP (NN healthcare) (NN professional)))) (PP (IN about) (NP (NP (NN anything)) (SBAR (S (NP (PRP you)) (VP (VBP find)))))))) (. .)))" mmax_level="parse" />
<markable id="markable_181" span="word_2893..word_2894" tag="(ROOT (FRAG (NP (CD 2)) (. .)))" mmax_level="parse" />
<markable id="markable_182" span="word_2895..word_2912" tag="(ROOT (S (PP (IN Use) (NP (NP (DT an) (NN alcohol) (NN wipe)) (SBAR (S (VP (TO to) (VP (VB clean) (NP (DT the) (NN skin)) (PP (IN at) (NP (DT the) (NN injection) (NN site))))))))) (, ,) (VP (VB let) (S (NP (PRP it)) (ADJP (NN air) (JJ dry)))) (. .)))" mmax_level="parse" />
<markable id="markable_183" span="word_2913..word_2914" tag="(ROOT (FRAG (NP (CD 3)) (. .)))" mmax_level="parse" />
<markable id="markable_184" span="word_2915..word_2919" tag="(ROOT (S (VP (VB Throw) (PRT (RP away)) (NP (DT the) (NN wipe))) (. .)))" mmax_level="parse" />
<markable id="markable_185" span="word_2920..word_2921" tag="(ROOT (FRAG (NP (CD 4)) (. .)))" mmax_level="parse" />
<markable id="markable_186" span="word_2922..word_2931" tag="(ROOT (S (VP (VBP Find) (NP (DT the) (NN syringe)) (PP (IN with) (NP (NP (DT the) (JJ 27-gauge) (NN needle)) (PP (IN on) (NP (PRP it)))))) (. .)))" mmax_level="parse" />
<markable id="markable_187" span="word_2932..word_2939" tag="(ROOT (S (VP (VB Remove) (NP (DT the) (NN needle) (NN guard)) (PP (IN from) (NP (DT the) (NN needle)))) (. .)))" mmax_level="parse" />
<markable id="markable_188" span="word_2940..word_2947" tag="(ROOT (S (VP (VB Make) (ADJP (JJ sure) (S (RB not) (VP (TO to) (VP (VB touch) (NP (DT the) (NN needle))))))) (. .)))" mmax_level="parse" />
<markable id="markable_189" span="word_2948..word_2949" tag="(ROOT (FRAG (NP (CD 5)) (. .)))" mmax_level="parse" />
<markable id="markable_190" span="word_2950..word_2966" tag="(ROOT (S (ADVP (RB Gently)) (VP (VB pinch) (NP (DT the) (NN skin)) (ADVP (RB together) (PP (IN around) (NP (DT the) (NN site)))) (PRN (-LRB- -LRB-) (S (VP (TO to) (VP (VB lift) (NP (PRP it)) (PP (IN up) (NP (DT a) (NN bit)))))) (-RRB- -RRB-))) (. .)))" mmax_level="parse" />
<markable id="markable_191" span="word_2967..word_2968" tag="(ROOT (FRAG (NP (CD 6)) (. .)))" mmax_level="parse" />
<markable id="markable_192" span="word_2969..word_2996" tag="(ROOT (S (S (VP (VBG Resting) (NP (PRP$ your) (NN wrist)) (PP (IN on) (NP (NP (DT the) (NN skin)) (PP (IN near) (NP (DT the) (NN site))))))) (, ,) (VP (VB stick) (NP (DT the) (NN needle)) (PP (ADVP (RB straight)) (IN into) (NP (NP (DT the) (NN skin)) (PP (IN at) (NP (NP (DT a) (CD 90) (NN angle)) (PP (IN with) (NP (DT a) (JJ quick) (, ,) (JJ firm) (NN motion)))))))) (. .)))" mmax_level="parse" />
<markable id="markable_193" span="word_2997..word_2998" tag="(ROOT (FRAG (NP (CD 7)) (. .)))" mmax_level="parse" />
<markable id="markable_194" span="word_2999..word_3024" tag="(ROOT (S (VP (VB Inject) (NP (DT the) (NN drug)) (PP (IN by) (S (VP (VBG using) (NP (NP (DT a) (JJ slow) (JJ steady) (NN push)) (PRN (-LRB- -LRB-) (VP (VB push) (NP (DT the) (NN plunger)) (NP (PDT all) (DT the) (NN way)) (PP (IN in) (SBAR (IN until) (S (NP (DT the) (NN syringe)) (VP (VBZ is) (ADJP (JJ empty))))))) (-RRB- -RRB-)) (. .) (CD 8)))))) (. .)))" mmax_level="parse" />
<markable id="markable_195" span="word_3025..word_3032" tag="(ROOT (S (VP (VB Hold) (NP (DT a) (NN swab)) (PP (IN on) (NP (DT the) (NN injection) (NN site)))) (. .)))" mmax_level="parse" />
<markable id="markable_196" span="word_3033..word_3039" tag="(ROOT (S (VP (VB Remove) (NP (NP (DT the) (NN needle)) (PP (IN from) (NP (DT the) (NN skin))))) (. .)))" mmax_level="parse" />
<markable id="markable_197" span="word_3040..word_3041" tag="(ROOT (FRAG (NP (CD 9)) (. .)))" mmax_level="parse" />
<markable id="markable_198" span="word_3042..word_3054" tag="(ROOT (S (ADVP (RB Gently)) (VP (VB massage) (NP (DT the) (NN injection) (NN site)) (PP (IN with) (NP (DT a) (JJ dry) (NN cotton) (NN ball) (CC or) (NN gauze)))) (. .)))" mmax_level="parse" />
<markable id="markable_199" span="word_3055..word_3056" tag="(ROOT (FRAG (NP (CD 10)) (. .)))" mmax_level="parse" />
<markable id="markable_200" span="word_3057..word_3068" tag="(ROOT (S (VP (VB Throw) (PRT (RP away)) (NP (NP (DT the) (NN syringe)) (CC and) (NP (NP (DT the) (NN needle)) (PP (IN in) (NP (DT the) (NN disposal) (NN unit)))))) (. .)))" mmax_level="parse" />
<markable id="markable_201" span="word_3069..word_3092" tag="(ROOT (S (NP (NP (NN Injection) (NN site)) (VP (VBG Picking) (NP (DT an) (NN injection) (NN site)) (NP (NNP Betaferon) (PRN (-LRB- -LRB-) (S (NP (NNP Interferon)) (ADJP (JJ beta-1b))) (-RRB- -RRB-)) (NN therapy)))) (VP (MD should) (VP (VB be) (VP (VBN injected) (PP (IN into) (NP (JJ subcutaneous) (PRN (-LRB- -LRB-) (PP (IN under) (NP (DT the) (NN skin))) (-RRB- -RRB-)) (NN tissue)))))) (. .)))" mmax_level="parse" />
<markable id="markable_202" span="word_3093..word_3111" tag="(ROOT (S (NP (NP (DT The) (JJS best) (NNS areas)) (PP (IN for) (NP (NN injection)))) (VP (VBP are) (ADJP (ADJP (JJ loose)) (CC and) (ADJP (ADJP (JJ soft)) (PRN (-LRB- -LRB-) (INTJ (UH flabby)) (-RRB- -RRB-)) (, ,) (NN way) (PP (IN from) (NP (NNS joints) (CC and) (NNS nerves)))))) (. .)))" mmax_level="parse" />
<markable id="markable_203" span="word_3112..word_3128" tag="(ROOT (S (NP (DT Each) (NN therapy) (NN day)) (NP (PRP you)) (VP (MD can) (VP (VB choose) (NP (NP (DT an) (NN injection) (NN site)) (PP (IN from) (NP (NP (DT the) (NNS ones)) (VP (VBN identified) (PP (IN in) (NP (DT the) (NNS diagrams))))))))) (. .)))" mmax_level="parse" />
<markable id="markable_204" span="word_3129..word_3147" tag="(ROOT (S (NP (PRP It)) (VP (VBZ 's) (NP (DT a) (JJ good) (NN idea)) (S (VP (TO to) (VP (VB know) (SBAR (WHADVP (WRB where)) (S (NP (PRP$ your) (NN injection)) (VP (MD will) (VP (VB be) (VP (VBN given) (SBAR (IN before) (S (NP (PRP you)) (VP (VBP prepare) (NP (PRP$ your) (NN syringe)))))))))))))) (. .)))" mmax_level="parse" />
<markable id="markable_205" span="word_3148..word_3181" tag="(ROOT (S (SBAR (IN If) (S (NP (EX there)) (VP (VBP are) (NP (NP (DT any) (NNS sites)) (SBAR (WHNP (WDT that)) (S (VP (VBP are) (ADJP (JJ difficult) (SBAR (IN for) (S (NP (PRP you)) (VP (TO to) (VP (VB reach))))))))))))) (, ,) (NP (PRP you)) (VP (MD can) (VP (VB ask) (S (NP (NP (PRP$ your) (NN support) (NN person)) (PRN (-LRB- -LRB-) (CC or) (NP (NP (NN someone)) (SBAR (WHNP (WP who)) (S (VP (VBZ has) (VP (VBN been) (ADJP (JJ trained) (S (VP (TO to) (VP (VB give) (NP (NNS injections))))))))))) (-RRB- -RRB-))) (VP (TO to) (VP (VB help) (NP (PRP you))))))) (. .)))" mmax_level="parse" />
<markable id="markable_206" span="word_3182..word_3206" tag="(ROOT (S (S (NP (NP (NN Rotating) (NN injection) (NNS sites)) (VP (VBG Changing) (NP (NP (NNS sites)) (NP (DT each) (NN time))))) (VP (VBZ helps) (S (VP (VB prevent) (NP (NN injection) (NNS reactions)))))) (: :) (S (NP (PRP it)) (VP (VBZ gives) (NP (DT the) (NN site)) (NP (NN time)) (S (VP (TO to) (VP (VB bounce) (ADVP (RB back) (PP (IN from) (NP (DT the) (JJ last) (NN injection))))))))) (. .)))" mmax_level="parse" />
<markable id="markable_207" span="word_3207..word_3222" tag="(ROOT (S (NP (NP (NN Today) (POS 's)) (NN injection)) (VP (MD should) (RB not) (VP (VB be) (VP (VBN given) (PP (IN in) (NP (DT the) (JJ same) (NNS areas))) (PP (IN as) (NP (DT the) (JJ last) (CD one)))))) (. .)))" mmax_level="parse" />
<markable id="markable_208" span="word_3223..word_3236" tag="(ROOT (S (VP (VB Keep) (S (NP (NP (DT a) (NN record)) (PP (IN of) (SBAR (WHADVP (WRB where) (CC and) (WRB when)) (S (NP (PRP you)) (VP (ADVP (RB last)) (VBD gave) (NP (PRP yourself))))))) (NP (DT an) (NN injection)))) (. .)))" mmax_level="parse" />
<markable id="markable_209" span="word_3237..word_3253" tag="(ROOT (S (NP (NP (CD One) (NN way)) (SBAR (S (VP (TO to) (VP (VB do) (NP (DT this))))))) (VP (VBZ is) (S (VP (TO to) (VP (VB note) (NP (NP (DT this) (NN information)) (PP (IN on) (NP (DT the) (VBN enclosed) (NN medication) (NN record) (NN card)))))))) (. .)))" mmax_level="parse" />
<markable id="markable_210" span="word_3254..word_3264" tag="(ROOT (S (NP (PRP You)) (VP (MD may) (VP (VB use) (NP (DT a) (NN site)) (ADVP (RB again)) (SBAR (IN after) (S (VP (VBG waiting) (NP (CD 1) (NN week))))))) (. .)))" mmax_level="parse" />
<markable id="markable_211" span="word_3265..word_3280" tag="(ROOT (S (SBAR (IN If) (S (NP (DT all) (NNS areas)) (VP (VBP become) (NP (NN tender))))) (, ,) (VP (VB talk) (PP (TO to) (NP (PRP$ your) (NN doctor))) (PP (IN about) (S (VP (VBG choosing) (NP (JJ other) (NN injection) (NNS sites)))))) (. .)))" mmax_level="parse" />
<markable id="markable_212" span="word_3281..word_3294" tag="(ROOT (S (IN For) (NP (DT any) (NN information)) (VP (VBP please) (NP (NN contact)) (NP (NP (DT the) (JJ local) (NN representative)) (PP (IN of) (NP (DT the) (NN marketing) (NN authorization) (NN holder))))) (. .)))" mmax_level="parse" />
<markable id="markable_213" span="word_3295..word_3304" tag="(ROOT (S (NP (DT A) (NN medication) (NN record)) (VP (VBZ is) (VP (VBN included) (PP (IN in) (NP (DT the) (NNP Betaferon) (NN booklet))))) (. .)))" mmax_level="parse" />
</markables>
