<?xml version="1.0" encoding="US-ASCII"?>
<!DOCTYPE markables SYSTEM "markables.dtd">
<markables xmlns="www.eml.org/NameSpaces/unit">
<markable id="markable_1505" span="word_3008..word_3021" mmax_level="unit"  subject="no-subject"  verbed="verbed-yes"  utype="parenthetical"  finite="finite-yes" />
<markable id="markable_1504" span="word_3002..word_3007" mmax_level="unit"  subject="no-subject"  verbed="verbed-yes"  utype="adjunct"  finite="finite-no" />
<markable id="markable_1507" span="word_3033..word_3038" mmax_level="unit"  subject="no-subject"  verbed="verbed-yes"  utype="main"  finite="finite-yes" />
<markable id="markable_1506" span="word_3025..word_3031" mmax_level="unit"  subject="no-subject"  verbed="verbed-yes"  utype="main"  finite="finite-yes" />
<markable id="markable_1509" span="word_3057..word_3067" mmax_level="unit"  subject="no-subject"  verbed="verbed-yes"  utype="main"  finite="finite-yes" />
<markable id="markable_1508" span="word_3042..word_3053" mmax_level="unit"  subject="no-subject"  verbed="verbed-yes"  utype="main"  finite="finite-yes" />
<markable id="markable_1510" span="word_3069..word_3070" mmax_level="unit"  subject="no-subject"  verbed="verbed-no"  utype="title"  finite="no-finite" />
<markable id="markable_1511" span="word_3071..word_3074" mmax_level="unit"  subject="no-subject"  verbed="verbed-yes"  utype="title"  finite="finite-no" />
<markable id="markable_1512" span="word_3075..word_3091" mmax_level="unit"  subject="full-subject"  verbed="verbed-yes"  utype="main"  finite="finite-yes" />
<markable id="markable_1513" span="word_3076..word_3079" mmax_level="unit"  subject="no-subject"  verbed="verbed-no"  utype="parenthetical"  finite="no-finite" />
<markable id="markable_1514" span="word_3086..word_3090" mmax_level="unit"  subject="no-subject"  verbed="verbed-no"  utype="parenthetical"  finite="no-finite" />
<markable id="markable_1518" span="word_3112..word_3114" mmax_level="unit"  subject="no-subject"  verbed="verbed-no"  utype="preposed-pp"  finite="no-finite" />
<markable id="markable_1517" span="word_3112..word_3127" mmax_level="unit"  subject="full-subject"  verbed="verbed-yes"  utype="main"  finite="finite-yes" />
<markable id="markable_1516" span="word_3102..word_3104" mmax_level="unit"  subject="no-subject"  verbed="verbed-no"  utype="parenthetical"  finite="no-finite" />
<markable id="markable_1515" span="word_3093..word_3110" mmax_level="unit"  subject="full-subject"  verbed="verbed-yes"  utype="main"  finite="finite-yes" />
<markable id="markable_1519" span="word_3129..word_3146" mmax_level="unit"  subject="empty-subject"  verbed="verbed-yes"  utype="main"  finite="finite-yes" />
<markable id="markable_1520" span="word_3134..word_3146" mmax_level="unit"  subject="no-subject"  verbed="verbed-yes"  utype="complement"  finite="finite-no" />
<markable id="markable_1521" span="word_3142..word_3146" mmax_level="unit"  subject="full-subject"  verbed="verbed-yes"  utype="adjunct"  finite="finite-yes" />
<markable id="markable_1524" span="word_3153..word_3159" mmax_level="unit"  subject="relpro"  verbed="verbed-yes"  utype="relative"  finite="finite-yes" />
<markable id="markable_1525" span="word_3158..word_3159" mmax_level="unit"  subject="no-subject"  verbed="verbed-yes"  utype="complement"  finite="no-finite" />
<markable id="markable_1522" span="word_3148..word_3180" mmax_level="unit"  subject="full-subject"  verbed="verbed-yes"  utype="main"  finite="finite-yes" />
<markable id="markable_1523" span="word_3148..word_3159" mmax_level="unit"  subject="full-subject"  verbed="verbed-yes"  utype="adjunct"  finite="finite-yes" />
<markable id="markable_1502" span="word_2969..word_2977" mmax_level="unit"  subject="no-subject"  verbed="verbed-yes"  utype="adjunct"  finite="finite-no" />
<markable id="markable_1503" span="word_2999..word_3021" mmax_level="unit"  subject="no-subject"  verbed="verbed-yes"  utype="main"  finite="finite-yes" />
<markable id="markable_1500" span="word_2958..word_2965" mmax_level="unit"  subject="no-subject"  verbed="verbed-yes"  utype="parenthetical"  finite="finite-no" />
<markable id="markable_1501" span="word_2969..word_2995" mmax_level="unit"  subject="no-subject"  verbed="verbed-yes"  utype="main"  finite="finite-yes" />
<markable id="markable_1400" span="word_2175..word_2184" mmax_level="unit"  subject="no-subject"  verbed="verbed-yes"  utype="parenthetical"  finite="finite-yes" />
<markable id="markable_1403" span="word_2206..word_2221" mmax_level="unit"  subject="no-subject"  verbed="verbed-yes"  utype="main"  finite="finite-yes" />
<markable id="markable_1404" span="word_2206..word_2212" mmax_level="unit"  subject="no-subject"  verbed="verbed-yes"  utype="adjunct"  finite="finite-no" />
<markable id="markable_1401" span="word_2188..word_2194" mmax_level="unit"  subject="no-subject"  verbed="verbed-yes"  utype="main"  finite="finite-yes" />
<markable id="markable_1402" span="word_2196..word_2202" mmax_level="unit"  subject="no-subject"  verbed="verbed-yes"  utype="main"  finite="finite-yes" />
<markable id="markable_1308" span="word_1501..word_1526" mmax_level="unit"  subject="no-subject"  verbed="verbed-yes"  utype="main"  finite="finite-yes" />
<markable id="markable_1450" span="word_2617..word_2630" mmax_level="unit"  subject="full-subject"  verbed="verbed-yes"  utype="adjunct"  finite="finite-yes" />
<markable id="markable_1309" span="word_1506..word_1516" mmax_level="unit"  subject="no-subject"  verbed="verbed-no"  utype="parenthetical"  finite="no-finite" />
<markable id="markable_1451" span="word_2634..word_2646" mmax_level="unit"  subject="no-subject"  verbed="verbed-yes"  utype="main"  finite="finite-yes" />
<markable id="markable_1306" span="word_1491..word_1499" mmax_level="unit"  subject="full-subject"  verbed="verbed-yes"  utype="main"  finite="finite-yes" />
<markable id="markable_1307" span="word_1496..word_1499" mmax_level="unit"  subject="no-subject"  verbed="verbed-no"  utype="parenthetical"  finite="no-finite" />
<markable id="markable_1458" span="word_2679..word_2692" mmax_level="unit"  subject="full-subject"  verbed="verbed-yes"  utype="complement"  finite="finite-yes" />
<markable id="markable_1459" span="word_2682..word_2684" mmax_level="unit"  subject="no-subject"  verbed="verbed-no"  utype="parenthetical"  finite="no-finite" />
<markable id="markable_1456" span="word_2669..word_2672" mmax_level="unit"  subject="no-subject"  verbed="verbed-no"  utype="parenthetical"  finite="no-finite" />
<markable id="markable_1457" span="word_2677..word_2692" mmax_level="unit"  subject="no-subject"  verbed="verbed-yes"  utype="main"  finite="finite-yes" />
<markable id="markable_1454" span="word_2657..word_2662" mmax_level="unit"  subject="no-subject"  verbed="verbed-yes"  utype="main"  finite="finite-yes" />
<markable id="markable_1455" span="word_2666..word_2675" mmax_level="unit"  subject="no-subject"  verbed="verbed-yes"  utype="main"  finite="finite-yes" />
<markable id="markable_1452" span="word_2639..word_2646" mmax_level="unit"  subject="no-subject"  verbed="verbed-yes"  utype="complement"  finite="finite-no" />
<markable id="markable_1453" span="word_2650..word_2655" mmax_level="unit"  subject="no-subject"  verbed="verbed-yes"  utype="main"  finite="finite-yes" />
<markable id="markable_1449" span="word_2613..word_2630" mmax_level="unit"  subject="no-subject"  verbed="verbed-yes"  utype="main"  finite="finite-yes" />
<markable id="markable_1312" span="word_1528..word_1540" mmax_level="unit"  subject="full-subject"  verbed="verbed-yes"  utype="adjunct"  finite="finite-yes" />
<markable id="markable_1311" span="word_1528..word_1564" mmax_level="unit"  subject="full-subject"  verbed="verbed-yes"  utype="main"  finite="finite-yes" />
<markable id="markable_1310" span="word_1519..word_1526" mmax_level="unit"  subject="no-subject"  verbed="verbed-yes"  utype="paren-app"  finite="finite-no" />
<markable id="markable_1316" span="word_1575..word_1580" mmax_level="unit"  subject="no-subject"  verbed="verbed-yes"  utype="main"  finite="finite-yes" />
<markable id="markable_1315" span="word_1566..word_1573" mmax_level="unit"  subject="no-subject"  verbed="verbed-yes"  utype="main"  finite="finite-yes" />
<markable id="markable_1314" span="word_1550..word_1560" mmax_level="unit"  subject="no-subject"  verbed="verbed-no"  utype="parenthetical"  finite="no-finite" />
<markable id="markable_1313" span="word_1530..word_1532" mmax_level="unit"  subject="no-subject"  verbed="verbed-no"  utype="preposed-pp"  finite="no-finite" />
<markable id="markable_1317" span="word_1582..word_1585" mmax_level="unit"  subject="no-subject"  verbed="verbed-yes"  utype="main"  finite="finite-yes" />
<markable id="markable_1318" span="word_1586..word_1594" mmax_level="unit"  subject="no-subject"  verbed="verbed-yes"  utype="main"  finite="finite-yes" />
<markable id="markable_1460" span="word_2696..word_2699" mmax_level="unit"  subject="no-subject"  verbed="verbed-yes"  utype="main"  finite="finite-yes" />
<markable id="markable_1319" span="word_1596..word_1597" mmax_level="unit"  subject="no-subject"  verbed="verbed-no"  utype="title"  finite="no-finite" />
<markable id="markable_1461" span="word_2701..word_2706" mmax_level="unit"  subject="no-subject"  verbed="verbed-yes"  utype="main"  finite="finite-yes" />
<markable id="markable_1462" span="word_2707..word_2719" mmax_level="unit"  subject="no-subject"  verbed="verbed-yes"  utype="main"  finite="finite-yes" />
<markable id="markable_1467" span="word_2748..word_2764" mmax_level="unit"  subject="no-subject"  verbed="verbed-yes"  utype="paren-main"  finite="finite-yes" />
<markable id="markable_1468" span="word_2748..word_2753" mmax_level="unit"  subject="full-subject"  verbed="verbed-yes"  utype="adjunct"  finite="finite-yes" />
<markable id="markable_1469" span="word_2758..word_2764" mmax_level="unit"  subject="no-subject"  verbed="verbed-yes"  utype="coord-vp"  finite="finite-yes" />
<markable id="markable_1463" span="word_2714..word_2716" mmax_level="unit"  subject="no-subject"  verbed="verbed-no"  utype="parenthetical"  finite="no-finite" />
<markable id="markable_1464" span="word_2723..word_2738" mmax_level="unit"  subject="no-subject"  verbed="verbed-yes"  utype="main"  finite="finite-yes" />
<markable id="markable_1465" span="word_2730..word_2733" mmax_level="unit"  subject="no-subject"  verbed="verbed-yes"  utype="relative"  finite="finite-no" />
<markable id="markable_1466" span="word_2740..word_2747" mmax_level="unit"  subject="full-subject"  verbed="verbed-yes"  utype="main"  finite="finite-yes" />
<markable id="markable_1321" span="word_1600..word_1620" mmax_level="unit"  subject="full-subject"  verbed="verbed-yes"  utype="main"  finite="finite-yes" />
<markable id="markable_1320" span="word_1598..word_1599" mmax_level="unit"  subject="no-subject"  verbed="verbed-no"  utype="title"  finite="no-finite" />
<markable id="markable_1323" span="word_1607..word_1620" mmax_level="unit"  subject="no-subject"  verbed="verbed-yes"  utype="complement"  finite="finite-no" />
<markable id="markable_1322" span="word_1605..word_1620" mmax_level="unit"  subject="no-subject"  verbed="verbed-yes"  utype="complement"  finite="finite-no" />
<markable id="markable_1325" span="word_1622..word_1626" mmax_level="unit"  subject="no-subject"  verbed="verbed-yes"  utype="main"  finite="finite-yes" />
<markable id="markable_1324" span="word_1613..word_1620" mmax_level="unit"  subject="no-subject"  verbed="verbed-yes"  utype="complement"  finite="finite-no" />
<markable id="markable_1327" span="word_1634..word_1653" mmax_level="unit"  subject="full-subject"  verbed="verbed-yes"  utype="main"  finite="finite-yes" />
<markable id="markable_1326" span="word_1627..word_1632" mmax_level="unit"  subject="no-subject"  verbed="verbed-yes"  utype="main"  finite="finite-yes" />
<markable id="markable_1472" span="word_2782..word_2785" mmax_level="unit"  subject="no-subject"  verbed="verbed-no"  utype="parenthetical"  finite="no-finite" />
<markable id="markable_1473" span="word_2787..word_2791" mmax_level="unit"  subject="no-subject"  verbed="verbed-no"  utype="parenthetical"  finite="no-finite" />
<markable id="markable_1470" span="word_2766..word_2768" mmax_level="unit"  subject="no-subject"  verbed="verbed-yes"  utype="main"  finite="finite-yes" />
<markable id="markable_1471" span="word_2770..word_2791" mmax_level="unit"  subject="no-subject"  verbed="verbed-yes"  utype="title"  finite="finite-no" />
<markable id="markable_1476" span="word_2810..word_2821" mmax_level="unit"  subject="full-subject"  verbed="verbed-yes"  utype="main"  finite="finite-yes" />
<markable id="markable_1477" span="word_2813..word_2821" mmax_level="unit"  subject="no-subject"  verbed="verbed-yes"  utype="complement"  finite="finite-no" />
<markable id="markable_1474" span="word_2794..word_2808" mmax_level="unit"  subject="no-subject"  verbed="verbed-yes"  utype="main"  finite="finite-yes" />
<markable id="markable_1475" span="word_2798..word_2808" mmax_level="unit"  subject="no-subject"  verbed="verbed-yes"  utype="parenthetical"  finite="finite-yes" />
<markable id="markable_1478" span="word_2823..word_2831" mmax_level="unit"  subject="no-subject"  verbed="verbed-yes"  utype="main"  finite="finite-yes" />
<markable id="markable_1479" span="word_2827..word_2830" mmax_level="unit"  subject="full-subject"  verbed="verbed-yes"  utype="adjunct"  finite="finite-yes" />
<markable id="markable_1480" span="word_2832..word_2838" mmax_level="unit"  subject="no-subject"  verbed="verbed-no"  utype="listitem"  finite="no-finite" />
<markable id="markable_1481" span="word_2834..word_2838" mmax_level="unit"  subject="no-subject"  verbed="verbed-no"  utype="parenthetical"  finite="no-finite" />
<markable id="markable_1482" span="word_2839..word_2847" mmax_level="unit"  subject="no-subject"  verbed="verbed-no"  utype="listitem"  finite="no-finite" />
<markable id="markable_1483" span="word_2841..word_2847" mmax_level="unit"  subject="no-subject"  verbed="verbed-no"  utype="parenthetical"  finite="no-finite" />
<markable id="markable_1484" span="word_2848..word_2849" mmax_level="unit"  subject="no-subject"  verbed="verbed-no"  utype="listitem"  finite="no-finite" />
<markable id="markable_1485" span="word_2850..word_2861" mmax_level="unit"  subject="no-subject"  verbed="verbed-no"  utype="listitem"  finite="no-finite" />
<markable id="markable_1486" span="word_2852..word_2861" mmax_level="unit"  subject="no-subject"  verbed="verbed-no"  utype="parenthetical"  finite="no-finite" />
<markable id="markable_1487" span="word_2862..word_2880" mmax_level="unit"  subject="no-subject"  verbed="verbed-yes"  utype="main"  finite="finite-yes" />
<markable id="markable_1488" span="word_2867..word_2879" mmax_level="unit"  subject="relpro"  verbed="verbed-yes"  utype="relative"  finite="finite-yes" />
<markable id="markable_1489" span="word_2881..word_2891" mmax_level="unit"  subject="no-subject"  verbed="verbed-yes"  utype="main"  finite="finite-yes" />
<markable id="markable_1200" span="word_589..word_609" mmax_level="unit"  subject="full-subject"  verbed="verbed-yes"  utype="main"  finite="finite-yes" />
<markable id="markable_1202" span="word_611..word_623" mmax_level="unit"  subject="empty-subject"  verbed="verbed-yes"  utype="main"  finite="finite-yes" />
<markable id="markable_1201" span="word_589..word_596" mmax_level="unit"  subject="full-subject"  verbed="verbed-yes"  utype="adjunct"  finite="finite-yes" />
<markable id="markable_1204" span="word_625..word_631" mmax_level="unit"  subject="no-subject"  verbed="verbed-yes"  utype="adjunct"  finite="finite-no" />
<markable id="markable_1203" span="word_624..word_642" mmax_level="unit"  subject="full-subject"  verbed="verbed-yes"  utype="main"  finite="finite-yes" />
<markable id="markable_1206" span="word_659..word_674" mmax_level="unit"  subject="full-subject"  verbed="verbed-yes"  utype="main"  finite="finite-yes" />
<markable id="markable_1205" span="word_644..word_657" mmax_level="unit"  subject="empty-subject"  verbed="verbed-yes"  utype="main"  finite="finite-yes" />
<markable id="markable_1303" span="word_1467..word_1471" mmax_level="unit"  subject="full-subject"  verbed="verbed-yes"  utype="adjunct"  finite="finite-yes" />
<markable id="markable_1302" span="word_1467..word_1483" mmax_level="unit"  subject="no-subject"  verbed="verbed-yes"  utype="main"  finite="finite-yes" />
<markable id="markable_1305" span="word_1485..word_1489" mmax_level="unit"  subject="full-subject"  verbed="verbed-yes"  utype="main"  finite="finite-yes" />
<markable id="markable_1304" span="word_1472..word_1479" mmax_level="unit"  subject="full-subject"  verbed="verbed-yes"  utype="adjunct"  finite="finite-yes" />
<markable id="markable_1301" span="word_1460..word_1465" mmax_level="unit"  subject="no-subject"  verbed="verbed-yes"  utype="coord-vp"  finite="finite-yes" />
<markable id="markable_1300" span="word_1449..word_1453" mmax_level="unit"  subject="no-subject"  verbed="verbed-no"  utype="parenthetical"  finite="no-finite" />
<markable id="markable_1415" span="word_2316..word_2332" mmax_level="unit"  subject="no-subject"  verbed="verbed-yes"  utype="title"  finite="finite-no" />
<markable id="markable_1414" span="word_2304..word_2314" mmax_level="unit"  subject="no-subject"  verbed="verbed-yes"  utype="main"  finite="finite-yes" />
<markable id="markable_1413" span="word_2293..word_2300" mmax_level="unit"  subject="full-subject"  verbed="verbed-yes"  utype="complement"  finite="finite-yes" />
<markable id="markable_1412" span="word_2291..word_2300" mmax_level="unit"  subject="no-subject"  verbed="verbed-yes"  utype="main"  finite="finite-yes" />
<markable id="markable_1411" span="word_2282..word_2289" mmax_level="unit"  subject="no-subject"  verbed="verbed-yes"  utype="complement"  finite="finite-no" />
<markable id="markable_1209" span="word_676..word_680" mmax_level="unit"  subject="empty-subject"  verbed="verbed-no"  utype="preposed-pp"  finite="no-finite" />
<markable id="markable_1410" span="word_2277..word_2289" mmax_level="unit"  subject="no-subject"  verbed="verbed-yes"  utype="main"  finite="finite-yes" />
<markable id="markable_1208" span="word_676..word_693" mmax_level="unit"  subject="full-subject"  verbed="verbed-yes"  utype="main"  finite="finite-yes" />
<markable id="markable_1207" span="word_661..word_666" mmax_level="unit"  subject="full-subject"  verbed="verbed-yes"  utype="adjunct"  finite="finite-yes" />
<markable id="markable_1355" span="word_1817..word_1819" mmax_level="unit"  subject="no-subject"  verbed="verbed-no"  utype="listitem"  finite="no-finite" />
<markable id="markable_1356" span="word_1820..word_1831" mmax_level="unit"  subject="no-subject"  verbed="verbed-no"  utype="listitem"  finite="no-finite" />
<markable id="markable_1353" span="word_1811..word_1813" mmax_level="unit"  subject="no-subject"  verbed="verbed-no"  utype="listitem"  finite="no-finite" />
<markable id="markable_1354" span="word_1814..word_1816" mmax_level="unit"  subject="no-subject"  verbed="verbed-no"  utype="listitem"  finite="no-finite" />
<markable id="markable_1359" span="word_1843..word_1852" mmax_level="unit"  subject="no-subject"  verbed="verbed-yes"  utype="main"  finite="finite-yes" />
<markable id="markable_1357" span="word_1823..word_1831" mmax_level="unit"  subject="no-subject"  verbed="verbed-no"  utype="paren-app"  finite="no-finite" />
<markable id="markable_1358" span="word_1832..word_1841" mmax_level="unit"  subject="no-subject"  verbed="verbed-yes"  utype="main"  finite="finite-yes" />
<markable id="markable_1216" span="word_729..word_736" mmax_level="unit"  subject="full-subject"  verbed="verbed-yes"  utype="main"  finite="finite-yes" />
<markable id="markable_1217" span="word_738..word_752" mmax_level="unit"  subject="full-subject"  verbed="verbed-yes"  utype="main"  finite="finite-yes" />
<markable id="markable_1214" span="word_713..word_727" mmax_level="unit"  subject="no-subject"  verbed="verbed-yes"  utype="complement"  finite="finite-no" />
<markable id="markable_1409" span="word_2260..word_2273" mmax_level="unit"  subject="full-subject"  verbed="verbed-yes"  utype="adjunct"  finite="finite-yes" />
<markable id="markable_1215" span="word_715..word_727" mmax_level="unit"  subject="full-subject"  verbed="verbed-yes"  utype="complement"  finite="finite-yes" />
<markable id="markable_1212" span="word_700..word_705" mmax_level="unit"  subject="no-subject"  verbed="verbed-yes"  utype="coord-vp"  finite="finite-yes" />
<markable id="markable_1351" span="word_1804..word_1807" mmax_level="unit"  subject="no-subject"  verbed="verbed-no"  utype="listitem"  finite="no-finite" />
<markable id="markable_1407" span="word_2250..word_2273" mmax_level="unit"  subject="no-subject"  verbed="verbed-yes"  utype="main"  finite="finite-yes" />
<markable id="markable_1213" span="word_707..word_727" mmax_level="unit"  subject="empty-subject"  verbed="verbed-yes"  utype="main"  finite="finite-yes" />
<markable id="markable_1352" span="word_1808..word_1810" mmax_level="unit"  subject="no-subject"  verbed="verbed-no"  utype="listitem"  finite="no-finite" />
<markable id="markable_1408" span="word_2250..word_2254" mmax_level="unit"  subject="no-subject"  verbed="verbed-yes"  utype="adjunct"  finite="finite-no" />
<markable id="markable_1210" span="word_686..word_693" mmax_level="unit"  subject="relpro"  verbed="verbed-yes"  utype="relative"  finite="finite-yes" />
<markable id="markable_1405" span="word_2222..word_2248" mmax_level="unit"  subject="no-subject"  verbed="verbed-yes"  utype="main"  finite="finite-yes" />
<markable id="markable_1211" span="word_695..word_705" mmax_level="unit"  subject="full-subject"  verbed="verbed-yes"  utype="main"  finite="finite-yes" />
<markable id="markable_1350" span="word_1797..word_1803" mmax_level="unit"  subject="no-subject"  verbed="verbed-no"  utype="paren-app"  finite="no-finite" />
<markable id="markable_1406" span="word_2236..word_2244" mmax_level="unit"  subject="no-subject"  verbed="verbed-yes"  utype="parenthetical"  finite="finite-no" />
<markable id="markable_1424" span="word_2400..word_2421" mmax_level="unit"  subject="no-subject"  verbed="verbed-yes"  utype="complement"  finite="finite-no" />
<markable id="markable_1423" span="word_2391..word_2421" mmax_level="unit"  subject="no-subject"  verbed="verbed-yes"  utype="adjunct"  finite="finite-no" />
<markable id="markable_1426" span="word_2410..word_2421" mmax_level="unit"  subject="no-subject"  verbed="verbed-yes"  utype="parenthetical"  finite="finite-no" />
<markable id="markable_1425" span="word_2404..word_2421" mmax_level="unit"  subject="no-subject"  verbed="verbed-yes"  utype="complement"  finite="finite-no" />
<markable id="markable_1219" span="word_754..word_767" mmax_level="unit"  subject="no-subject"  verbed="verbed-yes"  utype="main"  finite="finite-yes" />
<markable id="markable_1420" span="word_2350..word_2357" mmax_level="unit"  subject="no-subject"  verbed="verbed-yes"  utype="adjunct"  finite="finite-no" />
<markable id="markable_1218" span="word_750..word_752" mmax_level="unit"  subject="no-subject"  verbed="verbed-yes"  utype="complement"  finite="finite-no" />
<markable id="markable_1422" span="word_2385..word_2421" mmax_level="unit"  subject="no-subject"  verbed="verbed-yes"  utype="main"  finite="finite-yes" />
<markable id="markable_1421" span="word_2366..word_2372" mmax_level="unit"  subject="no-subject"  verbed="verbed-yes"  utype="paren-rel"  finite="finite-no" />
<markable id="markable_1364" span="word_1876..word_1892" mmax_level="unit"  subject="no-subject"  verbed="verbed-yes"  utype="main"  finite="finite-yes" />
<markable id="markable_1365" span="word_1893..word_1906" mmax_level="unit"  subject="no-subject"  verbed="verbed-yes"  utype="title"  finite="finite-no" />
<markable id="markable_1366" span="word_1899..word_1903" mmax_level="unit"  subject="no-subject"  verbed="verbed-no"  utype="paren-app"  finite="no-finite" />
<markable id="markable_1220" span="word_754..word_760" mmax_level="unit"  subject="full-subject"  verbed="verbed-yes"  utype="adjunct"  finite="finite-yes" />
<markable id="markable_1367" span="word_1907..word_1932" mmax_level="unit"  subject="full-subject"  verbed="verbed-yes"  utype="main"  finite="finite-yes" />
<markable id="markable_1368" span="word_1912..word_1914" mmax_level="unit"  subject="no-subject"  verbed="verbed-no"  utype="parenthetical"  finite="no-finite" />
<markable id="markable_1369" span="word_1915..word_1920" mmax_level="unit"  subject="relpro"  verbed="verbed-yes"  utype="relative"  finite="finite-yes" />
<markable id="markable_1225" span="word_782..word_786" mmax_level="unit"  subject="full-subject"  verbed="verbed-yes"  utype="adjunct"  finite="finite-yes" />
<markable id="markable_1226" span="word_792..word_795" mmax_level="unit"  subject="no-subject"  verbed="verbed-yes"  utype="coord-vp"  finite="finite-yes" />
<markable id="markable_1227" span="word_798..word_809" mmax_level="unit"  subject="empty-subject"  verbed="verbed-yes"  utype="main"  finite="finite-yes" />
<markable id="markable_1228" span="word_811..word_845" mmax_level="unit"  subject="full-subject"  verbed="verbed-yes"  utype="main"  finite="finite-yes" />
<markable id="markable_1221" span="word_757..word_760" mmax_level="unit"  subject="no-subject"  verbed="verbed-yes"  utype="complement"  finite="finite-no" />
<markable id="markable_1360" span="word_1853..word_1864" mmax_level="unit"  subject="no-subject"  verbed="verbed-yes"  utype="main"  finite="finite-yes" />
<markable id="markable_1416" span="word_2324..word_2327" mmax_level="unit"  subject="no-subject"  verbed="verbed-no"  utype="parenthetical"  finite="no-finite" />
<markable id="markable_1222" span="word_769..word_780" mmax_level="unit"  subject="full-subject"  verbed="verbed-yes"  utype="main"  finite="finite-yes" />
<markable id="markable_1361" span="word_1858..word_1864" mmax_level="unit"  subject="no-subject"  verbed="verbed-yes"  utype="complement"  finite="finite-no" />
<markable id="markable_1417" span="word_2333..word_2336" mmax_level="unit"  subject="no-subject"  verbed="verbed-yes"  utype="main"  finite="finite-yes" />
<markable id="markable_1223" span="word_769..word_771" mmax_level="unit"  subject="no-subject"  verbed="verbed-yes"  utype="adjunct"  finite="finite-no" />
<markable id="markable_1362" span="word_1865..word_1868" mmax_level="unit"  subject="no-subject"  verbed="verbed-yes"  utype="main"  finite="finite-yes" />
<markable id="markable_1418" span="word_2337..word_2346" mmax_level="unit"  subject="no-subject"  verbed="verbed-yes"  utype="main"  finite="finite-yes" />
<markable id="markable_1224" span="word_782..word_796" mmax_level="unit"  subject="full-subject"  verbed="verbed-yes"  utype="main"  finite="finite-yes" />
<markable id="markable_1363" span="word_1869..word_1874" mmax_level="unit"  subject="no-subject"  verbed="verbed-yes"  utype="main"  finite="finite-yes" />
<markable id="markable_1419" span="word_2350..word_2381" mmax_level="unit"  subject="no-subject"  verbed="verbed-yes"  utype="main"  finite="finite-yes" />
<markable id="markable_1433" span="word_2495..word_2497" mmax_level="unit"  subject="no-subject"  verbed="verbed-yes"  utype="main"  finite="finite-yes" />
<markable id="markable_1432" span="word_2486..word_2493" mmax_level="unit"  subject="no-subject"  verbed="verbed-yes"  utype="complement"  finite="finite-no" />
<markable id="markable_1431" span="word_2482..word_2493" mmax_level="unit"  subject="no-subject"  verbed="verbed-yes"  utype="main"  finite="finite-yes" />
<markable id="markable_1229" span="word_813..word_826" mmax_level="unit"  subject="full-subject"  verbed="verbed-yes"  utype="adjunct"  finite="finite-yes" />
<markable id="markable_1430" span="word_2445..word_2458" mmax_level="unit"  subject="full-subject"  verbed="verbed-yes"  utype="adjunct"  finite="finite-yes" />
<markable id="markable_1437" span="word_2513..word_2520" mmax_level="unit"  subject="full-subject"  verbed="verbed-yes"  utype="adjunct"  finite="finite-yes" />
<markable id="markable_1436" span="word_2513..word_2524" mmax_level="unit"  subject="no-subject"  verbed="verbed-yes"  utype="main"  finite="finite-yes" />
<markable id="markable_1435" span="word_2506..word_2511" mmax_level="unit"  subject="full-subject"  verbed="verbed-yes"  utype="parenthetical"  finite="finite-yes" />
<markable id="markable_1434" span="word_2501..word_2511" mmax_level="unit"  subject="no-subject"  verbed="verbed-yes"  utype="main"  finite="finite-yes" />
<markable id="markable_1536" span="word_3223..word_3235" mmax_level="unit"  subject="no-subject"  verbed="verbed-yes"  utype="main"  finite="finite-yes" />
<markable id="markable_1535" span="word_3207..word_3221" mmax_level="unit"  subject="full-subject"  verbed="verbed-yes"  utype="main"  finite="finite-yes" />
<markable id="markable_1534" span="word_3199..word_3205" mmax_level="unit"  subject="no-subject"  verbed="verbed-yes"  utype="complement"  finite="finite-no" />
<markable id="markable_1533" span="word_3194..word_3205" mmax_level="unit"  subject="full-subject"  verbed="verbed-yes"  utype="main"  finite="finite-yes" />
<markable id="markable_1532" span="word_3190..word_3193" mmax_level="unit"  subject="no-subject"  verbed="verbed-yes"  utype="complement"  finite="finite-no" />
<markable id="markable_1531" span="word_3185..word_3193" mmax_level="unit"  subject="full-subject"  verbed="verbed-yes"  utype="main"  finite="finite-no" />
<markable id="markable_1530" span="word_3182..word_3184" mmax_level="unit"  subject="no-subject"  verbed="verbed-yes"  utype="title"  finite="finite-no" />
<markable id="markable_1329" span="word_1655..word_1678" mmax_level="unit"  subject="no-subject"  verbed="verbed-yes"  utype="main"  finite="finite-yes" />
<markable id="markable_1328" span="word_1645..word_1653" mmax_level="unit"  subject="no-subject"  verbed="verbed-yes"  utype="adjunct"  finite="finite-no" />
<markable id="markable_1337" span="word_1700..word_1704" mmax_level="unit"  subject="no-subject"  verbed="verbed-no"  utype="paren-app"  finite="no-finite" />
<markable id="markable_1338" span="word_1708..word_1724" mmax_level="unit"  subject="no-subject"  verbed="verbed-yes"  utype="listitem"  finite="finite-no" />
<markable id="markable_1335" span="word_1688..word_1692" mmax_level="unit"  subject="no-subject"  verbed="verbed-yes"  utype="listitem"  finite="finite-no" />
<markable id="markable_1336" span="word_1694..word_1707" mmax_level="unit"  subject="no-subject"  verbed="verbed-yes"  utype="listitem"  finite="finite-no" />
<markable id="markable_1528" span="word_3174..word_3176" mmax_level="unit"  subject="no-subject"  verbed="verbed-yes"  utype="complement"  finite="finite-no" />
<markable id="markable_1230" span="word_835..word_845" mmax_level="unit"  subject="no-subject"  verbed="verbed-yes"  utype="coord-vp"  finite="finite-yes" />
<markable id="markable_1333" span="word_1680..word_1769" mmax_level="unit"  subject="full-subject"  verbed="verbed-yes"  utype="main"  finite="finite-yes" />
<markable id="markable_1529" span="word_3178..word_3180" mmax_level="unit"  subject="no-subject"  verbed="verbed-yes"  utype="complement"  finite="finite-no" />
<markable id="markable_1231" span="word_847..word_861" mmax_level="unit"  subject="full-subject"  verbed="verbed-yes"  utype="main"  finite="finite-no" />
<markable id="markable_1334" span="word_1688..word_1769" mmax_level="unit"  subject="no-subject"  verbed="verbed-no"  utype="paren-app"  finite="no-finite" />
<markable id="markable_1526" span="word_3167..word_3177" mmax_level="unit"  subject="no-subject"  verbed="verbed-no"  utype="parenthetical"  finite="no-finite" />
<markable id="markable_1331" span="word_1663..word_1678" mmax_level="unit"  subject="no-subject"  verbed="verbed-yes"  utype="complement"  finite="finite-yes" />
<markable id="markable_1527" span="word_3170..word_3176" mmax_level="unit"  subject="relpro"  verbed="verbed-yes"  utype="relative"  finite="finite-yes" />
<markable id="markable_1332" span="word_1668..word_1678" mmax_level="unit"  subject="no-subject"  verbed="verbed-yes"  utype="relative"  finite="finite-no" />
<markable id="markable_1234" span="word_862..word_881" mmax_level="unit"  subject="full-subject"  verbed="verbed-yes"  utype="main"  finite="finite-yes" />
<markable id="markable_1429" span="word_2445..word_2478" mmax_level="unit"  subject="no-subject"  verbed="verbed-yes"  utype="main"  finite="finite-yes" />
<markable id="markable_1235" span="word_862..word_869" mmax_level="unit"  subject="no-subject"  verbed="verbed-no"  utype="preposed-pp"  finite="no-finite" />
<markable id="markable_1330" span="word_1659..word_1678" mmax_level="unit"  subject="full-subject"  verbed="verbed-yes"  utype="adjunct"  finite="finite-yes" />
<markable id="markable_1232" span="word_852..word_858" mmax_level="unit"  subject="full-subject"  verbed="verbed-yes"  utype="adjunct"  finite="finite-yes" />
<markable id="markable_1427" span="word_2425..word_2441" mmax_level="unit"  subject="no-subject"  verbed="verbed-yes"  utype="main"  finite="finite-yes" />
<markable id="markable_1233" span="word_859..word_861" mmax_level="unit"  subject="no-subject"  verbed="verbed-no"  utype="parenthetical"  finite="no-finite" />
<markable id="markable_1428" span="word_2427..word_2441" mmax_level="unit"  subject="full-subject"  verbed="verbed-yes"  utype="complement"  finite="finite-yes" />
<markable id="markable_1238" span="word_887..word_913" mmax_level="unit"  subject="full-subject"  verbed="verbed-yes"  utype="adjunct"  finite="finite-yes" />
<markable id="markable_1239" span="word_897..word_913" mmax_level="unit"  subject="relpro"  verbed="verbed-yes"  utype="relative"  finite="finite-yes" />
<markable id="markable_1236" span="word_877..word_881" mmax_level="unit"  subject="no-subject"  verbed="verbed-yes"  utype="relative"  finite="finite-no" />
<markable id="markable_1237" span="word_883..word_913" mmax_level="unit"  subject="full-subject"  verbed="verbed-yes"  utype="main"  finite="finite-yes" />
<markable id="markable_1442" span="word_2550..word_2556" mmax_level="unit"  subject="no-subject"  verbed="verbed-yes"  utype="main"  finite="finite-yes" />
<markable id="markable_1441" span="word_2541..word_2544" mmax_level="unit"  subject="no-subject"  verbed="verbed-no"  utype="parenthetical"  finite="no-finite" />
<markable id="markable_1444" span="word_2570..word_2576" mmax_level="unit"  subject="no-subject"  verbed="verbed-yes"  utype="main"  finite="finite-yes" />
<markable id="markable_1443" span="word_2557..word_2568" mmax_level="unit"  subject="no-subject"  verbed="verbed-yes"  utype="main"  finite="finite-yes" />
<markable id="markable_1446" span="word_2584..word_2592" mmax_level="unit"  subject="no-subject"  verbed="verbed-yes"  utype="complement"  finite="finite-no" />
<markable id="markable_1445" span="word_2580..word_2592" mmax_level="unit"  subject="no-subject"  verbed="verbed-yes"  utype="main"  finite="finite-yes" />
<markable id="markable_1448" span="word_2601..word_2609" mmax_level="unit"  subject="no-subject"  verbed="verbed-yes"  utype="main"  finite="finite-yes" />
<markable id="markable_1447" span="word_2596..word_2600" mmax_level="unit"  subject="no-subject"  verbed="verbed-yes"  utype="main"  finite="finite-yes" />
<markable id="markable_1545" span="word_3281..word_3283" mmax_level="unit"  subject="no-subject"  verbed="verbed-no"  utype="preposed-pp"  finite="no-finite" />
<markable id="markable_1544" span="word_3281..word_3293" mmax_level="unit"  subject="no-subject"  verbed="verbed-yes"  utype="main"  finite="finite-yes" />
<markable id="markable_1546" span="word_3295..word_3303" mmax_level="unit"  subject="full-subject"  verbed="verbed-yes"  utype="main"  finite="finite-yes" />
<markable id="markable_1541" span="word_3260..word_3263" mmax_level="unit"  subject="no-subject"  verbed="verbed-yes"  utype="adjunct"  finite="finite-no" />
<markable id="markable_1540" span="word_3254..word_3263" mmax_level="unit"  subject="full-subject"  verbed="verbed-yes"  utype="main"  finite="finite-yes" />
<markable id="markable_1339" span="word_1716..word_1719" mmax_level="unit"  subject="no-subject"  verbed="verbed-no"  utype="parenthetical"  finite="no-finite" />
<markable id="markable_1543" span="word_3265..word_3269" mmax_level="unit"  subject="full-subject"  verbed="verbed-yes"  utype="adjunct"  finite="finite-yes" />
<markable id="markable_1440" span="word_2529..word_2547" mmax_level="unit"  subject="no-subject"  verbed="verbed-yes"  utype="title"  finite="finite-no" />
<markable id="markable_1542" span="word_3265..word_3279" mmax_level="unit"  subject="no-subject"  verbed="verbed-yes"  utype="main"  finite="finite-yes" />
<markable id="markable_1346" span="word_1777..word_1785" mmax_level="unit"  subject="no-subject"  verbed="verbed-yes"  utype="main"  finite="finite-yes" />
<markable id="markable_1347" span="word_1781..word_1785" mmax_level="unit"  subject="full-subject"  verbed="verbed-yes"  utype="adjunct"  finite="finite-yes" />
<markable id="markable_1348" span="word_1787..word_1831" mmax_level="unit"  subject="full-subject"  verbed="verbed-yes"  utype="main"  finite="finite-yes" />
<markable id="markable_1349" span="word_1791..word_1803" mmax_level="unit"  subject="no-subject"  verbed="verbed-no"  utype="listitem"  finite="no-finite" />
<markable id="markable_1537" span="word_3230..word_3235" mmax_level="unit"  subject="no-subject"  verbed="verbed-yes"  utype="relative"  finite="finite-yes" />
<markable id="markable_1342" span="word_1746..word_1768" mmax_level="unit"  subject="no-subject"  verbed="verbed-yes"  utype="listitem"  finite="finite-no" />
<markable id="markable_1538" span="word_3237..word_3252" mmax_level="unit"  subject="full-subject"  verbed="verbed-yes"  utype="main"  finite="finite-yes" />
<markable id="markable_1240" span="word_904..word_910" mmax_level="unit"  subject="no-subject"  verbed="verbed-yes"  utype="paren-rel"  finite="finite-no" />
<markable id="markable_1343" span="word_1759..word_1762" mmax_level="unit"  subject="no-subject"  verbed="verbed-no"  utype="parenthetical"  finite="no-finite" />
<markable id="markable_1539" span="word_3239..word_3241" mmax_level="unit"  subject="no-subject"  verbed="verbed-yes"  utype="relative"  finite="finite-no" />
<markable id="markable_1241" span="word_915..word_934" mmax_level="unit"  subject="full-subject"  verbed="verbed-yes"  utype="main"  finite="finite-yes" />
<markable id="markable_1344" span="word_1764..word_1768" mmax_level="unit"  subject="no-subject"  verbed="verbed-no"  utype="paren-app"  finite="finite-no" />
<markable id="markable_1242" span="word_922..word_928" mmax_level="unit"  subject="no-subject"  verbed="verbed-no"  utype="parenthetical"  finite="no-finite" />
<markable id="markable_1345" span="word_1770..word_1774" mmax_level="unit"  subject="no-subject"  verbed="verbed-yes"  utype="title"  finite="finite-no" />
<markable id="markable_1243" span="word_936..word_940" mmax_level="unit"  subject="full-subject"  verbed="verbed-yes"  utype="main"  finite="finite-yes" />
<markable id="markable_1438" span="word_2518..word_2520" mmax_level="unit"  subject="no-subject"  verbed="verbed-yes"  utype="coord-vp"  finite="finite-yes" />
<markable id="markable_1244" span="word_941..word_945" mmax_level="unit"  subject="no-subject"  verbed="verbed-no"  utype="parenthetical"  finite="no-finite" />
<markable id="markable_1439" span="word_2525..word_2527" mmax_level="unit"  subject="no-subject"  verbed="verbed-yes"  utype="main"  finite="finite-yes" />
<markable id="markable_1245" span="word_946..word_965" mmax_level="unit"  subject="full-subject"  verbed="verbed-yes"  utype="main"  finite="finite-yes" />
<markable id="markable_1340" span="word_1726..word_1744" mmax_level="unit"  subject="no-subject"  verbed="verbed-yes"  utype="listitem"  finite="finite-no" />
<markable id="markable_1246" span="word_959..word_965" mmax_level="unit"  subject="no-subject"  verbed="verbed-yes"  utype="relative"  finite="finite-no" />
<markable id="markable_1341" span="word_1738..word_1741" mmax_level="unit"  subject="no-subject"  verbed="verbed-no"  utype="parenthetical"  finite="finite-no" />
<markable id="markable_1247" span="word_967..word_981" mmax_level="unit"  subject="empty-subject"  verbed="verbed-yes"  utype="main"  finite="finite-yes" />
<markable id="markable_1248" span="word_967..word_970" mmax_level="unit"  subject="no-subject"  verbed="verbed-no"  utype="preposed-pp"  finite="no-finite" />
<markable id="markable_1249" span="word_983..word_995" mmax_level="unit"  subject="full-subject"  verbed="verbed-yes"  utype="main"  finite="finite-yes" />
<markable id="markable_1147" span="word_169..word_181" mmax_level="unit"  subject="full-subject"  verbed="verbed-yes"  utype="main"  finite="finite-yes" />
<markable id="markable_1286" span="word_1317..word_1334" mmax_level="unit"  subject="no-subject"  verbed="verbed-no"  utype="parenthetical"  finite="no-finite" />
<markable id="markable_1146" span="word_162..word_167" mmax_level="unit"  subject="no-subject"  verbed="verbed-yes"  utype="complement"  finite="finite-no" />
<markable id="markable_1285" span="word_1315..word_1338" mmax_level="unit"  subject="full-subject"  verbed="verbed-yes"  utype="main"  finite="finite-yes" />
<markable id="markable_1145" span="word_157..word_167" mmax_level="unit"  subject="full-subject"  verbed="verbed-yes"  utype="main"  finite="finite-yes" />
<markable id="markable_1284" span="word_1304..word_1313" mmax_level="unit"  subject="full-subject"  verbed="verbed-yes"  utype="main"  finite="finite-yes" />
<markable id="markable_1144" span="word_152..word_155" mmax_level="unit"  subject="relpro"  verbed="verbed-yes"  utype="relative"  finite="finite-yes" />
<markable id="markable_1283" span="word_1294..word_1296" mmax_level="unit"  subject="no-subject"  verbed="verbed-no"  utype="parenthetical"  finite="no-finite" />
<markable id="markable_1282" span="word_1286..word_1300" mmax_level="unit"  subject="no-subject"  verbed="verbed-yes"  utype="such-as"  finite="finite-no" />
<markable id="markable_1281" span="word_1283..word_1302" mmax_level="unit"  subject="full-subject"  verbed="verbed-yes"  utype="main"  finite="finite-yes" />
<markable id="markable_1149" span="word_183..word_192" mmax_level="unit"  subject="full-subject"  verbed="verbed-yes"  utype="main"  finite="finite-yes" />
<markable id="markable_1280" span="word_1272..word_1281" mmax_level="unit"  subject="full-subject"  verbed="verbed-yes"  utype="main"  finite="finite-yes" />
<markable id="markable_1148" span="word_177..word_181" mmax_level="unit"  subject="relpro"  verbed="verbed-yes"  utype="paren-rel"  finite="finite-yes" />
<markable id="markable_1143" span="word_144..word_155" mmax_level="unit"  subject="no-subject"  verbed="verbed-yes"  utype="complement"  finite="finite-no" />
<markable id="markable_1142" span="word_133..word_155" mmax_level="unit"  subject="full-subject"  verbed="verbed-yes"  utype="main"  finite="finite-yes" />
<markable id="markable_1289" span="word_1357..word_1392" mmax_level="unit"  subject="full-subject"  verbed="verbed-yes"  utype="main"  finite="finite-yes" />
<markable id="markable_1141" span="word_126..word_131" mmax_level="unit"  subject="full-subject"  verbed="verbed-yes"  utype="main"  finite="finite-yes" />
<markable id="markable_1288" span="word_1349..word_1355" mmax_level="unit"  subject="full-subject"  verbed="verbed-yes"  utype="main"  finite="finite-yes" />
<markable id="markable_1140" span="word_119..word_125" mmax_level="unit"  subject="no-subject"  verbed="verbed-no"  utype="parenthetical"  finite="no-finite" />
<markable id="markable_1287" span="word_1340..word_1347" mmax_level="unit"  subject="full-subject"  verbed="verbed-yes"  utype="main"  finite="finite-no" />
<markable id="markable_1134" span="word_72..word_90" mmax_level="unit"  subject="full-subject"  verbed="verbed-yes"  utype="main"  finite="finite-yes" />
<markable id="markable_1273" span="word_1208..word_1213" mmax_level="unit"  subject="no-subject"  verbed="verbed-yes"  utype="relative"  finite="finite-no" />
<markable id="markable_1133" span="word_65..word_70" mmax_level="unit"  subject="full-subject"  verbed="verbed-yes"  utype="main"  finite="finite-yes" />
<markable id="markable_1272" span="word_1200..word_1219" mmax_level="unit"  subject="full-subject"  verbed="verbed-yes"  utype="main"  finite="finite-yes" />
<markable id="markable_1136" span="word_97..word_102" mmax_level="unit"  subject="no-subject"  verbed="verbed-no"  utype="parenthetical"  finite="no-finite" />
<markable id="markable_1275" span="word_1223..word_1229" mmax_level="unit"  subject="no-subject"  verbed="verbed-no"  utype="preposed-pp"  finite="no-finite" />
<markable id="markable_1135" span="word_92..word_96" mmax_level="unit"  subject="full-subject"  verbed="verbed-yes"  utype="main"  finite="finite-yes" />
<markable id="markable_1274" span="word_1221..word_1239" mmax_level="unit"  subject="no-subject"  verbed="verbed-yes"  utype="main"  finite="finite-yes" />
<markable id="markable_1138" span="word_105..word_107" mmax_level="unit"  subject="no-subject"  verbed="verbed-no"  utype="parenthetical"  finite="no-finite" />
<markable id="markable_1137" span="word_103..word_125" mmax_level="unit"  subject="full-subject"  verbed="verbed-yes"  utype="main"  finite="finite-yes" />
<markable id="markable_1271" span="word_1197..word_1199" mmax_level="unit"  subject="no-subject"  verbed="verbed-no"  utype="parenthetical"  finite="no-finite" />
<markable id="markable_1139" span="word_116..word_118" mmax_level="unit"  subject="no-subject"  verbed="verbed-no"  utype="parenthetical"  finite="no-finite" />
<markable id="markable_1270" span="word_1188..word_1199" mmax_level="unit"  subject="full-subject"  verbed="verbed-yes"  utype="main"  finite="finite-yes" />
<markable id="markable_1130" span="word_40..word_44" mmax_level="unit"  subject="no-subject"  verbed="verbed-no"  utype="parenthetical"  finite="no-finite" />
<markable id="markable_1277" span="word_1241..word_1270" mmax_level="unit"  subject="full-subject"  verbed="verbed-yes"  utype="main"  finite="finite-yes" />
<markable id="markable_1276" span="word_1234..word_1239" mmax_level="unit"  subject="relpro"  verbed="verbed-yes"  utype="relative"  finite="finite-yes" />
<markable id="markable_1132" span="word_61..word_64" mmax_level="unit"  subject="no-subject"  verbed="verbed-no"  utype="listitem"  finite="no-finite" />
<markable id="markable_1279" span="word_1251..word_1265" mmax_level="unit"  subject="no-subject"  verbed="verbed-no"  utype="parenthetical"  finite="no-finite" />
<markable id="markable_1131" span="word_58..word_60" mmax_level="unit"  subject="no-subject"  verbed="verbed-no"  utype="title"  finite="no-finite" />
<markable id="markable_1278" span="word_1242..word_1265" mmax_level="unit"  subject="full-subject"  verbed="verbed-yes"  utype="adjunct"  finite="finite-yes" />
<markable id="markable_1260" span="word_1105..word_1114" mmax_level="unit"  subject="full-subject"  verbed="verbed-yes"  utype="adjunct"  finite="finite-yes" />
<markable id="markable_1169" span="word_348..word_349" mmax_level="unit"  subject="no-subject"  verbed="verbed-no"  utype="adjunct"  finite="no-finite" />
<markable id="markable_1264" span="word_1149..word_1156" mmax_level="unit"  subject="full-subject"  verbed="verbed-yes"  utype="main"  finite="finite-yes" />
<markable id="markable_1168" span="word_348..word_361" mmax_level="unit"  subject="full-subject"  verbed="verbed-yes"  utype="main"  finite="finite-yes" />
<markable id="markable_1263" span="word_1135..word_1147" mmax_level="unit"  subject="full-subject"  verbed="verbed-yes"  utype="main"  finite="finite-yes" />
<markable id="markable_1167" span="word_338..word_346" mmax_level="unit"  subject="full-subject"  verbed="verbed-yes"  utype="complement"  finite="finite-yes" />
<markable id="markable_1262" span="word_1116..word_1124" mmax_level="unit"  subject="no-subject"  verbed="verbed-yes"  utype="complement"  finite="finite-no" />
<markable id="markable_1166" span="word_335..word_346" mmax_level="unit"  subject="full-subject"  verbed="verbed-yes"  utype="main"  finite="finite-yes" />
<markable id="markable_1261" span="word_1116..word_1133" mmax_level="unit"  subject="full-subject"  verbed="verbed-yes"  utype="main"  finite="finite-yes" />
<markable id="markable_1165" span="word_325..word_333" mmax_level="unit"  subject="empty-subject"  verbed="verbed-yes"  utype="main"  finite="finite-yes" />
<markable id="markable_1268" span="word_1160..word_1167" mmax_level="unit"  subject="no-subject"  verbed="verbed-yes"  utype="complement"  finite="finite-no" />
<markable id="markable_1164" span="word_312..word_323" mmax_level="unit"  subject="full-subject"  verbed="verbed-yes"  utype="main"  finite="finite-yes" />
<markable id="markable_1267" span="word_1157..word_1167" mmax_level="unit"  subject="full-subject"  verbed="verbed-yes"  utype="adjunct"  finite="finite-yes" />
<markable id="markable_1163" span="word_294..word_310" mmax_level="unit"  subject="full-subject"  verbed="verbed-yes"  utype="main"  finite="finite-yes" />
<markable id="markable_1266" span="word_1157..word_1176" mmax_level="unit"  subject="full-subject"  verbed="verbed-yes"  utype="main"  finite="finite-yes" />
<markable id="markable_1162" span="word_267..word_292" mmax_level="unit"  subject="empty-subject"  verbed="verbed-yes"  utype="main"  finite="finite-yes" />
<markable id="markable_1265" span="word_1152..word_1156" mmax_level="unit"  subject="full-subject"  verbed="verbed-yes"  utype="adjunct"  finite="finite-yes" />
<markable id="markable_1161" span="word_260..word_265" mmax_level="unit"  subject="no-subject"  verbed="verbed-yes"  utype="complement"  finite="finite-no" />
<markable id="markable_1160" span="word_252..word_265" mmax_level="unit"  subject="no-subject"  verbed="verbed-yes"  utype="complement"  finite="finite-no" />
<markable id="markable_1269" span="word_1178..word_1186" mmax_level="unit"  subject="full-subject"  verbed="verbed-yes"  utype="main"  finite="finite-yes" />
<markable id="markable_1159" span="word_242..word_265" mmax_level="unit"  subject="no-subject"  verbed="verbed-yes"  utype="complement"  finite="finite-no" />
<markable id="markable_1156" span="word_228..word_233" mmax_level="unit"  subject="no-subject"  verbed="verbed-yes"  utype="relative"  finite="finite-no" />
<markable id="markable_1251" span="word_1008..word_1025" mmax_level="unit"  subject="full-subject"  verbed="verbed-yes"  utype="main"  finite="finite-yes" />
<markable id="markable_1155" span="word_214..word_233" mmax_level="unit"  subject="no-subject"  verbed="verbed-yes"  utype="relative"  finite="finite-no" />
<markable id="markable_1250" span="word_997..word_1006" mmax_level="unit"  subject="full-subject"  verbed="verbed-yes"  utype="main"  finite="finite-yes" />
<markable id="markable_1158" span="word_235..word_238" mmax_level="unit"  subject="no-subject"  verbed="verbed-no"  utype="preposed-pp"  finite="no-finite" />
<markable id="markable_1253" span="word_1027..word_1053" mmax_level="unit"  subject="full-subject"  verbed="verbed-yes"  utype="main"  finite="finite-yes" />
<markable id="markable_1157" span="word_235..word_265" mmax_level="unit"  subject="full-subject"  verbed="verbed-yes"  utype="main"  finite="finite-yes" />
<markable id="markable_1252" span="word_1012..word_1025" mmax_level="unit"  subject="full-subject"  verbed="verbed-yes"  utype="adjunct"  finite="finite-yes" />
<markable id="markable_1152" span="word_201..word_206" mmax_level="unit"  subject="no-subject"  verbed="verbed-no"  utype="parenthetical"  finite="no-finite" />
<markable id="markable_1255" span="word_1055..word_1075" mmax_level="unit"  subject="full-subject"  verbed="verbed-yes"  utype="main"  finite="finite-yes" />
<markable id="markable_1151" span="word_193..word_233" mmax_level="unit"  subject="full-subject"  verbed="verbed-yes"  utype="main"  finite="finite-yes" />
<markable id="markable_1254" span="word_1027..word_1029" mmax_level="unit"  subject="no-subject"  verbed="verbed-no"  utype="preposed-pp"  finite="no-finite" />
<markable id="markable_1154" span="word_211..word_213" mmax_level="unit"  subject="no-subject"  verbed="verbed-no"  utype="parenthetical"  finite="no-finite" />
<markable id="markable_1257" span="word_1077..word_1087" mmax_level="unit"  subject="full-subject"  verbed="verbed-yes"  utype="main"  finite="finite-yes" />
<markable id="markable_1153" span="word_203..word_205" mmax_level="unit"  subject="relpro"  verbed="verbed-yes"  utype="relative"  finite="finite-yes" />
<markable id="markable_1256" span="word_1068..word_1072" mmax_level="unit"  subject="no-subject"  verbed="verbed-no"  utype="parenthetical"  finite="no-finite" />
<markable id="markable_1259" span="word_1089..word_1115" mmax_level="unit"  subject="full-subject"  verbed="verbed-yes"  utype="main"  finite="finite-yes" />
<markable id="markable_1258" span="word_1083..word_1087" mmax_level="unit"  subject="no-subject"  verbed="verbed-no"  utype="parenthetical"  finite="no-finite" />
<markable id="markable_1150" span="word_190..word_192" mmax_level="unit"  subject="no-subject"  verbed="verbed-no"  utype="parenthetical"  finite="no-finite" />
<markable id="markable_1182" span="word_444..word_452" mmax_level="unit"  subject="full-subject"  verbed="verbed-yes"  utype="main"  finite="finite-yes" />
<markable id="markable_1183" span="word_454..word_478" mmax_level="unit"  subject="full-subject"  verbed="verbed-yes"  utype="main"  finite="finite-yes" />
<markable id="markable_1180" span="word_424..word_432" mmax_level="unit"  subject="full-subject"  verbed="verbed-yes"  utype="adjunct"  finite="finite-yes" />
<markable id="markable_1181" span="word_433..word_442" mmax_level="unit"  subject="full-subject"  verbed="verbed-yes"  utype="adjunct"  finite="finite-yes" />
<markable id="markable_1186" span="word_480..word_486" mmax_level="unit"  subject="full-subject"  verbed="verbed-yes"  utype="adjunct"  finite="finite-yes" />
<markable id="markable_1187" span="word_494..word_503" mmax_level="unit"  subject="full-subject"  verbed="verbed-yes"  utype="main"  finite="finite-yes" />
<markable id="markable_1184" span="word_460..word_478" mmax_level="unit"  subject="full-subject"  verbed="verbed-yes"  utype="adjunct"  finite="finite-yes" />
<markable id="markable_1185" span="word_480..word_492" mmax_level="unit"  subject="full-subject"  verbed="verbed-yes"  utype="main"  finite="finite-yes" />
<markable id="markable_1188" span="word_505..word_513" mmax_level="unit"  subject="full-subject"  verbed="verbed-yes"  utype="main"  finite="finite-yes" />
<markable id="markable_1189" span="word_515..word_523" mmax_level="unit"  subject="full-subject"  verbed="verbed-yes"  utype="main"  finite="finite-yes" />
<markable id="markable_1389" span="word_2095..word_2107" mmax_level="unit"  subject="no-subject"  verbed="verbed-yes"  utype="main"  finite="finite-yes" />
<markable id="markable_1388" span="word_2069..word_2076" mmax_level="unit"  subject="no-subject"  verbed="verbed-yes"  utype="adjunct"  finite="finite-no" />
<markable id="markable_1387" span="word_2069..word_2093" mmax_level="unit"  subject="no-subject"  verbed="verbed-yes"  utype="main"  finite="finite-yes" />
<markable id="markable_1386" span="word_2042..word_2051" mmax_level="unit"  subject="no-subject"  verbed="verbed-yes"  utype="adjunct"  finite="finite-no" />
<markable id="markable_1381" span="word_2007..word_2011" mmax_level="unit"  subject="no-subject"  verbed="verbed-no"  utype="paren-rel"  finite="no-finite" />
<markable id="markable_1380" span="word_2003..word_2016" mmax_level="unit"  subject="no-subject"  verbed="verbed-yes"  utype="main"  finite="finite-yes" />
<markable id="markable_1385" span="word_2042..word_2067" mmax_level="unit"  subject="no-subject"  verbed="verbed-yes"  utype="main"  finite="finite-yes" />
<markable id="markable_1384" span="word_2029..word_2038" mmax_level="unit"  subject="no-subject"  verbed="verbed-yes"  utype="main"  finite="finite-yes" />
<markable id="markable_1383" span="word_2025..word_2028" mmax_level="unit"  subject="no-subject"  verbed="verbed-yes"  utype="main"  finite="finite-yes" />
<markable id="markable_1382" span="word_2018..word_2024" mmax_level="unit"  subject="no-subject"  verbed="verbed-yes"  utype="main"  finite="finite-yes" />
<markable id="markable_1170" span="word_363..word_380" mmax_level="unit"  subject="empty-subject"  verbed="verbed-yes"  utype="main"  finite="finite-yes" />
<markable id="markable_1171" span="word_367..word_380" mmax_level="unit"  subject="no-subject"  verbed="verbed-yes"  utype="complement"  finite="finite-no" />
<markable id="markable_1172" span="word_369..word_373" mmax_level="unit"  subject="full-subject"  verbed="verbed-yes"  utype="complement"  finite="finite-yes" />
<markable id="markable_1173" span="word_375..word_379" mmax_level="unit"  subject="full-subject"  verbed="verbed-yes"  utype="complement"  finite="finite-yes" />
<markable id="markable_1174" span="word_382..word_391" mmax_level="unit"  subject="full-subject"  verbed="verbed-yes"  utype="main"  finite="finite-yes" />
<markable id="markable_1175" span="word_389..word_391" mmax_level="unit"  subject="no-subject"  verbed="verbed-no"  utype="parenthetical"  finite="no-finite" />
<markable id="markable_1176" span="word_392..word_417" mmax_level="unit"  subject="full-subject"  verbed="verbed-yes"  utype="main"  finite="finite-yes" />
<markable id="markable_1177" span="word_397..word_417" mmax_level="unit"  subject="full-subject"  verbed="verbed-yes"  utype="adjunct"  finite="finite-yes" />
<markable id="markable_1178" span="word_401..word_417" mmax_level="unit"  subject="full-subject"  verbed="verbed-yes"  utype="adjunct"  finite="finite-yes" />
<markable id="markable_1179" span="word_419..word_442" mmax_level="unit"  subject="full-subject"  verbed="verbed-yes"  utype="main"  finite="finite-yes" />
<markable id="markable_1376" span="word_1973..word_1985" mmax_level="unit"  subject="no-subject"  verbed="verbed-yes"  utype="main"  finite="finite-yes" />
<markable id="markable_1375" span="word_1965..word_1972" mmax_level="unit"  subject="no-subject"  verbed="verbed-yes"  utype="main"  finite="finite-yes" />
<markable id="markable_1378" span="word_1987..word_1993" mmax_level="unit"  subject="no-subject"  verbed="verbed-yes"  utype="main"  finite="finite-yes" />
<markable id="markable_1377" span="word_1980..word_1982" mmax_level="unit"  subject="no-subject"  verbed="verbed-no"  utype="paren-app"  finite="no-finite" />
<markable id="markable_1379" span="word_1995..word_1999" mmax_level="unit"  subject="no-subject"  verbed="verbed-yes"  utype="main"  finite="finite-yes" />
<markable id="markable_1370" span="word_1924..word_1932" mmax_level="unit"  subject="no-subject"  verbed="verbed-yes"  utype="complement"  finite="finite-no" />
<markable id="markable_1372" span="word_1936..word_1943" mmax_level="unit"  subject="no-subject"  verbed="verbed-yes"  utype="adjunct"  finite="finite-no" />
<markable id="markable_1371" span="word_1936..word_1949" mmax_level="unit"  subject="no-subject"  verbed="verbed-yes"  utype="main"  finite="finite-yes" />
<markable id="markable_1374" span="word_1956..word_1958" mmax_level="unit"  subject="no-subject"  verbed="verbed-no"  utype="paren-app"  finite="no-finite" />
<markable id="markable_1373" span="word_1951..word_1961" mmax_level="unit"  subject="no-subject"  verbed="verbed-yes"  utype="main"  finite="finite-yes" />
<markable id="markable_1129" span="word_36..word_56" mmax_level="unit"  subject="no-subject"  verbed="verbed-yes"  utype="complement"  finite="finite-no" />
<markable id="markable_1128" span="word_33..word_56" mmax_level="unit"  subject="full-subject"  verbed="verbed-yes"  utype="main"  finite="finite-yes" />
<markable id="markable_1127" span="word_24..word_28" mmax_level="unit"  subject="no-subject"  verbed="verbed-no"  utype="parenthetical"  finite="no-finite" />
<markable id="markable_1126" span="word_13..word_31" mmax_level="unit"  subject="full-subject"  verbed="verbed-yes"  utype="main"  finite="finite-yes" />
<markable id="markable_1125" span="word_10..word_12" mmax_level="unit"  subject="no-subject"  verbed="verbed-no"  utype="title"  finite="no-finite" />
<markable id="markable_1124" span="word_7..word_9" mmax_level="unit"  subject="no-subject"  verbed="verbed-no"  utype="parenthetical"  finite="no-finite" />
<markable id="markable_1123" span="word_2..word_9" mmax_level="unit"  subject="full-subject"  verbed="verbed-yes"  utype="main"  finite="finite-yes" />
<markable id="markable_1122" span="word_1" mmax_level="unit"  subject="no-subject"  verbed="verbed-no"  utype="title"  finite="no-finite" />
<markable id="markable_1195" span="word_546..word_554" mmax_level="unit"  subject="full-subject"  verbed="verbed-yes"  utype="adjunct"  finite="finite-yes" />
<markable id="markable_1298" span="word_1424..word_1433" mmax_level="unit"  subject="relpro"  verbed="verbed-yes"  utype="relative"  finite="finite-yes" />
<markable id="markable_1196" span="word_562..word_572" mmax_level="unit"  subject="full-subject"  verbed="verbed-yes"  utype="main"  finite="finite-yes" />
<markable id="markable_1299" span="word_1437..word_1465" mmax_level="unit"  subject="full-subject"  verbed="verbed-yes"  utype="main"  finite="finite-yes" />
<markable id="markable_1197" span="word_567..word_572" mmax_level="unit"  subject="full-subject"  verbed="verbed-yes"  utype="adjunct"  finite="finite-yes" />
<markable id="markable_1198" span="word_574..word_587" mmax_level="unit"  subject="full-subject"  verbed="verbed-yes"  utype="main"  finite="finite-yes" />
<markable id="markable_1191" span="word_525..word_534" mmax_level="unit"  subject="no-subject"  verbed="verbed-yes"  utype="main"  finite="finite-yes" />
<markable id="markable_1192" span="word_525..word_530" mmax_level="unit"  subject="full-subject"  verbed="verbed-yes"  utype="adjunct"  finite="finite-yes" />
<markable id="markable_1193" span="word_536..word_560" mmax_level="unit"  subject="full-subject"  verbed="verbed-yes"  utype="main"  finite="finite-yes" />
<markable id="markable_1194" span="word_536..word_554" mmax_level="unit"  subject="full-subject"  verbed="verbed-yes"  utype="adjunct"  finite="finite-no" />
<markable id="markable_1290" span="word_1360..word_1362" mmax_level="unit"  subject="no-subject"  verbed="verbed-no"  utype="parenthetical"  finite="no-finite" />
<markable id="markable_1291" span="word_1366..word_1389" mmax_level="unit"  subject="no-subject"  verbed="verbed-yes"  utype="such-as"  finite="finite-no" />
<markable id="markable_1292" span="word_1379..word_1381" mmax_level="unit"  subject="no-subject"  verbed="verbed-no"  utype="parenthetical"  finite="no-finite" />
<markable id="markable_1293" span="word_1394..word_1398" mmax_level="unit"  subject="full-subject"  verbed="verbed-yes"  utype="main"  finite="finite-yes" />
<markable id="markable_1199" span="word_581..word_587" mmax_level="unit"  subject="full-subject"  verbed="verbed-yes"  utype="adjunct"  finite="finite-yes" />
<markable id="markable_1294" span="word_1400..word_1409" mmax_level="unit"  subject="no-subject"  verbed="verbed-yes"  utype="main"  finite="finite-yes" />
<markable id="markable_1295" span="word_1400..word_1405" mmax_level="unit"  subject="full-subject"  verbed="verbed-yes"  utype="adjunct"  finite="finite-yes" />
<markable id="markable_1296" span="word_1411..word_1418" mmax_level="unit"  subject="full-subject"  verbed="verbed-yes"  utype="main"  finite="finite-yes" />
<markable id="markable_1297" span="word_1419..word_1435" mmax_level="unit"  subject="full-subject"  verbed="verbed-yes"  utype="main"  finite="finite-yes" />
<markable id="markable_1491" span="word_2895..word_2906" mmax_level="unit"  subject="no-subject"  verbed="verbed-yes"  utype="main"  finite="finite-yes" />
<markable id="markable_1490" span="word_2890..word_2891" mmax_level="unit"  subject="no-subject"  verbed="verbed-yes"  utype="relative"  finite="finite-yes" />
<markable id="markable_1398" span="word_2161..word_2174" mmax_level="unit"  subject="no-subject"  verbed="verbed-yes"  utype="main"  finite="finite-yes" />
<markable id="markable_1493" span="word_2908..word_2911" mmax_level="unit"  subject="no-subject"  verbed="verbed-yes"  utype="main"  finite="finite-yes" />
<markable id="markable_1397" span="word_2152..word_2157" mmax_level="unit"  subject="no-subject"  verbed="verbed-yes"  utype="main"  finite="finite-yes" />
<markable id="markable_1492" span="word_2899..word_2906" mmax_level="unit"  subject="no-subject"  verbed="verbed-yes"  utype="complement"  finite="finite-no" />
<markable id="markable_1495" span="word_2922..word_2930" mmax_level="unit"  subject="no-subject"  verbed="verbed-yes"  utype="main"  finite="finite-yes" />
<markable id="markable_1399" span="word_2168..word_2174" mmax_level="unit"  subject="no-subject"  verbed="verbed-yes"  utype="complement"  finite="finite-no" />
<markable id="markable_1494" span="word_2915..word_2918" mmax_level="unit"  subject="no-subject"  verbed="verbed-yes"  utype="main"  finite="finite-yes" />
<markable id="markable_1394" span="word_2131..word_2136" mmax_level="unit"  subject="no-subject"  verbed="verbed-yes"  utype="main"  finite="finite-yes" />
<markable id="markable_1497" span="word_2940..word_2946" mmax_level="unit"  subject="no-subject"  verbed="verbed-yes"  utype="main"  finite="finite-yes" />
<markable id="markable_1393" span="word_2117..word_2119" mmax_level="unit"  subject="no-subject"  verbed="verbed-no"  utype="paren-app"  finite="no-finite" />
<markable id="markable_1496" span="word_2932..word_2938" mmax_level="unit"  subject="no-subject"  verbed="verbed-yes"  utype="main"  finite="finite-yes" />
<markable id="markable_1190" span="word_515..word_517" mmax_level="unit"  subject="no-subject"  verbed="verbed-no"  utype="preposed-pp"  finite="no-finite" />
<markable id="markable_1396" span="word_2138..word_2144" mmax_level="unit"  subject="full-subject"  verbed="verbed-yes"  utype="adjunct"  finite="finite-yes" />
<markable id="markable_1499" span="word_2950..word_2965" mmax_level="unit"  subject="no-subject"  verbed="verbed-yes"  utype="main"  finite="finite-yes" />
<markable id="markable_1395" span="word_2138..word_2151" mmax_level="unit"  subject="no-subject"  verbed="verbed-yes"  utype="main"  finite="finite-yes" />
<markable id="markable_1498" span="word_2942..word_2946" mmax_level="unit"  subject="no-subject"  verbed="verbed-yes"  utype="complement"  finite="finite-no" />
<markable id="markable_1390" span="word_2095..word_2100" mmax_level="unit"  subject="full-subject"  verbed="verbed-yes"  utype="adjunct"  finite="finite-yes" />
<markable id="markable_1392" span="word_2109..word_2123" mmax_level="unit"  subject="full-subject"  verbed="verbed-yes"  utype="adjunct"  finite="finite-yes" />
<markable id="markable_1391" span="word_2109..word_2130" mmax_level="unit"  subject="no-subject"  verbed="verbed-yes"  utype="main"  finite="finite-yes" />
</markables>