<?xml version="1.0" encoding="MacRoman"?>
<!DOCTYPE markables SYSTEM "markables.dtd">
<markables xmlns="www.eml.org/NameSpaces/chunk">
<markable id="markable_0" span="word_1..word_2" tag="np" mmax_level="chunk" />
<markable id="markable_1" span="word_4..word_6" tag="np" mmax_level="chunk" />
<markable id="markable_2" span="word_8" tag="np" mmax_level="chunk" />
<markable id="markable_3" span="word_13..word_14" tag="np" mmax_level="chunk" />
<markable id="markable_4" span="word_16..word_18" tag="np" mmax_level="chunk" />
<markable id="markable_5" span="word_20" tag="np" mmax_level="chunk" />
<markable id="markable_6" span="word_22..word_23" tag="np" mmax_level="chunk" />
<markable id="markable_7" span="word_25..word_27" tag="np" mmax_level="chunk" />
<markable id="markable_8" span="word_30" tag="np" mmax_level="chunk" />
<markable id="markable_9" span="word_33" tag="np" mmax_level="chunk" />
<markable id="markable_10" span="word_38..word_39" tag="np" mmax_level="chunk" />
<markable id="markable_11" span="word_41..word_43" tag="np" mmax_level="chunk" />
<markable id="markable_12" span="word_46" tag="np" mmax_level="chunk" />
<markable id="markable_13" span="word_49" tag="np" mmax_level="chunk" />
<markable id="markable_14" span="word_51..word_53" tag="np" mmax_level="chunk" />
<markable id="markable_15" span="word_55..word_56" tag="np" mmax_level="chunk" />
<markable id="markable_16" span="word_58..word_59" tag="np" mmax_level="chunk" />
<markable id="markable_17" span="word_61..word_62" tag="np" mmax_level="chunk" />
<markable id="markable_18" span="word_68" tag="np" mmax_level="chunk" />
<markable id="markable_19" span="word_72..word_73" tag="np" mmax_level="chunk" />
<markable id="markable_20" span="word_75" tag="np" mmax_level="chunk" />
<markable id="markable_21" span="word_77..word_78" tag="np" mmax_level="chunk" />
<markable id="markable_22" span="word_80..word_81" tag="np" mmax_level="chunk" />
<markable id="markable_23" span="word_83..word_84" tag="np" mmax_level="chunk" />
<markable id="markable_24" span="word_86..word_90" tag="np" mmax_level="chunk" />
<markable id="markable_25" span="word_94" tag="np" mmax_level="chunk" />
<markable id="markable_26" span="word_100..word_101" tag="np" mmax_level="chunk" />
<markable id="markable_27" span="word_106" tag="np" mmax_level="chunk" />
<markable id="markable_28" span="word_109..word_110" tag="np" mmax_level="chunk" />
<markable id="markable_29" span="word_112..word_115" tag="np" mmax_level="chunk" />
<markable id="markable_30" span="word_117" tag="np" mmax_level="chunk" />
<markable id="markable_31" span="word_121..word_124" tag="np" mmax_level="chunk" />
<markable id="markable_32" span="word_127..word_129" tag="np" mmax_level="chunk" />
<markable id="markable_33" span="word_133..word_135" tag="np" mmax_level="chunk" />
<markable id="markable_34" span="word_137..word_139" tag="np" mmax_level="chunk" />
<markable id="markable_35" span="word_146..word_148" tag="np" mmax_level="chunk" />
<markable id="markable_36" span="word_150..word_151" tag="np" mmax_level="chunk" />
<markable id="markable_37" span="word_154..word_155" tag="np" mmax_level="chunk" />
<markable id="markable_38" span="word_157" tag="np" mmax_level="chunk" />
<markable id="markable_39" span="word_158" tag="np" mmax_level="chunk" />
<markable id="markable_40" span="word_164..word_166" tag="np" mmax_level="chunk" />
<markable id="markable_41" span="word_167" tag="np" mmax_level="chunk" />
<markable id="markable_42" span="word_169" tag="np" mmax_level="chunk" />
<markable id="markable_43" span="word_172..word_173" tag="np" mmax_level="chunk" />
<markable id="markable_44" span="word_175" tag="np" mmax_level="chunk" />
<markable id="markable_45" span="word_181" tag="np" mmax_level="chunk" />
<markable id="markable_46" span="word_187" tag="np" mmax_level="chunk" />
<markable id="markable_47" span="word_191" tag="np" mmax_level="chunk" />
<markable id="markable_48" span="word_197" tag="np" mmax_level="chunk" />
<markable id="markable_49" span="word_199..word_200" tag="np" mmax_level="chunk" />
<markable id="markable_50" span="word_202" tag="np" mmax_level="chunk" />
<markable id="markable_51" span="word_208..word_210" tag="np" mmax_level="chunk" />
<markable id="markable_52" span="word_212" tag="np" mmax_level="chunk" />
<markable id="markable_53" span="word_216..word_219" tag="np" mmax_level="chunk" />
<markable id="markable_54" span="word_221..word_222" tag="np" mmax_level="chunk" />
<markable id="markable_55" span="word_224..word_227" tag="np" mmax_level="chunk" />
<markable id="markable_56" span="word_230..word_233" tag="np" mmax_level="chunk" />
<markable id="markable_57" span="word_236..word_238" tag="np" mmax_level="chunk" />
<markable id="markable_58" span="word_239" tag="np" mmax_level="chunk" />
<markable id="markable_59" span="word_244..word_247" tag="np" mmax_level="chunk" />
<markable id="markable_60" span="word_249..word_250" tag="np" mmax_level="chunk" />
<markable id="markable_61" span="word_254..word_255" tag="np" mmax_level="chunk" />
<markable id="markable_62" span="word_257..word_259" tag="np" mmax_level="chunk" />
<markable id="markable_63" span="word_263..word_265" tag="np" mmax_level="chunk" />
<markable id="markable_64" span="word_267" tag="np" mmax_level="chunk" />
<markable id="markable_65" span="word_269..word_270" tag="np" mmax_level="chunk" />
<markable id="markable_66" span="word_272..word_273" tag="np" mmax_level="chunk" />
<markable id="markable_67" span="word_275" tag="np" mmax_level="chunk" />
<markable id="markable_68" span="word_277..word_278" tag="np" mmax_level="chunk" />
<markable id="markable_69" span="word_280" tag="np" mmax_level="chunk" />
<markable id="markable_70" span="word_282" tag="np" mmax_level="chunk" />
<markable id="markable_71" span="word_284..word_285" tag="np" mmax_level="chunk" />
<markable id="markable_72" span="word_288..word_289" tag="np" mmax_level="chunk" />
<markable id="markable_73" span="word_291..word_292" tag="np" mmax_level="chunk" />
<markable id="markable_74" span="word_294..word_295" tag="np" mmax_level="chunk" />
<markable id="markable_75" span="word_297" tag="np" mmax_level="chunk" />
<markable id="markable_76" span="word_299" tag="np" mmax_level="chunk" />
<markable id="markable_77" span="word_301..word_302" tag="np" mmax_level="chunk" />
<markable id="markable_78" span="word_305..word_307" tag="np" mmax_level="chunk" />
<markable id="markable_79" span="word_312" tag="np" mmax_level="chunk" />
<markable id="markable_80" span="word_319" tag="np" mmax_level="chunk" />
<markable id="markable_81" span="word_321..word_323" tag="np" mmax_level="chunk" />
<markable id="markable_82" span="word_325" tag="np" mmax_level="chunk" />
<markable id="markable_83" span="word_327..word_328" tag="np" mmax_level="chunk" />
<markable id="markable_84" span="word_330..word_331" tag="np" mmax_level="chunk" />
<markable id="markable_85" span="word_333" tag="np" mmax_level="chunk" />
<markable id="markable_86" span="word_335..word_336" tag="np" mmax_level="chunk" />
<markable id="markable_87" span="word_339..word_341" tag="np" mmax_level="chunk" />
<markable id="markable_88" span="word_344" tag="np" mmax_level="chunk" />
<markable id="markable_89" span="word_346" tag="np" mmax_level="chunk" />
<markable id="markable_90" span="word_349" tag="np" mmax_level="chunk" />
<markable id="markable_91" span="word_350" tag="np" mmax_level="chunk" />
<markable id="markable_92" span="word_352..word_353" tag="np" mmax_level="chunk" />
<markable id="markable_93" span="word_355" tag="np" mmax_level="chunk" />
<markable id="markable_94" span="word_360..word_361" tag="np" mmax_level="chunk" />
<markable id="markable_95" span="word_363" tag="np" mmax_level="chunk" />
<markable id="markable_96" span="word_370" tag="np" mmax_level="chunk" />
<markable id="markable_97" span="word_379" tag="np" mmax_level="chunk" />
<markable id="markable_98" span="word_384" tag="np" mmax_level="chunk" />
<markable id="markable_99" span="word_390" tag="np" mmax_level="chunk" />
<markable id="markable_100" span="word_392" tag="np" mmax_level="chunk" />
<markable id="markable_101" span="word_396" tag="np" mmax_level="chunk" />
<markable id="markable_102" span="word_398" tag="np" mmax_level="chunk" />
<markable id="markable_103" span="word_403" tag="np" mmax_level="chunk" />
<markable id="markable_104" span="word_405..word_406" tag="np" mmax_level="chunk" />
<markable id="markable_105" span="word_408" tag="np" mmax_level="chunk" />
<markable id="markable_106" span="word_410..word_414" tag="np" mmax_level="chunk" />
<markable id="markable_107" span="word_416..word_417" tag="np" mmax_level="chunk" />
<markable id="markable_108" span="word_419" tag="np" mmax_level="chunk" />
<markable id="markable_109" span="word_423" tag="np" mmax_level="chunk" />
<markable id="markable_110" span="word_425" tag="np" mmax_level="chunk" />
<markable id="markable_111" span="word_428..word_429" tag="np" mmax_level="chunk" />
<markable id="markable_112" span="word_431" tag="np" mmax_level="chunk" />
<markable id="markable_113" span="word_434" tag="np" mmax_level="chunk" />
<markable id="markable_114" span="word_440..word_442" tag="np" mmax_level="chunk" />
<markable id="markable_115" span="word_444" tag="np" mmax_level="chunk" />
<markable id="markable_116" span="word_450..word_452" tag="np" mmax_level="chunk" />
<markable id="markable_117" span="word_454" tag="np" mmax_level="chunk" />
<markable id="markable_118" span="word_459" tag="np" mmax_level="chunk" />
<markable id="markable_119" span="word_461" tag="np" mmax_level="chunk" />
<markable id="markable_120" span="word_463..word_464" tag="np" mmax_level="chunk" />
<markable id="markable_121" span="word_466..word_471" tag="np" mmax_level="chunk" />
<markable id="markable_122" span="word_473..word_474" tag="np" mmax_level="chunk" />
<markable id="markable_123" span="word_476..word_478" tag="np" mmax_level="chunk" />
<markable id="markable_124" span="word_481..word_484" tag="np" mmax_level="chunk" />
<markable id="markable_125" span="word_487" tag="np" mmax_level="chunk" />
<markable id="markable_126" span="word_489" tag="np" mmax_level="chunk" />
<markable id="markable_127" span="word_500..word_501" tag="np" mmax_level="chunk" />
<markable id="markable_128" span="word_503" tag="np" mmax_level="chunk" />
<markable id="markable_129" span="word_505..word_508" tag="np" mmax_level="chunk" />
<markable id="markable_130" span="word_513" tag="np" mmax_level="chunk" />
<markable id="markable_131" span="word_516..word_517" tag="np" mmax_level="chunk" />
<markable id="markable_132" span="word_518" tag="np" mmax_level="chunk" />
<markable id="markable_133" span="word_522..word_523" tag="np" mmax_level="chunk" />
<markable id="markable_134" span="word_526" tag="np" mmax_level="chunk" />
<markable id="markable_135" span="word_528..word_529" tag="np" mmax_level="chunk" />
<markable id="markable_136" span="word_532..word_533" tag="np" mmax_level="chunk" />
<markable id="markable_137" span="word_537" tag="np" mmax_level="chunk" />
<markable id="markable_138" span="word_539..word_540" tag="np" mmax_level="chunk" />
<markable id="markable_139" span="word_542" tag="np" mmax_level="chunk" />
<markable id="markable_140" span="word_545" tag="np" mmax_level="chunk" />
<markable id="markable_141" span="word_548" tag="np" mmax_level="chunk" />
<markable id="markable_142" span="word_551..word_553" tag="np" mmax_level="chunk" />
<markable id="markable_143" span="word_555" tag="np" mmax_level="chunk" />
<markable id="markable_144" span="word_560" tag="np" mmax_level="chunk" />
<markable id="markable_145" span="word_562" tag="np" mmax_level="chunk" />
<markable id="markable_146" span="word_568" tag="np" mmax_level="chunk" />
<markable id="markable_147" span="word_571..word_572" tag="np" mmax_level="chunk" />
<markable id="markable_148" span="word_574" tag="np" mmax_level="chunk" />
<markable id="markable_149" span="word_580" tag="np" mmax_level="chunk" />
<markable id="markable_150" span="word_582" tag="np" mmax_level="chunk" />
<markable id="markable_151" span="word_584..word_587" tag="np" mmax_level="chunk" />
<markable id="markable_152" span="word_590..word_594" tag="np" mmax_level="chunk" />
<markable id="markable_153" span="word_597..word_598" tag="np" mmax_level="chunk" />
<markable id="markable_154" span="word_601" tag="np" mmax_level="chunk" />
<markable id="markable_155" span="word_604..word_605" tag="np" mmax_level="chunk" />
<markable id="markable_156" span="word_607..word_609" tag="np" mmax_level="chunk" />
<markable id="markable_157" span="word_611" tag="np" mmax_level="chunk" />
<markable id="markable_158" span="word_616" tag="np" mmax_level="chunk" />
<markable id="markable_159" span="word_618..word_620" tag="np" mmax_level="chunk" />
<markable id="markable_160" span="word_622..word_623" tag="np" mmax_level="chunk" />
<markable id="markable_161" span="word_627..word_628" tag="np" mmax_level="chunk" />
<markable id="markable_162" span="word_630..word_631" tag="np" mmax_level="chunk" />
<markable id="markable_163" span="word_632..word_633" tag="np" mmax_level="chunk" />
<markable id="markable_164" span="word_635..word_639" tag="np" mmax_level="chunk" />
<markable id="markable_165" span="word_644" tag="np" mmax_level="chunk" />
<markable id="markable_166" span="word_646..word_647" tag="np" mmax_level="chunk" />
<markable id="markable_167" span="word_649..word_650" tag="np" mmax_level="chunk" />
<markable id="markable_168" span="word_652" tag="np" mmax_level="chunk" />
<markable id="markable_169" span="word_654" tag="np" mmax_level="chunk" />
<markable id="markable_170" span="word_656..word_657" tag="np" mmax_level="chunk" />
<markable id="markable_171" span="word_662" tag="np" mmax_level="chunk" />
<markable id="markable_172" span="word_664..word_665" tag="np" mmax_level="chunk" />
<markable id="markable_173" span="word_667..word_669" tag="np" mmax_level="chunk" />
<markable id="markable_174" span="word_674" tag="np" mmax_level="chunk" />
<markable id="markable_175" span="word_677..word_678" tag="np" mmax_level="chunk" />
<markable id="markable_176" span="word_680" tag="np" mmax_level="chunk" />
<markable id="markable_177" span="word_681..word_682" tag="np" mmax_level="chunk" />
<markable id="markable_178" span="word_685" tag="np" mmax_level="chunk" />
<markable id="markable_179" span="word_689..word_690" tag="np" mmax_level="chunk" />
<markable id="markable_180" span="word_692..word_693" tag="np" mmax_level="chunk" />
<markable id="markable_181" span="word_695" tag="np" mmax_level="chunk" />
<markable id="markable_182" span="word_699" tag="np" mmax_level="chunk" />
<markable id="markable_183" span="word_704..word_705" tag="np" mmax_level="chunk" />
<markable id="markable_184" span="word_709" tag="np" mmax_level="chunk" />
<markable id="markable_185" span="word_716" tag="np" mmax_level="chunk" />
<markable id="markable_186" span="word_719..word_720" tag="np" mmax_level="chunk" />
<markable id="markable_187" span="word_722" tag="np" mmax_level="chunk" />
<markable id="markable_188" span="word_724..word_725" tag="np" mmax_level="chunk" />
<markable id="markable_189" span="word_730" tag="np" mmax_level="chunk" />
<markable id="markable_190" span="word_734..word_736" tag="np" mmax_level="chunk" />
<markable id="markable_191" span="word_738" tag="np" mmax_level="chunk" />
<markable id="markable_192" span="word_744" tag="np" mmax_level="chunk" />
<markable id="markable_193" span="word_747" tag="np" mmax_level="chunk" />
<markable id="markable_194" span="word_755" tag="np" mmax_level="chunk" />
<markable id="markable_195" span="word_762..word_763" tag="np" mmax_level="chunk" />
<markable id="markable_196" span="word_765..word_766" tag="np" mmax_level="chunk" />
<markable id="markable_197" span="word_771..word_772" tag="np" mmax_level="chunk" />
<markable id="markable_198" span="word_774..word_775" tag="np" mmax_level="chunk" />
<markable id="markable_199" span="word_778..word_780" tag="np" mmax_level="chunk" />
<markable id="markable_200" span="word_783" tag="np" mmax_level="chunk" />
<markable id="markable_201" span="word_787" tag="np" mmax_level="chunk" />
<markable id="markable_202" span="word_790..word_791" tag="np" mmax_level="chunk" />
<markable id="markable_203" span="word_794..word_795" tag="np" mmax_level="chunk" />
<markable id="markable_204" span="word_798" tag="np" mmax_level="chunk" />
<markable id="markable_205" span="word_803..word_804" tag="np" mmax_level="chunk" />
<markable id="markable_206" span="word_808..word_809" tag="np" mmax_level="chunk" />
<markable id="markable_207" span="word_814..word_816" tag="np" mmax_level="chunk" />
<markable id="markable_208" span="word_818..word_819" tag="np" mmax_level="chunk" />
<markable id="markable_209" span="word_821..word_822" tag="np" mmax_level="chunk" />
<markable id="markable_210" span="word_827" tag="np" mmax_level="chunk" />
<markable id="markable_211" span="word_830..word_831" tag="np" mmax_level="chunk" />
<markable id="markable_212" span="word_833..word_834" tag="np" mmax_level="chunk" />
<markable id="markable_213" span="word_837..word_838" tag="np" mmax_level="chunk" />
<markable id="markable_214" span="word_840..word_842" tag="np" mmax_level="chunk" />
<markable id="markable_215" span="word_853" tag="np" mmax_level="chunk" />
<markable id="markable_216" span="word_856..word_858" tag="np" mmax_level="chunk" />
<markable id="markable_217" span="word_860" tag="np" mmax_level="chunk" />
<markable id="markable_218" span="word_863..word_864" tag="np" mmax_level="chunk" />
<markable id="markable_219" span="word_866" tag="np" mmax_level="chunk" />
<markable id="markable_220" span="word_868..word_870" tag="np" mmax_level="chunk" />
<markable id="markable_221" span="word_876" tag="np" mmax_level="chunk" />
<markable id="markable_222" span="word_878..word_880" tag="np" mmax_level="chunk" />
<markable id="markable_223" span="word_881" tag="np" mmax_level="chunk" />
<markable id="markable_224" span="word_883" tag="np" mmax_level="chunk" />
<markable id="markable_225" span="word_888..word_889" tag="np" mmax_level="chunk" />
<markable id="markable_226" span="word_893" tag="np" mmax_level="chunk" />
<markable id="markable_227" span="word_895..word_896" tag="np" mmax_level="chunk" />
<markable id="markable_228" span="word_899..word_903" tag="np" mmax_level="chunk" />
<markable id="markable_229" span="word_907..word_909" tag="np" mmax_level="chunk" />
<markable id="markable_230" span="word_912..word_913" tag="np" mmax_level="chunk" />
<markable id="markable_231" span="word_915..word_916" tag="np" mmax_level="chunk" />
<markable id="markable_232" span="word_918..word_921" tag="np" mmax_level="chunk" />
<markable id="markable_233" span="word_923" tag="np" mmax_level="chunk" />
<markable id="markable_234" span="word_925..word_927" tag="np" mmax_level="chunk" />
<markable id="markable_235" span="word_930..word_931" tag="np" mmax_level="chunk" />
<markable id="markable_236" span="word_934" tag="np" mmax_level="chunk" />
<markable id="markable_237" span="word_938" tag="np" mmax_level="chunk" />
<markable id="markable_238" span="word_942..word_944" tag="np" mmax_level="chunk" />
<markable id="markable_239" span="word_949" tag="np" mmax_level="chunk" />
<markable id="markable_240" span="word_954..word_955" tag="np" mmax_level="chunk" />
<markable id="markable_241" span="word_957..word_958" tag="np" mmax_level="chunk" />
<markable id="markable_242" span="word_961..word_962" tag="np" mmax_level="chunk" />
<markable id="markable_243" span="word_964..word_965" tag="np" mmax_level="chunk" />
<markable id="markable_244" span="word_968..word_970" tag="np" mmax_level="chunk" />
<markable id="markable_245" span="word_971" tag="np" mmax_level="chunk" />
<markable id="markable_246" span="word_977" tag="np" mmax_level="chunk" />
<markable id="markable_247" span="word_979" tag="np" mmax_level="chunk" />
<markable id="markable_248" span="word_983" tag="np" mmax_level="chunk" />
<markable id="markable_249" span="word_985..word_986" tag="np" mmax_level="chunk" />
<markable id="markable_250" span="word_988..word_991" tag="np" mmax_level="chunk" />
<markable id="markable_251" span="word_997..word_998" tag="np" mmax_level="chunk" />
<markable id="markable_252" span="word_1000" tag="np" mmax_level="chunk" />
<markable id="markable_253" span="word_1005..word_1006" tag="np" mmax_level="chunk" />
<markable id="markable_254" span="word_1008" tag="np" mmax_level="chunk" />
<markable id="markable_255" span="word_1013" tag="np" mmax_level="chunk" />
<markable id="markable_256" span="word_1016..word_1020" tag="np" mmax_level="chunk" />
<markable id="markable_257" span="word_1022..word_1025" tag="np" mmax_level="chunk" />
<markable id="markable_258" span="word_1028" tag="np" mmax_level="chunk" />
<markable id="markable_259" span="word_1030..word_1032" tag="np" mmax_level="chunk" />
<markable id="markable_260" span="word_1034" tag="np" mmax_level="chunk" />
<markable id="markable_261" span="word_1040..word_1041" tag="np" mmax_level="chunk" />
<markable id="markable_262" span="word_1043" tag="np" mmax_level="chunk" />
<markable id="markable_263" span="word_1045..word_1046" tag="np" mmax_level="chunk" />
<markable id="markable_264" span="word_1048" tag="np" mmax_level="chunk" />
<markable id="markable_265" span="word_1050..word_1051" tag="np" mmax_level="chunk" />
<markable id="markable_266" span="word_1053" tag="np" mmax_level="chunk" />
<markable id="markable_267" span="word_1055..word_1056" tag="np" mmax_level="chunk" />
<markable id="markable_268" span="word_1058..word_1061" tag="np" mmax_level="chunk" />
<markable id="markable_269" span="word_1063" tag="np" mmax_level="chunk" />
<markable id="markable_270" span="word_1070..word_1071" tag="np" mmax_level="chunk" />
<markable id="markable_271" span="word_1073..word_1075" tag="np" mmax_level="chunk" />
<markable id="markable_272" span="word_1077" tag="np" mmax_level="chunk" />
<markable id="markable_273" span="word_1081..word_1082" tag="np" mmax_level="chunk" />
<markable id="markable_274" span="word_1084..word_1086" tag="np" mmax_level="chunk" />
<markable id="markable_275" span="word_1089" tag="np" mmax_level="chunk" />
<markable id="markable_276" span="word_1095..word_1096" tag="np" mmax_level="chunk" />
<markable id="markable_277" span="word_1098..word_1099" tag="np" mmax_level="chunk" />
<markable id="markable_278" span="word_1100..word_1101" tag="np" mmax_level="chunk" />
<markable id="markable_279" span="word_1104" tag="np" mmax_level="chunk" />
<markable id="markable_280" span="word_1106" tag="np" mmax_level="chunk" />
<markable id="markable_281" span="word_1118" tag="np" mmax_level="chunk" />
<markable id="markable_282" span="word_1120..word_1121" tag="np" mmax_level="chunk" />
<markable id="markable_283" span="word_1123" tag="np" mmax_level="chunk" />
<markable id="markable_284" span="word_1125..word_1126" tag="np" mmax_level="chunk" />
<markable id="markable_285" span="word_1128" tag="np" mmax_level="chunk" />
<markable id="markable_286" span="word_1132..word_1133" tag="np" mmax_level="chunk" />
<markable id="markable_287" span="word_1135..word_1136" tag="np" mmax_level="chunk" />
<markable id="markable_288" span="word_1139" tag="np" mmax_level="chunk" />
<markable id="markable_289" span="word_1141..word_1143" tag="np" mmax_level="chunk" />
<markable id="markable_290" span="word_1145" tag="np" mmax_level="chunk" />
<markable id="markable_291" span="word_1153" tag="np" mmax_level="chunk" />
<markable id="markable_292" span="word_1155..word_1156" tag="np" mmax_level="chunk" />
<markable id="markable_293" span="word_1158" tag="np" mmax_level="chunk" />
<markable id="markable_294" span="word_1162..word_1163" tag="np" mmax_level="chunk" />
<markable id="markable_295" span="word_1165..word_1167" tag="np" mmax_level="chunk" />
<markable id="markable_296" span="word_1168" tag="np" mmax_level="chunk" />
<markable id="markable_297" span="word_1171" tag="np" mmax_level="chunk" />
<markable id="markable_298" span="word_1175" tag="np" mmax_level="chunk" />
<markable id="markable_299" span="word_1178..word_1180" tag="np" mmax_level="chunk" />
<markable id="markable_300" span="word_1184..word_1185" tag="np" mmax_level="chunk" />
<markable id="markable_301" span="word_1191..word_1192" tag="np" mmax_level="chunk" />
<markable id="markable_302" span="word_1194" tag="np" mmax_level="chunk" />
<markable id="markable_303" span="word_1198" tag="np" mmax_level="chunk" />
<markable id="markable_304" span="word_1202..word_1205" tag="np" mmax_level="chunk" />
<markable id="markable_305" span="word_1207" tag="np" mmax_level="chunk" />
<markable id="markable_306" span="word_1210..word_1211" tag="np" mmax_level="chunk" />
<markable id="markable_307" span="word_1213" tag="np" mmax_level="chunk" />
<markable id="markable_308" span="word_1218..word_1219" tag="np" mmax_level="chunk" />
<markable id="markable_309" span="word_1224..word_1225" tag="np" mmax_level="chunk" />
<markable id="markable_310" span="word_1227..word_1228" tag="np" mmax_level="chunk" />
<markable id="markable_311" span="word_1232..word_1233" tag="np" mmax_level="chunk" />
<markable id="markable_312" span="word_1237" tag="np" mmax_level="chunk" />
<markable id="markable_313" span="word_1239" tag="np" mmax_level="chunk" />
<markable id="markable_314" span="word_1244" tag="np" mmax_level="chunk" />
<markable id="markable_315" span="word_1245" tag="np" mmax_level="chunk" />
<markable id="markable_316" span="word_1247..word_1248" tag="np" mmax_level="chunk" />
<markable id="markable_317" span="word_1253..word_1254" tag="np" mmax_level="chunk" />
<markable id="markable_318" span="word_1255..word_1256" tag="np" mmax_level="chunk" />
<markable id="markable_319" span="word_1260..word_1261" tag="np" mmax_level="chunk" />
<markable id="markable_320" span="word_1262..word_1263" tag="np" mmax_level="chunk" />
<markable id="markable_321" span="word_1266" tag="np" mmax_level="chunk" />
<markable id="markable_322" span="word_1269..word_1270" tag="np" mmax_level="chunk" />
<markable id="markable_323" span="word_1273" tag="np" mmax_level="chunk" />
<markable id="markable_324" span="word_1274..word_1276" tag="np" mmax_level="chunk" />
<markable id="markable_325" span="word_1278..word_1279" tag="np" mmax_level="chunk" />
<markable id="markable_326" span="word_1281" tag="np" mmax_level="chunk" />
<markable id="markable_327" span="word_1283..word_1285" tag="np" mmax_level="chunk" />
<markable id="markable_328" span="word_1287" tag="np" mmax_level="chunk" />
<markable id="markable_329" span="word_1289..word_1290" tag="np" mmax_level="chunk" />
<markable id="markable_330" span="word_1292..word_1293" tag="np" mmax_level="chunk" />
<markable id="markable_331" span="word_1295" tag="np" mmax_level="chunk" />
<markable id="markable_332" span="word_1299..word_1300" tag="np" mmax_level="chunk" />
<markable id="markable_333" span="word_1304..word_1305" tag="np" mmax_level="chunk" />
<markable id="markable_334" span="word_1307..word_1309" tag="np" mmax_level="chunk" />
<markable id="markable_335" span="word_1313" tag="np" mmax_level="chunk" />
<markable id="markable_336" span="word_1315..word_1316" tag="np" mmax_level="chunk" />
<markable id="markable_337" span="word_1318" tag="np" mmax_level="chunk" />
<markable id="markable_338" span="word_1320" tag="np" mmax_level="chunk" />
<markable id="markable_339" span="word_1322..word_1323" tag="np" mmax_level="chunk" />
<markable id="markable_340" span="word_1325..word_1327" tag="np" mmax_level="chunk" />
<markable id="markable_341" span="word_1333" tag="np" mmax_level="chunk" />
<markable id="markable_342" span="word_1340..word_1341" tag="np" mmax_level="chunk" />
<markable id="markable_343" span="word_1343..word_1344" tag="np" mmax_level="chunk" />
<markable id="markable_344" span="word_1347" tag="np" mmax_level="chunk" />
<markable id="markable_345" span="word_1349..word_1350" tag="np" mmax_level="chunk" />
<markable id="markable_346" span="word_1354..word_1355" tag="np" mmax_level="chunk" />
<markable id="markable_347" span="word_1357..word_1359" tag="np" mmax_level="chunk" />
<markable id="markable_348" span="word_1361" tag="np" mmax_level="chunk" />
<markable id="markable_349" span="word_1363..word_1365" tag="np" mmax_level="chunk" />
<markable id="markable_350" span="word_1367" tag="np" mmax_level="chunk" />
<markable id="markable_351" span="word_1371..word_1372" tag="np" mmax_level="chunk" />
<markable id="markable_352" span="word_1374" tag="np" mmax_level="chunk" />
<markable id="markable_353" span="word_1376..word_1378" tag="np" mmax_level="chunk" />
<markable id="markable_354" span="word_1380" tag="np" mmax_level="chunk" />
<markable id="markable_355" span="word_1383" tag="np" mmax_level="chunk" />
<markable id="markable_356" span="word_1385..word_1386" tag="np" mmax_level="chunk" />
<markable id="markable_357" span="word_1389" tag="np" mmax_level="chunk" />
<markable id="markable_358" span="word_1394..word_1396" tag="np" mmax_level="chunk" />
<markable id="markable_359" span="word_1401..word_1403" tag="np" mmax_level="chunk" />
<markable id="markable_360" span="word_1407..word_1408" tag="np" mmax_level="chunk" />
<markable id="markable_361" span="word_1411..word_1412" tag="np" mmax_level="chunk" />
<markable id="markable_362" span="word_1414..word_1416" tag="np" mmax_level="chunk" />
<markable id="markable_363" span="word_1420..word_1421" tag="np" mmax_level="chunk" />
<markable id="markable_364" span="word_1423" tag="np" mmax_level="chunk" />
<markable id="markable_365" span="word_1429..word_1430" tag="np" mmax_level="chunk" />
<markable id="markable_366" span="word_1432..word_1433" tag="np" mmax_level="chunk" />
<markable id="markable_367" span="word_1439..word_1443" tag="np" mmax_level="chunk" />
<markable id="markable_368" span="word_1447..word_1448" tag="np" mmax_level="chunk" />
<markable id="markable_369" span="word_1450" tag="np" mmax_level="chunk" />
<markable id="markable_370" span="word_1452" tag="np" mmax_level="chunk" />
<markable id="markable_371" span="word_1459" tag="np" mmax_level="chunk" />
<markable id="markable_372" span="word_1464..word_1465" tag="np" mmax_level="chunk" />
<markable id="markable_373" span="word_1468..word_1469" tag="np" mmax_level="chunk" />
<markable id="markable_374" span="word_1474" tag="np" mmax_level="chunk" />
<markable id="markable_375" span="word_1476..word_1479" tag="np" mmax_level="chunk" />
<markable id="markable_376" span="word_1482..word_1483" tag="np" mmax_level="chunk" />
<markable id="markable_377" span="word_1487" tag="np" mmax_level="chunk" />
<markable id="markable_378" span="word_1491" tag="np" mmax_level="chunk" />
<markable id="markable_379" span="word_1497..word_1498" tag="np" mmax_level="chunk" />
<markable id="markable_380" span="word_1502" tag="np" mmax_level="chunk" />
<markable id="markable_381" span="word_1504..word_1505" tag="np" mmax_level="chunk" />
<markable id="markable_382" span="word_1510..word_1511" tag="np" mmax_level="chunk" />
<markable id="markable_383" span="word_1513..word_1515" tag="np" mmax_level="chunk" />
<markable id="markable_384" span="word_1518" tag="np" mmax_level="chunk" />
<markable id="markable_385" span="word_1521..word_1523" tag="np" mmax_level="chunk" />
<markable id="markable_386" span="word_1525" tag="np" mmax_level="chunk" />
<markable id="markable_387" span="word_1531" tag="np" mmax_level="chunk" />
<markable id="markable_388" span="word_1533" tag="np" mmax_level="chunk" />
<markable id="markable_389" span="word_1537" tag="np" mmax_level="chunk" />
<markable id="markable_390" span="word_1541" tag="np" mmax_level="chunk" />
<markable id="markable_391" span="word_1544..word_1546" tag="np" mmax_level="chunk" />
<markable id="markable_392" span="word_1554..word_1555" tag="np" mmax_level="chunk" />
<markable id="markable_393" span="word_1557..word_1559" tag="np" mmax_level="chunk" />
<markable id="markable_394" span="word_1568..word_1570" tag="np" mmax_level="chunk" />
<markable id="markable_395" span="word_1572..word_1573" tag="np" mmax_level="chunk" />
<markable id="markable_396" span="word_1579..word_1580" tag="np" mmax_level="chunk" />
<markable id="markable_397" span="word_1583..word_1584" tag="np" mmax_level="chunk" />
<markable id="markable_398" span="word_1588" tag="np" mmax_level="chunk" />
<markable id="markable_399" span="word_1591..word_1592" tag="np" mmax_level="chunk" />
<markable id="markable_400" span="word_1594" tag="np" mmax_level="chunk" />
<markable id="markable_401" span="word_1596" tag="np" mmax_level="chunk" />
<markable id="markable_402" span="word_1598..word_1599" tag="np" mmax_level="chunk" />
<markable id="markable_403" span="word_1600..word_1602" tag="np" mmax_level="chunk" />
<markable id="markable_404" span="word_1610" tag="np" mmax_level="chunk" />
<markable id="markable_405" span="word_1612" tag="np" mmax_level="chunk" />
<markable id="markable_406" span="word_1619..word_1620" tag="np" mmax_level="chunk" />
<markable id="markable_407" span="word_1624..word_1625" tag="np" mmax_level="chunk" />
<markable id="markable_408" span="word_1629" tag="np" mmax_level="chunk" />
<markable id="markable_409" span="word_1630" tag="np" mmax_level="chunk" />
<markable id="markable_410" span="word_1632" tag="np" mmax_level="chunk" />
<markable id="markable_411" span="word_1634..word_1635" tag="np" mmax_level="chunk" />
<markable id="markable_412" span="word_1637..word_1638" tag="np" mmax_level="chunk" />
<markable id="markable_413" span="word_1639..word_1640" tag="np" mmax_level="chunk" />
<markable id="markable_414" span="word_1644" tag="np" mmax_level="chunk" />
<markable id="markable_415" span="word_1647..word_1648" tag="np" mmax_level="chunk" />
<markable id="markable_416" span="word_1650..word_1651" tag="np" mmax_level="chunk" />
<markable id="markable_417" span="word_1653" tag="np" mmax_level="chunk" />
<markable id="markable_418" span="word_1660" tag="np" mmax_level="chunk" />
<markable id="markable_419" span="word_1664" tag="np" mmax_level="chunk" />
<markable id="markable_420" span="word_1666..word_1667" tag="np" mmax_level="chunk" />
<markable id="markable_421" span="word_1670..word_1672" tag="np" mmax_level="chunk" />
<markable id="markable_422" span="word_1675..word_1676" tag="np" mmax_level="chunk" />
<markable id="markable_423" span="word_1678" tag="np" mmax_level="chunk" />
<markable id="markable_424" span="word_1680..word_1681" tag="np" mmax_level="chunk" />
<markable id="markable_425" span="word_1683..word_1686" tag="np" mmax_level="chunk" />
<markable id="markable_426" span="word_1692" tag="np" mmax_level="chunk" />
<markable id="markable_427" span="word_1694" tag="np" mmax_level="chunk" />
<markable id="markable_428" span="word_1698..word_1699" tag="np" mmax_level="chunk" />
<markable id="markable_429" span="word_1701..word_1703" tag="np" mmax_level="chunk" />
<markable id="markable_430" span="word_1706..word_1708" tag="np" mmax_level="chunk" />
<markable id="markable_431" span="word_1711..word_1713" tag="np" mmax_level="chunk" />
<markable id="markable_432" span="word_1715" tag="np" mmax_level="chunk" />
<markable id="markable_433" span="word_1717..word_1718" tag="np" mmax_level="chunk" />
<markable id="markable_434" span="word_1721..word_1722" tag="np" mmax_level="chunk" />
<markable id="markable_435" span="word_1724" tag="np" mmax_level="chunk" />
<markable id="markable_436" span="word_1726" tag="np" mmax_level="chunk" />
<markable id="markable_437" span="word_1730..word_1732" tag="np" mmax_level="chunk" />
<markable id="markable_438" span="word_1734..word_1735" tag="np" mmax_level="chunk" />
<markable id="markable_439" span="word_1737" tag="np" mmax_level="chunk" />
<markable id="markable_440" span="word_1739..word_1740" tag="np" mmax_level="chunk" />
<markable id="markable_441" span="word_1743..word_1744" tag="np" mmax_level="chunk" />
<markable id="markable_442" span="word_1746" tag="np" mmax_level="chunk" />
<markable id="markable_443" span="word_1751..word_1753" tag="np" mmax_level="chunk" />
<markable id="markable_444" span="word_1756..word_1758" tag="np" mmax_level="chunk" />
<markable id="markable_445" span="word_1760..word_1761" tag="np" mmax_level="chunk" />
<markable id="markable_446" span="word_1766..word_1767" tag="np" mmax_level="chunk" />
<markable id="markable_447" span="word_1770" tag="np" mmax_level="chunk" />
<markable id="markable_448" span="word_1774..word_1775" tag="np" mmax_level="chunk" />
<markable id="markable_449" span="word_1778..word_1780" tag="np" mmax_level="chunk" />
<markable id="markable_450" span="word_1782" tag="np" mmax_level="chunk" />
<markable id="markable_451" span="word_1784..word_1785" tag="np" mmax_level="chunk" />
<markable id="markable_452" span="word_1787" tag="np" mmax_level="chunk" />
<markable id="markable_453" span="word_1792" tag="np" mmax_level="chunk" />
<markable id="markable_454" span="word_1794" tag="np" mmax_level="chunk" />
<markable id="markable_455" span="word_1796" tag="np" mmax_level="chunk" />
<markable id="markable_456" span="word_1798..word_1800" tag="np" mmax_level="chunk" />
<markable id="markable_457" span="word_1801..word_1802" tag="np" mmax_level="chunk" />
<markable id="markable_458" span="word_1805" tag="np" mmax_level="chunk" />
<markable id="markable_459" span="word_1807" tag="np" mmax_level="chunk" />
<markable id="markable_460" span="word_1809..word_1810" tag="np" mmax_level="chunk" />
<markable id="markable_461" span="word_1812..word_1813" tag="np" mmax_level="chunk" />
<markable id="markable_462" span="word_1818..word_1819" tag="np" mmax_level="chunk" />
<markable id="markable_463" span="word_1824..word_1825" tag="np" mmax_level="chunk" />
<markable id="markable_464" span="word_1827..word_1828" tag="np" mmax_level="chunk" />
<markable id="markable_465" span="word_1830" tag="np" mmax_level="chunk" />
<markable id="markable_466" span="word_1832" tag="np" mmax_level="chunk" />
<markable id="markable_467" span="word_1835..word_1836" tag="np" mmax_level="chunk" />
<markable id="markable_468" span="word_1839..word_1841" tag="np" mmax_level="chunk" />
<markable id="markable_469" span="word_1843" tag="np" mmax_level="chunk" />
<markable id="markable_470" span="word_1846..word_1848" tag="np" mmax_level="chunk" />
<markable id="markable_471" span="word_1850..word_1851" tag="np" mmax_level="chunk" />
<markable id="markable_472" span="word_1853" tag="np" mmax_level="chunk" />
<markable id="markable_473" span="word_1855..word_1857" tag="np" mmax_level="chunk" />
<markable id="markable_474" span="word_1860..word_1861" tag="np" mmax_level="chunk" />
<markable id="markable_475" span="word_1863..word_1865" tag="np" mmax_level="chunk" />
<markable id="markable_476" span="word_1867..word_1868" tag="np" mmax_level="chunk" />
<markable id="markable_477" span="word_1871..word_1872" tag="np" mmax_level="chunk" />
<markable id="markable_478" span="word_1874" tag="np" mmax_level="chunk" />
<markable id="markable_479" span="word_1877..word_1878" tag="np" mmax_level="chunk" />
<markable id="markable_480" span="word_1881" tag="np" mmax_level="chunk" />
<markable id="markable_481" span="word_1883..word_1884" tag="np" mmax_level="chunk" />
<markable id="markable_482" span="word_1886" tag="np" mmax_level="chunk" />
<markable id="markable_483" span="word_1891" tag="np" mmax_level="chunk" />
<markable id="markable_484" span="word_1897..word_1898" tag="np" mmax_level="chunk" />
<markable id="markable_485" span="word_1900..word_1902" tag="np" mmax_level="chunk" />
<markable id="markable_486" span="word_1905..word_1906" tag="np" mmax_level="chunk" />
<markable id="markable_487" span="word_1907..word_1909" tag="np" mmax_level="chunk" />
<markable id="markable_488" span="word_1911" tag="np" mmax_level="chunk" />
<markable id="markable_489" span="word_1918..word_1920" tag="np" mmax_level="chunk" />
<markable id="markable_490" span="word_1926..word_1928" tag="np" mmax_level="chunk" />
<markable id="markable_491" span="word_1930..word_1934" tag="np" mmax_level="chunk" />
<markable id="markable_492" span="word_1937..word_1938" tag="np" mmax_level="chunk" />
<markable id="markable_493" span="word_1940..word_1942" tag="np" mmax_level="chunk" />
<markable id="markable_494" span="word_1945..word_1946" tag="np" mmax_level="chunk" />
<markable id="markable_495" span="word_1948..word_1949" tag="np" mmax_level="chunk" />
<markable id="markable_496" span="word_1954..word_1955" tag="np" mmax_level="chunk" />
<markable id="markable_497" span="word_1957" tag="np" mmax_level="chunk" />
<markable id="markable_498" span="word_1960..word_1961" tag="np" mmax_level="chunk" />
<markable id="markable_499" span="word_1963" tag="np" mmax_level="chunk" />
<markable id="markable_500" span="word_1966..word_1968" tag="np" mmax_level="chunk" />
<markable id="markable_501" span="word_1971..word_1972" tag="np" mmax_level="chunk" />
<markable id="markable_502" span="word_1975" tag="np" mmax_level="chunk" />
<markable id="markable_503" span="word_1978..word_1979" tag="np" mmax_level="chunk" />
<markable id="markable_504" span="word_1981" tag="np" mmax_level="chunk" />
<markable id="markable_505" span="word_1984..word_1985" tag="np" mmax_level="chunk" />
<markable id="markable_506" span="word_1988..word_1990" tag="np" mmax_level="chunk" />
<markable id="markable_507" span="word_1992..word_1993" tag="np" mmax_level="chunk" />
<markable id="markable_508" span="word_1998..word_1999" tag="np" mmax_level="chunk" />
<markable id="markable_509" span="word_2001" tag="np" mmax_level="chunk" />
<markable id="markable_510" span="word_2005..word_2006" tag="np" mmax_level="chunk" />
<markable id="markable_511" span="word_2009..word_2010" tag="np" mmax_level="chunk" />
<markable id="markable_512" span="word_2013..word_2016" tag="np" mmax_level="chunk" />
<markable id="markable_513" span="word_2019..word_2020" tag="np" mmax_level="chunk" />
<markable id="markable_514" span="word_2022..word_2023" tag="np" mmax_level="chunk" />
<markable id="markable_515" span="word_2026..word_2028" tag="np" mmax_level="chunk" />
<markable id="markable_516" span="word_2032..word_2034" tag="np" mmax_level="chunk" />
<markable id="markable_517" span="word_2036" tag="np" mmax_level="chunk" />
<markable id="markable_518" span="word_2038" tag="np" mmax_level="chunk" />
<markable id="markable_519" span="word_2040" tag="np" mmax_level="chunk" />
<markable id="markable_520" span="word_2043..word_2044" tag="np" mmax_level="chunk" />
<markable id="markable_521" span="word_2046" tag="np" mmax_level="chunk" />
<markable id="markable_522" span="word_2048..word_2050" tag="np" mmax_level="chunk" />
<markable id="markable_523" span="word_2052" tag="np" mmax_level="chunk" />
<markable id="markable_524" span="word_2054..word_2055" tag="np" mmax_level="chunk" />
<markable id="markable_525" span="word_2058..word_2060" tag="np" mmax_level="chunk" />
<markable id="markable_526" span="word_2063..word_2064" tag="np" mmax_level="chunk" />
<markable id="markable_527" span="word_2066..word_2067" tag="np" mmax_level="chunk" />
<markable id="markable_528" span="word_2073" tag="np" mmax_level="chunk" />
<markable id="markable_529" span="word_2075" tag="np" mmax_level="chunk" />
<markable id="markable_530" span="word_2082..word_2083" tag="np" mmax_level="chunk" />
<markable id="markable_531" span="word_2085..word_2087" tag="np" mmax_level="chunk" />
<markable id="markable_532" span="word_2089..word_2090" tag="np" mmax_level="chunk" />
<markable id="markable_533" span="word_2092..word_2093" tag="np" mmax_level="chunk" />
<markable id="markable_534" span="word_2096" tag="np" mmax_level="chunk" />
<markable id="markable_535" span="word_2098..word_2099" tag="np" mmax_level="chunk" />
<markable id="markable_536" span="word_2102" tag="np" mmax_level="chunk" />
<markable id="markable_537" span="word_2104..word_2107" tag="np" mmax_level="chunk" />
<markable id="markable_538" span="word_2110" tag="np" mmax_level="chunk" />
<markable id="markable_539" span="word_2112..word_2113" tag="np" mmax_level="chunk" />
<markable id="markable_540" span="word_2115..word_2116" tag="np" mmax_level="chunk" />
<markable id="markable_541" span="word_2118" tag="np" mmax_level="chunk" />
<markable id="markable_542" span="word_2121..word_2122" tag="np" mmax_level="chunk" />
<markable id="markable_543" span="word_2125" tag="np" mmax_level="chunk" />
<markable id="markable_544" span="word_2128..word_2130" tag="np" mmax_level="chunk" />
<markable id="markable_545" span="word_2134..word_2136" tag="np" mmax_level="chunk" />
<markable id="markable_546" span="word_2139..word_2141" tag="np" mmax_level="chunk" />
<markable id="markable_547" span="word_2142..word_2143" tag="np" mmax_level="chunk" />
<markable id="markable_548" span="word_2146" tag="np" mmax_level="chunk" />
<markable id="markable_549" span="word_2149..word_2151" tag="np" mmax_level="chunk" />
<markable id="markable_550" span="word_2155..word_2157" tag="np" mmax_level="chunk" />
<markable id="markable_551" span="word_2159" tag="np" mmax_level="chunk" />
<markable id="markable_552" span="word_2163..word_2164" tag="np" mmax_level="chunk" />
<markable id="markable_553" span="word_2165..word_2167" tag="np" mmax_level="chunk" />
<markable id="markable_554" span="word_2171" tag="np" mmax_level="chunk" />
<markable id="markable_555" span="word_2173..word_2174" tag="np" mmax_level="chunk" />
<markable id="markable_556" span="word_2177..word_2178" tag="np" mmax_level="chunk" />
<markable id="markable_557" span="word_2180..word_2181" tag="np" mmax_level="chunk" />
<markable id="markable_558" span="word_2183" tag="np" mmax_level="chunk" />
<markable id="markable_559" span="word_2186" tag="np" mmax_level="chunk" />
<markable id="markable_560" span="word_2189..word_2190" tag="np" mmax_level="chunk" />
<markable id="markable_561" span="word_2192" tag="np" mmax_level="chunk" />
<markable id="markable_562" span="word_2197..word_2199" tag="np" mmax_level="chunk" />
<markable id="markable_563" span="word_2201..word_2202" tag="np" mmax_level="chunk" />
<markable id="markable_564" span="word_2204" tag="np" mmax_level="chunk" />
<markable id="markable_565" span="word_2207..word_2208" tag="np" mmax_level="chunk" />
<markable id="markable_566" span="word_2210..word_2212" tag="np" mmax_level="chunk" />
<markable id="markable_567" span="word_2215..word_2218" tag="np" mmax_level="chunk" />
<markable id="markable_568" span="word_2220..word_2221" tag="np" mmax_level="chunk" />
<markable id="markable_569" span="word_2226..word_2227" tag="np" mmax_level="chunk" />
<markable id="markable_570" span="word_2229..word_2230" tag="np" mmax_level="chunk" />
<markable id="markable_571" span="word_2232..word_2235" tag="np" mmax_level="chunk" />
<markable id="markable_572" span="word_2240..word_2241" tag="np" mmax_level="chunk" />
<markable id="markable_573" span="word_2243" tag="np" mmax_level="chunk" />
<markable id="markable_574" span="word_2246..word_2248" tag="np" mmax_level="chunk" />
<markable id="markable_575" span="word_2251..word_2252" tag="np" mmax_level="chunk" />
<markable id="markable_576" span="word_2258..word_2259" tag="np" mmax_level="chunk" />
<markable id="markable_577" span="word_2261..word_2263" tag="np" mmax_level="chunk" />
<markable id="markable_578" span="word_2266..word_2267" tag="np" mmax_level="chunk" />
<markable id="markable_579" span="word_2269..word_2270" tag="np" mmax_level="chunk" />
<markable id="markable_580" span="word_2272..word_2273" tag="np" mmax_level="chunk" />
<markable id="markable_581" span="word_2275" tag="np" mmax_level="chunk" />
<markable id="markable_582" span="word_2284..word_2286" tag="np" mmax_level="chunk" />
<markable id="markable_583" span="word_2288..word_2289" tag="np" mmax_level="chunk" />
<markable id="markable_584" span="word_2294..word_2295" tag="np" mmax_level="chunk" />
<markable id="markable_585" span="word_2297..word_2298" tag="np" mmax_level="chunk" />
<markable id="markable_586" span="word_2300" tag="np" mmax_level="chunk" />
<markable id="markable_587" span="word_2302" tag="np" mmax_level="chunk" />
<markable id="markable_588" span="word_2305..word_2306" tag="np" mmax_level="chunk" />
<markable id="markable_589" span="word_2308..word_2309" tag="np" mmax_level="chunk" />
<markable id="markable_590" span="word_2311..word_2312" tag="np" mmax_level="chunk" />
<markable id="markable_591" span="word_2314" tag="np" mmax_level="chunk" />
<markable id="markable_592" span="word_2319..word_2321" tag="np" mmax_level="chunk" />
<markable id="markable_593" span="word_2323" tag="np" mmax_level="chunk" />
<markable id="markable_594" span="word_2325..word_2326" tag="np" mmax_level="chunk" />
<markable id="markable_595" span="word_2329..word_2330" tag="np" mmax_level="chunk" />
<markable id="markable_596" span="word_2332" tag="np" mmax_level="chunk" />
<markable id="markable_597" span="word_2334..word_2336" tag="np" mmax_level="chunk" />
<markable id="markable_598" span="word_2340..word_2342" tag="np" mmax_level="chunk" />
<markable id="markable_599" span="word_2344" tag="np" mmax_level="chunk" />
<markable id="markable_600" span="word_2346" tag="np" mmax_level="chunk" />
<markable id="markable_601" span="word_2348" tag="np" mmax_level="chunk" />
<markable id="markable_602" span="word_2351..word_2353" tag="np" mmax_level="chunk" />
<markable id="markable_603" span="word_2355..word_2357" tag="np" mmax_level="chunk" />
<markable id="markable_604" span="word_2361..word_2362" tag="np" mmax_level="chunk" />
<markable id="markable_605" span="word_2364..word_2365" tag="np" mmax_level="chunk" />
<markable id="markable_606" span="word_2368..word_2369" tag="np" mmax_level="chunk" />
<markable id="markable_607" span="word_2371" tag="np" mmax_level="chunk" />
<markable id="markable_608" span="word_2373..word_2375" tag="np" mmax_level="chunk" />
<markable id="markable_609" span="word_2377..word_2378" tag="np" mmax_level="chunk" />
<markable id="markable_610" span="word_2380..word_2381" tag="np" mmax_level="chunk" />
<markable id="markable_611" span="word_2383" tag="np" mmax_level="chunk" />
<markable id="markable_612" span="word_2386..word_2387" tag="np" mmax_level="chunk" />
<markable id="markable_613" span="word_2392..word_2393" tag="np" mmax_level="chunk" />
<markable id="markable_614" span="word_2395..word_2396" tag="np" mmax_level="chunk" />
<markable id="markable_615" span="word_2398..word_2399" tag="np" mmax_level="chunk" />
<markable id="markable_616" span="word_2402..word_2403" tag="np" mmax_level="chunk" />
<markable id="markable_617" span="word_2407..word_2409" tag="np" mmax_level="chunk" />
<markable id="markable_618" span="word_2412" tag="np" mmax_level="chunk" />
<markable id="markable_619" span="word_2415..word_2416" tag="np" mmax_level="chunk" />
<markable id="markable_620" span="word_2419..word_2420" tag="np" mmax_level="chunk" />
<markable id="markable_621" span="word_2428..word_2429" tag="np" mmax_level="chunk" />
<markable id="markable_622" span="word_2434" tag="np" mmax_level="chunk" />
<markable id="markable_623" span="word_2436..word_2437" tag="np" mmax_level="chunk" />
<markable id="markable_624" span="word_2439..word_2441" tag="np" mmax_level="chunk" />
<markable id="markable_625" span="word_2443" tag="np" mmax_level="chunk" />
<markable id="markable_626" span="word_2446..word_2447" tag="np" mmax_level="chunk" />
<markable id="markable_627" span="word_2449..word_2450" tag="np" mmax_level="chunk" />
<markable id="markable_628" span="word_2456..word_2458" tag="np" mmax_level="chunk" />
<markable id="markable_629" span="word_2460..word_2461" tag="np" mmax_level="chunk" />
<markable id="markable_630" span="word_2463..word_2469" tag="np" mmax_level="chunk" />
<markable id="markable_631" span="word_2471..word_2474" tag="np" mmax_level="chunk" />
<markable id="markable_632" span="word_2477..word_2478" tag="np" mmax_level="chunk" />
<markable id="markable_633" span="word_2480" tag="np" mmax_level="chunk" />
<markable id="markable_634" span="word_2484..word_2485" tag="np" mmax_level="chunk" />
<markable id="markable_635" span="word_2489..word_2491" tag="np" mmax_level="chunk" />
<markable id="markable_636" span="word_2493" tag="np" mmax_level="chunk" />
<markable id="markable_637" span="word_2499" tag="np" mmax_level="chunk" />
<markable id="markable_638" span="word_2504..word_2505" tag="np" mmax_level="chunk" />
<markable id="markable_639" span="word_2507" tag="np" mmax_level="chunk" />
<markable id="markable_640" span="word_2514..word_2515" tag="np" mmax_level="chunk" />
<markable id="markable_641" span="word_2517" tag="np" mmax_level="chunk" />
<markable id="markable_642" span="word_2523" tag="np" mmax_level="chunk" />
<markable id="markable_643" span="word_2529" tag="np" mmax_level="chunk" />
<markable id="markable_644" span="word_2533..word_2535" tag="np" mmax_level="chunk" />
<markable id="markable_645" span="word_2537..word_2538" tag="np" mmax_level="chunk" />
<markable id="markable_646" span="word_2540" tag="np" mmax_level="chunk" />
<markable id="markable_647" span="word_2542..word_2543" tag="np" mmax_level="chunk" />
<markable id="markable_648" span="word_2546..word_2548" tag="np" mmax_level="chunk" />
<markable id="markable_649" span="word_2552..word_2553" tag="np" mmax_level="chunk" />
<markable id="markable_650" span="word_2555..word_2556" tag="np" mmax_level="chunk" />
<markable id="markable_651" span="word_2559..word_2561" tag="np" mmax_level="chunk" />
<markable id="markable_652" span="word_2563..word_2565" tag="np" mmax_level="chunk" />
<markable id="markable_653" span="word_2567..word_2568" tag="np" mmax_level="chunk" />
<markable id="markable_654" span="word_2571..word_2573" tag="np" mmax_level="chunk" />
<markable id="markable_655" span="word_2575..word_2576" tag="np" mmax_level="chunk" />
<markable id="markable_656" span="word_2578" tag="np" mmax_level="chunk" />
<markable id="markable_657" span="word_2586..word_2587" tag="np" mmax_level="chunk" />
<markable id="markable_658" span="word_2589" tag="np" mmax_level="chunk" />
<markable id="markable_659" span="word_2591..word_2592" tag="np" mmax_level="chunk" />
<markable id="markable_660" span="word_2594" tag="np" mmax_level="chunk" />
<markable id="markable_661" span="word_2597..word_2598" tag="np" mmax_level="chunk" />
<markable id="markable_662" span="word_2603..word_2604" tag="np" mmax_level="chunk" />
<markable id="markable_663" span="word_2606..word_2607" tag="np" mmax_level="chunk" />
<markable id="markable_664" span="word_2611" tag="np" mmax_level="chunk" />
<markable id="markable_665" span="word_2614..word_2615" tag="np" mmax_level="chunk" />
<markable id="markable_666" span="word_2618..word_2621" tag="np" mmax_level="chunk" />
<markable id="markable_667" span="word_2623..word_2624" tag="np" mmax_level="chunk" />
<markable id="markable_668" span="word_2626..word_2627" tag="np" mmax_level="chunk" />
<markable id="markable_669" span="word_2629..word_2630" tag="np" mmax_level="chunk" />
<markable id="markable_670" span="word_2632" tag="np" mmax_level="chunk" />
<markable id="markable_671" span="word_2641..word_2643" tag="np" mmax_level="chunk" />
<markable id="markable_672" span="word_2645..word_2646" tag="np" mmax_level="chunk" />
<markable id="markable_673" span="word_2648" tag="np" mmax_level="chunk" />
<markable id="markable_674" span="word_2651..word_2652" tag="np" mmax_level="chunk" />
<markable id="markable_675" span="word_2654..word_2655" tag="np" mmax_level="chunk" />
<markable id="markable_676" span="word_2658..word_2659" tag="np" mmax_level="chunk" />
<markable id="markable_677" span="word_2661..word_2662" tag="np" mmax_level="chunk" />
<markable id="markable_678" span="word_2664" tag="np" mmax_level="chunk" />
<markable id="markable_679" span="word_2667..word_2668" tag="np" mmax_level="chunk" />
<markable id="markable_680" span="word_2671" tag="np" mmax_level="chunk" />
<markable id="markable_681" span="word_2674..word_2675" tag="np" mmax_level="chunk" />
<markable id="markable_682" span="word_2680..word_2681" tag="np" mmax_level="chunk" />
<markable id="markable_683" span="word_2683" tag="np" mmax_level="chunk" />
<markable id="markable_684" span="word_2686..word_2687" tag="np" mmax_level="chunk" />
<markable id="markable_685" span="word_2691..word_2692" tag="np" mmax_level="chunk" />
<markable id="markable_686" span="word_2694" tag="np" mmax_level="chunk" />
<markable id="markable_687" span="word_2697..word_2699" tag="np" mmax_level="chunk" />
<markable id="markable_688" span="word_2702" tag="np" mmax_level="chunk" />
<markable id="markable_689" span="word_2705..word_2706" tag="np" mmax_level="chunk" />
<markable id="markable_690" span="word_2709" tag="np" mmax_level="chunk" />
<markable id="markable_691" span="word_2712..word_2713" tag="np" mmax_level="chunk" />
<markable id="markable_692" span="word_2715" tag="np" mmax_level="chunk" />
<markable id="markable_693" span="word_2718..word_2719" tag="np" mmax_level="chunk" />
<markable id="markable_694" span="word_2721" tag="np" mmax_level="chunk" />
<markable id="markable_695" span="word_2725..word_2726" tag="np" mmax_level="chunk" />
<markable id="markable_696" span="word_2728..word_2729" tag="np" mmax_level="chunk" />
<markable id="markable_697" span="word_2732..word_2733" tag="np" mmax_level="chunk" />
<markable id="markable_698" span="word_2735..word_2736" tag="np" mmax_level="chunk" />
<markable id="markable_699" span="word_2738" tag="np" mmax_level="chunk" />
<markable id="markable_700" span="word_2740..word_2741" tag="np" mmax_level="chunk" />
<markable id="markable_701" span="word_2747" tag="np" mmax_level="chunk" />
<markable id="markable_702" span="word_2750..word_2751" tag="np" mmax_level="chunk" />
<markable id="markable_703" span="word_2756..word_2757" tag="np" mmax_level="chunk" />
<markable id="markable_704" span="word_2760" tag="np" mmax_level="chunk" />
<markable id="markable_705" span="word_2762..word_2763" tag="np" mmax_level="chunk" />
<markable id="markable_706" span="word_2774..word_2776" tag="np" mmax_level="chunk" />
<markable id="markable_707" span="word_2779..word_2781" tag="np" mmax_level="chunk" />
<markable id="markable_708" span="word_2783..word_2784" tag="np" mmax_level="chunk" />
<markable id="markable_709" span="word_2789..word_2790" tag="np" mmax_level="chunk" />
<markable id="markable_710" span="word_2792" tag="np" mmax_level="chunk" />
<markable id="markable_711" span="word_2795..word_2797" tag="np" mmax_level="chunk" />
<markable id="markable_712" span="word_2800..word_2802" tag="np" mmax_level="chunk" />
<markable id="markable_713" span="word_2804..word_2807" tag="np" mmax_level="chunk" />
<markable id="markable_714" span="word_2810" tag="np" mmax_level="chunk" />
<markable id="markable_715" span="word_2815..word_2816" tag="np" mmax_level="chunk" />
<markable id="markable_716" span="word_2818..word_2819" tag="np" mmax_level="chunk" />
<markable id="markable_717" span="word_2821" tag="np" mmax_level="chunk" />
<markable id="markable_718" span="word_2823" tag="np" mmax_level="chunk" />
<markable id="markable_719" span="word_2824..word_2826" tag="np" mmax_level="chunk" />
<markable id="markable_720" span="word_2827..word_2828" tag="np" mmax_level="chunk" />
<markable id="markable_721" span="word_2829" tag="np" mmax_level="chunk" />
<markable id="markable_722" span="word_2833" tag="np" mmax_level="chunk" />
<markable id="markable_723" span="word_2835..word_2837" tag="np" mmax_level="chunk" />
<markable id="markable_724" span="word_2840" tag="np" mmax_level="chunk" />
<markable id="markable_725" span="word_2844..word_2846" tag="np" mmax_level="chunk" />
<markable id="markable_726" span="word_2849" tag="np" mmax_level="chunk" />
<markable id="markable_727" span="word_2851" tag="np" mmax_level="chunk" />
<markable id="markable_728" span="word_2853..word_2855" tag="np" mmax_level="chunk" />
<markable id="markable_729" span="word_2858..word_2860" tag="np" mmax_level="chunk" />
<markable id="markable_730" span="word_2865..word_2866" tag="np" mmax_level="chunk" />
<markable id="markable_731" span="word_2869" tag="np" mmax_level="chunk" />
<markable id="markable_732" span="word_2872..word_2873" tag="np" mmax_level="chunk" />
<markable id="markable_733" span="word_2875..word_2876" tag="np" mmax_level="chunk" />
<markable id="markable_734" span="word_2879" tag="np" mmax_level="chunk" />
<markable id="markable_735" span="word_2883..word_2884" tag="np" mmax_level="chunk" />
<markable id="markable_736" span="word_2886..word_2887" tag="np" mmax_level="chunk" />
<markable id="markable_737" span="word_2889" tag="np" mmax_level="chunk" />
<markable id="markable_738" span="word_2890" tag="np" mmax_level="chunk" />
<markable id="markable_739" span="word_2893" tag="np" mmax_level="chunk" />
<markable id="markable_740" span="word_2896..word_2898" tag="np" mmax_level="chunk" />
<markable id="markable_741" span="word_2901..word_2902" tag="np" mmax_level="chunk" />
<markable id="markable_742" span="word_2904..word_2906" tag="np" mmax_level="chunk" />
<markable id="markable_743" span="word_2909" tag="np" mmax_level="chunk" />
<markable id="markable_744" span="word_2913" tag="np" mmax_level="chunk" />
<markable id="markable_745" span="word_2917..word_2918" tag="np" mmax_level="chunk" />
<markable id="markable_746" span="word_2920" tag="np" mmax_level="chunk" />
<markable id="markable_747" span="word_2923..word_2924" tag="np" mmax_level="chunk" />
<markable id="markable_748" span="word_2926..word_2928" tag="np" mmax_level="chunk" />
<markable id="markable_749" span="word_2930" tag="np" mmax_level="chunk" />
<markable id="markable_750" span="word_2933..word_2935" tag="np" mmax_level="chunk" />
<markable id="markable_751" span="word_2937..word_2938" tag="np" mmax_level="chunk" />
<markable id="markable_752" span="word_2945..word_2946" tag="np" mmax_level="chunk" />
<markable id="markable_753" span="word_2948" tag="np" mmax_level="chunk" />
<markable id="markable_754" span="word_2952..word_2953" tag="np" mmax_level="chunk" />
<markable id="markable_755" span="word_2956..word_2957" tag="np" mmax_level="chunk" />
<markable id="markable_756" span="word_2961" tag="np" mmax_level="chunk" />
<markable id="markable_757" span="word_2963..word_2964" tag="np" mmax_level="chunk" />
<markable id="markable_758" span="word_2967" tag="np" mmax_level="chunk" />
<markable id="markable_759" span="word_2970..word_2971" tag="np" mmax_level="chunk" />
<markable id="markable_760" span="word_2973..word_2974" tag="np" mmax_level="chunk" />
<markable id="markable_761" span="word_2976..word_2977" tag="np" mmax_level="chunk" />
<markable id="markable_762" span="word_2980..word_2981" tag="np" mmax_level="chunk" />
<markable id="markable_763" span="word_2984..word_2985" tag="np" mmax_level="chunk" />
<markable id="markable_764" span="word_2987..word_2989" tag="np" mmax_level="chunk" />
<markable id="markable_765" span="word_2991..word_2995" tag="np" mmax_level="chunk" />
<markable id="markable_766" span="word_2997" tag="np" mmax_level="chunk" />
<markable id="markable_767" span="word_3000..word_3001" tag="np" mmax_level="chunk" />
<markable id="markable_768" span="word_3004..word_3007" tag="np" mmax_level="chunk" />
<markable id="markable_769" span="word_3010..word_3011" tag="np" mmax_level="chunk" />
<markable id="markable_770" span="word_3012..word_3014" tag="np" mmax_level="chunk" />
<markable id="markable_771" span="word_3017..word_3018" tag="np" mmax_level="chunk" />
<markable id="markable_772" span="word_3026..word_3027" tag="np" mmax_level="chunk" />
<markable id="markable_773" span="word_3029..word_3031" tag="np" mmax_level="chunk" />
<markable id="markable_774" span="word_3034..word_3035" tag="np" mmax_level="chunk" />
<markable id="markable_775" span="word_3037..word_3038" tag="np" mmax_level="chunk" />
<markable id="markable_776" span="word_3040" tag="np" mmax_level="chunk" />
<markable id="markable_777" span="word_3044..word_3046" tag="np" mmax_level="chunk" />
<markable id="markable_778" span="word_3048..word_3053" tag="np" mmax_level="chunk" />
<markable id="markable_779" span="word_3055" tag="np" mmax_level="chunk" />
<markable id="markable_780" span="word_3059..word_3060" tag="np" mmax_level="chunk" />
<markable id="markable_781" span="word_3062..word_3063" tag="np" mmax_level="chunk" />
<markable id="markable_782" span="word_3065..word_3067" tag="np" mmax_level="chunk" />
<markable id="markable_783" span="word_3069..word_3070" tag="np" mmax_level="chunk" />
<markable id="markable_784" span="word_3072..word_3074" tag="np" mmax_level="chunk" />
<markable id="markable_785" span="word_3077" tag="np" mmax_level="chunk" />
<markable id="markable_786" span="word_3088..word_3089" tag="np" mmax_level="chunk" />
<markable id="markable_787" span="word_3093..word_3095" tag="np" mmax_level="chunk" />
<markable id="markable_788" span="word_3097" tag="np" mmax_level="chunk" />
<markable id="markable_789" span="word_3108..word_3110" tag="np" mmax_level="chunk" />
<markable id="markable_790" span="word_3112..word_3114" tag="np" mmax_level="chunk" />
<markable id="markable_791" span="word_3115" tag="np" mmax_level="chunk" />
<markable id="markable_792" span="word_3118..word_3120" tag="np" mmax_level="chunk" />
<markable id="markable_793" span="word_3122..word_3123" tag="np" mmax_level="chunk" />
<markable id="markable_794" span="word_3126..word_3127" tag="np" mmax_level="chunk" />
<markable id="markable_795" span="word_3129" tag="np" mmax_level="chunk" />
<markable id="markable_796" span="word_3131..word_3133" tag="np" mmax_level="chunk" />
<markable id="markable_797" span="word_3137..word_3138" tag="np" mmax_level="chunk" />
<markable id="markable_798" span="word_3143" tag="np" mmax_level="chunk" />
<markable id="markable_799" span="word_3145..word_3146" tag="np" mmax_level="chunk" />
<markable id="markable_800" span="word_3149" tag="np" mmax_level="chunk" />
<markable id="markable_801" span="word_3151..word_3152" tag="np" mmax_level="chunk" />
<markable id="markable_802" span="word_3157" tag="np" mmax_level="chunk" />
<markable id="markable_803" span="word_3161" tag="np" mmax_level="chunk" />
<markable id="markable_804" span="word_3164..word_3166" tag="np" mmax_level="chunk" />
<markable id="markable_805" span="word_3169" tag="np" mmax_level="chunk" />
<markable id="markable_806" span="word_3176" tag="np" mmax_level="chunk" />
<markable id="markable_807" span="word_3180" tag="np" mmax_level="chunk" />
<markable id="markable_808" span="word_3182..word_3184" tag="np" mmax_level="chunk" />
<markable id="markable_809" span="word_3186" tag="np" mmax_level="chunk" />
<markable id="markable_810" span="word_3187..word_3188" tag="np" mmax_level="chunk" />
<markable id="markable_811" span="word_3191..word_3192" tag="np" mmax_level="chunk" />
<markable id="markable_812" span="word_3194" tag="np" mmax_level="chunk" />
<markable id="markable_813" span="word_3196..word_3197" tag="np" mmax_level="chunk" />
<markable id="markable_814" span="word_3198" tag="np" mmax_level="chunk" />
<markable id="markable_815" span="word_3203..word_3205" tag="np" mmax_level="chunk" />
<markable id="markable_816" span="word_3207..word_3208" tag="np" mmax_level="chunk" />
<markable id="markable_817" span="word_3215..word_3217" tag="np" mmax_level="chunk" />
<markable id="markable_818" span="word_3219..word_3221" tag="np" mmax_level="chunk" />
<markable id="markable_819" span="word_3224..word_3225" tag="np" mmax_level="chunk" />
<markable id="markable_820" span="word_3230" tag="np" mmax_level="chunk" />
<markable id="markable_821" span="word_3233" tag="np" mmax_level="chunk" />
<markable id="markable_822" span="word_3234..word_3235" tag="np" mmax_level="chunk" />
<markable id="markable_823" span="word_3237..word_3238" tag="np" mmax_level="chunk" />
<markable id="markable_824" span="word_3241" tag="np" mmax_level="chunk" />
<markable id="markable_825" span="word_3245..word_3246" tag="np" mmax_level="chunk" />
<markable id="markable_826" span="word_3248..word_3252" tag="np" mmax_level="chunk" />
<markable id="markable_827" span="word_3254" tag="np" mmax_level="chunk" />
<markable id="markable_828" span="word_3257..word_3258" tag="np" mmax_level="chunk" />
<markable id="markable_829" span="word_3262..word_3263" tag="np" mmax_level="chunk" />
<markable id="markable_830" span="word_3266..word_3267" tag="np" mmax_level="chunk" />
<markable id="markable_831" span="word_3269" tag="np" mmax_level="chunk" />
<markable id="markable_832" span="word_3273..word_3274" tag="np" mmax_level="chunk" />
<markable id="markable_833" span="word_3277..word_3279" tag="np" mmax_level="chunk" />
<markable id="markable_834" span="word_3282..word_3283" tag="np" mmax_level="chunk" />
<markable id="markable_835" span="word_3285" tag="np" mmax_level="chunk" />
<markable id="markable_836" span="word_3286..word_3288" tag="np" mmax_level="chunk" />
<markable id="markable_837" span="word_3290..word_3293" tag="np" mmax_level="chunk" />
<markable id="markable_838" span="word_3295..word_3297" tag="np" mmax_level="chunk" />
<markable id="markable_839" span="word_3301..word_3303" tag="np" mmax_level="chunk" />
</markables>
