<?xml version="1.0" encoding="MacRoman"?>
<!DOCTYPE markables SYSTEM "markables.dtd">
<markables xmlns="www.eml.org/NameSpaces/enamex">
<markable id="markable_0" span="word_1..word_2" tag="organization" mmax_level="enamex" />
<markable id="markable_1" span="word_33" tag="organization" mmax_level="enamex" />
<markable id="markable_2" span="word_68" tag="organization" mmax_level="enamex" />
<markable id="markable_3" span="word_75" tag="organization" mmax_level="enamex" />
<markable id="markable_4" span="word_94" tag="organization" mmax_level="enamex" />
<markable id="markable_5" span="word_117" tag="organization" mmax_level="enamex" />
<markable id="markable_6" span="word_155" tag="organization" mmax_level="enamex" />
<markable id="markable_7" span="word_187" tag="organization" mmax_level="enamex" />
<markable id="markable_8" span="word_193" tag="organization" mmax_level="enamex" />
<markable id="markable_9" span="word_239" tag="organization" mmax_level="enamex" />
<markable id="markable_10" span="word_275" tag="organization" mmax_level="enamex" />
<markable id="markable_11" span="word_297" tag="organization" mmax_level="enamex" />
<markable id="markable_12" span="word_312" tag="organization" mmax_level="enamex" />
<markable id="markable_13" span="word_346" tag="organization" mmax_level="enamex" />
<markable id="markable_14" span="word_384" tag="organization" mmax_level="enamex" />
<markable id="markable_15" span="word_423" tag="organization" mmax_level="enamex" />
<markable id="markable_16" span="word_459" tag="organization" mmax_level="enamex" />
<markable id="markable_17" span="word_489" tag="organization" mmax_level="enamex" />
<markable id="markable_18" span="word_555" tag="organization" mmax_level="enamex" />
<markable id="markable_19" span="word_574" tag="organization" mmax_level="enamex" />
<markable id="markable_20" span="word_616" tag="organization" mmax_level="enamex" />
<markable id="markable_21" span="word_652" tag="organization" mmax_level="enamex" />
<markable id="markable_22" span="word_680" tag="organization" mmax_level="enamex" />
<markable id="markable_23" span="word_738" tag="organization" mmax_level="enamex" />
<markable id="markable_24" span="word_771" tag="organization" mmax_level="enamex" />
<markable id="markable_25" span="word_870" tag="organization" mmax_level="enamex" />
<markable id="markable_26" span="word_938" tag="organization" mmax_level="enamex" />
<markable id="markable_27" span="word_949" tag="organization" mmax_level="enamex" />
<markable id="markable_28" span="word_979" tag="organization" mmax_level="enamex" />
<markable id="markable_29" span="word_1031" tag="organization" mmax_level="enamex" />
<markable id="markable_30" span="word_1043" tag="organization" mmax_level="enamex" />
<markable id="markable_31" span="word_1060" tag="organization" mmax_level="enamex" />
<markable id="markable_32" span="word_1123" tag="location" mmax_level="enamex" />
<markable id="markable_33" span="word_1194" tag="organization" mmax_level="enamex" />
<markable id="markable_34" span="word_1198" tag="organization" mmax_level="enamex" />
<markable id="markable_35" span="word_1207" tag="organization" mmax_level="enamex" />
<markable id="markable_36" span="word_1213" tag="organization" mmax_level="enamex" />
<markable id="markable_37" span="word_1237" tag="organization" mmax_level="enamex" />
<markable id="markable_38" span="word_1361" tag="organization" mmax_level="enamex" />
<markable id="markable_39" span="word_1450" tag="organization" mmax_level="enamex" />
<markable id="markable_40" span="word_1487" tag="organization" mmax_level="enamex" />
<markable id="markable_41" span="word_1491" tag="organization" mmax_level="enamex" />
<markable id="markable_42" span="word_1522" tag="organization" mmax_level="enamex" />
<markable id="markable_43" span="word_1537" tag="organization" mmax_level="enamex" />
<markable id="markable_44" span="word_1619" tag="organization" mmax_level="enamex" />
<markable id="markable_45" span="word_1724" tag="organization" mmax_level="enamex" />
<markable id="markable_46" span="word_1757" tag="organization" mmax_level="enamex" />
<markable id="markable_47" span="word_1796" tag="organization" mmax_level="enamex" />
<markable id="markable_48" span="word_1807" tag="organization" mmax_level="enamex" />
<markable id="markable_49" span="word_2316" tag="organization" mmax_level="enamex" />
<markable id="markable_50" span="word_2335" tag="organization" mmax_level="enamex" />
<markable id="markable_51" span="word_2352" tag="organization" mmax_level="enamex" />
<markable id="markable_52" span="word_2493" tag="organization" mmax_level="enamex" />
<markable id="markable_53" span="word_2555" tag="organization" mmax_level="enamex" />
<markable id="markable_54" span="word_2780" tag="organization" mmax_level="enamex" />
<markable id="markable_55" span="word_3075" tag="organization" mmax_level="enamex" />
<markable id="markable_56" span="word_3302" tag="organization" mmax_level="enamex" />
</markables>
