<?xml version="1.0" encoding="MacRoman"?>
<!DOCTYPE markables SYSTEM "markables.dtd">
<markables xmlns="www.eml.org/NameSpaces/sentence">
<markable id="markable_0" span="word_1..word_32" orderid="0" mmax_level="sentence" />
<markable id="markable_1" span="word_33..word_57" orderid="1" mmax_level="sentence" />
<markable id="markable_2" span="word_58..word_71" orderid="2" mmax_level="sentence" />
<markable id="markable_3" span="word_72..word_91" orderid="3" mmax_level="sentence" />
<markable id="markable_4" span="word_92..word_96" orderid="4" mmax_level="sentence" />
<markable id="markable_5" span="word_97..word_132" orderid="5" mmax_level="sentence" />
<markable id="markable_6" span="word_133..word_156" orderid="6" mmax_level="sentence" />
<markable id="markable_7" span="word_157..word_168" orderid="7" mmax_level="sentence" />
<markable id="markable_8" span="word_169..word_182" orderid="8" mmax_level="sentence" />
<markable id="markable_9" span="word_183..word_189" orderid="9" mmax_level="sentence" />
<markable id="markable_10" span="word_190..word_234" orderid="10" mmax_level="sentence" />
<markable id="markable_11" span="word_235..word_266" orderid="11" mmax_level="sentence" />
<markable id="markable_12" span="word_267..word_293" orderid="12" mmax_level="sentence" />
<markable id="markable_13" span="word_294..word_311" orderid="13" mmax_level="sentence" />
<markable id="markable_14" span="word_312..word_324" orderid="14" mmax_level="sentence" />
<markable id="markable_15" span="word_325..word_334" orderid="15" mmax_level="sentence" />
<markable id="markable_16" span="word_335..word_347" orderid="16" mmax_level="sentence" />
<markable id="markable_17" span="word_348..word_362" orderid="17" mmax_level="sentence" />
<markable id="markable_18" span="word_363..word_381" orderid="18" mmax_level="sentence" />
<markable id="markable_19" span="word_382..word_388" orderid="19" mmax_level="sentence" />
<markable id="markable_20" span="word_389..word_418" orderid="20" mmax_level="sentence" />
<markable id="markable_21" span="word_419..word_443" orderid="21" mmax_level="sentence" />
<markable id="markable_22" span="word_444..word_453" orderid="22" mmax_level="sentence" />
<markable id="markable_23" span="word_454..word_479" orderid="23" mmax_level="sentence" />
<markable id="markable_24" span="word_480..word_493" orderid="24" mmax_level="sentence" />
<markable id="markable_25" span="word_494..word_504" orderid="25" mmax_level="sentence" />
<markable id="markable_26" span="word_505..word_514" orderid="26" mmax_level="sentence" />
<markable id="markable_27" span="word_515..word_524" orderid="27" mmax_level="sentence" />
<markable id="markable_28" span="word_525..word_535" orderid="28" mmax_level="sentence" />
<markable id="markable_29" span="word_536..word_561" orderid="29" mmax_level="sentence" />
<markable id="markable_30" span="word_562..word_573" orderid="30" mmax_level="sentence" />
<markable id="markable_31" span="word_574..word_588" orderid="31" mmax_level="sentence" />
<markable id="markable_32" span="word_589..word_610" orderid="32" mmax_level="sentence" />
<markable id="markable_33" span="word_611..word_643" orderid="33" mmax_level="sentence" />
<markable id="markable_34" span="word_644..word_658" orderid="34" mmax_level="sentence" />
<markable id="markable_35" span="word_659..word_675" orderid="35" mmax_level="sentence" />
<markable id="markable_36" span="word_676..word_694" orderid="36" mmax_level="sentence" />
<markable id="markable_37" span="word_695..word_706" orderid="37" mmax_level="sentence" />
<markable id="markable_38" span="word_707..word_728" orderid="38" mmax_level="sentence" />
<markable id="markable_39" span="word_729..word_737" orderid="39" mmax_level="sentence" />
<markable id="markable_40" span="word_738..word_753" orderid="40" mmax_level="sentence" />
<markable id="markable_41" span="word_754..word_768" orderid="41" mmax_level="sentence" />
<markable id="markable_42" span="word_769..word_781" orderid="42" mmax_level="sentence" />
<markable id="markable_43" span="word_782..word_797" orderid="43" mmax_level="sentence" />
<markable id="markable_44" span="word_798..word_810" orderid="44" mmax_level="sentence" />
<markable id="markable_45" span="word_811..word_846" orderid="45" mmax_level="sentence" />
<markable id="markable_46" span="word_847..word_882" orderid="46" mmax_level="sentence" />
<markable id="markable_47" span="word_883..word_914" orderid="47" mmax_level="sentence" />
<markable id="markable_48" span="word_915..word_935" orderid="48" mmax_level="sentence" />
<markable id="markable_49" span="word_936..word_940" orderid="49" mmax_level="sentence" />
<markable id="markable_50" span="word_941..word_966" orderid="50" mmax_level="sentence" />
<markable id="markable_51" span="word_967..word_982" orderid="51" mmax_level="sentence" />
<markable id="markable_52" span="word_983..word_996" orderid="52" mmax_level="sentence" />
<markable id="markable_53" span="word_997..word_1007" orderid="53" mmax_level="sentence" />
<markable id="markable_54" span="word_1008..word_1026" orderid="54" mmax_level="sentence" />
<markable id="markable_55" span="word_1027..word_1054" orderid="55" mmax_level="sentence" />
<markable id="markable_56" span="word_1055..word_1076" orderid="56" mmax_level="sentence" />
<markable id="markable_57" span="word_1077..word_1088" orderid="57" mmax_level="sentence" />
<markable id="markable_58" span="word_1089..word_1115" orderid="58" mmax_level="sentence" />
<markable id="markable_59" span="word_1116..word_1134" orderid="59" mmax_level="sentence" />
<markable id="markable_60" span="word_1135..word_1148" orderid="60" mmax_level="sentence" />
<markable id="markable_61" span="word_1149..word_1177" orderid="61" mmax_level="sentence" />
<markable id="markable_62" span="word_1178..word_1187" orderid="62" mmax_level="sentence" />
<markable id="markable_63" span="word_1188..word_1196" orderid="63" mmax_level="sentence" />
<markable id="markable_64" span="word_1197..word_1220" orderid="64" mmax_level="sentence" />
<markable id="markable_65" span="word_1221..word_1240" orderid="65" mmax_level="sentence" />
<markable id="markable_66" span="word_1241..word_1271" orderid="66" mmax_level="sentence" />
<markable id="markable_67" span="word_1272..word_1282" orderid="67" mmax_level="sentence" />
<markable id="markable_68" span="word_1283..word_1303" orderid="68" mmax_level="sentence" />
<markable id="markable_69" span="word_1304..word_1314" orderid="69" mmax_level="sentence" />
<markable id="markable_70" span="word_1315..word_1339" orderid="70" mmax_level="sentence" />
<markable id="markable_71" span="word_1340..word_1348" orderid="71" mmax_level="sentence" />
<markable id="markable_72" span="word_1349..word_1356" orderid="72" mmax_level="sentence" />
<markable id="markable_73" span="word_1357..word_1393" orderid="73" mmax_level="sentence" />
<markable id="markable_74" span="word_1394..word_1399" orderid="74" mmax_level="sentence" />
<markable id="markable_75" span="word_1400..word_1410" orderid="75" mmax_level="sentence" />
<markable id="markable_76" span="word_1411..word_1436" orderid="76" mmax_level="sentence" />
<markable id="markable_77" span="word_1437..word_1466" orderid="77" mmax_level="sentence" />
<markable id="markable_78" span="word_1467..word_1484" orderid="78" mmax_level="sentence" />
<markable id="markable_79" span="word_1485..word_1490" orderid="79" mmax_level="sentence" />
<markable id="markable_80" span="word_1491..word_1500" orderid="80" mmax_level="sentence" />
<markable id="markable_81" span="word_1501..word_1527" orderid="81" mmax_level="sentence" />
<markable id="markable_82" span="word_1528..word_1565" orderid="82" mmax_level="sentence" />
<markable id="markable_83" span="word_1566..word_1574" orderid="83" mmax_level="sentence" />
<markable id="markable_84" span="word_1575..word_1581" orderid="84" mmax_level="sentence" />
<markable id="markable_85" span="word_1582..word_1595" orderid="85" mmax_level="sentence" />
<markable id="markable_86" span="word_1596..word_1621" orderid="86" mmax_level="sentence" />
<markable id="markable_87" span="word_1622..word_1633" orderid="87" mmax_level="sentence" />
<markable id="markable_88" span="word_1634..word_1654" orderid="88" mmax_level="sentence" />
<markable id="markable_89" span="word_1655..word_1679" orderid="89" mmax_level="sentence" />
<markable id="markable_90" span="word_1680..word_1689" orderid="90" mmax_level="sentence" />
<markable id="markable_91" span="word_1690..word_1693" orderid="91" mmax_level="sentence" />
<markable id="markable_92" span="word_1694..word_1695" orderid="92" mmax_level="sentence" />
<markable id="markable_93" span="word_1696..word_1709" orderid="93" mmax_level="sentence" />
<markable id="markable_94" span="word_1710..word_1725" orderid="94" mmax_level="sentence" />
<markable id="markable_95" span="word_1726..word_1727" orderid="95" mmax_level="sentence" />
<markable id="markable_96" span="word_1728..word_1745" orderid="96" mmax_level="sentence" />
<markable id="markable_97" span="word_1746..word_1747" orderid="97" mmax_level="sentence" />
<markable id="markable_98" span="word_1748..word_1769" orderid="98" mmax_level="sentence" />
<markable id="markable_99" span="word_1770..word_1771" orderid="99" mmax_level="sentence" />
<markable id="markable_100" span="word_1772..word_1776" orderid="100" mmax_level="sentence" />
<markable id="markable_101" span="word_1777..word_1786" orderid="101" mmax_level="sentence" />
<markable id="markable_102" span="word_1787..word_1833" orderid="102" mmax_level="sentence" />
<markable id="markable_103" span="word_1834..word_1842" orderid="103" mmax_level="sentence" />
<markable id="markable_104" span="word_1843..word_1844" orderid="104" mmax_level="sentence" />
<markable id="markable_105" span="word_1845..word_1852" orderid="105" mmax_level="sentence" />
<markable id="markable_106" span="word_1853..word_1854" orderid="106" mmax_level="sentence" />
<markable id="markable_107" span="word_1855..word_1875" orderid="107" mmax_level="sentence" />
<markable id="markable_108" span="word_1876..word_1892" orderid="108" mmax_level="sentence" />
<markable id="markable_109" span="word_1893..word_1894" orderid="109" mmax_level="sentence" />
<markable id="markable_110" span="word_1895..word_1935" orderid="110" mmax_level="sentence" />
<markable id="markable_111" span="word_1936..word_1950" orderid="111" mmax_level="sentence" />
<markable id="markable_112" span="word_1951..word_1962" orderid="112" mmax_level="sentence" />
<markable id="markable_113" span="word_1963..word_1964" orderid="113" mmax_level="sentence" />
<markable id="markable_114" span="word_1965..word_1986" orderid="114" mmax_level="sentence" />
<markable id="markable_115" span="word_1987..word_1994" orderid="115" mmax_level="sentence" />
<markable id="markable_116" span="word_1995..word_2000" orderid="116" mmax_level="sentence" />
<markable id="markable_117" span="word_2001..word_2002" orderid="117" mmax_level="sentence" />
<markable id="markable_118" span="word_2003..word_2017" orderid="118" mmax_level="sentence" />
<markable id="markable_119" span="word_2018..word_2039" orderid="119" mmax_level="sentence" />
<markable id="markable_120" span="word_2040..word_2041" orderid="120" mmax_level="sentence" />
<markable id="markable_121" span="word_2042..word_2068" orderid="121" mmax_level="sentence" />
<markable id="markable_122" span="word_2069..word_2094" orderid="122" mmax_level="sentence" />
<markable id="markable_123" span="word_2095..word_2108" orderid="123" mmax_level="sentence" />
<markable id="markable_124" span="word_2109..word_2137" orderid="124" mmax_level="sentence" />
<markable id="markable_125" span="word_2138..word_2158" orderid="125" mmax_level="sentence" />
<markable id="markable_126" span="word_2159..word_2160" orderid="126" mmax_level="sentence" />
<markable id="markable_127" span="word_2161..word_2185" orderid="127" mmax_level="sentence" />
<markable id="markable_128" span="word_2186..word_2187" orderid="128" mmax_level="sentence" />
<markable id="markable_129" span="word_2188..word_2195" orderid="129" mmax_level="sentence" />
<markable id="markable_130" span="word_2196..word_2203" orderid="130" mmax_level="sentence" />
<markable id="markable_131" span="word_2204..word_2205" orderid="131" mmax_level="sentence" />
<markable id="markable_132" span="word_2206..word_2249" orderid="132" mmax_level="sentence" />
<markable id="markable_133" span="word_2250..word_2274" orderid="133" mmax_level="sentence" />
<markable id="markable_134" span="word_2275..word_2276" orderid="134" mmax_level="sentence" />
<markable id="markable_135" span="word_2277..word_2290" orderid="135" mmax_level="sentence" />
<markable id="markable_136" span="word_2291..word_2301" orderid="136" mmax_level="sentence" />
<markable id="markable_137" span="word_2302..word_2303" orderid="137" mmax_level="sentence" />
<markable id="markable_138" span="word_2304..word_2315" orderid="138" mmax_level="sentence" />
<markable id="markable_139" span="word_2316..word_2317" orderid="139" mmax_level="sentence" />
<markable id="markable_140" span="word_2318..word_2349" orderid="140" mmax_level="sentence" />
<markable id="markable_141" span="word_2350..word_2382" orderid="141" mmax_level="sentence" />
<markable id="markable_142" span="word_2383..word_2384" orderid="142" mmax_level="sentence" />
<markable id="markable_143" span="word_2385..word_2424" orderid="143" mmax_level="sentence" />
<markable id="markable_144" span="word_2425..word_2442" orderid="144" mmax_level="sentence" />
<markable id="markable_145" span="word_2443..word_2444" orderid="145" mmax_level="sentence" />
<markable id="markable_146" span="word_2445..word_2479" orderid="146" mmax_level="sentence" />
<markable id="markable_147" span="word_2480..word_2481" orderid="147" mmax_level="sentence" />
<markable id="markable_148" span="word_2482..word_2494" orderid="148" mmax_level="sentence" />
<markable id="markable_149" span="word_2495..word_2498" orderid="149" mmax_level="sentence" />
<markable id="markable_150" span="word_2499..word_2500" orderid="150" mmax_level="sentence" />
<markable id="markable_151" span="word_2501..word_2512" orderid="151" mmax_level="sentence" />
<markable id="markable_152" span="word_2513..word_2528" orderid="152" mmax_level="sentence" />
<markable id="markable_153" span="word_2529..word_2530" orderid="153" mmax_level="sentence" />
<markable id="markable_154" span="word_2531..word_2549" orderid="154" mmax_level="sentence" />
<markable id="markable_155" span="word_2550..word_2569" orderid="155" mmax_level="sentence" />
<markable id="markable_156" span="word_2570..word_2577" orderid="156" mmax_level="sentence" />
<markable id="markable_157" span="word_2578..word_2579" orderid="157" mmax_level="sentence" />
<markable id="markable_158" span="word_2580..word_2593" orderid="158" mmax_level="sentence" />
<markable id="markable_159" span="word_2594..word_2595" orderid="159" mmax_level="sentence" />
<markable id="markable_160" span="word_2596..word_2610" orderid="160" mmax_level="sentence" />
<markable id="markable_161" span="word_2611..word_2612" orderid="161" mmax_level="sentence" />
<markable id="markable_162" span="word_2613..word_2631" orderid="162" mmax_level="sentence" />
<markable id="markable_163" span="word_2632..word_2633" orderid="163" mmax_level="sentence" />
<markable id="markable_164" span="word_2634..word_2647" orderid="164" mmax_level="sentence" />
<markable id="markable_165" span="word_2648..word_2649" orderid="165" mmax_level="sentence" />
<markable id="markable_166" span="word_2650..word_2656" orderid="166" mmax_level="sentence" />
<markable id="markable_167" span="word_2657..word_2663" orderid="167" mmax_level="sentence" />
<markable id="markable_168" span="word_2664..word_2665" orderid="168" mmax_level="sentence" />
<markable id="markable_169" span="word_2666..word_2676" orderid="169" mmax_level="sentence" />
<markable id="markable_170" span="word_2677..word_2693" orderid="170" mmax_level="sentence" />
<markable id="markable_171" span="word_2694..word_2695" orderid="171" mmax_level="sentence" />
<markable id="markable_172" span="word_2696..word_2720" orderid="172" mmax_level="sentence" />
<markable id="markable_173" span="word_2721..word_2722" orderid="173" mmax_level="sentence" />
<markable id="markable_174" span="word_2723..word_2739" orderid="174" mmax_level="sentence" />
<markable id="markable_175" span="word_2740..word_2765" orderid="175" mmax_level="sentence" />
<markable id="markable_176" span="word_2766..word_2769" orderid="176" mmax_level="sentence" />
<markable id="markable_177" span="word_2770..word_2793" orderid="177" mmax_level="sentence" />
<markable id="markable_178" span="word_2794..word_2809" orderid="178" mmax_level="sentence" />
<markable id="markable_179" span="word_2810..word_2822" orderid="179" mmax_level="sentence" />
<markable id="markable_180" span="word_2823..word_2892" orderid="180" mmax_level="sentence" />
<markable id="markable_181" span="word_2893..word_2894" orderid="181" mmax_level="sentence" />
<markable id="markable_182" span="word_2895..word_2912" orderid="182" mmax_level="sentence" />
<markable id="markable_183" span="word_2913..word_2914" orderid="183" mmax_level="sentence" />
<markable id="markable_184" span="word_2915..word_2919" orderid="184" mmax_level="sentence" />
<markable id="markable_185" span="word_2920..word_2921" orderid="185" mmax_level="sentence" />
<markable id="markable_186" span="word_2922..word_2931" orderid="186" mmax_level="sentence" />
<markable id="markable_187" span="word_2932..word_2939" orderid="187" mmax_level="sentence" />
<markable id="markable_188" span="word_2940..word_2947" orderid="188" mmax_level="sentence" />
<markable id="markable_189" span="word_2948..word_2949" orderid="189" mmax_level="sentence" />
<markable id="markable_190" span="word_2950..word_2966" orderid="190" mmax_level="sentence" />
<markable id="markable_191" span="word_2967..word_2968" orderid="191" mmax_level="sentence" />
<markable id="markable_192" span="word_2969..word_2996" orderid="192" mmax_level="sentence" />
<markable id="markable_193" span="word_2997..word_2998" orderid="193" mmax_level="sentence" />
<markable id="markable_194" span="word_2999..word_3024" orderid="194" mmax_level="sentence" />
<markable id="markable_195" span="word_3025..word_3032" orderid="195" mmax_level="sentence" />
<markable id="markable_196" span="word_3033..word_3039" orderid="196" mmax_level="sentence" />
<markable id="markable_197" span="word_3040..word_3041" orderid="197" mmax_level="sentence" />
<markable id="markable_198" span="word_3042..word_3054" orderid="198" mmax_level="sentence" />
<markable id="markable_199" span="word_3055..word_3056" orderid="199" mmax_level="sentence" />
<markable id="markable_200" span="word_3057..word_3068" orderid="200" mmax_level="sentence" />
<markable id="markable_201" span="word_3069..word_3092" orderid="201" mmax_level="sentence" />
<markable id="markable_202" span="word_3093..word_3111" orderid="202" mmax_level="sentence" />
<markable id="markable_203" span="word_3112..word_3128" orderid="203" mmax_level="sentence" />
<markable id="markable_204" span="word_3129..word_3147" orderid="204" mmax_level="sentence" />
<markable id="markable_205" span="word_3148..word_3181" orderid="205" mmax_level="sentence" />
<markable id="markable_206" span="word_3182..word_3206" orderid="206" mmax_level="sentence" />
<markable id="markable_207" span="word_3207..word_3222" orderid="207" mmax_level="sentence" />
<markable id="markable_208" span="word_3223..word_3236" orderid="208" mmax_level="sentence" />
<markable id="markable_209" span="word_3237..word_3253" orderid="209" mmax_level="sentence" />
<markable id="markable_210" span="word_3254..word_3264" orderid="210" mmax_level="sentence" />
<markable id="markable_211" span="word_3265..word_3280" orderid="211" mmax_level="sentence" />
<markable id="markable_212" span="word_3281..word_3294" orderid="212" mmax_level="sentence" />
<markable id="markable_213" span="word_3295..word_3304" orderid="213" mmax_level="sentence" />
</markables>
