<?xml version="1.0" encoding="US-ASCII"?>
<!DOCTYPE markables SYSTEM "markables.dtd">
<markables xmlns="www.eml.org/NameSpaces/utterance">
<markable id="markable_102" span="word_1787..word_1831" mmax_level="utterance"  type="eol" />
<markable id="markable_16" span="word_235..word_266" mmax_level="utterance"  type="eol" />
<markable id="markable_101" span="word_1777..word_1786" mmax_level="utterance"  type="eol" />
<markable id="markable_15" span="word_193..word_234" mmax_level="utterance"  type="eol" />
<markable id="markable_100" span="word_1770..word_1776" mmax_level="utterance"  type="eol" />
<markable id="markable_18" span="word_294..word_311" mmax_level="utterance"  type="eol" />
<markable id="markable_17" span="word_267..word_293" mmax_level="utterance"  type="eol" />
<markable id="markable_106" span="word_1876..word_1892" mmax_level="utterance"  type="eol" />
<markable id="markable_66" span="word_1135..word_1148" mmax_level="utterance"  type="eol" />
<markable id="markable_12" span="word_157..word_168" mmax_level="utterance"  type="eol" />
<markable id="markable_105" span="word_1853..word_1875" mmax_level="utterance"  type="eol" />
<markable id="markable_67" span="word_1149..word_1156" mmax_level="utterance"  type="eol" />
<markable id="markable_11" span="word_133..word_156" mmax_level="utterance"  type="eol" />
<markable id="markable_104" span="word_1843..word_1852" mmax_level="utterance"  type="eol" />
<markable id="markable_68" span="word_1157..word_1177" mmax_level="utterance"  type="eol" />
<markable id="markable_14" span="word_183..word_192" mmax_level="utterance"  type="eol" />
<markable id="markable_103" span="word_1832..word_1842" mmax_level="utterance"  type="eol" />
<markable id="markable_69" span="word_1178..word_1187" mmax_level="utterance"  type="eol" />
<markable id="markable_13" span="word_169..word_182" mmax_level="utterance"  type="eol" />
<markable id="markable_62" span="word_1055..word_1076" mmax_level="utterance"  type="eol" />
<markable id="markable_63" span="word_1077..word_1088" mmax_level="utterance"  type="eol" />
<markable id="markable_64" span="word_1089..word_1115" mmax_level="utterance"  type="eol" />
<markable id="markable_10" span="word_103..word_132" mmax_level="utterance"  type="eol" />
<markable id="markable_65" span="word_1116..word_1134" mmax_level="utterance"  type="eol" />
<markable id="markable_60" span="word_1008..word_1026" mmax_level="utterance"  type="eol" />
<markable id="markable_61" span="word_1027..word_1054" mmax_level="utterance"  type="eol" />
<markable id="markable_107" span="word_1893..word_1906" mmax_level="utterance"  type="eol" />
<markable id="markable_108" span="word_1907..word_1935" mmax_level="utterance"  type="eol" />
<markable id="markable_109" span="word_1936..word_1950" mmax_level="utterance"  type="eol" />
<markable id="markable_111" span="word_1965..word_1986" mmax_level="utterance"  type="eol" />
<markable id="markable_110" span="word_1951..word_1964" mmax_level="utterance"  type="eol" />
<markable id="markable_113" span="word_1995..word_2002" mmax_level="utterance"  type="eol" />
<markable id="markable_112" span="word_1987..word_1994" mmax_level="utterance"  type="eol" />
<markable id="markable_115" span="word_2018..word_2041" mmax_level="utterance"  type="eol" />
<markable id="markable_79" span="word_1349..word_1356" mmax_level="utterance"  type="eol" />
<markable id="markable_114" span="word_2003..word_2017" mmax_level="utterance"  type="eol" />
<markable id="markable_117" span="word_2069..word_2094" mmax_level="utterance"  type="eol" />
<markable id="markable_77" span="word_1315..word_1339" mmax_level="utterance"  type="eol" />
<markable id="markable_116" span="word_2042..word_2068" mmax_level="utterance"  type="eol" />
<markable id="markable_78" span="word_1340..word_1348" mmax_level="utterance"  type="eol" />
<markable id="markable_75" span="word_1283..word_1303" mmax_level="utterance"  type="eol" />
<markable id="markable_76" span="word_1304..word_1314" mmax_level="utterance"  type="eol" />
<markable id="markable_73" span="word_1241..word_1271" mmax_level="utterance"  type="eol" />
<markable id="markable_74" span="word_1272..word_1282" mmax_level="utterance"  type="eol" />
<markable id="markable_71" span="word_1200..word_1220" mmax_level="utterance"  type="eol" />
<markable id="markable_72" span="word_1221..word_1240" mmax_level="utterance"  type="eol" />
<markable id="markable_70" span="word_1188..word_1199" mmax_level="utterance"  type="eol" />
<markable id="markable_8" span="word_72..word_91" mmax_level="utterance"  type="eol" />
<markable id="markable_9" span="word_92..word_102" mmax_level="utterance"  type="eol" />
<markable id="markable_44" span="word_729..word_737" mmax_level="utterance"  type="eol" />
<markable id="markable_34" span="word_536..word_561" mmax_level="utterance"  type="eol" />
<markable id="markable_45" span="word_738..word_753" mmax_level="utterance"  type="eol" />
<markable id="markable_33" span="word_525..word_535" mmax_level="utterance"  type="eol" />
<markable id="markable_46" span="word_754..word_768" mmax_level="utterance"  type="eol" />
<markable id="markable_36" span="word_574..word_588" mmax_level="utterance"  type="eol" />
<markable id="markable_47" span="word_769..word_781" mmax_level="utterance"  type="eol" />
<markable id="markable_35" span="word_562..word_573" mmax_level="utterance"  type="eol" />
<markable id="markable_48" span="word_782..word_797" mmax_level="utterance"  type="eol" />
<markable id="markable_38" span="word_611..word_643" mmax_level="utterance"  type="eol" />
<markable id="markable_49" span="word_798..word_810" mmax_level="utterance"  type="eol" />
<markable id="markable_37" span="word_589..word_610" mmax_level="utterance"  type="eol" />
<markable id="markable_39" span="word_644..word_658" mmax_level="utterance"  type="eol" />
<markable id="markable_40" span="word_659..word_675" mmax_level="utterance"  type="eol" />
<markable id="markable_30" span="word_494..word_504" mmax_level="utterance"  type="eol" />
<markable id="markable_41" span="word_676..word_694" mmax_level="utterance"  type="eol" />
<markable id="markable_42" span="word_695..word_706" mmax_level="utterance"  type="eol" />
<markable id="markable_32" span="word_515..word_524" mmax_level="utterance"  type="eol" />
<markable id="markable_43" span="word_707..word_728" mmax_level="utterance"  type="eol" />
<markable id="markable_31" span="word_505..word_514" mmax_level="utterance"  type="eol" />
<markable id="markable_19" span="word_312..word_324" mmax_level="utterance"  type="eol" />
<markable id="markable_57" span="word_967..word_982" mmax_level="utterance"  type="eol" />
<markable id="markable_25" span="word_392..word_418" mmax_level="utterance"  type="eol" />
<markable id="markable_7" span="word_65..word_71" mmax_level="utterance"  type="eol" />
<markable id="markable_58" span="word_983..word_996" mmax_level="utterance"  type="eol" />
<markable id="markable_24" span="word_382..word_391" mmax_level="utterance"  type="eol" />
<markable id="markable_6" span="word_58..word_64" mmax_level="utterance"  type="eol" />
<markable id="markable_55" span="word_936..word_945" mmax_level="utterance"  type="eol" />
<markable id="markable_23" span="word_363..word_381" mmax_level="utterance"  type="eol" />
<markable id="markable_5" span="word_33..word_57" mmax_level="utterance"  type="eol" />
<markable id="markable_56" span="word_946..word_966" mmax_level="utterance"  type="eol" />
<markable id="markable_22" span="word_348..word_362" mmax_level="utterance"  type="eol" />
<markable id="markable_4" span="word_13..word_32" mmax_level="utterance"  type="eol" />
<markable id="markable_29" span="word_480..word_493" mmax_level="utterance"  type="eol" />
<markable id="markable_3" span="word_10..word_12" mmax_level="utterance"  type="eol" />
<markable id="markable_28" span="word_454..word_479" mmax_level="utterance"  type="eol" />
<markable id="markable_2" span="word_2..word_9" mmax_level="utterance"  type="eol" />
<markable id="markable_59" span="word_997..word_1007" mmax_level="utterance"  type="eol" />
<markable id="markable_27" span="word_444..word_453" mmax_level="utterance"  type="eol" />
<markable id="markable_1" span="word_1" mmax_level="utterance"  type="eol" />
<markable id="markable_26" span="word_419..word_443" mmax_level="utterance"  type="eol" />
<markable id="markable_50" span="word_811..word_846" mmax_level="utterance"  type="eol" />
<markable id="markable_53" span="word_883..word_914" mmax_level="utterance"  type="eol" />
<markable id="markable_21" span="word_335..word_347" mmax_level="utterance"  type="eol" />
<markable id="markable_54" span="word_915..word_935" mmax_level="utterance"  type="eol" />
<markable id="markable_20" span="word_325..word_334" mmax_level="utterance"  type="eol" />
<markable id="markable_51" span="word_847..word_861" mmax_level="utterance"  type="eol" />
<markable id="markable_52" span="word_862..word_882" mmax_level="utterance"  type="eol" />
<markable id="markable_160" span="word_2915..word_2921" mmax_level="utterance"  type="eol" />
<markable id="markable_161" span="word_2922..word_2931" mmax_level="utterance"  type="eol" />
<markable id="markable_141" span="word_2570..word_2579" mmax_level="utterance"  type="eol" />
<markable id="markable_162" span="word_2932..word_2939" mmax_level="utterance"  type="eol" />
<markable id="markable_142" span="word_2580..word_2595" mmax_level="utterance"  type="eol" />
<markable id="markable_163" span="word_2940..word_2949" mmax_level="utterance"  type="eol" />
<markable id="markable_164" span="word_2950..word_2968" mmax_level="utterance"  type="eol" />
<markable id="markable_140" span="word_2550..word_2569" mmax_level="utterance"  type="eol" />
<markable id="markable_165" span="word_2969..word_2998" mmax_level="utterance"  type="eol" />
<markable id="markable_145" span="word_2634..word_2649" mmax_level="utterance"  type="eol" />
<markable id="markable_166" span="word_2999..word_3024" mmax_level="utterance"  type="eol" />
<markable id="markable_146" span="word_2650..word_2656" mmax_level="utterance"  type="eol" />
<markable id="markable_167" span="word_3025..word_3032" mmax_level="utterance"  type="eol" />
<markable id="markable_143" span="word_2596..word_2612" mmax_level="utterance"  type="eol" />
<markable id="markable_168" span="word_3033..word_3041" mmax_level="utterance"  type="eol" />
<markable id="markable_144" span="word_2613..word_2633" mmax_level="utterance"  type="eol" />
<markable id="markable_169" span="word_3042..word_3056" mmax_level="utterance"  type="eol" />
<markable id="markable_149" span="word_2677..word_2695" mmax_level="utterance"  type="eol" />
<markable id="markable_147" span="word_2657..word_2665" mmax_level="utterance"  type="eol" />
<markable id="markable_148" span="word_2666..word_2676" mmax_level="utterance"  type="eol" />
<markable id="markable_170" span="word_3057..word_3068" mmax_level="utterance"  type="eol" />
<markable id="markable_171" span="word_3069..word_3070" mmax_level="utterance"  type="eol" />
<markable id="markable_174" span="word_3093..word_3111" mmax_level="utterance"  type="eol" />
<markable id="markable_150" span="word_2696..word_2722" mmax_level="utterance"  type="eol" />
<markable id="markable_175" span="word_3112..word_3128" mmax_level="utterance"  type="eol" />
<markable id="markable_151" span="word_2723..word_2739" mmax_level="utterance"  type="eol" />
<markable id="markable_172" span="word_3071..word_3074" mmax_level="utterance"  type="eol" />
<markable id="markable_152" span="word_2740..word_2765" mmax_level="utterance"  type="eol" />
<markable id="markable_173" span="word_3075..word_3092" mmax_level="utterance"  type="eol" />
<markable id="markable_153" span="word_2766..word_2769" mmax_level="utterance"  type="eol" />
<markable id="markable_178" span="word_3182..word_3184" mmax_level="utterance"  type="eol" />
<markable id="markable_154" span="word_2770..word_2793" mmax_level="utterance"  type="eol" />
<markable id="markable_179" span="word_3185..word_3206" mmax_level="utterance"  type="eol" />
<markable id="markable_155" span="word_2794..word_2809" mmax_level="utterance"  type="eol" />
<markable id="markable_176" span="word_3129..word_3147" mmax_level="utterance"  type="eol" />
<markable id="markable_156" span="word_2810..word_2822" mmax_level="utterance"  type="eol" />
<markable id="markable_177" span="word_3148..word_3181" mmax_level="utterance"  type="eol" />
<markable id="markable_157" span="word_2823..word_2861" mmax_level="utterance"  type="eol" />
<markable id="markable_158" span="word_2862..word_2894" mmax_level="utterance"  type="eol" />
<markable id="markable_159" span="word_2895..word_2914" mmax_level="utterance"  type="eol" />
<markable id="markable_119" span="word_2109..word_2137" mmax_level="utterance"  type="eol" />
<markable id="markable_118" span="word_2095..word_2108" mmax_level="utterance"  type="eol" />
<markable id="markable_183" span="word_3254..word_3264" mmax_level="utterance"  type="eol" />
<markable id="markable_81" span="word_1394..word_1399" mmax_level="utterance"  type="eol" />
<markable id="markable_184" span="word_3265..word_3280" mmax_level="utterance"  type="eol" />
<markable id="markable_120" span="word_2138..word_2160" mmax_level="utterance"  type="eol" />
<markable id="markable_80" span="word_1357..word_1393" mmax_level="utterance"  type="eol" />
<markable id="markable_185" span="word_3281..word_3294" mmax_level="utterance"  type="eol" />
<markable id="markable_83" span="word_1411..word_1436" mmax_level="utterance"  type="eol" />
<markable id="markable_186" span="word_3295..word_3304" mmax_level="utterance"  type="eol" />
<markable id="markable_82" span="word_1400..word_1410" mmax_level="utterance"  type="eol" />
<markable id="markable_85" span="word_1467..word_1484" mmax_level="utterance"  type="eol" />
<markable id="markable_180" span="word_3207..word_3222" mmax_level="utterance"  type="eol" />
<markable id="markable_84" span="word_1437..word_1466" mmax_level="utterance"  type="eol" />
<markable id="markable_181" span="word_3223..word_3236" mmax_level="utterance"  type="eol" />
<markable id="markable_87" span="word_1491..word_1500" mmax_level="utterance"  type="eol" />
<markable id="markable_182" span="word_3237..word_3253" mmax_level="utterance"  type="eol" />
<markable id="markable_86" span="word_1485..word_1490" mmax_level="utterance"  type="eol" />
<markable id="markable_127" span="word_2291..word_2303" mmax_level="utterance"  type="eol" />
<markable id="markable_89" span="word_1528..word_1565" mmax_level="utterance"  type="eol" />
<markable id="markable_128" span="word_2304..word_2315" mmax_level="utterance"  type="eol" />
<markable id="markable_88" span="word_1501..word_1527" mmax_level="utterance"  type="eol" />
<markable id="markable_125" span="word_2250..word_2276" mmax_level="utterance"  type="eol" />
<markable id="markable_126" span="word_2277..word_2290" mmax_level="utterance"  type="eol" />
<markable id="markable_123" span="word_2196..word_2205" mmax_level="utterance"  type="eol" />
<markable id="markable_124" span="word_2206..word_2249" mmax_level="utterance"  type="eol" />
<markable id="markable_121" span="word_2161..word_2187" mmax_level="utterance"  type="eol" />
<markable id="markable_122" span="word_2188..word_2195" mmax_level="utterance"  type="eol" />
<markable id="markable_129" span="word_2316..word_2332" mmax_level="utterance"  type="eol" />
<markable id="markable_90" span="word_1566..word_1574" mmax_level="utterance"  type="eol" />
<markable id="markable_94" span="word_1598..word_1599" mmax_level="utterance"  type="eol" />
<markable id="markable_93" span="word_1596..word_1597" mmax_level="utterance"  type="eol" />
<markable id="markable_130" span="word_2333..word_2349" mmax_level="utterance"  type="eol" />
<markable id="markable_92" span="word_1582..word_1595" mmax_level="utterance"  type="eol" />
<markable id="markable_131" span="word_2350..word_2384" mmax_level="utterance"  type="eol" />
<markable id="markable_91" span="word_1575..word_1581" mmax_level="utterance"  type="eol" />
<markable id="markable_98" span="word_1655..word_1679" mmax_level="utterance"  type="eol" />
<markable id="markable_97" span="word_1634..word_1654" mmax_level="utterance"  type="eol" />
<markable id="markable_96" span="word_1622..word_1633" mmax_level="utterance"  type="eol" />
<markable id="markable_95" span="word_1600..word_1621" mmax_level="utterance"  type="eol" />
<markable id="markable_136" span="word_2495..word_2500" mmax_level="utterance"  type="eol" />
<markable id="markable_137" span="word_2501..word_2512" mmax_level="utterance"  type="eol" />
<markable id="markable_138" span="word_2513..word_2528" mmax_level="utterance"  type="eol" />
<markable id="markable_139" span="word_2529..word_2549" mmax_level="utterance"  type="eol" />
<markable id="markable_99" span="word_1680..word_1769" mmax_level="utterance"  type="eol" />
<markable id="markable_132" span="word_2385..word_2424" mmax_level="utterance"  type="eol" />
<markable id="markable_133" span="word_2425..word_2444" mmax_level="utterance"  type="eol" />
<markable id="markable_134" span="word_2445..word_2481" mmax_level="utterance"  type="eol" />
<markable id="markable_135" span="word_2482..word_2494" mmax_level="utterance"  type="eol" />
</markables>