<?xml version="1.0" encoding="US-ASCII"?>
<!DOCTYPE markables SYSTEM "markables.dtd">
<markables xmlns="www.eml.org/NameSpaces/unit">
<markable id="markable_1505" span="word_3143..word_3147" mmax_level="unit"  subject="no-subject"  verbed="verbed-yes"  utype="coord-vp"  finite="finite-yes" />
<markable id="markable_1504" span="word_3125..word_3131" mmax_level="unit"  subject="no-subject"  verbed="verbed-no"  utype="parenthetical"  finite="no-finite" />
<markable id="markable_1507" span="word_3158..word_3161" mmax_level="unit"  subject="no-subject"  verbed="verbed-yes"  utype="relative"  finite="finite-no" />
<markable id="markable_1506" span="word_3149..word_3162" mmax_level="unit"  subject="full-subject"  verbed="verbed-yes"  utype="main"  finite="finite-yes" />
<markable id="markable_1509" span="word_3176..word_3183" mmax_level="unit"  subject="no-subject"  verbed="verbed-yes"  utype="paren-rel"  finite="finite-no" />
<markable id="markable_1508" span="word_3163..word_3183" mmax_level="unit"  subject="no-subject"  verbed="verbed-no"  utype="main"  finite="no-finite" />
<markable id="markable_1510" span="word_3180..word_3183" mmax_level="unit"  subject="no-subject"  verbed="verbed-no"  utype="parenthetical"  finite="no-finite" />
<markable id="markable_1511" span="word_3185..word_3239" mmax_level="unit"  subject="full-subject"  verbed="verbed-yes"  utype="main"  finite="finite-yes" />
<markable id="markable_1512" span="word_3187..word_3190" mmax_level="unit"  subject="no-subject"  verbed="verbed-yes"  utype="relative"  finite="finite-no" />
<markable id="markable_1513" span="word_3193..word_3195" mmax_level="unit"  subject="no-subject"  verbed="verbed-yes"  utype="relative"  finite="finite-no" />
<markable id="markable_1514" span="word_3231..word_3239" mmax_level="unit"  subject="no-subject"  verbed="verbed-yes"  utype="relative"  finite="finite-no" />
<markable id="markable_1518" span="word_3258..word_3270" mmax_level="unit"  subject="no-subject"  verbed="verbed-yes"  utype="paren-rel"  finite="finite-no" />
<markable id="markable_1517" span="word_3249..word_3256" mmax_level="unit"  subject="no-subject"  verbed="verbed-yes"  utype="relative"  finite="finite-no" />
<markable id="markable_1516" span="word_3241..word_3270" mmax_level="unit"  subject="full-subject"  verbed="verbed-yes"  utype="main"  finite="finite-yes" />
<markable id="markable_1515" span="word_3237..word_3239" mmax_level="unit"  subject="no-subject"  verbed="verbed-yes"  utype="relative"  finite="finite-no" />
<markable id="markable_1519" span="word_3272..word_3284" mmax_level="unit"  subject="full-subject"  verbed="verbed-yes"  utype="main"  finite="finite-yes" />
<markable id="markable_1520" span="word_3285..word_3309" mmax_level="unit"  subject="full-subject"  verbed="verbed-yes"  utype="main"  finite="finite-yes" />
<markable id="markable_1521" span="word_3297..word_3300" mmax_level="unit"  subject="no-subject"  verbed="verbed-no"  utype="parenthetical"  finite="no-finite" />
<markable id="markable_1524" span="word_3330..word_3334" mmax_level="unit"  subject="no-subject"  verbed="verbed-no"  utype="parenthetical"  finite="no-finite" />
<markable id="markable_1525" span="word_3336..word_3353" mmax_level="unit"  subject="relpro"  verbed="verbed-yes"  utype="paren-rel"  finite="finite-yes" />
<markable id="markable_1522" span="word_3311..word_3353" mmax_level="unit"  subject="full-subject"  verbed="verbed-yes"  utype="main"  finite="finite-yes" />
<markable id="markable_1523" span="word_3325..word_3329" mmax_level="unit"  subject="no-subject"  verbed="verbed-yes"  utype="relative"  finite="finite-no" />
<markable id="markable_1502" span="word_3107..word_3117" mmax_level="unit"  subject="no-subject"  verbed="verbed-yes"  utype="relative"  finite="finite-no" />
<markable id="markable_1503" span="word_3119..word_3147" mmax_level="unit"  subject="full-subject"  verbed="verbed-yes"  utype="main"  finite="finite-yes" />
<markable id="markable_1500" span="word_3085..word_3096" mmax_level="unit"  subject="no-subject"  verbed="verbed-yes"  utype="coord-vp"  finite="finite-yes" />
<markable id="markable_1501" span="word_3098..word_3117" mmax_level="unit"  subject="full-subject"  verbed="verbed-yes"  utype="main"  finite="finite-yes" />
<markable id="markable_1400" span="word_2043..word_2055" mmax_level="unit"  subject="relpro"  verbed="verbed-yes"  utype="relative"  finite="finite-yes" />
<markable id="markable_1403" span="word_2074..word_2078" mmax_level="unit"  subject="no-subject"  verbed="verbed-no"  utype="parenthetical"  finite="no-finite" />
<markable id="markable_1404" span="word_2089..word_2132" mmax_level="unit"  subject="full-subject"  verbed="verbed-yes"  utype="main"  finite="finite-yes" />
<markable id="markable_1401" span="word_2057..word_2087" mmax_level="unit"  subject="full-subject"  verbed="verbed-yes"  utype="main"  finite="finite-yes" />
<markable id="markable_1402" span="word_2069..word_2073" mmax_level="unit"  subject="relpro"  verbed="verbed-yes"  utype="paren-rel"  finite="finite-yes" />
<markable id="markable_1597" span="word_4060..word_4110" mmax_level="unit"  subject="full-subject"  verbed="verbed-yes"  utype="main"  finite="finite-yes" />
<markable id="markable_1308" span="word_1171..word_1213" mmax_level="unit"  subject="full-subject"  verbed="verbed-yes"  utype="main"  finite="finite-yes" />
<markable id="markable_1450" span="word_2624..word_2632" mmax_level="unit"  subject="no-subject"  verbed="verbed-no"  utype="preposed-pp"  finite="no-finite" />
<markable id="markable_1598" span="word_4062..word_4065" mmax_level="unit"  subject="no-subject"  verbed="verbed-yes"  utype="relative"  finite="finite-no" />
<markable id="markable_1309" span="word_1171..word_1175" mmax_level="unit"  subject="no-subject"  verbed="verbed-no"  utype="preposed-pp"  finite="no-finite" />
<markable id="markable_1451" span="word_2626..word_2632" mmax_level="unit"  subject="relpro"  verbed="verbed-yes"  utype="relative"  finite="finite-yes" />
<markable id="markable_1595" span="word_4042..word_4045" mmax_level="unit"  subject="no-subject"  verbed="verbed-yes"  utype="relative"  finite="finite-no" />
<markable id="markable_1306" span="word_1165..word_1169" mmax_level="unit"  subject="no-subject"  verbed="verbed-no"  utype="appositive"  finite="no-finite" />
<markable id="markable_1596" span="word_4046..word_4058" mmax_level="unit"  subject="full-subject"  verbed="verbed-yes"  utype="appositive"  finite="finite-yes" />
<markable id="markable_1307" span="word_1166..word_1169" mmax_level="unit"  subject="no-subject"  verbed="verbed-no"  utype="parenthetical"  finite="no-finite" />
<markable id="markable_1599" span="word_4067..word_4070" mmax_level="unit"  subject="no-subject"  verbed="verbed-no"  utype="parenthetical"  finite="no-finite" />
<markable id="markable_1458" span="word_2713..word_2740" mmax_level="unit"  subject="full-subject"  verbed="verbed-yes"  utype="adjunct"  finite="finite-yes" />
<markable id="markable_1590" span="word_3990..word_4010" mmax_level="unit"  subject="full-subject"  verbed="verbed-yes"  utype="main"  finite="finite-yes" />
<markable id="markable_1459" span="word_2719..word_2729" mmax_level="unit"  subject="no-subject"  verbed="verbed-yes"  utype="paren-rel"  finite="finite-no" />
<markable id="markable_1456" span="word_2684..word_2692" mmax_level="unit"  subject="no-subject"  verbed="verbed-yes"  utype="coord-vp"  finite="finite-yes" />
<markable id="markable_1457" span="word_2694..word_2740" mmax_level="unit"  subject="full-subject"  verbed="verbed-yes"  utype="main"  finite="finite-yes" />
<markable id="markable_1593" span="word_4023..word_4034" mmax_level="unit"  subject="no-subject"  verbed="verbed-yes"  utype="relative"  finite="finite-no" />
<markable id="markable_1454" span="word_2662..word_2692" mmax_level="unit"  subject="no-subject"  verbed="verbed-yes"  utype="adjunct"  finite="finite-no" />
<markable id="markable_1594" span="word_4036..word_4058" mmax_level="unit"  subject="no-subject"  verbed="verbed-yes"  utype="parenthetical"  finite="finite-no" />
<markable id="markable_1455" span="word_2666..word_2692" mmax_level="unit"  subject="relpro"  verbed="verbed-yes"  utype="relative"  finite="finite-yes" />
<markable id="markable_1591" span="word_4006..word_4010" mmax_level="unit"  subject="no-subject"  verbed="verbed-yes"  utype="relative"  finite="finite-no" />
<markable id="markable_1452" span="word_2643..word_2650" mmax_level="unit"  subject="no-subject"  verbed="verbed-yes"  utype="paren-rel"  finite="finite-no" />
<markable id="markable_1592" span="word_4012..word_4058" mmax_level="unit"  subject="empty-subject"  verbed="verbed-yes"  utype="main"  finite="finite-yes" />
<markable id="markable_1453" span="word_2652..word_2692" mmax_level="unit"  subject="full-subject"  verbed="verbed-yes"  utype="main"  finite="finite-yes" />
<markable id="markable_1449" span="word_2624..word_2650" mmax_level="unit"  subject="full-subject"  verbed="verbed-yes"  utype="main"  finite="finite-yes" />
<markable id="markable_1312" span="word_1200..word_1213" mmax_level="unit"  subject="no-subject"  verbed="verbed-no"  utype="such-as"  finite="no-finite" />
<markable id="markable_1311" span="word_1186..word_1190" mmax_level="unit"  subject="no-subject"  verbed="verbed-no"  utype="parenthetical"  finite="no-finite" />
<markable id="markable_1310" span="word_1179..word_1185" mmax_level="unit"  subject="no-subject"  verbed="verbed-yes"  utype="relative"  finite="finite-no" />
<markable id="markable_1316" span="word_1242..word_1263" mmax_level="unit"  subject="full-subject"  verbed="verbed-yes"  utype="main"  finite="finite-yes" />
<markable id="markable_1315" span="word_1230..word_1234" mmax_level="unit"  subject="no-subject"  verbed="verbed-no"  utype="parenthetical"  finite="no-finite" />
<markable id="markable_1314" span="word_1215..word_1219" mmax_level="unit"  subject="no-subject"  verbed="verbed-no"  utype="preposed-pp"  finite="no-finite" />
<markable id="markable_1313" span="word_1215..word_1241" mmax_level="unit"  subject="full-subject"  verbed="verbed-yes"  utype="main"  finite="finite-yes" />
<markable id="markable_1317" span="word_1251..word_1263" mmax_level="unit"  subject="no-subject"  verbed="verbed-yes"  utype="paren-rel"  finite="finite-no" />
<markable id="markable_1318" span="word_1257..word_1263" mmax_level="unit"  subject="no-subject"  verbed="verbed-yes"  utype="paren-rel"  finite="finite-no" />
<markable id="markable_1460" span="word_2727..word_2729" mmax_level="unit"  subject="full-subject"  verbed="verbed-yes"  utype="adjunct"  finite="finite-yes" />
<markable id="markable_1319" span="word_1260..word_1263" mmax_level="unit"  subject="no-subject"  verbed="verbed-yes"  utype="coord-vp"  finite="finite-no" />
<markable id="markable_1461" span="word_2735..word_2740" mmax_level="unit"  subject="no-subject"  verbed="verbed-yes"  utype="relative"  finite="finite-no" />
<markable id="markable_1462" span="word_2742..word_2786" mmax_level="unit"  subject="full-subject"  verbed="verbed-yes"  utype="main"  finite="finite-yes" />
<markable id="markable_1467" span="word_2793..word_2827" mmax_level="unit"  subject="no-subject"  verbed="verbed-no"  utype="parenthetical"  finite="no-finite" />
<markable id="markable_1468" span="word_2796..word_2800" mmax_level="unit"  subject="no-subject"  verbed="verbed-no"  utype="parenthetical"  finite="no-finite" />
<markable id="markable_1469" span="word_2807..word_2813" mmax_level="unit"  subject="no-subject"  verbed="verbed-no"  utype="parenthetical"  finite="no-finite" />
<markable id="markable_1463" span="word_2748..word_2760" mmax_level="unit"  subject="no-subject"  verbed="verbed-no"  utype="parenthetical"  finite="no-finite" />
<markable id="markable_1464" span="word_2755..word_2760" mmax_level="unit"  subject="no-subject"  verbed="verbed-no"  utype="parenthetical"  finite="no-finite" />
<markable id="markable_1465" span="word_2772..word_2786" mmax_level="unit"  subject="no-subject"  verbed="verbed-no"  utype="parenthetical"  finite="no-finite" />
<markable id="markable_1466" span="word_2788..word_2853" mmax_level="unit"  subject="full-subject"  verbed="verbed-yes"  utype="main"  finite="finite-yes" />
<markable id="markable_1321" span="word_1265..word_1268" mmax_level="unit"  subject="no-subject"  verbed="verbed-no"  utype="preposed-pp"  finite="no-finite" />
<markable id="markable_1320" span="word_1265..word_1284" mmax_level="unit"  subject="full-subject"  verbed="verbed-yes"  utype="main"  finite="finite-yes" />
<markable id="markable_1323" span="word_1279..word_1284" mmax_level="unit"  subject="no-subject"  verbed="verbed-no"  utype="paren-app"  finite="no-finite" />
<markable id="markable_1322" span="word_1273..word_1277" mmax_level="unit"  subject="no-subject"  verbed="verbed-no"  utype="parenthetical"  finite="no-finite" />
<markable id="markable_1325" span="word_1299..word_1305" mmax_level="unit"  subject="relpro"  verbed="verbed-yes"  utype="relative"  finite="finite-yes" />
<markable id="markable_1324" span="word_1286..word_1314" mmax_level="unit"  subject="full-subject"  verbed="verbed-yes"  utype="main"  finite="finite-yes" />
<markable id="markable_1327" span="word_1316..word_1347" mmax_level="unit"  subject="full-subject"  verbed="verbed-yes"  utype="main"  finite="finite-yes" />
<markable id="markable_1326" span="word_1307..word_1314" mmax_level="unit"  subject="no-subject"  verbed="verbed-yes"  utype="paren-rel"  finite="finite-no" />
<markable id="markable_1579" span="word_3873..word_3896" mmax_level="unit"  subject="empty-subject"  verbed="verbed-yes"  utype="main"  finite="finite-yes" />
<markable id="markable_1577" span="word_3859..word_3871" mmax_level="unit"  subject="full-subject"  verbed="verbed-yes"  utype="main"  finite="finite-yes" />
<markable id="markable_1578" span="word_3865..word_3871" mmax_level="unit"  subject="no-subject"  verbed="verbed-yes"  utype="coord-vp"  finite="finite-yes" />
<markable id="markable_1601" span="word_4083..word_4110" mmax_level="unit"  subject="no-subject"  verbed="verbed-yes"  utype="parenthetical"  finite="finite-yes" />
<markable id="markable_1575" span="word_3839..word_3848" mmax_level="unit"  subject="relpro"  verbed="verbed-yes"  utype="paren-rel"  finite="finite-yes" />
<markable id="markable_1472" span="word_2829..word_2835" mmax_level="unit"  subject="no-subject"  verbed="verbed-no"  utype="paren-app"  finite="no-finite" />
<markable id="markable_1602" span="word_4092..word_4096" mmax_level="unit"  subject="relpro"  verbed="verbed-yes"  utype="relative"  finite="finite-yes" />
<markable id="markable_1576" span="word_3850..word_3857" mmax_level="unit"  subject="full-subject"  verbed="verbed-yes"  utype="parenthetical"  finite="finite-no" />
<markable id="markable_1473" span="word_2843..word_2853" mmax_level="unit"  subject="no-subject"  verbed="verbed-yes"  utype="coord-vp"  finite="finite-yes" />
<markable id="markable_1573" span="word_3819..word_3825" mmax_level="unit"  subject="no-subject"  verbed="verbed-no"  utype="parenthetical"  finite="no-finite" />
<markable id="markable_1470" span="word_2817..word_2822" mmax_level="unit"  subject="no-subject"  verbed="verbed-yes"  utype="relative"  finite="finite-no" />
<markable id="markable_1600" span="word_4071..word_4077" mmax_level="unit"  subject="no-subject"  verbed="verbed-no"  utype="parenthetical"  finite="no-finite" />
<markable id="markable_1574" span="word_3834..word_3838" mmax_level="unit"  subject="no-subject"  verbed="verbed-no"  utype="parenthetical"  finite="no-finite" />
<markable id="markable_1471" span="word_2823..word_2827" mmax_level="unit"  subject="no-subject"  verbed="verbed-no"  utype="parenthetical"  finite="no-finite" />
<markable id="markable_1476" span="word_2870..word_2909" mmax_level="unit"  subject="full-subject"  verbed="verbed-yes"  utype="main"  finite="finite-yes" />
<markable id="markable_1571" span="word_3802..word_3857" mmax_level="unit"  subject="full-subject"  verbed="verbed-yes"  utype="main"  finite="finite-yes" />
<markable id="markable_1572" span="word_3802..word_3809" mmax_level="unit"  subject="no-subject"  verbed="verbed-no"  utype="preposed-pp"  finite="no-finite" />
<markable id="markable_1477" span="word_2876..word_2880" mmax_level="unit"  subject="no-subject"  verbed="verbed-no"  utype="parenthetical"  finite="no-finite" />
<markable id="markable_1474" span="word_2855..word_2868" mmax_level="unit"  subject="full-subject"  verbed="verbed-yes"  utype="main"  finite="finite-yes" />
<markable id="markable_1475" span="word_2858..word_2862" mmax_level="unit"  subject="no-subject"  verbed="verbed-no"  utype="parenthetical"  finite="no-finite" />
<markable id="markable_1570" span="word_3793..word_3800" mmax_level="unit"  subject="no-subject"  verbed="verbed-no"  utype="parenthetical"  finite="no-finite" />
<markable id="markable_1478" span="word_2882..word_2886" mmax_level="unit"  subject="no-subject"  verbed="verbed-no"  utype="parenthetical"  finite="no-finite" />
<markable id="markable_1479" span="word_2888..word_2894" mmax_level="unit"  subject="no-subject"  verbed="verbed-yes"  utype="paren-rel"  finite="finite-no" />
<markable id="markable_1588" span="word_3966..word_3988" mmax_level="unit"  subject="full-subject"  verbed="verbed-yes"  utype="main"  finite="finite-yes" />
<markable id="markable_1589" span="word_3984..word_3988" mmax_level="unit"  subject="no-subject"  verbed="verbed-no"  utype="parenthetical"  finite="no-finite" />
<markable id="markable_1480" span="word_2910..word_2960" mmax_level="unit"  subject="full-subject"  verbed="verbed-yes"  utype="main"  finite="finite-yes" />
<markable id="markable_1584" span="word_3917..word_3928" mmax_level="unit"  subject="full-subject"  verbed="verbed-yes"  utype="main"  finite="finite-yes" />
<markable id="markable_1481" span="word_2910..word_2927" mmax_level="unit"  subject="no-subject"  verbed="verbed-no"  utype="preposed-pp"  finite="no-finite" />
<markable id="markable_1585" span="word_3929..word_3940" mmax_level="unit"  subject="full-subject"  verbed="verbed-yes"  utype="main"  finite="finite-yes" />
<markable id="markable_1482" span="word_2919..word_2926" mmax_level="unit"  subject="no-subject"  verbed="verbed-no"  utype="parenthetical"  finite="no-finite" />
<markable id="markable_1586" span="word_3942..word_3965" mmax_level="unit"  subject="full-subject"  verbed="verbed-yes"  utype="main"  finite="finite-yes" />
<markable id="markable_1483" span="word_2937..word_2960" mmax_level="unit"  subject="no-subject"  verbed="verbed-yes"  utype="relative"  finite="finite-no" />
<markable id="markable_1587" span="word_3945..word_3956" mmax_level="unit"  subject="relpro"  verbed="verbed-yes"  utype="paren-rel"  finite="finite-yes" />
<markable id="markable_1484" span="word_2947..word_2960" mmax_level="unit"  subject="no-subject"  verbed="verbed-no"  utype="paren-app"  finite="no-finite" />
<markable id="markable_1580" span="word_3877..word_3896" mmax_level="unit"  subject="full-subject"  verbed="verbed-yes"  utype="complement"  finite="finite-yes" />
<markable id="markable_1485" span="word_2949..word_2960" mmax_level="unit"  subject="relpro"  verbed="verbed-yes"  utype="relative"  finite="finite-yes" />
<markable id="markable_1581" span="word_3886..word_3890" mmax_level="unit"  subject="no-subject"  verbed="verbed-yes"  utype="relative"  finite="finite-no" />
<markable id="markable_1486" span="word_2955..word_2957" mmax_level="unit"  subject="no-subject"  verbed="verbed-yes"  utype="coord-vp"  finite="finite-yes" />
<markable id="markable_1582" span="word_3898..word_3915" mmax_level="unit"  subject="full-subject"  verbed="verbed-yes"  utype="main"  finite="finite-yes" />
<markable id="markable_1487" span="word_2959..word_2960" mmax_level="unit"  subject="no-subject"  verbed="verbed-yes"  utype="complement"  finite="finite-no" />
<markable id="markable_1583" span="word_3906..word_3910" mmax_level="unit"  subject="no-subject"  verbed="verbed-no"  utype="parenthetical"  finite="no-finite" />
<markable id="markable_1488" span="word_2962..word_3009" mmax_level="unit"  subject="full-subject"  verbed="verbed-yes"  utype="main"  finite="finite-yes" />
<markable id="markable_1489" span="word_2972..word_2976" mmax_level="unit"  subject="no-subject"  verbed="verbed-no"  utype="parenthetical"  finite="no-finite" />
<markable id="markable_1200" span="word_118..word_122" mmax_level="unit"  subject="no-subject"  verbed="verbed-no"  utype="captionitem"  finite="no-finite" />
<markable id="markable_1202" span="word_134..word_138" mmax_level="unit"  subject="no-subject"  verbed="verbed-no"  utype="captionitem"  finite="no-finite" />
<markable id="markable_1201" span="word_123..word_133" mmax_level="unit"  subject="no-subject"  verbed="verbed-no"  utype="captionitem"  finite="no-finite" />
<markable id="markable_1204" span="word_139..word_148" mmax_level="unit"  subject="no-subject"  verbed="verbed-no"  utype="preposed-pp"  finite="no-finite" />
<markable id="markable_1203" span="word_139..word_186" mmax_level="unit"  subject="full-subject"  verbed="verbed-yes"  utype="main"  finite="finite-yes" />
<markable id="markable_1206" span="word_181..word_186" mmax_level="unit"  subject="relpro"  verbed="verbed-yes"  utype="paren-rel"  finite="finite-yes" />
<markable id="markable_1205" span="word_162..word_171" mmax_level="unit"  subject="relpro"  verbed="verbed-yes"  utype="paren-rel"  finite="finite-yes" />
<markable id="markable_1303" span="word_1138..word_1169" mmax_level="unit"  subject="full-subject"  verbed="verbed-yes"  utype="main"  finite="finite-yes" />
<markable id="markable_1302" span="word_1132..word_1136" mmax_level="unit"  subject="no-subject"  verbed="verbed-no"  utype="parenthetical"  finite="no-finite" />
<markable id="markable_1305" span="word_1150..word_1154" mmax_level="unit"  subject="no-subject"  verbed="verbed-yes"  utype="relative"  finite="finite-no" />
<markable id="markable_1304" span="word_1145..word_1149" mmax_level="unit"  subject="no-subject"  verbed="verbed-no"  utype="parenthetical"  finite="no-finite" />
<markable id="markable_1301" span="word_1130..word_1136" mmax_level="unit"  subject="no-subject"  verbed="verbed-no"  utype="appositive"  finite="no-finite" />
<markable id="markable_1300" span="word_1120..word_1136" mmax_level="unit"  subject="relpro"  verbed="verbed-yes"  utype="relative"  finite="finite-yes" />
<markable id="markable_1415" span="word_2211..word_2214" mmax_level="unit"  subject="no-subject"  verbed="verbed-no"  utype="parenthetical"  finite="no-finite" />
<markable id="markable_1414" span="word_2205..word_2228" mmax_level="unit"  subject="full-subject"  verbed="verbed-yes"  utype="main"  finite="finite-yes" />
<markable id="markable_1413" span="word_2197..word_2203" mmax_level="unit"  subject="no-subject"  verbed="verbed-yes"  utype="adjunct"  finite="finite-no" />
<markable id="markable_1412" span="word_2154..word_2176" mmax_level="unit"  subject="no-subject"  verbed="verbed-no"  utype="preposed-pp"  finite="no-finite" />
<markable id="markable_1411" span="word_2154..word_2203" mmax_level="unit"  subject="full-subject"  verbed="verbed-yes"  utype="main"  finite="finite-yes" />
<markable id="markable_1550" span="word_3592..word_3601" mmax_level="unit"  subject="relpro"  verbed="verbed-yes"  utype="paren-rel"  finite="finite-yes" />
<markable id="markable_1209" span="word_188..word_192" mmax_level="unit"  subject="no-subject"  verbed="verbed-no"  utype="paren-app"  finite="no-finite" />
<markable id="markable_1410" span="word_2144..word_2148" mmax_level="unit"  subject="no-subject"  verbed="verbed-no"  utype="parenthetical"  finite="no-finite" />
<markable id="markable_1208" span="word_188..word_218" mmax_level="unit"  subject="full-subject"  verbed="verbed-yes"  utype="main"  finite="finite-yes" />
<markable id="markable_1207" span="word_184..word_186" mmax_level="unit"  subject="no-subject"  verbed="verbed-yes"  utype="complement"  finite="finite-no" />
<markable id="markable_1624" span="word_4283..word_4293" mmax_level="unit"  subject="relpro"  verbed="verbed-yes"  utype="paren-rel"  finite="finite-yes" />
<markable id="markable_1554" span="word_3644..word_3708" mmax_level="unit"  subject="full-subject"  verbed="verbed-yes"  utype="main"  finite="finite-yes" />
<markable id="markable_1623" span="word_4267..word_4293" mmax_level="unit"  subject="full-subject"  verbed="verbed-yes"  utype="complement"  finite="finite-yes" />
<markable id="markable_1553" span="word_3625..word_3642" mmax_level="unit"  subject="full-subject"  verbed="verbed-yes"  utype="main"  finite="finite-yes" />
<markable id="markable_1622" span="word_4262..word_4293" mmax_level="unit"  subject="empty-subject"  verbed="verbed-yes"  utype="main"  finite="finite-yes" />
<markable id="markable_1552" span="word_3617..word_3623" mmax_level="unit"  subject="relpro"  verbed="verbed-yes"  utype="paren-rel"  finite="finite-yes" />
<markable id="markable_1621" span="word_4254..word_4260" mmax_level="unit"  subject="no-subject"  verbed="verbed-yes"  utype="paren-rel"  finite="finite-no" />
<markable id="markable_1551" span="word_3611..word_3615" mmax_level="unit"  subject="no-subject"  verbed="verbed-no"  utype="parenthetical"  finite="no-finite" />
<markable id="markable_1620" span="word_4248..word_4252" mmax_level="unit"  subject="no-subject"  verbed="verbed-no"  utype="parenthetical"  finite="no-finite" />
<markable id="markable_1558" span="word_3682..word_3708" mmax_level="unit"  subject="no-subject"  verbed="verbed-no"  utype="parenthetical"  finite="no-finite" />
<markable id="markable_1557" span="word_3676..word_3680" mmax_level="unit"  subject="no-subject"  verbed="verbed-yes"  utype="complement"  finite="finite-no" />
<markable id="markable_1556" span="word_3664..word_3673" mmax_level="unit"  subject="no-subject"  verbed="verbed-yes"  utype="parenthetical"  finite="finite-yes" />
<markable id="markable_1555" span="word_3647..word_3663" mmax_level="unit"  subject="no-subject"  verbed="verbed-yes"  utype="relative"  finite="finite-no" />
<markable id="markable_1355" span="word_1581..word_1585" mmax_level="unit"  subject="no-subject"  verbed="verbed-no"  utype="parenthetical"  finite="no-finite" />
<markable id="markable_1356" span="word_1605..word_1632" mmax_level="unit"  subject="full-subject"  verbed="verbed-yes"  utype="main"  finite="finite-yes" />
<markable id="markable_1618" span="word_4221..word_4227" mmax_level="unit"  subject="no-subject"  verbed="verbed-no"  utype="parenthetical"  finite="no-finite" />
<markable id="markable_1353" span="word_1548..word_1603" mmax_level="unit"  subject="full-subject"  verbed="verbed-yes"  utype="main"  finite="finite-yes" />
<markable id="markable_1548" span="word_3552..word_3556" mmax_level="unit"  subject="no-subject"  verbed="verbed-no"  utype="parenthetical"  finite="no-finite" />
<markable id="markable_1619" span="word_4233..word_4260" mmax_level="unit"  subject="no-subject"  verbed="verbed-yes"  utype="parenthetical"  finite="finite-yes" />
<markable id="markable_1354" span="word_1548..word_1569" mmax_level="unit"  subject="no-subject"  verbed="verbed-yes"  utype="paren-app"  finite="finite-no" />
<markable id="markable_1549" span="word_3574..word_3578" mmax_level="unit"  subject="no-subject"  verbed="verbed-no"  utype="parenthetical"  finite="no-finite" />
<markable id="markable_1616" span="word_4204..word_4206" mmax_level="unit"  subject="no-subject"  verbed="verbed-no"  utype="parenthetical"  finite="no-finite" />
<markable id="markable_1359" span="word_1634..word_1676" mmax_level="unit"  subject="full-subject"  verbed="verbed-yes"  utype="main"  finite="finite-yes" />
<markable id="markable_1617" span="word_4215..word_4260" mmax_level="unit"  subject="full-subject"  verbed="verbed-yes"  utype="main"  finite="finite-yes" />
<markable id="markable_1614" span="word_4193..word_4197" mmax_level="unit"  subject="no-subject"  verbed="verbed-no"  utype="parenthetical"  finite="no-finite" />
<markable id="markable_1357" span="word_1613..word_1632" mmax_level="unit"  subject="no-subject"  verbed="verbed-no"  utype="parenthetical"  finite="no-finite" />
<markable id="markable_1615" span="word_4198..word_4202" mmax_level="unit"  subject="no-subject"  verbed="verbed-no"  utype="parenthetical"  finite="no-finite" />
<markable id="markable_1358" span="word_1627..word_1632" mmax_level="unit"  subject="relpro"  verbed="verbed-yes"  utype="relative"  finite="finite-yes" />
<markable id="markable_1216" span="word_252..word_261" mmax_level="unit"  subject="no-subject"  verbed="verbed-yes"  utype="paren-rel"  finite="finite-no" />
<markable id="markable_1217" span="word_263..word_287" mmax_level="unit"  subject="no-subject"  verbed="verbed-yes"  utype="complement"  finite="finite-no" />
<markable id="markable_1214" span="word_231..word_238" mmax_level="unit"  subject="no-subject"  verbed="verbed-no"  utype="captionitem"  finite="no-finite" />
<markable id="markable_1409" span="word_2134..word_2152" mmax_level="unit"  subject="full-subject"  verbed="verbed-yes"  utype="main"  finite="finite-yes" />
<markable id="markable_1215" span="word_239..word_287" mmax_level="unit"  subject="full-subject"  verbed="verbed-yes"  utype="main"  finite="finite-yes" />
<markable id="markable_1212" span="word_223..word_226" mmax_level="unit"  subject="no-subject"  verbed="verbed-no"  utype="captionitem"  finite="no-finite" />
<markable id="markable_1351" span="word_1525..word_1532" mmax_level="unit"  subject="no-subject"  verbed="verbed-no"  utype="parenthetical"  finite="no-finite" />
<markable id="markable_1407" span="word_2107..word_2132" mmax_level="unit"  subject="no-subject"  verbed="verbed-yes"  utype="paren-rel"  finite="finite-no" />
<markable id="markable_1213" span="word_227..word_230" mmax_level="unit"  subject="no-subject"  verbed="verbed-no"  utype="captionitem"  finite="no-finite" />
<markable id="markable_1352" span="word_1537..word_1546" mmax_level="unit"  subject="no-subject"  verbed="verbed-yes"  utype="complement"  finite="finite-no" />
<markable id="markable_1408" span="word_2119..word_2132" mmax_level="unit"  subject="no-subject"  verbed="verbed-yes"  utype="paren-rel"  finite="finite-no" />
<markable id="markable_1210" span="word_210..word_218" mmax_level="unit"  subject="no-subject"  verbed="verbed-yes"  utype="relative"  finite="finite-no" />
<markable id="markable_1405" span="word_2090..word_2093" mmax_level="unit"  subject="no-subject"  verbed="verbed-yes"  utype="relative"  finite="finite-no" />
<markable id="markable_1211" span="word_220..word_222" mmax_level="unit"  subject="no-subject"  verbed="verbed-no"  utype="captionitem"  finite="no-finite" />
<markable id="markable_1350" span="word_1518..word_1546" mmax_level="unit"  subject="relpro"  verbed="verbed-yes"  utype="relative"  finite="finite-yes" />
<markable id="markable_1406" span="word_2099..word_2106" mmax_level="unit"  subject="no-subject"  verbed="verbed-no"  utype="parenthetical"  finite="no-finite" />
<markable id="markable_1424" span="word_2306..word_2373" mmax_level="unit"  subject="full-subject"  verbed="verbed-yes"  utype="main"  finite="finite-yes" />
<markable id="markable_1423" span="word_2293..word_2304" mmax_level="unit"  subject="full-subject"  verbed="verbed-yes"  utype="main"  finite="finite-yes" />
<markable id="markable_1426" span="word_2329..word_2358" mmax_level="unit"  subject="relpro"  verbed="verbed-yes"  utype="relative"  finite="finite-yes" />
<markable id="markable_1425" span="word_2312..word_2315" mmax_level="unit"  subject="no-subject"  verbed="verbed-yes"  utype="relative"  finite="finite-no" />
<markable id="markable_1219" span="word_289..word_344" mmax_level="unit"  subject="full-subject"  verbed="verbed-yes"  utype="main"  finite="finite-yes" />
<markable id="markable_1420" span="word_2261..word_2267" mmax_level="unit"  subject="full-subject"  verbed="verbed-yes"  utype="adjunct"  finite="finite-yes" />
<markable id="markable_1218" span="word_283..word_287" mmax_level="unit"  subject="no-subject"  verbed="verbed-yes"  utype="appositive"  finite="finite-no" />
<markable id="markable_1422" span="word_2280..word_2291" mmax_level="unit"  subject="no-subject"  verbed="verbed-yes"  utype="complement"  finite="finite-no" />
<markable id="markable_1561" span="word_3736..word_3792" mmax_level="unit"  subject="relpro"  verbed="verbed-yes"  utype="paren-rel"  finite="finite-yes" />
<markable id="markable_1421" span="word_2269..word_2292" mmax_level="unit"  subject="full-subject"  verbed="verbed-yes"  utype="main"  finite="finite-yes" />
<markable id="markable_1560" span="word_3710..word_3800" mmax_level="unit"  subject="full-subject"  verbed="verbed-yes"  utype="main"  finite="finite-yes" />
<markable id="markable_1611" span="word_4155..word_4162" mmax_level="unit"  subject="no-subject"  verbed="verbed-no"  utype="paren-rel"  finite="no-finite" />
<markable id="markable_1563" span="word_3745..word_3746" mmax_level="unit"  subject="no-subject"  verbed="verbed-yes"  utype="unsure-utype"  finite="finite-no" />
<markable id="markable_1610" span="word_4150..word_4162" mmax_level="unit"  subject="no-subject"  verbed="verbed-yes"  utype="paren-rel"  finite="finite-no" />
<markable id="markable_1562" span="word_3739..word_3757" mmax_level="unit"  subject="full-subject"  verbed="verbed-yes"  utype="unsure-utype"  finite="finite-yes" />
<markable id="markable_1613" span="word_4179..word_4214" mmax_level="unit"  subject="full-subject"  verbed="verbed-yes"  utype="main"  finite="finite-yes" />
<markable id="markable_1565" span="word_3759..word_3791" mmax_level="unit"  subject="full-subject"  verbed="verbed-yes"  utype="unsure-utype"  finite="finite-yes" />
<markable id="markable_1612" span="word_4175..word_4177" mmax_level="unit"  subject="no-subject"  verbed="verbed-no"  utype="parenthetical"  finite="no-finite" />
<markable id="markable_1564" span="word_3747..word_3757" mmax_level="unit"  subject="no-subject"  verbed="verbed-yes"  utype="unsure-utype"  finite="unsure-finite" />
<markable id="markable_1567" span="word_3772..word_3775" mmax_level="unit"  subject="full-subject"  verbed="verbed-yes"  utype="unsure-utype"  finite="finite-yes" />
<markable id="markable_1566" span="word_3763..word_3791" mmax_level="unit"  subject="full-subject"  verbed="verbed-yes"  utype="unsure-utype"  finite="finite-yes" />
<markable id="markable_1569" span="word_3782..word_3791" mmax_level="unit"  subject="full-subject"  verbed="verbed-yes"  utype="unsure-utype"  finite="finite-yes" />
<markable id="markable_1568" span="word_3777..word_3780" mmax_level="unit"  subject="full-subject"  verbed="verbed-yes"  utype="unsure-utype"  finite="finite-yes" />
<markable id="markable_1607" span="word_4139..word_4142" mmax_level="unit"  subject="no-subject"  verbed="verbed-yes"  utype="adjunct"  finite="finite-no" />
<markable id="markable_1364" span="word_1678..word_1712" mmax_level="unit"  subject="full-subject"  verbed="verbed-yes"  utype="main"  finite="finite-yes" />
<markable id="markable_1559" span="word_3692..word_3708" mmax_level="unit"  subject="relpro"  verbed="verbed-yes"  utype="paren-rel"  finite="finite-yes" />
<markable id="markable_1608" span="word_4144..word_4148" mmax_level="unit"  subject="no-subject"  verbed="verbed-yes"  utype="adjunct"  finite="finite-no" />
<markable id="markable_1365" span="word_1680..word_1687" mmax_level="unit"  subject="relpro"  verbed="verbed-yes"  utype="relative"  finite="finite-yes" />
<markable id="markable_1609" span="word_4150..word_4177" mmax_level="unit"  subject="full-subject"  verbed="verbed-yes"  utype="main"  finite="finite-yes" />
<markable id="markable_1366" span="word_1695..word_1712" mmax_level="unit"  subject="no-subject"  verbed="verbed-yes"  utype="coord-vp"  finite="finite-yes" />
<markable id="markable_1220" span="word_302..word_344" mmax_level="unit"  subject="relpro"  verbed="verbed-yes"  utype="relative"  finite="finite-yes" />
<markable id="markable_1367" span="word_1714..word_1803" mmax_level="unit"  subject="full-subject"  verbed="verbed-yes"  utype="main"  finite="finite-yes" />
<markable id="markable_1603" span="word_4105..word_4110" mmax_level="unit"  subject="relpro"  verbed="verbed-yes"  utype="paren-rel"  finite="finite-yes" />
<markable id="markable_1368" span="word_1719..word_1730" mmax_level="unit"  subject="no-subject"  verbed="verbed-no"  utype="parenthetical"  finite="no-finite" />
<markable id="markable_1604" span="word_4112..word_4148" mmax_level="unit"  subject="full-subject"  verbed="verbed-yes"  utype="main"  finite="finite-yes" />
<markable id="markable_1369" span="word_1725..word_1729" mmax_level="unit"  subject="no-subject"  verbed="verbed-no"  utype="parenthetical"  finite="no-finite" />
<markable id="markable_1605" span="word_4122..word_4148" mmax_level="unit"  subject="no-subject"  verbed="verbed-yes"  utype="paren-rel"  finite="finite-no" />
<markable id="markable_1606" span="word_4131..word_4138" mmax_level="unit"  subject="no-subject"  verbed="verbed-yes"  utype="adjunct"  finite="finite-no" />
<markable id="markable_1225" span="word_337..word_344" mmax_level="unit"  subject="relpro"  verbed="verbed-yes"  utype="paren-rel"  finite="finite-yes" />
<markable id="markable_1226" span="word_346..word_348" mmax_level="unit"  subject="no-subject"  verbed="verbed-no"  utype="captionitem"  finite="no-finite" />
<markable id="markable_1227" span="word_349..word_364" mmax_level="unit"  subject="no-subject"  verbed="verbed-no"  utype="captionitem"  finite="no-finite" />
<markable id="markable_1228" span="word_365..word_411" mmax_level="unit"  subject="full-subject"  verbed="verbed-yes"  utype="main"  finite="finite-yes" />
<markable id="markable_1221" span="word_304..word_322" mmax_level="unit"  subject="no-subject"  verbed="verbed-yes"  utype="parenthetical"  finite="finite-no" />
<markable id="markable_1360" span="word_1634..word_1641" mmax_level="unit"  subject="no-subject"  verbed="verbed-no"  utype="unsure-utype"  finite="no-finite" />
<markable id="markable_1416" span="word_2215..word_2221" mmax_level="unit"  subject="no-subject"  verbed="verbed-no"  utype="parenthetical"  finite="no-finite" />
<markable id="markable_1222" span="word_307..word_322" mmax_level="unit"  subject="no-subject"  verbed="verbed-yes"  utype="complement"  finite="finite-no" />
<markable id="markable_1361" span="word_1647..word_1676" mmax_level="unit"  subject="no-subject"  verbed="verbed-yes"  utype="paren-rel"  finite="finite-no" />
<markable id="markable_1417" span="word_2229..word_2267" mmax_level="unit"  subject="full-subject"  verbed="verbed-yes"  utype="main"  finite="finite-yes" />
<markable id="markable_1223" span="word_314..word_321" mmax_level="unit"  subject="no-subject"  verbed="verbed-yes"  utype="paren-rel"  finite="finite-no" />
<markable id="markable_1362" span="word_1660..word_1664" mmax_level="unit"  subject="no-subject"  verbed="verbed-no"  utype="parenthetical"  finite="no-finite" />
<markable id="markable_1418" span="word_2229..word_2230" mmax_level="unit"  subject="no-subject"  verbed="verbed-no"  utype="preposed-pp"  finite="no-finite" />
<markable id="markable_1224" span="word_326..word_344" mmax_level="unit"  subject="no-subject"  verbed="verbed-yes"  utype="complement"  finite="finite-no" />
<markable id="markable_1363" span="word_1666..word_1676" mmax_level="unit"  subject="relpro"  verbed="verbed-yes"  utype="paren-rel"  finite="finite-yes" />
<markable id="markable_1419" span="word_2245..word_2260" mmax_level="unit"  subject="no-subject"  verbed="verbed-yes"  utype="paren-rel"  finite="finite-no" />
<markable id="markable_1433" span="word_2420..word_2424" mmax_level="unit"  subject="no-subject"  verbed="verbed-no"  utype="parenthetical"  finite="no-finite" />
<markable id="markable_1432" span="word_2402..word_2411" mmax_level="unit"  subject="relpro"  verbed="verbed-yes"  utype="paren-rel"  finite="finite-yes" />
<markable id="markable_1431" span="word_2396..word_2400" mmax_level="unit"  subject="no-subject"  verbed="verbed-no"  utype="parenthetical"  finite="no-finite" />
<markable id="markable_1229" span="word_369..word_385" mmax_level="unit"  subject="relpro"  verbed="verbed-yes"  utype="paren-rel"  finite="finite-yes" />
<markable id="markable_1430" span="word_2389..word_2395" mmax_level="unit"  subject="no-subject"  verbed="verbed-no"  utype="parenthetical"  finite="no-finite" />
<markable id="markable_1437" span="word_2478..word_2491" mmax_level="unit"  subject="relpro"  verbed="verbed-yes"  utype="paren-rel"  finite="finite-yes" />
<markable id="markable_1436" span="word_2473..word_2477" mmax_level="unit"  subject="no-subject"  verbed="verbed-no"  utype="parenthetical"  finite="no-finite" />
<markable id="markable_1435" span="word_2444..word_2448" mmax_level="unit"  subject="no-subject"  verbed="verbed-no"  utype="parenthetical"  finite="no-finite" />
<markable id="markable_1434" span="word_2430..word_2434" mmax_level="unit"  subject="no-subject"  verbed="verbed-no"  utype="parenthetical"  finite="no-finite" />
<markable id="markable_1536" span="word_3447..word_3458" mmax_level="unit"  subject="no-subject"  verbed="verbed-yes"  utype="paren-rel"  finite="finite-no" />
<markable id="markable_1535" span="word_3434..word_3458" mmax_level="unit"  subject="empty-subject"  verbed="verbed-yes"  utype="complement"  finite="finite-yes" />
<markable id="markable_1534" span="word_3425..word_3432" mmax_level="unit"  subject="no-subject"  verbed="verbed-no"  utype="parenthetical"  finite="no-finite" />
<markable id="markable_1533" span="word_3414..word_3423" mmax_level="unit"  subject="full-subject"  verbed="verbed-yes"  utype="complement"  finite="finite-yes" />
<markable id="markable_1532" span="word_3409..word_3424" mmax_level="unit"  subject="no-subject"  verbed="verbed-yes"  utype="parenthetical"  finite="finite-yes" />
<markable id="markable_1531" span="word_3399..word_3458" mmax_level="unit"  subject="full-subject"  verbed="verbed-yes"  utype="main"  finite="finite-yes" />
<markable id="markable_1329" span="word_1328..word_1331" mmax_level="unit"  subject="no-subject"  verbed="verbed-yes"  utype="relative"  finite="finite-no" />
<markable id="markable_1530" span="word_3389..word_3397" mmax_level="unit"  subject="no-subject"  verbed="verbed-yes"  utype="relative"  finite="finite-no" />
<markable id="markable_1328" span="word_1324..word_1336" mmax_level="unit"  subject="no-subject"  verbed="verbed-yes"  utype="paren-rel"  finite="finite-no" />
<markable id="markable_1337" span="word_1416..word_1442" mmax_level="unit"  subject="full-subject"  verbed="verbed-yes"  utype="main"  finite="finite-yes" />
<markable id="markable_1338" span="word_1421..word_1425" mmax_level="unit"  subject="no-subject"  verbed="verbed-no"  utype="parenthetical"  finite="no-finite" />
<markable id="markable_1335" span="word_1404..word_1408" mmax_level="unit"  subject="no-subject"  verbed="verbed-no"  utype="parenthetical"  finite="no-finite" />
<markable id="markable_1336" span="word_1410..word_1414" mmax_level="unit"  subject="no-subject"  verbed="verbed-yes"  utype="parenthetical"  finite="finite-no" />
<markable id="markable_1230" span="word_388..word_411" mmax_level="unit"  subject="no-subject"  verbed="verbed-yes"  utype="complement"  finite="finite-no" />
<markable id="markable_1333" span="word_1378..word_1383" mmax_level="unit"  subject="no-subject"  verbed="verbed-no"  utype="parenthetical"  finite="no-finite" />
<markable id="markable_1528" span="word_3362..word_3366" mmax_level="unit"  subject="no-subject"  verbed="verbed-no"  utype="parenthetical"  finite="no-finite" />
<markable id="markable_1231" span="word_392..word_400" mmax_level="unit"  subject="no-subject"  verbed="verbed-yes"  utype="coord-vp"  finite="finite-no" />
<markable id="markable_1334" span="word_1385..word_1414" mmax_level="unit"  subject="full-subject"  verbed="verbed-yes"  utype="main"  finite="finite-yes" />
<markable id="markable_1529" span="word_3380..word_3397" mmax_level="unit"  subject="relpro"  verbed="verbed-yes"  utype="paren-rel"  finite="finite-yes" />
<markable id="markable_1331" span="word_1348..word_1362" mmax_level="unit"  subject="full-subject"  verbed="verbed-yes"  utype="main"  finite="finite-yes" />
<markable id="markable_1526" span="word_3348..word_3353" mmax_level="unit"  subject="no-subject"  verbed="verbed-yes"  utype="relative"  finite="finite-no" />
<markable id="markable_1332" span="word_1363..word_1383" mmax_level="unit"  subject="full-subject"  verbed="verbed-yes"  utype="main"  finite="finite-yes" />
<markable id="markable_1527" span="word_3355..word_3397" mmax_level="unit"  subject="full-subject"  verbed="verbed-yes"  utype="main"  finite="finite-yes" />
<markable id="markable_1234" span="word_425..word_432" mmax_level="unit"  subject="no-subject"  verbed="verbed-yes"  utype="coord-vp"  finite="finite-yes" />
<markable id="markable_1429" span="word_2375..word_2527" mmax_level="unit"  subject="full-subject"  verbed="verbed-yes"  utype="main"  finite="finite-yes" />
<markable id="markable_1235" span="word_434..word_502" mmax_level="unit"  subject="full-subject"  verbed="verbed-yes"  utype="main"  finite="finite-yes" />
<markable id="markable_1330" span="word_1340..word_1346" mmax_level="unit"  subject="no-subject"  verbed="verbed-no"  utype="parenthetical"  finite="no-finite" />
<markable id="markable_1232" span="word_401..word_411" mmax_level="unit"  subject="no-subject"  verbed="verbed-yes"  utype="coord-vp"  finite="finite-no" />
<markable id="markable_1427" span="word_2341..word_2358" mmax_level="unit"  subject="no-subject"  verbed="verbed-no"  utype="such-as"  finite="no-finite" />
<markable id="markable_1233" span="word_413..word_432" mmax_level="unit"  subject="full-subject"  verbed="verbed-yes"  utype="main"  finite="finite-yes" />
<markable id="markable_1428" span="word_2369..word_2373" mmax_level="unit"  subject="no-subject"  verbed="verbed-no"  utype="parenthetical"  finite="no-finite" />
<markable id="markable_1238" span="word_442..word_449" mmax_level="unit"  subject="no-subject"  verbed="verbed-yes"  utype="unsure-utype"  finite="finite-yes" />
<markable id="markable_1239" span="word_451..word_456" mmax_level="unit"  subject="no-subject"  verbed="verbed-yes"  utype="unsure-utype"  finite="finite-yes" />
<markable id="markable_1236" span="word_434..word_492" mmax_level="unit"  subject="full-subject"  verbed="verbed-yes"  utype="complement"  finite="finite-yes" />
<markable id="markable_1237" span="word_434..word_440" mmax_level="unit"  subject="full-subject"  verbed="verbed-yes"  utype="unsure-utype"  finite="finite-yes" />
<markable id="markable_1442" span="word_2547..word_2551" mmax_level="unit"  subject="no-subject"  verbed="verbed-yes"  utype="relative"  finite="finite-no" />
<markable id="markable_1441" span="word_2529..word_2535" mmax_level="unit"  subject="no-subject"  verbed="verbed-no"  utype="preposed-pp"  finite="no-finite" />
<markable id="markable_1444" span="word_2571..word_2572" mmax_level="unit"  subject="no-subject"  verbed="verbed-yes"  utype="paren-rel"  finite="finite-no" />
<markable id="markable_1443" span="word_2553..word_2622" mmax_level="unit"  subject="full-subject"  verbed="verbed-yes"  utype="main"  finite="finite-yes" />
<markable id="markable_1446" span="word_2596..word_2622" mmax_level="unit"  subject="no-subject"  verbed="verbed-yes"  utype="coord-vp"  finite="finite-yes" />
<markable id="markable_1445" span="word_2588..word_2594" mmax_level="unit"  subject="no-subject"  verbed="verbed-yes"  utype="relative"  finite="finite-no" />
<markable id="markable_1448" span="word_2614..word_2622" mmax_level="unit"  subject="no-subject"  verbed="verbed-yes"  utype="paren-rel"  finite="finite-no" />
<markable id="markable_1447" span="word_2606..word_2612" mmax_level="unit"  subject="no-subject"  verbed="verbed-yes"  utype="paren-rel"  finite="finite-no" />
<markable id="markable_1545" span="word_3521..word_3526" mmax_level="unit"  subject="full-subject"  verbed="verbed-yes"  utype="adjunct"  finite="finite-yes" />
<markable id="markable_1544" span="word_3520..word_3532" mmax_level="unit"  subject="full-subject"  verbed="verbed-yes"  utype="unsure-utype"  finite="finite-yes" />
<markable id="markable_1631" span="word_4338..word_4362" mmax_level="unit"  subject="full-subject"  verbed="verbed-yes"  utype="main"  finite="finite-yes" />
<markable id="markable_1547" span="word_3545..word_3623" mmax_level="unit"  subject="no-subject"  verbed="verbed-no"  utype="parenthetical"  finite="no-finite" />
<markable id="markable_1630" span="word_4332..word_4336" mmax_level="unit"  subject="no-subject"  verbed="verbed-no"  utype="parenthetical"  finite="no-finite" />
<markable id="markable_1546" span="word_3537..word_3623" mmax_level="unit"  subject="full-subject"  verbed="verbed-yes"  utype="main"  finite="finite-yes" />
<markable id="markable_1633" span="word_4363..word_4388" mmax_level="unit"  subject="full-subject"  verbed="verbed-yes"  utype="main"  finite="finite-yes" />
<markable id="markable_1541" span="word_3496..word_3506" mmax_level="unit"  subject="full-subject"  verbed="verbed-yes"  utype="unsure-utype"  finite="finite-yes" />
<markable id="markable_1632" span="word_4359..word_4361" mmax_level="unit"  subject="relpro"  verbed="verbed-yes"  utype="paren-rel"  finite="finite-yes" />
<markable id="markable_1339" span="word_1426..word_1432" mmax_level="unit"  subject="no-subject"  verbed="verbed-yes"  utype="relative"  finite="finite-no" />
<markable id="markable_1540" span="word_3496..word_3535" mmax_level="unit"  subject="full-subject"  verbed="verbed-yes"  utype="main"  finite="finite-yes" />
<markable id="markable_1440" span="word_2529..word_2551" mmax_level="unit"  subject="full-subject"  verbed="verbed-yes"  utype="main"  finite="finite-yes" />
<markable id="markable_1543" span="word_3511..word_3518" mmax_level="unit"  subject="no-subject"  verbed="verbed-yes"  utype="unsure-utype"  finite="finite-no" />
<markable id="markable_1634" span="word_4374..word_4388" mmax_level="unit"  subject="relpro"  verbed="verbed-yes"  utype="relative"  finite="finite-yes" />
<markable id="markable_1542" span="word_3508..word_3519" mmax_level="unit"  subject="full-subject"  verbed="verbed-yes"  utype="unsure-utype"  finite="finite-yes" />
<markable id="markable_1625" span="word_4285..word_4289" mmax_level="unit"  subject="no-subject"  verbed="verbed-yes"  utype="adjunct"  finite="finite-no" />
<markable id="markable_1346" span="word_1485..word_1546" mmax_level="unit"  subject="full-subject"  verbed="verbed-yes"  utype="main"  finite="finite-yes" />
<markable id="markable_1626" span="word_4295..word_4336" mmax_level="unit"  subject="full-subject"  verbed="verbed-yes"  utype="main"  finite="finite-yes" />
<markable id="markable_1347" span="word_1490..word_1495" mmax_level="unit"  subject="no-subject"  verbed="verbed-no"  utype="parenthetical"  finite="no-finite" />
<markable id="markable_1627" span="word_4295..word_4302" mmax_level="unit"  subject="no-subject"  verbed="verbed-no"  utype="preposed-pp"  finite="no-finite" />
<markable id="markable_1348" span="word_1500..word_1504" mmax_level="unit"  subject="no-subject"  verbed="verbed-no"  utype="parenthetical"  finite="no-finite" />
<markable id="markable_1628" span="word_4309..word_4316" mmax_level="unit"  subject="no-subject"  verbed="verbed-yes"  utype="relative"  finite="finite-no" />
<markable id="markable_1349" span="word_1515..word_1517" mmax_level="unit"  subject="no-subject"  verbed="verbed-yes"  utype="relative"  finite="finite-no" />
<markable id="markable_1629" span="word_4317..word_4321" mmax_level="unit"  subject="no-subject"  verbed="verbed-no"  utype="parenthetical"  finite="no-finite" />
<markable id="markable_1342" span="word_1460..word_1483" mmax_level="unit"  subject="full-subject"  verbed="verbed-yes"  utype="main"  finite="finite-yes" />
<markable id="markable_1537" span="word_3460..word_3495" mmax_level="unit"  subject="empty-subject"  verbed="verbed-yes"  utype="main"  finite="finite-yes" />
<markable id="markable_1240" span="word_458..word_475" mmax_level="unit"  subject="no-subject"  verbed="verbed-yes"  utype="unsure-utype"  finite="finite-yes" />
<markable id="markable_1343" span="word_1460..word_1466" mmax_level="unit"  subject="no-subject"  verbed="verbed-yes"  utype="parenthetical"  finite="finite-no" />
<markable id="markable_1538" span="word_3460..word_3470" mmax_level="unit"  subject="no-subject"  verbed="verbed-no"  utype="preposed-pp"  finite="no-finite" />
<markable id="markable_1241" span="word_460..word_475" mmax_level="unit"  subject="full-subject"  verbed="verbed-yes"  utype="unsure-utype"  finite="finite-yes" />
<markable id="markable_1344" span="word_1472..word_1474" mmax_level="unit"  subject="no-subject"  verbed="verbed-no"  utype="parenthetical"  finite="no-finite" />
<markable id="markable_1539" span="word_3476..word_3494" mmax_level="unit"  subject="full-subject"  verbed="verbed-yes"  utype="complement"  finite="finite-yes" />
<markable id="markable_1242" span="word_468..word_470" mmax_level="unit"  subject="no-subject"  verbed="verbed-no"  utype="unsure-utype"  finite="finite-no" />
<markable id="markable_1345" span="word_1478..word_1483" mmax_level="unit"  subject="no-subject"  verbed="verbed-yes"  utype="coord-vp"  finite="finite-yes" />
<markable id="markable_1243" span="word_477..word_491" mmax_level="unit"  subject="full-subject"  verbed="verbed-yes"  utype="unsure-utype"  finite="finite-yes" />
<markable id="markable_1438" span="word_2507..word_2511" mmax_level="unit"  subject="no-subject"  verbed="verbed-no"  utype="parenthetical"  finite="no-finite" />
<markable id="markable_1244" span="word_480..word_490" mmax_level="unit"  subject="full-subject"  verbed="verbed-yes"  utype="unsure-utype"  finite="finite-yes" />
<markable id="markable_1439" span="word_2523..word_2527" mmax_level="unit"  subject="no-subject"  verbed="verbed-no"  utype="parenthetical"  finite="no-finite" />
<markable id="markable_1245" span="word_495..word_502" mmax_level="unit"  subject="no-subject"  verbed="verbed-no"  utype="parenthetical"  finite="no-finite" />
<markable id="markable_1340" span="word_1430..word_1432" mmax_level="unit"  subject="no-subject"  verbed="verbed-no"  utype="parenthetical"  finite="no-finite" />
<markable id="markable_1246" span="word_504..word_510" mmax_level="unit"  subject="no-subject"  verbed="verbed-no"  utype="captionitem"  finite="no-finite" />
<markable id="markable_1341" span="word_1443..word_1458" mmax_level="unit"  subject="full-subject"  verbed="verbed-yes"  utype="main"  finite="finite-yes" />
<markable id="markable_1247" span="word_511..word_518" mmax_level="unit"  subject="no-subject"  verbed="verbed-no"  utype="captionitem"  finite="no-finite" />
<markable id="markable_1248" span="word_519..word_525" mmax_level="unit"  subject="no-subject"  verbed="verbed-no"  utype="captionitem"  finite="no-finite" />
<markable id="markable_1249" span="word_526..word_599" mmax_level="unit"  subject="full-subject"  verbed="verbed-yes"  utype="main"  finite="finite-yes" />
<markable id="markable_1286" span="word_1009..word_1010" mmax_level="unit"  subject="no-subject"  verbed="verbed-no"  utype="preposed-pp"  finite="no-finite" />
<markable id="markable_1285" span="word_1009..word_1057" mmax_level="unit"  subject="full-subject"  verbed="verbed-yes"  utype="main"  finite="finite-yes" />
<markable id="markable_1284" span="word_986..word_1008" mmax_level="unit"  subject="full-subject"  verbed="verbed-yes"  utype="main"  finite="finite-yes" />
<markable id="markable_1283" span="word_977..word_984" mmax_level="unit"  subject="no-subject"  verbed="verbed-yes"  utype="complement"  finite="finite-no" />
<markable id="markable_1282" span="word_965..word_976" mmax_level="unit"  subject="no-subject"  verbed="verbed-yes"  utype="complement"  finite="finite-no" />
<markable id="markable_1281" span="word_944..word_961" mmax_level="unit"  subject="no-subject"  verbed="verbed-yes"  utype="coord-vp"  finite="finite-yes" />
<markable id="markable_1280" span="word_937..word_961" mmax_level="unit"  subject="relpro"  verbed="verbed-yes"  utype="paren-rel"  finite="finite-yes" />
<markable id="markable_1289" span="word_1036..word_1057" mmax_level="unit"  subject="full-subject"  verbed="verbed-yes"  utype="paren-rel"  finite="finite-yes" />
<markable id="markable_1288" span="word_1030..word_1035" mmax_level="unit"  subject="no-subject"  verbed="verbed-yes"  utype="relative"  finite="finite-no" />
<markable id="markable_1287" span="word_1023..word_1029" mmax_level="unit"  subject="no-subject"  verbed="verbed-no"  utype="parenthetical"  finite="no-finite" />
<markable id="markable_1273" span="word_844..word_866" mmax_level="unit"  subject="full-subject"  verbed="verbed-yes"  utype="main"  finite="finite-yes" />
<markable id="markable_1272" span="word_831..word_842" mmax_level="unit"  subject="no-subject"  verbed="verbed-yes"  utype="relative"  finite="finite-no" />
<markable id="markable_1275" span="word_867..word_928" mmax_level="unit"  subject="full-subject"  verbed="verbed-yes"  utype="main"  finite="finite-yes" />
<markable id="markable_1274" span="word_856..word_865" mmax_level="unit"  subject="no-subject"  verbed="verbed-no"  utype="such-as"  finite="no-finite" />
<markable id="markable_1271" span="word_806..word_842" mmax_level="unit"  subject="no-subject"  verbed="verbed-no"  utype="paren-app"  finite="no-finite" />
<markable id="markable_1270" span="word_799..word_804" mmax_level="unit"  subject="relpro"  verbed="verbed-yes"  utype="paren-rel"  finite="finite-yes" />
<markable id="markable_1277" span="word_887..word_928" mmax_level="unit"  subject="no-subject"  verbed="verbed-yes"  utype="coord-vp"  finite="finite-yes" />
<markable id="markable_1276" span="word_872..word_885" mmax_level="unit"  subject="full-subject"  verbed="verbed-yes"  utype="complement"  finite="finite-yes" />
<markable id="markable_1279" span="word_929..word_984" mmax_level="unit"  subject="full-subject"  verbed="verbed-yes"  utype="main"  finite="finite-yes" />
<markable id="markable_1278" span="word_899..word_928" mmax_level="unit"  subject="relpro"  verbed="verbed-yes"  utype="relative"  finite="finite-no" />
<markable id="markable_1260" span="word_630..word_635" mmax_level="unit"  subject="no-subject"  verbed="verbed-yes"  utype="preposed-pp"  finite="finite-no" />
<markable id="markable_1264" span="word_718..word_776" mmax_level="unit"  subject="full-subject"  verbed="verbed-yes"  utype="main"  finite="finite-yes" />
<markable id="markable_1263" span="word_678..word_716" mmax_level="unit"  subject="full-subject"  verbed="verbed-yes"  utype="main"  finite="finite-yes" />
<markable id="markable_1262" span="word_664..word_677" mmax_level="unit"  subject="full-subject"  verbed="verbed-yes"  utype="main"  finite="finite-yes" />
<markable id="markable_1261" span="word_646..word_662" mmax_level="unit"  subject="no-subject"  verbed="verbed-yes"  utype="coord-vp"  finite="finite-no" />
<markable id="markable_1268" span="word_778..word_786" mmax_level="unit"  subject="no-subject"  verbed="verbed-no"  utype="preposed-pp"  finite="no-finite" />
<markable id="markable_1267" span="word_778..word_842" mmax_level="unit"  subject="empty-subject"  verbed="verbed-yes"  utype="main"  finite="finite-yes" />
<markable id="markable_1266" span="word_735..word_776" mmax_level="unit"  subject="no-subject"  verbed="verbed-no"  utype="paren-app"  finite="no-finite" />
<markable id="markable_1265" span="word_724..word_728" mmax_level="unit"  subject="no-subject"  verbed="verbed-yes"  utype="relative"  finite="finite-no" />
<markable id="markable_1269" span="word_791..word_804" mmax_level="unit"  subject="no-subject"  verbed="verbed-yes"  utype="complement"  finite="finite-no" />
<markable id="markable_1251" span="word_534..word_540" mmax_level="unit"  subject="no-subject"  verbed="verbed-yes"  utype="complement"  finite="finite-no" />
<markable id="markable_1250" span="word_531..word_541" mmax_level="unit"  subject="no-subject"  verbed="verbed-yes"  utype="complement"  finite="finite-no" />
<markable id="markable_1253" span="word_557..word_599" mmax_level="unit"  subject="no-subject"  verbed="verbed-yes"  utype="adjunct"  finite="finite-yes" />
<markable id="markable_1252" span="word_542..word_599" mmax_level="unit"  subject="full-subject"  verbed="verbed-yes"  utype="adjunct"  finite="finite-yes" />
<markable id="markable_1255" span="word_573..word_576" mmax_level="unit"  subject="relpro"  verbed="verbed-yes"  utype="paren-rel"  finite="finite-yes" />
<markable id="markable_1254" span="word_564..word_599" mmax_level="unit"  subject="no-subject"  verbed="verbed-yes"  utype="relative"  finite="finite-no" />
<markable id="markable_1257" span="word_601..word_612" mmax_level="unit"  subject="full-subject"  verbed="verbed-yes"  utype="main"  finite="finite-yes" />
<markable id="markable_1256" span="word_578..word_599" mmax_level="unit"  subject="full-subject"  verbed="verbed-yes"  utype="appositive"  finite="finite-yes" />
<markable id="markable_1259" span="word_630..word_662" mmax_level="unit"  subject="full-subject"  verbed="verbed-yes"  utype="main"  finite="finite-yes" />
<markable id="markable_1258" span="word_613..word_628" mmax_level="unit"  subject="full-subject"  verbed="verbed-yes"  utype="main"  finite="finite-yes" />
<markable id="markable_1187" span="word_1..word_2" mmax_level="unit"  subject="no-subject"  verbed="verbed-no"  utype="title"  finite="no-finite" />
<markable id="markable_1188" span="word_10..word_13" mmax_level="unit"  subject="no-subject"  verbed="verbed-no"  utype="captionitem"  finite="no-finite" />
<markable id="markable_1189" span="word_14..word_26" mmax_level="unit"  subject="no-subject"  verbed="verbed-no"  utype="captionitem"  finite="no-finite" />
<markable id="markable_1389" span="word_1933..word_1936" mmax_level="unit"  subject="no-subject"  verbed="verbed-yes"  utype="relative"  finite="finite-no" />
<markable id="markable_1388" span="word_1919..word_1939" mmax_level="unit"  subject="relpro"  verbed="verbed-yes"  utype="paren-rel"  finite="finite-yes" />
<markable id="markable_1387" span="word_1913..word_1917" mmax_level="unit"  subject="no-subject"  verbed="verbed-no"  utype="parenthetical"  finite="no-finite" />
<markable id="markable_1386" span="word_1900..word_1939" mmax_level="unit"  subject="full-subject"  verbed="verbed-yes"  utype="main"  finite="finite-yes" />
<markable id="markable_1381" span="word_1838..word_1861" mmax_level="unit"  subject="full-subject"  verbed="verbed-yes"  utype="main"  finite="finite-yes" />
<markable id="markable_1380" span="word_1827..word_1836" mmax_level="unit"  subject="relpro"  verbed="verbed-yes"  utype="paren-rel"  finite="finite-yes" />
<markable id="markable_1385" span="word_1889..word_1898" mmax_level="unit"  subject="relpro"  verbed="verbed-yes"  utype="relative"  finite="finite-yes" />
<markable id="markable_1384" span="word_1878..word_1882" mmax_level="unit"  subject="full-subject"  verbed="verbed-yes"  utype="relative"  finite="finite-yes" />
<markable id="markable_1383" span="word_1862..word_1898" mmax_level="unit"  subject="full-subject"  verbed="verbed-yes"  utype="main"  finite="finite-yes" />
<markable id="markable_1382" span="word_1847..word_1860" mmax_level="unit"  subject="full-subject"  verbed="verbed-yes"  utype="paren-rel"  finite="finite-yes" />
<markable id="markable_1376" span="word_1795..word_1801" mmax_level="unit"  subject="no-subject"  verbed="verbed-yes"  utype="paren-rel"  finite="finite-no" />
<markable id="markable_1375" span="word_1784..word_1803" mmax_level="unit"  subject="no-subject"  verbed="verbed-yes"  utype="adjunct"  finite="finite-yes" />
<markable id="markable_1378" span="word_1805..word_1811" mmax_level="unit"  subject="no-subject"  verbed="verbed-no"  utype="preposed-pp"  finite="no-finite" />
<markable id="markable_1377" span="word_1805..word_1836" mmax_level="unit"  subject="full-subject"  verbed="verbed-yes"  utype="main"  finite="finite-yes" />
<markable id="markable_1379" span="word_1821..word_1825" mmax_level="unit"  subject="no-subject"  verbed="verbed-no"  utype="parenthetical"  finite="no-finite" />
<markable id="markable_1370" span="word_1731..word_1769" mmax_level="unit"  subject="no-subject"  verbed="verbed-no"  utype="parenthetical"  finite="no-finite" />
<markable id="markable_1372" span="word_1750..word_1754" mmax_level="unit"  subject="no-subject"  verbed="verbed-yes"  utype="paren-rel"  finite="finite-no" />
<markable id="markable_1371" span="word_1744..word_1748" mmax_level="unit"  subject="no-subject"  verbed="verbed-no"  utype="parenthetical"  finite="no-finite" />
<markable id="markable_1374" span="word_1771..word_1803" mmax_level="unit"  subject="no-subject"  verbed="verbed-yes"  utype="complement"  finite="finite-no" />
<markable id="markable_1373" span="word_1756..word_1768" mmax_level="unit"  subject="relpro"  verbed="verbed-yes"  utype="paren-rel"  finite="finite-yes" />
<markable id="markable_1298" span="word_1109..word_1136" mmax_level="unit"  subject="full-subject"  verbed="verbed-yes"  utype="main"  finite="finite-yes" />
<markable id="markable_1195" span="word_67..word_73" mmax_level="unit"  subject="no-subject"  verbed="verbed-yes"  utype="preposed-adjunct"  finite="finite-no" />
<markable id="markable_1299" span="word_1116..word_1136" mmax_level="unit"  subject="no-subject"  verbed="verbed-yes"  utype="coord-vp"  finite="finite-yes" />
<markable id="markable_1196" span="word_74..word_82" mmax_level="unit"  subject="no-subject"  verbed="verbed-yes"  utype="preposed-adjunct"  finite="finite-no" />
<markable id="markable_1197" span="word_90..word_116" mmax_level="unit"  subject="no-subject"  verbed="verbed-yes"  utype="coord-vp"  finite="finite-yes" />
<markable id="markable_1198" span="word_99..word_105" mmax_level="unit"  subject="no-subject"  verbed="verbed-yes"  utype="relative"  finite="finite-no" />
<markable id="markable_1191" span="word_30..word_40" mmax_level="unit"  subject="full-subject"  verbed="verbed-yes"  utype="main"  finite="finite-yes" />
<markable id="markable_1192" span="word_41..word_52" mmax_level="unit"  subject="full-subject"  verbed="verbed-yes"  utype="main"  finite="finite-yes" />
<markable id="markable_1193" span="word_53..word_65" mmax_level="unit"  subject="full-subject"  verbed="verbed-yes"  utype="main"  finite="finite-yes" />
<markable id="markable_1194" span="word_67..word_116" mmax_level="unit"  subject="full-subject"  verbed="verbed-yes"  utype="main"  finite="finite-yes" />
<markable id="markable_1290" span="word_1050..word_1057" mmax_level="unit"  subject="no-subject"  verbed="verbed-yes"  utype="relative"  finite="finite-no" />
<markable id="markable_1291" span="word_1059..word_1093" mmax_level="unit"  subject="full-subject"  verbed="verbed-yes"  utype="main"  finite="finite-yes" />
<markable id="markable_1292" span="word_1059..word_1061" mmax_level="unit"  subject="no-subject"  verbed="verbed-no"  utype="preposed-pp"  finite="no-finite" />
<markable id="markable_1293" span="word_1065..word_1073" mmax_level="unit"  subject="no-subject"  verbed="verbed-yes"  utype="relative"  finite="finite-no" />
<markable id="markable_1294" span="word_1075..word_1085" mmax_level="unit"  subject="no-subject"  verbed="verbed-no"  utype="parenthetical"  finite="no-finite" />
<markable id="markable_1199" span="word_106..word_116" mmax_level="unit"  subject="no-subject"  verbed="verbed-yes"  utype="relative"  finite="finite-no" />
<markable id="markable_1295" span="word_1081..word_1085" mmax_level="unit"  subject="no-subject"  verbed="verbed-no"  utype="parenthetical"  finite="no-finite" />
<markable id="markable_1296" span="word_1095..word_1108" mmax_level="unit"  subject="full-subject"  verbed="verbed-yes"  utype="main"  finite="finite-yes" />
<markable id="markable_1297" span="word_1095..word_1097" mmax_level="unit"  subject="no-subject"  verbed="verbed-no"  utype="preposed-pp"  finite="no-finite" />
<markable id="markable_1491" span="word_3003..word_3009" mmax_level="unit"  subject="no-subject"  verbed="verbed-yes"  utype="paren-rel"  finite="finite-no" />
<markable id="markable_1490" span="word_2988..word_3009" mmax_level="unit"  subject="relpro"  verbed="verbed-yes"  utype="paren-rel"  finite="finite-yes" />
<markable id="markable_1493" span="word_3019..word_3023" mmax_level="unit"  subject="no-subject"  verbed="verbed-no"  utype="parenthetical"  finite="no-finite" />
<markable id="markable_1398" span="word_2022..word_2055" mmax_level="unit"  subject="full-subject"  verbed="verbed-yes"  utype="main"  finite="finite-yes" />
<markable id="markable_1492" span="word_3011..word_3053" mmax_level="unit"  subject="full-subject"  verbed="verbed-yes"  utype="main"  finite="finite-yes" />
<markable id="markable_1397" span="word_1998..word_2020" mmax_level="unit"  subject="full-subject"  verbed="verbed-yes"  utype="paren-rel"  finite="finite-yes" />
<markable id="markable_1495" span="word_3029..word_3034" mmax_level="unit"  subject="no-subject"  verbed="verbed-yes"  utype="coord-vp"  finite="finite-no" />
<markable id="markable_1494" span="word_3026..word_3034" mmax_level="unit"  subject="no-subject"  verbed="verbed-yes"  utype="relative"  finite="finite-no" />
<markable id="markable_1399" span="word_2034..word_2055" mmax_level="unit"  subject="no-subject"  verbed="verbed-yes"  utype="coord-vp"  finite="finite-yes" />
<markable id="markable_1497" span="word_3055..word_3075" mmax_level="unit"  subject="full-subject"  verbed="verbed-yes"  utype="main"  finite="finite-yes" />
<markable id="markable_1394" span="word_1964..word_1969" mmax_level="unit"  subject="no-subject"  verbed="verbed-yes"  utype="paren-rel"  finite="finite-no" />
<markable id="markable_1496" span="word_3043..word_3053" mmax_level="unit"  subject="full-subject"  verbed="verbed-yes"  utype="paren-app"  finite="finite-yes" />
<markable id="markable_1393" span="word_1964..word_2020" mmax_level="unit"  subject="full-subject"  verbed="verbed-yes"  utype="main"  finite="finite-yes" />
<markable id="markable_1499" span="word_3076..word_3096" mmax_level="unit"  subject="full-subject"  verbed="verbed-yes"  utype="main"  finite="finite-yes" />
<markable id="markable_1396" span="word_1985..word_1996" mmax_level="unit"  subject="no-subject"  verbed="verbed-yes"  utype="relative"  finite="finite-no" />
<markable id="markable_1190" span="word_27..word_29" mmax_level="unit"  subject="no-subject"  verbed="verbed-no"  utype="captionitem"  finite="no-finite" />
<markable id="markable_1498" span="word_3062..word_3066" mmax_level="unit"  subject="no-subject"  verbed="verbed-no"  utype="parenthetical"  finite="no-finite" />
<markable id="markable_1395" span="word_1978..word_2020" mmax_level="unit"  subject="no-subject"  verbed="verbed-yes"  utype="parenthetical"  finite="finite-yes" />
<markable id="markable_1390" span="word_1941..word_1962" mmax_level="unit"  subject="full-subject"  verbed="verbed-yes"  utype="main"  finite="finite-yes" />
<markable id="markable_1392" span="word_1953..word_1962" mmax_level="unit"  subject="no-subject"  verbed="verbed-yes"  utype="relative"  finite="finite-no" />
<markable id="markable_1391" span="word_1941..word_1947" mmax_level="unit"  subject="no-subject"  verbed="verbed-no"  utype="preposed-pp"  finite="no-finite" />
</markables>