<?xml version="1.0" encoding="MacRoman"?>
<!DOCTYPE markables SYSTEM "markables.dtd">
<markables xmlns="www.eml.org/NameSpaces/sentence">
<markable id="markable_0" span="word_1..word_13" orderid="0" mmax_level="sentence" />
<markable id="markable_1" span="word_14..word_26" orderid="1" mmax_level="sentence" />
<markable id="markable_2" span="word_27..word_29" orderid="2" mmax_level="sentence" />
<markable id="markable_3" span="word_30..word_66" orderid="3" mmax_level="sentence" />
<markable id="markable_4" span="word_67..word_117" orderid="4" mmax_level="sentence" />
<markable id="markable_5" span="word_118..word_122" orderid="5" mmax_level="sentence" />
<markable id="markable_6" span="word_123..word_133" orderid="6" mmax_level="sentence" />
<markable id="markable_7" span="word_134..word_135" orderid="7" mmax_level="sentence" />
<markable id="markable_8" span="word_136..word_138" orderid="8" mmax_level="sentence" />
<markable id="markable_9" span="word_139..word_187" orderid="9" mmax_level="sentence" />
<markable id="markable_10" span="word_188..word_219" orderid="10" mmax_level="sentence" />
<markable id="markable_11" span="word_220..word_222" orderid="11" mmax_level="sentence" />
<markable id="markable_12" span="word_223..word_226" orderid="12" mmax_level="sentence" />
<markable id="markable_13" span="word_227..word_230" orderid="13" mmax_level="sentence" />
<markable id="markable_14" span="word_231..word_238" orderid="14" mmax_level="sentence" />
<markable id="markable_15" span="word_239..word_288" orderid="15" mmax_level="sentence" />
<markable id="markable_16" span="word_289..word_345" orderid="16" mmax_level="sentence" />
<markable id="markable_17" span="word_346..word_348" orderid="17" mmax_level="sentence" />
<markable id="markable_18" span="word_349..word_352" orderid="18" mmax_level="sentence" />
<markable id="markable_19" span="word_353..word_364" orderid="19" mmax_level="sentence" />
<markable id="markable_20" span="word_365..word_412" orderid="20" mmax_level="sentence" />
<markable id="markable_21" span="word_413..word_433" orderid="21" mmax_level="sentence" />
<markable id="markable_22" span="word_434..word_476" orderid="22" mmax_level="sentence" />
<markable id="markable_23" span="word_477..word_500" orderid="23" mmax_level="sentence" />
<markable id="markable_24" span="word_501..word_503" orderid="24" mmax_level="sentence" />
<markable id="markable_25" span="word_504..word_510" orderid="25" mmax_level="sentence" />
<markable id="markable_26" span="word_511..word_514" orderid="26" mmax_level="sentence" />
<markable id="markable_27" span="word_515..word_518" orderid="27" mmax_level="sentence" />
<markable id="markable_28" span="word_519..word_525" orderid="28" mmax_level="sentence" />
<markable id="markable_29" span="word_526..word_600" orderid="29" mmax_level="sentence" />
<markable id="markable_30" span="word_601..word_629" orderid="30" mmax_level="sentence" />
<markable id="markable_31" span="word_630..word_663" orderid="31" mmax_level="sentence" />
<markable id="markable_32" span="word_664..word_717" orderid="32" mmax_level="sentence" />
<markable id="markable_33" span="word_718..word_777" orderid="33" mmax_level="sentence" />
<markable id="markable_34" span="word_778..word_843" orderid="34" mmax_level="sentence" />
<markable id="markable_35" span="word_844..word_927" orderid="35" mmax_level="sentence" />
<markable id="markable_36" span="word_928..word_985" orderid="36" mmax_level="sentence" />
<markable id="markable_37" span="word_986..word_1058" orderid="37" mmax_level="sentence" />
<markable id="markable_38" span="word_1059..word_1094" orderid="38" mmax_level="sentence" />
<markable id="markable_39" span="word_1095..word_1137" orderid="39" mmax_level="sentence" />
<markable id="markable_40" span="word_1138..word_1170" orderid="40" mmax_level="sentence" />
<markable id="markable_41" span="word_1171..word_1214" orderid="41" mmax_level="sentence" />
<markable id="markable_42" span="word_1215..word_1264" orderid="42" mmax_level="sentence" />
<markable id="markable_43" span="word_1265..word_1315" orderid="43" mmax_level="sentence" />
<markable id="markable_44" span="word_1316..word_1384" orderid="44" mmax_level="sentence" />
<markable id="markable_45" span="word_1385..word_1415" orderid="45" mmax_level="sentence" />
<markable id="markable_46" span="word_1416..word_1459" orderid="46" mmax_level="sentence" />
<markable id="markable_47" span="word_1460..word_1484" orderid="47" mmax_level="sentence" />
<markable id="markable_48" span="word_1485..word_1547" orderid="48" mmax_level="sentence" />
<markable id="markable_49" span="word_1548..word_1604" orderid="49" mmax_level="sentence" />
<markable id="markable_50" span="word_1605..word_1633" orderid="50" mmax_level="sentence" />
<markable id="markable_51" span="word_1634..word_1677" orderid="51" mmax_level="sentence" />
<markable id="markable_52" span="word_1678..word_1713" orderid="52" mmax_level="sentence" />
<markable id="markable_53" span="word_1714..word_1804" orderid="53" mmax_level="sentence" />
<markable id="markable_54" span="word_1805..word_1837" orderid="54" mmax_level="sentence" />
<markable id="markable_55" span="word_1838..word_1899" orderid="55" mmax_level="sentence" />
<markable id="markable_56" span="word_1900..word_1940" orderid="56" mmax_level="sentence" />
<markable id="markable_57" span="word_1941..word_1963" orderid="57" mmax_level="sentence" />
<markable id="markable_58" span="word_1964..word_2021" orderid="58" mmax_level="sentence" />
<markable id="markable_59" span="word_2022..word_2056" orderid="59" mmax_level="sentence" />
<markable id="markable_60" span="word_2057..word_2088" orderid="60" mmax_level="sentence" />
<markable id="markable_61" span="word_2089..word_2133" orderid="61" mmax_level="sentence" />
<markable id="markable_62" span="word_2134..word_2153" orderid="62" mmax_level="sentence" />
<markable id="markable_63" span="word_2154..word_2204" orderid="63" mmax_level="sentence" />
<markable id="markable_64" span="word_2205..word_2268" orderid="64" mmax_level="sentence" />
<markable id="markable_65" span="word_2269..word_2305" orderid="65" mmax_level="sentence" />
<markable id="markable_66" span="word_2306..word_2374" orderid="66" mmax_level="sentence" />
<markable id="markable_67" span="word_2375..word_2528" orderid="67" mmax_level="sentence" />
<markable id="markable_68" span="word_2529..word_2552" orderid="68" mmax_level="sentence" />
<markable id="markable_69" span="word_2553..word_2623" orderid="69" mmax_level="sentence" />
<markable id="markable_70" span="word_2624..word_2651" orderid="70" mmax_level="sentence" />
<markable id="markable_71" span="word_2652..word_2693" orderid="71" mmax_level="sentence" />
<markable id="markable_72" span="word_2694..word_2741" orderid="72" mmax_level="sentence" />
<markable id="markable_73" span="word_2742..word_2787" orderid="73" mmax_level="sentence" />
<markable id="markable_74" span="word_2788..word_2854" orderid="74" mmax_level="sentence" />
<markable id="markable_75" span="word_2855..word_2869" orderid="75" mmax_level="sentence" />
<markable id="markable_76" span="word_2870..word_2961" orderid="76" mmax_level="sentence" />
<markable id="markable_77" span="word_2962..word_3010" orderid="77" mmax_level="sentence" />
<markable id="markable_78" span="word_3011..word_3054" orderid="78" mmax_level="sentence" />
<markable id="markable_79" span="word_3055..word_3097" orderid="79" mmax_level="sentence" />
<markable id="markable_80" span="word_3098..word_3118" orderid="80" mmax_level="sentence" />
<markable id="markable_81" span="word_3119..word_3148" orderid="81" mmax_level="sentence" />
<markable id="markable_82" span="word_3149..word_3184" orderid="82" mmax_level="sentence" />
<markable id="markable_83" span="word_3185..word_3240" orderid="83" mmax_level="sentence" />
<markable id="markable_84" span="word_3241..word_3271" orderid="84" mmax_level="sentence" />
<markable id="markable_85" span="word_3272..word_3310" orderid="85" mmax_level="sentence" />
<markable id="markable_86" span="word_3311..word_3354" orderid="86" mmax_level="sentence" />
<markable id="markable_87" span="word_3355..word_3398" orderid="87" mmax_level="sentence" />
<markable id="markable_88" span="word_3399..word_3430" orderid="88" mmax_level="sentence" />
<markable id="markable_89" span="word_3431..word_3459" orderid="89" mmax_level="sentence" />
<markable id="markable_90" span="word_3460..word_3507" orderid="90" mmax_level="sentence" />
<markable id="markable_91" span="word_3508..word_3536" orderid="91" mmax_level="sentence" />
<markable id="markable_92" span="word_3537..word_3624" orderid="92" mmax_level="sentence" />
<markable id="markable_93" span="word_3625..word_3643" orderid="93" mmax_level="sentence" />
<markable id="markable_94" span="word_3644..word_3709" orderid="94" mmax_level="sentence" />
<markable id="markable_95" span="word_3710..word_3758" orderid="95" mmax_level="sentence" />
<markable id="markable_96" span="word_3759..word_3798" orderid="96" mmax_level="sentence" />
<markable id="markable_97" span="word_3799..word_3801" orderid="97" mmax_level="sentence" />
<markable id="markable_98" span="word_3802..word_3858" orderid="98" mmax_level="sentence" />
<markable id="markable_99" span="word_3859..word_3872" orderid="99" mmax_level="sentence" />
<markable id="markable_100" span="word_3873..word_3897" orderid="100" mmax_level="sentence" />
<markable id="markable_101" span="word_3898..word_3941" orderid="101" mmax_level="sentence" />
<markable id="markable_102" span="word_3942..word_3989" orderid="102" mmax_level="sentence" />
<markable id="markable_103" span="word_3990..word_4011" orderid="103" mmax_level="sentence" />
<markable id="markable_104" span="word_4012..word_4059" orderid="104" mmax_level="sentence" />
<markable id="markable_105" span="word_4060..word_4111" orderid="105" mmax_level="sentence" />
<markable id="markable_106" span="word_4112..word_4149" orderid="106" mmax_level="sentence" />
<markable id="markable_107" span="word_4150..word_4178" orderid="107" mmax_level="sentence" />
<markable id="markable_108" span="word_4179..word_4261" orderid="108" mmax_level="sentence" />
<markable id="markable_109" span="word_4262..word_4294" orderid="109" mmax_level="sentence" />
<markable id="markable_110" span="word_4295..word_4337" orderid="110" mmax_level="sentence" />
<markable id="markable_111" span="word_4338..word_4389" orderid="111" mmax_level="sentence" />
<markable id="markable_112" span="word_4390..word_4397" orderid="112" mmax_level="sentence" />
</markables>
