<?xml version="1.0" encoding="US-ASCII"?>
<!DOCTYPE markables SYSTEM "markables.dtd">
<markables xmlns="www.eml.org/NameSpaces/utterance">
<markable id="markable_16" span="word_778..word_843" mmax_level="utterance"  type="eol" />
<markable id="markable_15" span="word_718..word_777" mmax_level="utterance"  type="eol" />
<markable id="markable_18" span="word_929..word_985" mmax_level="utterance"  type="eol" />
<markable id="markable_17" span="word_844..word_928" mmax_level="utterance"  type="eol" />
<markable id="markable_66" span="word_3241..word_3271" mmax_level="utterance"  type="eol" />
<markable id="markable_12" span="word_601..word_629" mmax_level="utterance"  type="eol" />
<markable id="markable_67" span="word_3272..word_3310" mmax_level="utterance"  type="eol" />
<markable id="markable_11" span="word_526..word_600" mmax_level="utterance"  type="eol" />
<markable id="markable_68" span="word_3311..word_3354" mmax_level="utterance"  type="eol" />
<markable id="markable_14" span="word_664..word_717" mmax_level="utterance"  type="eol" />
<markable id="markable_69" span="word_3355..word_3398" mmax_level="utterance"  type="eol" />
<markable id="markable_13" span="word_630..word_663" mmax_level="utterance"  type="eol" />
<markable id="markable_62" span="word_3098..word_3118" mmax_level="utterance"  type="eol" />
<markable id="markable_63" span="word_3119..word_3148" mmax_level="utterance"  type="eol" />
<markable id="markable_64" span="word_3149..word_3184" mmax_level="utterance"  type="eol" />
<markable id="markable_10" span="word_434..word_525" mmax_level="utterance"  type="eol" />
<markable id="markable_65" span="word_3185..word_3240" mmax_level="utterance"  type="eol" />
<markable id="markable_60" span="word_3011..word_3054" mmax_level="utterance"  type="eol" />
<markable id="markable_61" span="word_3055..word_3097" mmax_level="utterance"  type="eol" />
<markable id="markable_79" span="word_3898..word_3941" mmax_level="utterance"  type="eol" />
<markable id="markable_77" span="word_3859..word_3872" mmax_level="utterance"  type="eol" />
<markable id="markable_78" span="word_3873..word_3897" mmax_level="utterance"  type="eol" />
<markable id="markable_75" span="word_3710..word_3801" mmax_level="utterance"  type="eol" />
<markable id="markable_76" span="word_3802..word_3858" mmax_level="utterance"  type="eol" />
<markable id="markable_73" span="word_3625..word_3643" mmax_level="utterance"  type="eol" />
<markable id="markable_74" span="word_3644..word_3709" mmax_level="utterance"  type="eol" />
<markable id="markable_71" span="word_3460..word_3536" mmax_level="utterance"  type="eol" />
<markable id="markable_72" span="word_3537..word_3624" mmax_level="utterance"  type="eol" />
<markable id="markable_70" span="word_3399..word_3459" mmax_level="utterance"  type="eol" />
<markable id="markable_8" span="word_365..word_412" mmax_level="utterance"  type="eol" />
<markable id="markable_9" span="word_413..word_433" mmax_level="utterance"  type="eol" />
<markable id="markable_81" span="word_3990..word_4011" mmax_level="utterance"  type="eol" />
<markable id="markable_44" span="word_2134..word_2153" mmax_level="utterance"  type="eol" />
<markable id="markable_34" span="word_1678..word_1713" mmax_level="utterance"  type="eol" />
<markable id="markable_80" span="word_3942..word_3989" mmax_level="utterance"  type="eol" />
<markable id="markable_45" span="word_2154..word_2204" mmax_level="utterance"  type="eol" />
<markable id="markable_33" span="word_1634..word_1677" mmax_level="utterance"  type="eol" />
<markable id="markable_83" span="word_4060..word_4111" mmax_level="utterance"  type="eol" />
<markable id="markable_46" span="word_2205..word_2268" mmax_level="utterance"  type="eol" />
<markable id="markable_36" span="word_1805..word_1837" mmax_level="utterance"  type="eol" />
<markable id="markable_82" span="word_4012..word_4059" mmax_level="utterance"  type="eol" />
<markable id="markable_47" span="word_2269..word_2305" mmax_level="utterance"  type="eol" />
<markable id="markable_35" span="word_1714..word_1804" mmax_level="utterance"  type="eol" />
<markable id="markable_85" span="word_4150..word_4178" mmax_level="utterance"  type="eol" />
<markable id="markable_48" span="word_2306..word_2374" mmax_level="utterance"  type="eol" />
<markable id="markable_38" span="word_1900..word_1940" mmax_level="utterance"  type="eol" />
<markable id="markable_84" span="word_4112..word_4149" mmax_level="utterance"  type="eol" />
<markable id="markable_49" span="word_2375..word_2528" mmax_level="utterance"  type="eol" />
<markable id="markable_37" span="word_1838..word_1899" mmax_level="utterance"  type="eol" />
<markable id="markable_87" span="word_4262..word_4294" mmax_level="utterance"  type="eol" />
<markable id="markable_86" span="word_4179..word_4261" mmax_level="utterance"  type="eol" />
<markable id="markable_39" span="word_1941..word_1963" mmax_level="utterance"  type="eol" />
<markable id="markable_89" span="word_4338..word_4397" mmax_level="utterance"  type="eol" />
<markable id="markable_88" span="word_4295..word_4337" mmax_level="utterance"  type="eol" />
<markable id="markable_40" span="word_1964..word_2021" mmax_level="utterance"  type="eol" />
<markable id="markable_30" span="word_1485..word_1547" mmax_level="utterance"  type="eol" />
<markable id="markable_41" span="word_2022..word_2056" mmax_level="utterance"  type="eol" />
<markable id="markable_42" span="word_2057..word_2088" mmax_level="utterance"  type="eol" />
<markable id="markable_32" span="word_1605..word_1633" mmax_level="utterance"  type="eol" />
<markable id="markable_43" span="word_2089..word_2133" mmax_level="utterance"  type="eol" />
<markable id="markable_31" span="word_1548..word_1604" mmax_level="utterance"  type="eol" />
<markable id="markable_19" span="word_986..word_1058" mmax_level="utterance"  type="eol" />
<markable id="markable_57" span="word_2855..word_2869" mmax_level="utterance"  type="eol" />
<markable id="markable_25" span="word_1265..word_1315" mmax_level="utterance"  type="eol" />
<markable id="markable_7" span="word_289..word_364" mmax_level="utterance"  type="eol" />
<markable id="markable_58" span="word_2870..word_2961" mmax_level="utterance"  type="eol" />
<markable id="markable_24" span="word_1215..word_1264" mmax_level="utterance"  type="eol" />
<markable id="markable_6" span="word_239..word_288" mmax_level="utterance"  type="eol" />
<markable id="markable_55" span="word_2742..word_2787" mmax_level="utterance"  type="eol" />
<markable id="markable_23" span="word_1171..word_1214" mmax_level="utterance"  type="eol" />
<markable id="markable_5" span="word_188..word_238" mmax_level="utterance"  type="eol" />
<markable id="markable_56" span="word_2788..word_2854" mmax_level="utterance"  type="eol" />
<markable id="markable_22" span="word_1138..word_1170" mmax_level="utterance"  type="eol" />
<markable id="markable_4" span="word_139..word_187" mmax_level="utterance"  type="eol" />
<markable id="markable_29" span="word_1460..word_1484" mmax_level="utterance"  type="eol" />
<markable id="markable_3" span="word_67..word_138" mmax_level="utterance"  type="eol" />
<markable id="markable_28" span="word_1416..word_1459" mmax_level="utterance"  type="eol" />
<markable id="markable_2" span="word_30..word_66" mmax_level="utterance"  type="eol" />
<markable id="markable_59" span="word_2962..word_3010" mmax_level="utterance"  type="eol" />
<markable id="markable_27" span="word_1385..word_1415" mmax_level="utterance"  type="eol" />
<markable id="markable_1" span="word_1..word_29" mmax_level="utterance"  type="eol" />
<markable id="markable_26" span="word_1316..word_1384" mmax_level="utterance"  type="eol" />
<markable id="markable_50" span="word_2529..word_2552" mmax_level="utterance"  type="eol" />
<markable id="markable_53" span="word_2652..word_2693" mmax_level="utterance"  type="eol" />
<markable id="markable_21" span="word_1095..word_1137" mmax_level="utterance"  type="eol" />
<markable id="markable_54" span="word_2694..word_2741" mmax_level="utterance"  type="eol" />
<markable id="markable_20" span="word_1059..word_1094" mmax_level="utterance"  type="eol" />
<markable id="markable_51" span="word_2553..word_2623" mmax_level="utterance"  type="eol" />
<markable id="markable_52" span="word_2624..word_2651" mmax_level="utterance"  type="eol" />
</markables>