<?xml version="1.0" encoding="MacRoman"?>
<!DOCTYPE markables SYSTEM "markables.dtd">
<markables xmlns="www.eml.org/NameSpaces/parse">
<markable id="markable_0" span="word_1..word_13" tag="(ROOT (NP (NP (JJ Byzantine) (NNP Jewellery) (NNP Chryssanthi)) (NP (NP (NNP Baltoyianni) (NNP Director)) (PP (IN of) (NP (DT the) (JJ Byzantine) (NNP Museum)))) (NP (DT The) (NNP empress) (NNP Theodora)) (. .)))" mmax_level="parse" />
<markable id="markable_1" span="word_14..word_26" tag="(ROOT (S (VP (VB Detail) (PP (IN from) (NP (NP (DT a) (NN mosaic)) (PP (IN in) (NP (DT the) (NN church))) (PP (IN of) (NP (NNP San) (NNP Vitale))) (PP (IN in) (NP (NNP Ravenna)))))) (. .)))" mmax_level="parse" />
<markable id="markable_2" span="word_27..word_29" tag="(ROOT (NP (NNP AD) (NNP 547) (. .)))" mmax_level="parse" />
<markable id="markable_3" span="word_30..word_66" tag="(ROOT (S (S (SBAR (IN Although) (S (NP (JJ Byzantine) (NN jewellery)) (VP (VBZ represents) (NP (NP (DT a) (NN continuation)) (PP (IN of) (NP (DT the) (NNP Roman) (NN tradition))))))) (, ,) (NP (PRP$ its) (JJ own) (NNS principles) (CC and) (NNS parameters)) (VP (VBP are) (ADJP (JJ evident)) (PP (IN by) (NP (DT the) (JJ 4th) (NN century))))) (, ,) (CC and) (S (NP (PRP it)) (VP (ADVP (RB swiftly)) (VBD adapted) (PP (TO to) (NP (NP (DT the) (JJ new) (NNS tastes)) (PP (IN of) (NP (NP (PRP$ its) (NN period)) (CC and) (NN space))))))) (. .)))" mmax_level="parse" />
<markable id="markable_4" span="word_67..word_117" tag="(ROOT (S (S (VP (VP (VBG Rejecting) (NP (NP (DT the) (NN weight)) (PP (IN of) (NP (JJ solid) (NN gold))))) (, ,) (CC and) (VP (VBG preferring) (ADVP (RB instead)) (NP (JJ fine) (, ,) (JJ light) (NN gold) (NN leaf))))) (, ,) (NP (PRP it)) (VP (VP (VBD created) (NP (JJ new) (NNS forms))) (, ,) (VP (VBD evolved)) (, ,) (CC and) (VP (VBD was) (VP (VBN transmuted) (PP (IN into) (NP (DT a) (JJ delicate) (, ,) (JJ refined) (NN art) (S (VP (VBN embellished) (PP (IN with) (NP (NP (JJ precious) (CC and) (NN semiprecious) (NNS stones)) (, ,) (VP (VBG surpassing) (NP (NP (DT the) (NN use)) (PP (IN of) (NP (DT this) (NN decoration))))) (ADJP (RB already) (JJ familiar) (PP (IN from) (NP (NNP Roman) (NN jewellery))))))))))))) (. .)))" mmax_level="parse" />
<markable id="markable_5" span="word_118..word_122" tag="(ROOT (S (NP (DT The)) (VP (NN Wedding) (PP (IN at) (NP (NNP Canaa)))) (. .)))" mmax_level="parse" />
<markable id="markable_6" span="word_123..word_133" tag="(ROOT (NP (NP (NN Wall-painting)) (PP (IN in) (NP (DT the) (NN church))) (PP (IN of) (NP (NP (NNP Ayios) (NNP Nikolaos) (NNP Orphanos)) (PP (IN in) (NP (NNP Thessaloniki))))) (. .)))" mmax_level="parse" />
<markable id="markable_7" span="word_134..word_135" tag="(ROOT (NP (FW Detail) (. .)))" mmax_level="parse" />
<markable id="markable_8" span="word_136..word_138" tag="(ROOT (NP (NNP AD) (NNP 1310-1320) (. .)))" mmax_level="parse" />
<markable id="markable_9" span="word_139..word_187" tag="(ROOT (S (PP (IN From) (NP (NP (DT the) (NN beginning)) (PP (TO to) (NP (NP (DT the) (NN end)) (PP (IN of) (NP (DT the) (JJ Byzantine) (NN empire))))))) (, ,) (NP (NN jewellery)) (VP (VBD was) (VP (ADVP (RB highly)) (VBN valued) (PP (IN by) (NP (JJ high-ranking) (NNS officials))) (PP (PP (IN at) (NP (NP (DT the) (JJ Byzantine) (NN court)) (, ,) (SBAR (WHNP (WP$ whose) (NNS signet-rings)) (S (VP (VBD were) (VP (VBN decorated) (PP (IN with) (NP (JJ ingenious) (, ,) (VBN complicated) (NNS monograms))))))) (, ,))) (CC and) (ADVP (RB even) (RBR more) (RB so)) (PP (IN by) (NP (NP (JJ wealthy) (JJ Byzantine) (NNS ladies)) (, ,) (SBAR (WHNP (WP who)) (S (ADVP (RB never)) (VP (VBD ceased) (S (VP (TO to) (VP (VB adore) (NP (PRP it))))))))))))) (. .)))" mmax_level="parse" />
<markable id="markable_10" span="word_188..word_219" tag="(ROOT (S (S (NP (NP (DT A) (NN sign)) (PP (IN of) (NP (JJ economic) (NN prosperity))))) (, ,) (NP (PRP it)) (VP (ADVP (RB invariably)) (VBZ adorns) (NP (NP (DT the) (NNS necks)) (, ,) (NP (NP (NN hair) (, ,) (NNS wrists) (CC and) (JJ expressive) (NNS fingers)) (PP (IN of) (NP (NP (DT the) (JJ female) (NNS figures)) (VP (VBN depicted) (PP (IN in) (NP (NP (JJ monumental) (NNS mosaics)) (CC and) (NP (NP (JJ other) (NNS works)) (PP (IN of) (NP (NN art)))))))))))) (. .)))" mmax_level="parse" />
<markable id="markable_11" span="word_220..word_222" tag="(ROOT (NP (NNP St) (NNP Catherine) (. .)))" mmax_level="parse" />
<markable id="markable_12" span="word_223..word_226" tag="(ROOT (S (VP (VBN Icon) (PP (IN by) (NP (NNP Victor)))) (. .)))" mmax_level="parse" />
<markable id="markable_13" span="word_227..word_230" tag="(ROOT (NP (JJ 17th) (NN c.) (NNP AD) (. .)))" mmax_level="parse" />
<markable id="markable_14" span="word_231..word_238" tag="(ROOT (NP (NP (NNP Athens) (, ,) (NNP Byzantine) (NNP Museum)) (, ,) (NP (NNP T.) (NNP 297)) (. .)))" mmax_level="parse" />
<markable id="markable_15" span="word_239..word_288" tag="(ROOT (S (NP (NP (NP (DT The) (NNP Byzantines) (&quot; ') (JJ special) (NN appreciation) (CC and) (NN love)) (PP (IN of) (NP (ADJP (JJ expensive) (, ,) (VBN refined)) (NN jewellery)))) (, ,) (VP (VBN attested) (PP (CC both) (PP (IN by) (NP (DT the) (JJ literary) (NNS sources))) (CC and) (PP (IN by) (NP (NN art))))) (, ,)) (VP (VBZ seems) (S (VP (TO to) (VP (VB have) (VP (VBN been) (VP (VBN intensified) (PP (CONJP (RB not) (RB only)) (PP (IN by) (NP (NP (NP (NNS women) (POS 's)) (NN interest)) (PP (IN in) (NP (PRP$ their) (NN appearance))))) (, ,) (CONJP (CC but) (RB also)) (PP (IN by) (NP (NP (NNS men) (POS 's)) (NN desire) (S (VP (TO to) (VP (VB show) (PRT (RP off)) (NP (PRP$ their) (NN wealth)))))))))))))) (. .)))" mmax_level="parse" />
<markable id="markable_16" span="word_289..word_345" tag="(ROOT (S (NP (PRP We)) (VP (VBD read) (ADVP (RB not) (RB infrequently)) (PP (IN in) (NP (NP (DT the) (NN texts)) (PP (IN of) (NP (NP (DT the) (JJ wealthy) (CC or) (JJ high-placed) (NN husband)) (SBAR (WHNP (WP who)) (, ,) (S (ADVP (RB never)) (VP (VP (VBG failing) (S (NP (PRP himself)) (VP (TO to) (VP (VB wear) (NP (NP (PRP$ his) (NN sash)) (PP (IN of) (NP (NN office)))))))) (, ,) (VP (ADVP (RB often)) (VP (ADVP (RB elaborately)) (VBD worked)) (CC and) (VP (VBN studded) (PP (IN with) (NP (JJ precious) (NNS stones))))) (, ,) (ADVP (RB also)) (VP (VBD took) (NP (NN care)) (S (VP (TO to) (VP (VB dress) (NP (PRP$ his) (NN wife)) (PP (IN in) (NP (NP (NP (JJ luxurious) (NNS clothes)) (CC and) (NP (JJ expensive) (NN jewellery))) (, ,) (SBAR (WHNP (WDT which)) (S (VP (MD would) (VP (ADVP (RB readily)) (VB demonstrate) (NP (PRP$ his) (JJ high) (JJ social) (NN rank)))))))))))))))))))) (. .)))" mmax_level="parse" />
<markable id="markable_17" span="word_346..word_348" tag="(ROOT (NP (JJ Double-sided) (NN enkolpion) (. .)))" mmax_level="parse" />
<markable id="markable_18" span="word_349..word_352" tag="(ROOT (NP (JJ 17th) (NN c.) (NNP AD) (. .)))" mmax_level="parse" />
<markable id="markable_19" span="word_353..word_364" tag="(ROOT (NP (NP (NNP Athens) (, ,) (NNP Byzantine) (NNP Museum)) (PRN (-LRB- -LRB-) (VB see) (, ,) (NP (NP (NNP Cat.) (NN no.)) (NP (CD 296))) (-RRB- -RRB-)) (. .)))" mmax_level="parse" />
<markable id="markable_20" span="word_365..word_412" tag="(ROOT (S (NP (NP (DT These) (NN luxury) (NNS items)) (, ,) (SBAR (WHNP (WDT which)) (S (PP (IN from) (NP (NP (DT the) (JJ early) (NNS years)) (PP (IN of) (NP (DT the) (NN empire))))) (VP (VBP remain) (PP (IN outside) (NP (NP (DT the) (ADJP (JJ philosophical) (CC and) (JJ theological)) (NN thought)) (PP (IN of) (NP (NNP Byzantium)))))))) (, ,)) (VP (VBD continued) (S (VP (TO to) (VP (VB be) (VP (VBN appreciated))))) (, ,) (S (VP (VP (TO to) (VP (VB be) (VP (VBN hidden) (ADVP (RB away)) (PP (IN in) (NP (NP (NNS times)) (PP (IN of) (NP (NN danger)))))))) (, ,) (CC and) (VP (TO to) (VP (VB be) (VP (VBN displayed) (ADVP (RB ostentatiously)) (PP (IN in) (NP (NP (NNS times)) (PP (IN of) (NP (NN happiness) (CC and) (NN prosperity))))))))))) (. .)))" mmax_level="parse" />
<markable id="markable_21" span="word_413..word_433" tag="(ROOT (SINV (PP (IN In) (NP (JJ vain))) (VBD did) (NP (DT the) (NN church) (NNS fathers)) (VP (VP (VB comment) (ADVP (RB adversely)) (PP (IN on) (NP (DT this) (NN phenomenon)))) (, ,) (CC and) (VP (VB complain) (PP (IN of) (NP (NP (DT the) (NN vanity)) (PP (IN of) (NP (PRP$ their) (NN flock))))))) (. .)))" mmax_level="parse" />
<markable id="markable_22" span="word_434..word_476" tag="(ROOT (&quot; &quot;) (S (SBAR (WHADVP (WRB Where)) (S (SINV (VBP are) (NP (NP (DT the) (NNS women)) (PP (IN of) (NP (NN today))))) (: ...) (S (VP (VP (VB take) (PRT (RP out)) (NP (NP (DT the) (NN hand)) (PP (IN of) (NP (DT the) (JJ coquettish) (NN woman))))) (, ,) (CC and) (VP (VB see) (SBAR (WHADVP (WRB how)) (S (NP (PRP it)) (VP (VBZ is) (ADJP (JJ gilded)))))))))) (: ...) (VP (VB Tell) (NP (PRP me)) (SBAR (WHNP (WHNP (WRB how) (JJ many)) (PP (IN of) (NP (NP (DT the) (JJ poor) (POS 's)) (NNS needs)))) (PRN (, ,) (CC and) (ADVP (RB even) (RBR more)) (, ,)) (S (NP (PRP$ your) (NN hand)) (VP (MD could) (VP (VB satisfy)))))) (. .)))" mmax_level="parse" />
<markable id="markable_23" span="word_477..word_500" tag="(ROOT (S (SBAR (IN As) (S (NP (PRP I)) (VP (VBD said) (SBAR (S (NP (PRP you)) (VP (VBP come) (PP (IN into) (NP (DT the) (NN church))) (PP (IN with) (NP (NNS hands) (CC and) (NN neck))) (ADVP (RB all) (JJ gilded)))))))) (: ...) (&quot; &quot;) (NP (NNS comments)) (VP (VBZ Chrysostomos) (PRN (-LRB- -LRB-) (NP (NNP PG) (CD 55)) (, ,) (ADJP (JJ col)))) (. .)))" mmax_level="parse" />
<markable id="markable_24" span="word_501..word_503" tag="(ROOT (S (NP (NNP 507)) (-RRB- -RRB-) (. .)))" mmax_level="parse" />
<markable id="markable_25" span="word_504..word_510" tag="(ROOT (NP (NP (CD Funerary) (NN portrait)) (PP (IN of) (NP (DT a) (JJ young) (NN woman))) (. .)))" mmax_level="parse" />
<markable id="markable_26" span="word_511..word_514" tag="(ROOT (FRAG (PP (IN From) (NP (DT the) (NNP Fayum))) (. .)))" mmax_level="parse" />
<markable id="markable_27" span="word_515..word_518" tag="(ROOT (NP (JJ 4th-5th) (NN c.) (NNP AD) (. .)))" mmax_level="parse" />
<markable id="markable_28" span="word_519..word_525" tag="(ROOT (NP (NP (NNP Athens) (, ,) (NNP Benaki) (NNP Museum)) (, ,) (CD 6877) (. .)))" mmax_level="parse" />
<markable id="markable_29" span="word_526..word_600" tag="(ROOT (S (S (NP (NNP Jewellery)) (VP (VBD continued) (PRN (, ,) (ADVP (RB nevertheless)) (, ,)) (S (VP (TO to) (VP (VB be) (VP (VBN produced) (S (VP (TO to) (VP (VB suit) (NP (DT all) (JJ Byzantine) (NNS purses) (CC and) (NNS tastes))))))))))) (: :) (S (SBAR (IN for) (S (NP (DT the) (JJR poorer) (NN Byzantine)) (VP (VBD was) (NP (NP (DT no) (NN exception)) (PP (TO to) (NP (NP (DT the) (NN rule)) (PP (IN of) (NP (DT the) (JJ coquettish) (NN woman))))))))) (, ,) (SBAR (IN as) (S (VP (VBZ is) (ADJP (JJ clear) (PP (IN from) (NP (NP (DT the) (JJ bitter) (NNS complaints)) (VP (VBN addressed) (PP (TO to) (NP (DT the) (NNPS Ptochoprodromos))) (, ,) (PP (IN by) (NP (NP (PRP$ his) (NN wife)) (, ,) (SBAR (WHNP (WP who)) (S (VP (VBD had) (NP (DT no) (NN jewellery)))))))))))))) (: :) (&quot; &quot;) (S (NP (PRP I)) (VP (VBP have) (ADVP (RB never)) (VP (VBN seen) (NP (NP (DT a) (NN ring)) (PP (IN on) (NP (PRP$ my) (NN finger))))))) (: -) (CC and) (S (NP (PRP you)) (VP (VBP have) (ADVP (RB never)) (VP (VBN brought) (NP (PRP me)) (NP (NP (DT a) (NN bracelet)) (SBAR (S (VP (TO to) (VP (VB wear)))))))))) (&quot; &quot;) (. .)))" mmax_level="parse" />
<markable id="markable_30" span="word_601..word_629" tag="(ROOT (S (S (CC And) (PP (IN in) (NP (DT those) (NNS days))) (NP (NNS finger-rings)) (VP (MD could) (VP (VB be) (ADJP (JJ plain)) (, ,) (NP (JJ undecorated) (NNS bands))))) (, ,) (CC and) (S (NP (NNS bracelets) (, ,) (NNS earrings) (CC and) (NNS buckles)) (VP (VBD were) (VP (VBN made) (PP (IN of) (NP (NN bronze) (, ,) (NN glass) (, ,) (NN brass) (CC or) (NN silver)))))) (. .)))" mmax_level="parse" />
<markable id="markable_31" span="word_630..word_663" tag="(ROOT (S (PP (IN In) (S (VP (VBG fulfilling) (NP (DT this) (JJ dual) (NN purpose))))) (, ,) (NP (JJ Byzantine) (NN jewellery)) (VP (VP (VBD was) (ADVP (RB tastefully)) (VP (VBN enlivened) (PP (IN with) (NP (ADJP (JJ precious) (CC or) (JJ semiprecious)) (NNS stones))))) (CC and) (VP (VBD produced) (NP (NP (PRP$ its) (NNS masterpieces)) (, ,) (PP (IN amongst) (NP (DT both) (NP (DT the) (JJ expensive) (NN luxury) (NNS items)) (CC and) (NP (DT the) (ADJP (NN humbler) (, ,) (NN plainer)) (NNS pieces))))))) (. .)))" mmax_level="parse" />
<markable id="markable_32" span="word_664..word_717" tag="(ROOT (S (S (NP (NP (DT The) (NN history) (CC and) (NN progress)) (PP (IN of) (NP (JJ Byzantine) (NN jewellery)))) (VP (VBZ is) (ADJP (JJ evident)) (PP (IN in) (NP (DT the) (JJ present) (NN exhibition))))) (: :) (S (NP (NP (DT the) (JJ precious) (NNS objects)) (PP (IN on) (NP (NN display)))) (VP (VBP demonstrate) (NP (NP (NP (DT the) (NN wealth)) (PP (IN of) (NP (NNS forms)))) (, ,) (NP (NP (DT the) (NN variety)) (PP (IN of) (NP (NNS techniques)))) (, ,) (NP (NP (DT the) (JJ ingenious) (NN blending)) (PP (IN of) (NP (NP (DT the) (JJS finest) (NNS elements)) (PP (IN of) (NP (JJ different) (NNS traditions)))))) (, ,) (NP (DT the) (VBN balanced) (NNS designs)) (, ,) (CC and) (NP (NP (DT the) (JJ ages-old) (JJ aesthetic) (NN sensitivity)) (PP (IN of) (NP (JJ Greek) (NN culture))))))) (. .)))" mmax_level="parse" />
<markable id="markable_33" span="word_718..word_777" tag="(ROOT (S (NP (NP (PDT All) (DT the) (JJ different) (NNS kinds)) (PP (IN of) (NP (NN jewellery))) (VP (VBN known) (PP (ADVP (RB already)) (IN in) (NP (JJ prehistoric) (NNS times))))) (VP (VBP are) (ADVP (RB still)) (NP (S (VP (TO to) (VP (VB be) (VP (VBN found))))) (: :) (NP (NP (ADJP (JJ simple) (CC or) (JJ complex)) (NNS earrings)) (, ,) (NP (ADJP (JJ luxurious) (CC or) (JJ plain)) (NNS finger-rings)) (, ,) (NP (ADJP (JJ brilliant) (CC or) (ADJP (RBR more) (JJ sober))) (NNS bracelets)) (, ,) (NP (NNS pendants)) (, ,) (NP (NNS necklaces) (, ,) (NNS pins) (CC and) (NNS buckles)) (, ,) (NP (NP (NNS sashes)) (PP (IN of) (NP (NN office)))) (, ,) (NP (NN wedding) (NNS belts)) (, ,) (NP (NNS amulets)) (, ,) (NP (JJ priestly) (NN enkolpia)) (, ,) (NP (NN hair) (NN jewellery)) (, ,) (CC and) (NP (NN wedding) (NNS wreaths))))) (. .)))" mmax_level="parse" />
<markable id="markable_34" span="word_778..word_843" tag="(ROOT (S (PP (IN In) (NP (NP (DT the) (JJ interesting) (NN collection)) (PP (IN of) (NP (NP (NNS finger-rings)) (PP (IN in) (NP (DT the) (NNP Exhibition))))))) (, ,) (NP (PRP it)) (VP (VBZ is) (ADJP (JJ easy)) (S (VP (TO to) (VP (VB trace) (NP (NP (NP (DT the) (NN history)) (PP (IN of) (NP (NP (DT this) (NN ornament)) (, ,) (SBAR (WHNP (WDT which)) (S (VP (VBD was) (ADJP (JJ popular)) (PP (IN with) (NP (DT both) (NNS sexes))))))))) (: :) (NP (NP (DT the) (NN development)) (PP (IN of) (NP (NP (PRP$ its) (NN form) (CC and) (NN technique)) (, ,) (NP (PRP$ its) (NN relation)))) (PP (TO to) (NP (NP (NP (DT the) (ADJP (JJ social) (CC and) (JJ political)) (NN environment)) (PP (IN of) (NP (PRP$ its) (NN space) (CC and) (NN time)))) (, ,) (CC and) (NP (NP (DT the) (NN contribution)) (VP (VBN made) (PP (TO to) (NP (PRP$ its) (NN evolution) (CC and) (NN history))) (PP (IN by) (NP (NP (DT the) (JJ theocratic) (NN philosophy)) (PP (IN of) (NP (NNP Byzantium))))))))))))))) (. .)))" mmax_level="parse" />
<markable id="markable_35" span="word_844..word_927" tag="(ROOT (S (S (IN For) (NP (NN jewellery)) (VP (VBD was) (VP (ADVP (RB also)) (VBN decorated) (PP (IN with) (NP (NP (JJ religious) (NNS scenes) (CC or) (JJ individual) (NNS figures)) (, ,) (PP (JJ such) (IN as) (NP (NP (DT the) (NNP Virgin)) (, ,) (NP (NNP Christ)) (, ,) (NP (NNS saints)) (CC and) (NP (NNS angels))))))))) (: ;) (S (NP (DT this)) (VP (VBD did) (RB not) (ADVP (RB necessarily)) (VP (VB imply) (SBAR (IN that) (S (NP (NP (DT the) (NN item)) (PP (IN in) (NP (NN question)))) (VP (VP (VBD was) (VP (VBN connected) (PP (IN with) (NP (NP (DT any) (JJ specific) (JJ religious) (NN occasion)) (CC or) (NN service))))) (, ,) (CC and) (ADVP (RB indeed)) (VP (VBD ignored) (NP (NP (DT the) (JJ despairing) (NN opposition)) (PP (IN of) (NP (NP (DT the) (NNP Church)) (PP (TO to) (NP (DT the) (NN practice)))))) (SBAR (WHADVP (WRB whereby)) (S (PP (VBG according) (PP (TO to) (NP (NP (NNP Gregory)) (PP (IN of) (NP (NNP Nyssa)))))) (, ,) (&quot; &quot;) (NP (NP (DT The) (NN ring)) (ADJP (JJ worn) (PP (IN on) (NP (DT the) (NN hand))))) (, ,) (PP (IN through) (NP (NP (DT the) (NN engraving)) (PP (IN on) (NP (PRP$ its) (NN bezel))))) (, ,) (VP (VBZ implies) (NP (NP (DT a) (NN repetition)) (PP (IN of) (NP (DT the) (NN icon)))))))))))))) (. .)))" mmax_level="parse" />
<markable id="markable_36" span="word_928..word_985" tag="(ROOT (&quot; &quot;) (S (NP (NP (DT The) (NN series)) (PP (IN of) (NP (NP (NNS exhibits)) (PP (IN in) (NP (DT this) (NN category))) (, ,) (SBAR (WHNP (WDT which)) (S (VP (VP (VBZ begins) (PP (IN in) (NP (DT the) (JJ 2nd) (NN century))) (NP (NNP AD))) (CC and) (VP (VBZ covers) (NP (NP (DT the) (JJ entire) (JJ chronological) (NN spectrum)) (PP (IN of) (NP (NNP Byzantium)))) (PP (IN down) (PP (TO to) (NP (NP (DT the) (NN fall)) (PP (IN of) (NP (DT the) (NN empire)))))) (PP (TO to) (NP (DT the) (NNPS Ottomans))))))) (, ,)))) (VP (VBZ is) (VP (VBN designed) (S (VP (CONJP (RB not) (RB only)) (VP (TO to) (VP (VB illustrate) (NP (NP (PRP$ its) (NN evolution)) (PP (IN through) (NP (JJ various) (NNS trends) (CC and) (NNS uses)))))) (, ,) (CONJP (CC but) (RB also)) (VP (TO to) (VP (VB provide) (NP (DT a) (ADJP (RB purely) (JJ aesthetic)) (NN enjoyment)))))))) (. .)))" mmax_level="parse" />
<markable id="markable_37" span="word_986..word_1058" tag="(ROOT (S (S (NP (NP (NP (DT Some) (JJ notable) (NNS examples)) (PP (IN of) (NP (NN art)))) (PP (IN of) (NP (DT the) (NN finger-ring)))) (ADVP (RB still)) (ADVP (RB clearly)) (VP (VBP reveal) (NP (NP (DT a) (NN continuation)) (PP (IN of) (NP (NP (DT the) (JJ bombastic) (NN jewellery)) (PP (IN of) (NP (DT the) (NNP Late) (NNP Roman) (NN period)))))))) (: ;) (SINV (PP (IN amongst) (NP (PRP them))) (VP (VBP are)) (NP (NP (CD two) (JJ large) (NN male) (NNS rings)) (PP (IN from) (NP (NP (DT the) (NN collection)) (PP (IN of) (NP (NP (NP (DT the) (JJ Byzantine) (NNP Museum)) (PRN (-LRB- -LRB-) (NP (NP (NN Cat.) (NNS nos)) (NP (CD 153)) (, ,) (CD 154)) (-RRB- -RRB-)) (VP (VBG dating) (PP (IN from) (NP (DT the) (JJ 3rd) (NN century))))) (, ,) (SBAR (WHNP (NP (DT the) (JJ integral) (NNS bezels)) (WHPP (IN of) (WHNP (WDT which)))) (S (VP (VBP are) (VP (VBN set) (PP (IN with) (NP (NP (DT a) (NN sardius)) (CC and) (NP (NP (DT a) (JJ large) (NN sapphire)) (VP (VBG bearing) (NP (NP (JJ intaglio) (NNS representations)) (PP (IN of) (NP (DT a) (NNS kantharos) (CC and) (NNS birds)))))))))))))))))) (. .)))" mmax_level="parse" />
<markable id="markable_38" span="word_1059..word_1094" tag="(ROOT (S (PP (IN In) (NP (NN contrast))) (, ,) (NP (NP (DT the) (JJ gold) (NN finger-ring)) (VP (VBN dated) (PP (TO to) (NP (DT the) (JJ late) (JJ 5th) (CC or) (JJ early) (JJ 6th) (NN century)))) (, ,) (PP (ADVP (RB also)) (IN from) (NP (NP (DT the) (JJ Byzantine) (NNP Museum) (NN collection)) (PRN (-LRB- -LRB-) (NP (NNP Cat.) (NN no.) (NNP 192)) (-RRB- -RRB-)))) (, ,)) (VP (VBZ has) (NP (DT a) (JJR chaster) (, ,) (RBR more) (JJ Christian) (NN form))) (. .)))" mmax_level="parse" />
<markable id="markable_39" span="word_1095..word_1137" tag="(ROOT (S (S (PP (IN In) (NP (DT this))) (, ,) (NP (DT the) (NN art)) (VP (VBZ is) (VP (VBN directed) (ADVP (RB rather) (PP (TO to) (NP (NP (DT the) (NN devising)) (PP (IN of) (NP (NNS forms))))))))) (: :) (S (NP (DT the) (NN bezel)) (VP (VP (VBZ is) (ADJP (ADJP (RBR more) (JJ complex)) (CC and) (JJR lighter))) (CC and) (VP (VBZ has) (NP (NP (DT a) (NN disk)) (PP (IN on) (NP (SBAR (WHNP (WDT which)) (S (VP (VP (VBZ is) (NP (DT the) (ADJP (RB incorrectly) (VBN spelled)) (NN inscription))) (CC and) (VP (VBP wish))))) (: :) (NP (NP (NNP YGIA) (NNP MAKEDONIO)) (PRN (-LRB- -LRB-) (NAC (NNP Health) (PP (TO to) (NP (NNP Macedonios)))) (-RRB- -RRB-))))))))) (. .)))" mmax_level="parse" />
<markable id="markable_40" span="word_1138..word_1170" tag="(ROOT (S (NP (NP (DT Another) (JJ gold) (NN ring)) (PP (IN in) (NP (NP (DT the) (JJ Byzantine) (NNP Museum)) (PRN (-LRB- -LRB-) (NP (NNP Cat.) (NN no.) (NNP 212)) (-RRB- -RRB-)))) (VP (VBG dating) (PP (IN from) (NP (DT the) (JJ same) (NN period))))) (VP (VBZ has) (NP (NP (DT a) (JJ similar) (JJ engraved) (NN inscription)) (PP (IN on) (NP (NP (PRP$ its) (JJ rectangular) (NN bezel)) (: :) (NP (NP (NNP LEONTIO)) (PRN (-LRB- -LRB-) (PP (IN For) (NP (NNP Leontios))) (-RRB- -RRB-))))))) (. .)))" mmax_level="parse" />
<markable id="markable_41" span="word_1171..word_1214" tag="(ROOT (S (PP (IN In) (NP (DT a) (JJR humbler) (NN medium))) (, ,) (NP (NP (NP (DT a) (JJ silver) (NN ring)) (VP (VBN found) (PP (IN during) (NP (NP (DT the) (NNS excavations)) (PP (IN in) (NP (DT the) (NNP Mani))))))) (PRN (-LRB- -LRB-) (NP (NNP Cat.) (NN no.) (NNP 197)) (-RRB- -RRB-))) (ADVP (RB nevertheless)) (VP (VBZ has) (NP (NP (DT a) (NN number)) (PP (IN of) (NP (ADJP (RB elaborately) (JJ rendered)) (NNS features))) (, ,) (PP (JJ such) (IN as) (NP (NP (DT the) (NN depiction)) (PP (IN of) (NP (DT the) (NN peacock))) (PP (IN on) (NP (NP (DT the) (NN enamel)) (PP (IN of) (NP (DT the) (JJ round) (NN bezel))))))))) (. .)))" mmax_level="parse" />
<markable id="markable_42" span="word_1215..word_1264" tag="(ROOT (S (S (PP (IN At) (NP (DT this) (JJ same) (NN period))) (, ,) (NP (NP (DT the) (NN art)) (PP (IN of) (NP (NP (DT the) (JJ gold) (NN finger-ring)) (PP (IN in) (NP (NP (DT the) (NNP Kanellopoulos) (NNP Museum)) (PRN (-LRB- -LRB-) (NP (NNP Cat.) (NN no.) (NNP 194)) (-RRB- -RRB-))))))) (VP (VBZ is) (ADJP (JJ worthy) (PP (IN of) (NP (PRP$ its) (JJ precious) (NN material)))))) (: :) (S (NP (DT the) (NN ring)) (VP (VBZ is) (VP (VP (VBN adorned) (PP (IN with) (NP (DT a) (NN wedding) (NN scene)))) (, ,) (VP (VBG showing) (NP (NP (NNP Christ)) (PP (IN between) (NP (DT the) (NNS newly-weds))))) (, ,) (VP (VBG uniting) (NP (PRP$ their) (NNS hands))) (CC and) (VP (VBG blessing) (NP (PRP$ their) (NN marriage)))))) (. .)))" mmax_level="parse" />
<markable id="markable_43" span="word_1265..word_1315" tag="(ROOT (SINV (PP (IN From) (NP (DT the) (JJ 6th) (NN century))) (VP (VBZ comes)) (NP (NP (NP (DT a) (NN bronze) (NN finger-ring)) (PRN (-LRB- -LRB-) (NP (NNP Cat.) (NN no.) (NNP 196)) (-RRB- -RRB-)) (, ,) (NP (NP (DT an) (JJ important) (NN example)) (PP (IN of) (NP (PRP$ its) (NN kind))))) (: ;) (S (NP (PRP it)) (VP (VBZ represents) (NP (NP (DT a) (NN group)) (PP (IN of) (NP (NP (JJ similar) (NNS rings)) (PP (IN of) (NP (NN gold) (, ,) (NN silver) (CC and) (NN bronze))))) (SBAR (WHNP (WDT which)) (S (VP (VBP have) (NP (NP (DT a) (NN depiction)) (PP (IN of) (NP (DT an) (NN archangel))))))))))) (, ,) (S (VP (VBG revealing) (NP (NP (DT the) (RB purely) (JJ Byzantine) (NN character)) (PP (IN of) (NP (DT the) (NN jewel)))))) (. .)))" mmax_level="parse" />
<markable id="markable_44" span="word_1316..word_1384" tag="(ROOT (S (S (S (NP (NP (CD Four) (JJ valuable) (NNS finger-rings)) (PP (IN from) (NP (NP (DT the) (NNP Mytilini) (NNP treasure)) (, ,) (VP (VBN dated) (PP (IN by) (NP (NP (DT the) (NNS coins)) (VP (VBN found) (ADVP (RB together) (PP (IN with) (NP (PRP them)))) (PP (TO to) (NP (DT the) (JJ 7th) (NN century))))))) (, ,)))) (VP (VBP are) (PP (IN of) (NP (NP (NN gold)) (PRN (-LRB- -LRB-) (NP (NP (JJ Cat.) (NNS nos)) (NP (CD 229)) (, ,) (CD 230)) (-RRB- -RRB-)))))) (: ;) (S (NP (PRP they)) (VP (VBP have) (NP (NP (DT a) (JJ tall) (JJ pyramidal) (NN setting)) (PP (IN for) (NP (DT the) (NN stone)))) (PP (IN in) (NP (NP (NN place)) (PP (IN of) (NP (DT the) (NN bezel)))))))) (, ,) (CC and) (S (NP (PRP$ their) (NN charm) (CC and) (NN form)) (VP (VB distinguish) (NP (PRP them)) (PP (IN from) (NP (NP (DT the) (JJS earliest) (NNS rings)) (PP (IN of) (NP (DT the) (NN series))))) (, ,) (PP (IN with) (NP (PRP$ their) (JJ heavy) (, ,) (JJ solid) (NN gold))))) (. .)))" mmax_level="parse" />
<markable id="markable_45" span="word_1385..word_1415" tag="(ROOT (S (NP (NP (DT A) (NN coin)) (PP (IN of) (NP (DT the) (NN emperor) (NNS Theophilos)))) (VP (VBZ is) (ADJP (VBN attached) (PP (TO to) (NP (NP (DT the) (NN bezel)) (PP (IN of) (NP (NP (DT a) (NN finger-ring)) (PP (IN in) (NP (DT the) (NNP Kanellopoulos) (NNP Museum) (NN collection))) (PRN (-LRB- -LRB-) (NP (NNP Cat.) (NN no.) (NNP 237)) (-RRB- -RRB-))))))) (, ,) (S (ADVP (RB again)) (VP (VBG continuing) (NP (DT a) (NNP Roman) (NN practice))))) (. .)))" mmax_level="parse" />
<markable id="markable_46" span="word_1416..word_1459" tag="(ROOT (S (S (NP (NP (DT The) (NN ring)) (PP (IN in) (NP (NP (DT the) (NNP Exhibition)) (PRN (-LRB- -LRB-) (NP (NP (NNP Cat.) (NN no.)) (NP (CD 236))) (-RRB- -RRB-)) (VP (VBG bearing) (NP (NP (DT the) (NN inscription)) (NP (NNP MYCTIKON)) (PRN (-LRB- -LRB-) (NP (NNP Mystikon)) (-RRB- -RRB-))))))) (VP (VBD was) (VP (VBN owned) (PP (IN by) (NP (NP (DT an) (NN official)) (PP (IN at) (NP (DT the) (JJ Byzantine) (NN court)))))))) (: :) (S (NP (DT the) (NN title)) (VP (VBD was) (VP (VBN held) (PP (IN by) (NP (NP (DT the) (NN official)) (ADJP (JJ responsible) (PP (IN for) (NP (NP (DT the) (JJ personal) (NN correspondence)) (PP (IN of) (NP (DT the) (JJ Byzantine) (NN emperor))))))))))) (. .)))" mmax_level="parse" />
<markable id="markable_47" span="word_1460..word_1484" tag="(ROOT (S (S (VP (VBN Made))) (, ,) (ADVP (RB naturally)) (, ,) (PP (IN of) (NP (NN gold))) (, ,) (NP (PRP it)) (VP (VP (VBZ has) (NP (DT a) (ADJP (JJ simple) (, ,) (IN though) (JJ true) (, ,) (JJ well-balanced)) (NN design))) (, ,) (CC and) (VP (VBZ dates) (PP (IN from) (NP (DT the) (JJ 9th) (NN century))))) (. .)))" mmax_level="parse" />
<markable id="markable_48" span="word_1485..word_1547" tag="(ROOT (S (NP (NP (DT The) (NN inscription)) (RRC (NP (NP (NNP +CHNETOC) (NNP BASHLHKOC) (NNP CPATHARHC)) (PRN (-LRB- -LRB-) (NP (NNP +) (NNP Sinetos) (NNP Royal) (NNP Spatharis)) (-RRB- -RRB-)) (PP (IN on) (NP (NP (DT another) (JJ gilded) (NN ring)) (PRN (-LRB- -LRB-) (NP (NNP Cat.) (NN no.) (NNP 238)) (-RRB- -RRB-))))) (PP (IN from) (NP (DT the) (JJ 9th) (NN century)))) (, ,)) (VP (VBZ is) (NP (NP (NN evidence)) (PP (IN for) (NP (NP (DT the) (NN practice)) (VP (VBN known) (PP (TO to) (NP (NN scholarship))) (SBAR (WHADVP (WRB whereby)) (S (NP (NP (NNS officials)) (PP (IN of) (NP (DT the) (JJ royal) (NN court))) (, ,) (PP (IN like) (NP (NP (DT the) (JJ royal) (NNS spatharios)) (PP (IN of) (NP (DT this) (NN inscription))))) (, ,)) (VP (VBD wore) (NP (JJ gilded) (NN jewellery))))))))) (, ,) (S (VP (TO to) (VP (VB avoid) (NP (NP (DT the) (NN risk)) (PP (IN of) (S (VP (VBG being) (VP (VBN robbed) (PP (IN in) (NP (DT the) (NN street)))))))))))) (. .)))" mmax_level="parse" />
<markable id="markable_49" span="word_1548..word_1604" tag="(ROOT (S (UCP (NN Simple) (, ,) (NN bronze) (, ,) (JJ poor) (, ,) (CC yet) (VP (VBG moving) (NP (JJ grave) (NNS offerings)) (PP (IN from) (NP (NP (DT the) (NNS tombs)) (PP (IN of) (NP (JJ ordinary))))))) (, ,) (NP (NP (JJ anonymous) (NNS members)) (PP (IN of) (NP (NP (DT the) (JJ Byzantine) (NN empire)) (, ,) (NP (NP (NP (DT the) (NNP Middle) (NP (JJ Byzantine) (NNS rings))) (PP (IN from) (NP (NP (DT the) (NNP Museum)) (PP (IN of) (NP (JJ Byzantine) (NNP Culture)))))) (PRN (-LRB- -LRB-) (NP (NP (NN Cat.) (NNS nos)) (NP (CD 249-251))) (-RRB- -RRB-)))))) (VP (VBP come) (PP (IN from) (NP (NP (DT a) (NN grave)) (PP (IN in) (NP (NP (DT the) (NNS grounds)) (PP (IN of) (NP (DT the) (NN church))) (PP (IN of) (NP (NP (NP (NNP Profitis) (NNP Ilias)) (PP (IN at) (NP (NNP Ayios) (NNP Dimitrios)))) (PP (IN in) (NP (NNP Pieria)))))))))) (. .)))" mmax_level="parse" />
<markable id="markable_50" span="word_1605..word_1633" tag="(ROOT (S (NP (PRP$ Their) (NN form)) (, ,) (ADVP (RB too)) (, ,) (VP (VBZ is) (ADJP (JJ simple)) (, ,) (PP (IN with) (NP (NP (NN ring-punched)) (CC or) (NP (NP (VBN engraved) (NN decoration)) (, ,) (CONJP (CC and) (RB occasionally)) (NP (NP (DT a) (NN depiction)) (PP (IN of) (NP (NP (DT the) (JJ military) (NN saint)) (SBAR (WHNP (WP who)) (S (VP (VBZ is) (NP (NP (NN patron)) (PP (IN of) (NP (DT the) (NN village)))))))))))))) (. .)))" mmax_level="parse" />
<markable id="markable_51" span="word_1634..word_1677" tag="(ROOT (SINV (PP (IN Of) (NP (NP (JJ equal) (NN importance)) (PP (IN for) (NP (NP (DT the) (NN history)) (PP (IN of) (NP (NN jewellery))))))) (VP (VBP are)) (NP (NP (NP (DT the) (NN glass) (NNS pieces)) (, ,) (VP (VBN represented) (ADVP (RB here)) (PP (IN by) (NP (NP (DT a) (NNP Middle) (JJ Byzantine) (NN finger-ring)) (PP (IN from) (NP (NP (DT the) (NNP Museum)) (PP (IN of) (NP (JJ Byzantine) (NNP Culture)))))))) (PRN (-LRB- -LRB-) (NP (NNP Cat.) (NN no.) (NNP 268)) (-RRB- -RRB-))) (, ,) (SBAR (WHNP (WDT which)) (S (VP (VBZ comes) (PP (IN from) (NP (NP (DT the) (NN north) (NN enclosure)) (PP (IN of) (NP (DT a) (NN church))) (PP (IN at) (NP (NNP Pydna))))))))) (. .)))" mmax_level="parse" />
<markable id="markable_52" span="word_1678..word_1713" tag="(ROOT (S (NP (NP (DT The) (NNS earrings)) (SBAR (WHNP (WDT that)) (S (ADVP (RB frequently)) (VP (VBD adorned) (NP (NP (DT the) (NNS faces)) (PP (IN of) (NP (JJ Byzantine) (NNS ladies)))))))) (VP (VP (VBP are) (ADVP (RB well)) (VP (VBN represented) (PP (IN in) (NP (DT the) (NNP Exhibition))))) (, ,) (CC and) (VP (VBP reveal) (NP (NP (DT the) (NN variety)) (PP (IN of) (NP (NP (NNS forms) (CC and) (NNS features)) (ADJP (JJ characteristic) (PP (IN of) (NP (NP (DT this) (NN type)) (PP (IN of) (NP (NN jewellery)))))))) (PP (IN throughout) (NP (DT the) (JJ Byzantine) (NN empire)))))) (. .)))" mmax_level="parse" />
<markable id="markable_53" span="word_1714..word_1804" tag="(ROOT (S (NP (DT The) (ADJP (RB plain) (JJ hemispherical)) (NNS disks)) (, ,) (PP (IN like) (NP (NP (DT those)) (PP (IN in) (NP (NP (NP (DT the) (JJ Byzantine) (NNP Museum)) (PRN (-LRB- -LRB-) (NP (NNP Cat.) (NN no.) (NNP 151)) (-RRB- -RRB-))) (, ,) (CC or) (NP (NP (DT the) (ADJP (RB even) (JJR simpler)) (NNS pieces)) (PP (IN in) (NP (NP (DT the) (NN form)) (PP (IN of) (NP (NP (DT a) (&quot; &quot;) (NN knot)) (&quot; &quot;) (PRN (-LRB- -LRB-) (NP (NP (NNP Cat.) (NN no.)) (NP (CD 152))) (-RRB- -RRB-)))) (, ,) (VP (VBG dating) (PP (IN from) (NP (RB Early) (JJ Christian) (NNS times))))))) (, ,))) (SBAR (WHNP (WDT that)) (S (ADVP (RB frequently)) (VP (VB adorn) (NP (NP (DT the) (NNS ears)) (PP (IN of) (NP (NP (DT the) (JJ dead) (NNS women)) (PP (IN in) (NP (DT the) (NNP Fayum) (NNS portraits))))))))))) (, ,) (VP (VBP seem) (S (VP (TO to) (VP (VB have) (VP (VBN retreated) (ADVP (ADVP (RB as) (RB early)) (PP (IN as) (NP (NP (DT the) (NN end)) (PP (IN of) (NP (DT the) (JJ 3rd) (NN century)))))) (, ,) (SBAR (WHADVP (WRB when)) (S (NP (NP (ADJP (ADJP (RB invariably) (JJR lighter)) (, ,) (IN though) (ADJP (RBR more) (JJ complex))) (NNS forms)) (PP (IN of) (NP (NP (NNP earring)) (, ,) (VP (VBN decorated) (PP (IN with) (NP (ADJP (JJ precious) (CC or) (JJ semiprecious)) (NNS stones)))) (, ,)))) (VP (VBD became) (ADJP (JJ predominant)))))))))) (. .)))" mmax_level="parse" />
<markable id="markable_54" span="word_1805..word_1837" tag="(ROOT (SINV (PP (IN Amongst) (NP (NP (DT the) (JJ interesting) (NNS examples)) (PP (IN in) (NP (DT the) (NNP Exhibition))))) (VP (VBP are)) (NP (DT the) (JJ 3rd-4th) (NN century)) (NP (NP (NNS earrings)) (PP (IN of) (NP (NP (NP (DT the) (JJ Byzantine) (NNP Museum)) (PRN (-LRB- -LRB-) (NP (NP (NN Cat.) (NNS nos)) (NP (CD 163-168))) (-RRB- -RRB-))) (, ,) (SBAR (WHNP (WDT which)) (S (VP (VBD were) (NP (NP (DT a) (JJ common) (NN form)) (PP (IN of) (NP (NN jewel)))) (PP (IN at) (NP (DT this) (NN period))))))))) (. .)))" mmax_level="parse" />
<markable id="markable_55" span="word_1838..word_1899" tag="(ROOT (S (S (NP (DT These)) (VP (VBP consist) (PP (IN of) (NP (NP (DT an) (JJ open-work) (, ,) (JJ radiate) (NN rosette)) (, ,) (PP (IN from) (NP (NP (DT the) (NN bottom)) (PP (IN of) (SBAR (WHNP (WDT which)) (S (VP (VBP hang) (NP (JJ granulated) (NNS rods)) (PP (IN with) (NP (NP (NNS rubies)) (CC and) (NP (NN emerald) (NN plasma) (NNS beads)))))))))))))) (: ;) (S (NP (NP (DT the) (JJ main) (NNS features)) (PP (IN of) (NP (PRP them)))) (VP (VBP are) (NP (NP (DT the) (ADJP (RB sensitively) (VBN arranged)) (NNS surfaces)) (, ,) (NP (NP (DT the) (NN variety)) (PP (IN of) (NP (NP (DT the) (NNS elements)) (SBAR (WHPP (IN of) (WHNP (WDT which))) (S (NP (PRP they)) (VP (VBP are) (VP (VBN composed)))))))) (, ,) (CC and) (NP (NP (DT a) (ADJP (RB generally) (JJ decorative)) (NN intent)) (SBAR (WHNP (WDT that)) (S (VP (VBZ supplants) (NP (NP (DT the) (JJ heavy) (JJ solid) (NN gold)) (PP (IN of) (NP (NNP Early) (NNP Roman) (NN jewellery))))))))))) (. .)))" mmax_level="parse" />
<markable id="markable_56" span="word_1900..word_1940" tag="(ROOT (S (NP (DT A) (ADJP (RBR more) (JJ abstract)) (NN version)) (VP (MD can) (VP (VB be) (VP (VBN seen) (PP (IN in) (NP (NP (NNS earrings)) (PP (IN of) (NP (NP (DT the) (JJ same) (NN period)) (PRN (-LRB- -LRB-) (NP (NP (NN Cat.) (NNS nos)) (NP (CD 160-162))) (-RRB- -RRB-)))) (, ,) (SBAR (WHNP (WDT which)) (S (VP (VBP have) (NP (DT a) (JJ horizontal) (NN plaque))))) (, ,))) (PP (IN with) (NP (NP (NN palmette) (NN decoration)) (CC and) (NP (NP (DT a) (JJ large) (JJ polygonal) (NN stone)) (VP (VBN made) (PP (IN of) (NP (NP (JJ emerald) (NN plasma)) (PP (IN at) (NP (DT the) (NN centre)))))))))))) (. .)))" mmax_level="parse" />
<markable id="markable_57" span="word_1941..word_1963" tag="(ROOT (SINV (PP (IN From) (NP (NP (DT the) (JJ bottom) (NN edge)) (PP (IN of) (NP (DT the) (NN plaque))))) (VP (VBP are) (VP (VBN suspended))) (NP (NP (CD three) (JJ granulated) (NNS rods)) (VP (VP (VBN adorned) (PP (IN with) (NP (NN inlaid) (NNS rubies)))) (CC and) (VP (VBG hanging) (NP (NP (NNS beads)) (PP (IN of) (NP (JJ emerald) (NN plasma))))))) (. .)))" mmax_level="parse" />
<markable id="markable_58" span="word_1964..word_2021" tag="(ROOT (S (S (VP (VBN Executed) (PP (IN in) (NP (RBR more) (JJ luxurious) (NNS media))))) (, ,) (NP (JJ such) (NNS earrings)) (VP (VBD survived) (PP (IN until) (NP (DT the) (JJ 6th) (NN century))) (, ,) (SBAR (IN as) (S (VP (VBZ is) (ADJP (JJ clear) (PP (IN from) (NP (DT the) (JJ famous) (NN mosaic) (S (VP (VBG depicting) (NP (NP (DT the) (JJ empress) (NN Theodora)) (PP (IN in) (NP (DT the) (NN church))) (PP (IN of) (NP (NNP San) (NNP Vitale))) (PP (IN at) (NP (NP (NNP Ravenna)) (, ,) (SBAR (WHPP (IN in) (WHNP (WDT which))) (S (NP (NP (DT the) (JJ large)) (, ,) (ADJP (RB now) (JJ luxurious)) (NNS earrings) (, ,)) (VP (VBP are) (VP (VBN based) (PP (IN on) (NP (NP (DT a) (JJ similar) (JJ rectangular) (NN plaque)) (PP (IN with) (NP (NP (DT a) (JJ large) (NN emerald)) (PP (IN at) (NP (DT the) (NN centre))))))))))))))))))))))) (. .)))" mmax_level="parse" />
<markable id="markable_59" span="word_2022..word_2056" tag="(ROOT (S (NP (NNS Earrings)) (VP (VP (VBD followed) (NP (NP (DT the) (JJ same) (NN course)) (PP (IN as) (NP (NP (JJ other) (NNS kinds)) (PP (IN of) (NP (JJ Byzantine) (NN jewellery))))))) (, ,) (CC and) (VP (VB like) (S (NP (PRP them)) (VP (VBD assumed) (NP (NP (DT a) (JJ different) (NN character)) (PP (IN during) (NP (NP (NNS periods)) (SBAR (WHADVP (WRB when)) (S (NP (DT the) (NN empire)) (VP (VBD was) (ADJP (JJ strong) (, ,) (JJ flourishing) (CC and) (PRN (, ,) (ADVP (RBS most) (RB importantly)) (, ,)) (ADJP (JJ wealthy))))))))))))) (. .)))" mmax_level="parse" />
<markable id="markable_60" span="word_2057..word_2088" tag="(ROOT (S (NP (NP (DT The) (NN charming)) (, ,) (NP (NP (JJ light) (NN jewel)) (PP (IN of) (NP (NP (DT the) (ADJP (JJ 4th) (CC and) (JJ 5th)) (NN century)) (, ,) (SBAR (WHNP (WDT which)) (S (VP (VBZ survives) (PP (IN into) (NP (NP (DT the) (JJ 6th)) (PRN (-LRB- -LRB-) (NP (NP (NNP Cat.) (NN no.)) (NP (CD 198))) (-RRB- -RRB-)))))))))) (, ,)) (VP (VBZ acquires) (NP (DT a) (JJ weighty) (NN character)) (PP (IN in) (NP (DT the) (JJ 7th) (NN century)))) (. .)))" mmax_level="parse" />
<markable id="markable_61" span="word_2089..word_2133" tag="(ROOT (S (NP (NP (NNS Treasures)) (VP (VBG dating) (PP (IN from) (NP (DT this) (NN period))))) (VP (VBP contain) (NP (DT some) (JJ precious) (NNS pieces)) (, ,) (PP (IN in) (NP (NP (NNS terms)) (PP (IN of) (NP (PRP$ their) (NN weight) (CC and) (NN workmanship))))) (, ,) (PP (VBG including) (NP (NP (NNS earrings)) (PP (IN of) (NP (JJ solid) (NN gold))) (PP (IN with) (NP (DT a) (JJ restrained) (, ,) (JJ confident) (NN design))))) (, ,) (S (VP (VBG revealing) (NP (NP (DT no) (NN lack)) (PP (IN of) (NP (NN confidence) (CC or) (NN hesitation))) (PP (IN in) (NP (NP (DT the) (NN use)) (PP (IN of) (NP (DT the) (JJ rich) (NNS media))))))))) (. .)))" mmax_level="parse" />
<markable id="markable_62" span="word_2134..word_2153" tag="(ROOT (S (NP (NP (CD One)) (PP (IN of) (NP (DT the) (JJS finest) (NNS examples)))) (VP (VBZ is) (NP (NP (DT the) (NN pair)) (PP (IN of) (NP (NP (NNS earrings)) (PRN (-LRB- -LRB-) (NP (NNP Cat.) (NN no.) (NNP 223)) (-RRB- -RRB-)))) (PP (IN from) (NP (DT the) (NNP Mytilini) (NNP treasure))))) (. .)))" mmax_level="parse" />
<markable id="markable_63" span="word_2154..word_2204" tag="(ROOT (S (PP (IN With) (NP (NP (PRP$ its) (JJ curved) (JJ cylindrical) (NN band)) (, ,) (CC and) (NP (NP (NN pendant)) (PP (IN with) (NP (NP (NP (JJ simple) (NNS knots)) (PP (IN at) (NP (DT the) (NN top)))) (CC and) (NP (NP (DT a) (NN bead)) (PP (IN of) (NP (JJ emerald) (NN plasma))) (PP (IN at) (NP (DT the) (NN bottom))))))))) (, ,) (NP (NP (DT the) (NN perfection)) (PP (IN of) (NP (NP (NP (DT the) (NN hammering) (CC and) (VBG working)) (PP (IN of) (NP (DT the) (JJ solid) (NN gold)))) (CC and) (NP (NP (DT the) (JJ sage) (NN simplicity)) (PP (IN of) (NP (DT the) (NN design))))))) (VP (VBP combine) (S (VP (TO to) (VP (VB make) (S (NP (DT this) (NN piece)) (NP (DT a) (JJ precious) (NN ornament))))))) (. .)))" mmax_level="parse" />
<markable id="markable_64" span="word_2205..word_2268" tag="(ROOT (S (S (NP (NP (CD Two) (JJR more) (NNS pairs)) (PP (IN of) (NP (NNS earrings))) (, ,) (PP (IN from) (NP (NP (DT the) (NNP Kanellopoulos) (NNP Museum)) (PRN (-LRB- -LRB-) (NP (NP (JJ Cat.) (NNS nos)) (NP (CD 213)) (, ,) (CD 215)) (-RRB- -RRB-)))) (, ,)) (VP (VBP belong) (PP (TO to) (NP (DT the) (JJ same) (NN period))))) (: ;) (S (PP (IN in) (NP (DT these))) (, ,) (NP (DT the) (NN gold)) (VP (VBZ is) (ADJP (VBN worked) (PP (IN into) (NP (NP (DT the) (NN shape)) (PP (IN of) (NP (DT a) (NN crescent) (CC or) (NN disk))) (, ,) (VP (VBN decorated) (PP (PP (IN in) (NP (NP (DT a) (JJ wide) (NN variety)) (PP (IN of) (NP (NNS techniques))))) (CC and) (PP (IN with) (NP (NP (DT a) (JJ large) (NN number)) (PP (IN of) (NP (JJ formal) (NNS elements)))))))))) (, ,) (SBAR (IN while) (S (NP (DT the) (NNS earrings)) (VP (VBP retain) (NP (PRP$ their) (JJ heavy) (NN character))))))) (. .)))" mmax_level="parse" />
<markable id="markable_65" span="word_2269..word_2305" tag="(ROOT (S (S (NP (NP (NNP Enamel)) (, ,) (NP (NNS pearls)) (CC and) (NP (JJ many) (JJ other) (JJ precious) (CC and) (NN semiprecious) (NNS stones))) (VP (VBP begin) (S (VP (TO to) (VP (VB be) (VP (VBN used) (PP (IN in) (NP (NP (DT the) (NNS earrings)) (PP (IN of) (NP (NP (DT the) (JJ following) (NNS centuries)) (PP (IN of) (NP (NNP Byzantium))))))))))))) (, ,) (CC and) (S (NP (NP (DT the) (NN repertoire)) (PP (IN of) (NP (NN motifs)))) (VP (VBZ is) (VP (VBN enriched) (PP (ADVP (RB mainly)) (IN by) (NP (NP (NNS figures)) (PP (IN of) (NP (NNS saints)))))))) (. .)))" mmax_level="parse" />
<markable id="markable_66" span="word_2306..word_2374" tag="(ROOT (S (NP (NP (DT The) (JJ brilliant) (, ,) (ADJP (RB lavishly) (VBN embellished)) (NNS examples)) (VP (VBN created) (PP (IN at) (NP (DT this) (NN period))))) (VP (VBP are) (NP (NP (DT the) (NN product)) (PP (IN of) (NP (NP (NP (DT the) (JJ Byzantine) (NN love)) (PP (IN of) (NP (JJ brilliant) (NN display)))) (, ,) (SBAR (WHNP (NP (DT the) (NN ease)) (WHPP (IN with) (WHNP (WDT which)))) (S (NP (NNS merchants)) (VP (MD could) (VP (VB bring) (NP (JJ precious) (NNS stones)) (PP (IN from) (NP (NP (NP (NNP Asia) (CC and) (NNP Africa)) (, ,) (PP (JJ such) (IN as) (NP (NP (NNS pearls)) (PP (IN from) (NP (NP (NP (DT the) (NNP Persian) (NNP Gulf)) (, ,) (NP (NP (NNS sapphires)) (PP (IN from) (NP (NNP Ceylon)))) (, ,)) (CC or) (NP (NP (JJ lapis) (NN lazuli)) (PP (IN from) (NP (NNP Asia) (NNP Minor)))))))) (, ,)) (CC and) (NP (NP (DT the) (JJ high) (NN quality) (NN workmanship)) (PP (IN in) (NP (NP (JJ other) (NNS materials)) (, ,) (ADVP (RB particularly)) (NP (NP (NN glass) (NN paste)) (CC and) (NN enamel))))))))))))))) (. .)))" mmax_level="parse" />
<markable id="markable_67" span="word_2375..word_2528" tag="(FRAG (X Outstanding) (X examples) (X in) (X the) (X Exhibition) (X are) (X the) (X gold) (X earrings) (X from) (X the) (X Thessaloniki) (X treasure) (X ,) (X now) (X in) (X the) (X Museum) (X of) (X Byzantine) (X Culture) (X -LRB-) (X Cat.) (X no.) (X 273) (X -RRB-) (X ,) (X which) (X have) (X a) (X triple) (X row) (X of) (X pearls) (X at) (X the) (X bottom) (X ,) (X the) (X earrings) (X of) (X the) (X same) (X shape) (X ,) (X though) (X now) (X with) (X granulated) (X decoration) (X ,) (X from) (X the) (X same) (X Museum) (X -LRB-) (X Cat.) (X no.) (X 274) (X -RRB-) (X ,) (X the) (X 10th) (X century) (X earring) (X from) (X the) (X Byzantine) (X Museum) (X -LRB-) (X Cat.) (X no.) (X 240) (X -RRB-) (X with) (X a) (X cast) (X cross) (X on) (X the) (X inner) (X edge) (X of) (X the) (X elaborate) (X ,) (X lunate) (X band) (X ,) (X the) (X cast) (X ,) (X bow-shaped) (X earring) (X from) (X the) (X Kanellopoulos) (X Museum) (X -LRB-) (X Cat.) (X no.) (X 281) (X -RRB-) (X which) (X has) (X a) (X medallion) (X at) (X the) (X centre) (X with) (X a) (X repouss) (X depiction) (X of) (X the) (X Virgin) (X ,) (X the) (X basket-shaped) (X earrings) (X from) (X the) (X same) (X Museum) (X with) (X their) (X ingenious) (X design) (X and) (X complex) (X workmanship) (X -LRB-) (X Cat.) (X no.) (X 279) (X -RRB-) (X ,) (X and) (X the) (X same) (X type) (X of) (X earring) (X from) (X the) (X Benaki) (X Museum) (X -LRB-) (X Cat.) (X no.) (X 280) (X -RRB-) (X .))" mmax_level="parse" />
<markable id="markable_68" span="word_2529..word_2552" tag="(ROOT (S (PP (IN Amongst) (NP (NP (DT the) (JJS finest) (NN jewellery)) (PP (IN of) (NP (JJ Byzantine) (NN art))))) (, ,) (NP (NNS bracelets)) (VP (VBD were) (ADVP (RB always)) (PP (IN amongst) (NP (NP (DT the) (ADJP (RBS most) (JJ treasured)) (NNS pieces)) (PP (IN of) (NP (NN jewellery))) (VP (VBN owned) (PP (IN by) (NP (JJ aristocratic) (JJ Byzantine) (NNS ladies))))))) (. .)))" mmax_level="parse" />
<markable id="markable_69" span="word_2553..word_2623" tag="(ROOT (S (S (NP (PRP They)) (VP (MD may) (VP (VB consist) (PP (IN of) (NP (NP (DT a) (ADJP (JJ delicate) (, ,) (JJ curved) (, ,) (JJ solid) (CC or) (JJ hollow)) (NN cylinder)) (CC and) (NP (DT a) (NN bezel))))))) (, ,) (CC either) (S (VP (VBN left) (UCP (ADJP (NN plain)) (CC or) (PP (PP (IN with) (NP (DT an) (JJ elaborate) (NN appliqu))) (: ;) (CC or) (PP (IN of) (S (VP (VP (VBN compressed)) (, ,) (VP (VBN folded) (NP (NP (NNS pieces)) (PP (IN of) (NP (NP (NN gold) (NN sheet)) (VP (VP (VBN hinged) (ADVP (RB together))) (CC and) (VP (VBN decorated) (PP (IN with) (NP (JJ repouss) (NNS scenes))))))))) (: ;) (CC or) (VP (VB occur) (PP (IN in) (NP (NP (DT a) (JJ wide) (NN range)) (PP (IN of) (NP (JJ other) (NNS types)))))) (, ,) (VP (ADVP (RB frequently)) (VBG deriving) (PP (IN from) (NP (DT the) (NNP Late) (NNP Roman) (NN tradition)))) (, ,) (VP (ADVP (RB invariably)) (VBN set) (PP (IN with) (NP (NNS stones)))) (CC and) (VP (VBG using) (NP (JJ countless) (JJ other) (NNS techniques)))))))))) (. .)))" mmax_level="parse" />
<markable id="markable_70" span="word_2624..word_2651" tag="(ROOT (S (PP (IN At) (NP (NP (NNS times)) (SBAR (WHADVP (WRB when)) (S (NP (DT the) (NN empire)) (VP (VBD was) (ADJP (JJ strong) (CC and) (JJ wealthy))))))) (, ,) (NP (DT this) (NN ornament)) (VP (MD might) (VP (VB be) (VP (VBN made) (PP (IN of) (NP (NP (JJ solid) (NN gold)) (, ,) (VP (ADVP (RB perfectly)) (VBN hammered) (, ,) (PP (IN with) (NP (JJ sure) (, ,) (JJ incomparable) (NNS designs))))))))) (. .)))" mmax_level="parse" />
<markable id="markable_71" span="word_2652..word_2693" tag="(ROOT (S (NP (DT The) (NNS craftsmen)) (ADVP (RB also)) (VP (VP (VBD bent) (ADVP (RB carefully)) (PP (IN over) (NP (JJR cheaper) (NNS metals) (CC or) (NN glass))) (S (VP (TO to) (VP (VB create) (NP (NP (DT the) (NN jewellery)) (SBAR (WHNP (WDT that)) (S (VP (MD would) (VP (VB adorn) (NP (NP (DT the) (NN arm)) (PP (IN of) (NP (NP (DT the) (JJ humble) (NN servant) (NN girl)) (, ,) (CC or) (NP (DT the) (JJ ordinary) (, ,) (JJ insignificant) (NN woman)))))))))))))) (, ,) (CC and) (VP (MD would) (VP (VB accompany) (NP (PRP her)) (PP (TO to) (NP (PRP$ her) (JJ final) (JJ resting) (NN place)))))) (. .)))" mmax_level="parse" />
<markable id="markable_72" span="word_2694..word_2741" tag="(ROOT (S (NP (NP (DT This) (NN yearning)) (PP (IN for) (NP (NP (NN embellishment)) (, ,) (NP (NP (DT this) (JJ special) (NN relationship)) (PP (IN between) (NP (DT a) (NN woman)))) (CC and) (NP (PRP$ her) (NN jewellery))))) (VP (VBZ emerges) (ADVP (RB quite) (RB clearly)) (ADVP (RB here)) (, ,) (SBAR (IN for) (S (NP (NP (DT the) (JJ humble) (NN wrist) (NN ornament)) (, ,) (VP (VBN taken) (PP (IN with) (NP (PRP her))) (PP (IN by) (NP (NP (DT the) (JJ humble) (JJ Byzantine) (NN woman)) (SBAR (WHADVP (WRB when)) (S (NP (PRP she)) (VP (VBD died))))))) (, ,)) (VP (VBZ is) (PP (IN among) (NP (NP (DT the) (NNS finds)) (VP (ADVP (RB commonly)) (VBN yielded) (PP (IN by) (NP (NP (NNS excavations)) (PP (IN of) (NP (NNS graves)))))))))))) (. .)))" mmax_level="parse" />
<markable id="markable_73" span="word_2742..word_2787" tag="(ROOT (S (NP (NP (JJ Early) (NN glass) (NNS items)) (, ,) (ADJP (JJ cheap))) (, ,) (PP (ADVP (RB though)) (IN in) (NP (NP (DT a) (NN variety)) (PP (IN of) (NP (NNS designs))))) (, ,) (S (NP (NP (DT some) (NN simple)) (CC and) (NNS others)) (ADJP (RBR more) (JJ complex))) (, ,) (VP (VBD were) (VP (VBN found) (PP (IN during) (NP (NP (DT the) (NN excavation)) (PP (IN of) (NP (DT the) (NNS tombs))) (PP (IN at) (NP (NP (NNP Redina)) (PRN (-LRB- -LRB-) (NP (NP (NNP Cat.) (FW nos) (NNP 169)) (, ,) (NP (CD 170) (, ,) (CD 174) (, ,) (CD 175)) (, ,) (CD 179) (, ,) (CD 180)) (-RRB- -RRB-)))))))) (. .)))" mmax_level="parse" />
<markable id="markable_74" span="word_2788..word_2854" tag="(ROOT (S (SBAR (NNP Middle) (S (NP (NP (JJ Byzantine) (NN bronze) (NNS bracelets)) (, ,) (NP (NP (DT some) (JJ open) (NNS bands)) (PRN (-LRB- -LRB-) (NP (NNP Cat.) (NN no.) (NNP 257)) (-RRB- -RRB-))) (, ,) (NP (NP (DT some)) (PP (IN of) (NP (JJ twisted) (NN metal) (NN wire)))) (PRN (-LRB- -LRB-) (NP (NP (JJ Cat.) (NNS nos)) (NP (CD 243)) (, ,) (CD 244)) (-RRB- -RRB-)) (, ,) (CC and) (NP (NNS others))) (VP (VBD cast) (PP (IN with) (NP (NP (NNS hammered)) (CC and) (NP (NP (VBN engraved) (NN decoration)) (PRN (-LRB- -LRB-) (NP (NP (NN Cat.) (NNS nos)) (NP (CD 257-260))) (-RRB- -RRB-)))))))) (, ,) (NP (NP (DT all)) (PP (IN of) (NP (PRP them)))) (VP (VP (NNS possessions) (PP (IN of) (NP (DT the) (JJ poor)))) (, ,) (VP (VBP come) (PP (IN from) (NP (NP (NNS excavations)) (PP (IN in) (NP (NNP Macedonia)))))) (, ,) (CC and) (VP (VBP are) (ADVP (RB now)) (PP (IN in) (NP (NP (DT the) (NNP Museum)) (PP (IN of) (NP (JJ Byzantine) (NNP Culture))))) (PP (IN in) (NP (NNP Thessaloniki))))) (. .)))" mmax_level="parse" />
<markable id="markable_75" span="word_2855..word_2869" tag="(ROOT (S (NP (NP (JJ Other) (NNS bracelets)) (, ,) (ADJP (JJ heavy) (PP (IN with) (NP (NP (NN gold)) (CC and) (NP (NN silver))))) (, ,)) (ADVP (RB apparently)) (VP (VBD belonged) (PP (TO to) (NP (JJR wealthier) (NNS owners)))) (. .)))" mmax_level="parse" />
<markable id="markable_76" span="word_2870..word_2961" tag="(ROOT (S (S (NP (NP (NP (CD Six) (NNS bracelets)) (PP (IN from) (NP (NP (DT the) (NNP Mytilini) (NNP treasure)) (PRN (-LRB- -LRB-) (NP (NNP Cat.) (NN no.) (NNP 225)) (-RRB- -RRB-)) (, ,) (PP (ADVP (RB now)) (IN in) (NP (DT the) (JJ Byzantine) (NNP Museum)))))) (, ,) (VP (VP (VBN made) (PP (IN of) (NP (JJ solid) (NN gold)))) (CC and) (VP (ADVP (RB elegantly)) (VBN designed))) (, ,)) (VP (VBD were) (VP (ADVP (RB carefully)) (VBN buried) (PP (IN along) (PP (IN with) (NP (NP (JJ other) (JJ valuable) (NN gold) (NNS objects)) (PP (IN at) (NP (NP (NNP Kratigos)) (PP (IN on) (NP (NNP Mytilini))))))))))) (: ;) (S (PP (IN like) (NP (NP (JJ other) (JJ such) (NNS treasures)) (PP (IN of) (NP (NP (DT the) (JJ 7th) (NN century)) (, ,) (UCP (PP (IN from) (NP (NP (NNP Asia) (NNP Minor)) (, ,) (NP (NNP Sicily)) (, ,))) (CC and) (ADVP (RB elsewhere))))))) (, ,) (NP (PRP they)) (VP (VBP are) (UCP (NP (NN evidence) (SBAR (IN for) (S (NP (NP (DT the) (NNS efforts)) (PP (IN of) (NP (PRP$ their) (NNS owners)))) (VP (TO to) (VP (VB preserve) (NP (PRP$ their) (ADJP (RBS most) (VBN valued)) (NNS heirlooms)) (PP (IN from) (NP (NP (NNS raids)) (PP (IN by) (NP (NP (NNS barbarians)) (: -) (NP (NP (NNS heirlooms)) (SBAR (WHNP (IN that)) (S (NP (PRP they)) (VP (VBD did) (RB not) (VP (VB survive))))))))))))))) (, ,) (CC or) (VP (ADVP (RB never)) (VBN returned))) (, ,) (S (VP (TO to) (VP (VB collect)))))) (. .)))" mmax_level="parse" />
<markable id="markable_77" span="word_2962..word_3010" tag="(ROOT (S (NP (NP (NP (DT Another) (NN bracelet)) (PP (IN from) (NP (DT the) (JJ same) (NN period)))) (CC and) (NP (NP (DT the) (JJ same) (NN treasure)) (PRN (-LRB- -LRB-) (NP (NNP Cat.) (NN no.) (NNP 231)) (-RRB- -RRB-)))) (VP (VBZ has) (NP (DT a) (JJ curved) (, ,) (ADJP (RB tastefully) (VBN designed)) (NN cylinder)) (PRN (, ,) (ADVP (RB now)) (ADJP (JJ empty)) (, ,)) (SBAR (WHNP (WDT which)) (S (VP (VBZ has) (PP (IN at) (NP (PRP$ its) (JJS thickest) (NN point))) (NP (NP (DT an) (JJ elaborate) (, ,) (JJ complex) (NN bezel)) (CC and) (NP (DT a) (NN monogram)))))) (, ,) (S (ADVP (RB probably)) (VP (VBG giving) (NP (NP (DT the) (NN name)) (PP (IN of) (NP (PRP$ its) (NN owner))))))) (. .)))" mmax_level="parse" />
<markable id="markable_78" span="word_3011..word_3054" tag="(ROOT (S (NP (DT The) (ADJP (JJ unique) (, ,) (JJ expensive) (, ,)) (RB superbly)) (VP (VBD worked) (NP (NP (NNS bracelets)) (PRN (-LRB- -LRB-) (NP (NNP Cat.) (NN no.) (NNP 275)) (-RRB- -RRB-))) (PP (IN from) (NP (NNP Thessaloniki))) (S (VP (VP (VBN decorated) (PP (IN with) (NP (NN granulation)))) (CC and) (VP (VBN supplemented) (PP (IN by) (NP (JJ inlaid) (NN enamel) (NNS scenes))))) (VP (VB justify) (NP (NP (NP (NNP Chrysostomos) (POS 's)) (NN comment)) (PP (IN of) (NP (JJ similar) (NN jewellery)))))) (, ,) (SBAR (IN that) (S (NP (PRP$ their) (NN value)) (VP (MD would) (VP (VB save) (NP (NP (JJ many)) (PP (IN of) (NP (DT the) (JJ poor)))) (PP (IN from) (NP (NN death)))))))) (. .)))" mmax_level="parse" />
<markable id="markable_79" span="word_3055..word_3097" tag="(ROOT (S (S (NP (NP (DT The) (NN gold) (NN bracelet)) (PP (IN from) (NP (NP (DT the) (NNP Kanellopoulos) (NNP Museum)) (PRN (-LRB- -LRB-) (NP (NNP Cat.) (NN no.) (NNP 282)) (-RRB- -RRB-))))) (VP (VBZ is) (NP (NP (DT another) (JJ valuable) (NN piece)) (PP (IN from) (NP (DT the) (JJ 11th) (NN century)))))) (: ;) (S (NP (PRP it)) (VP (VP (VBZ consists) (PP (IN of) (NP (CD two) (JJ semicylindrical) (NNS pieces))) (ADVP (NP (CD 7) (NNS centimetres)) (RB high))) (CC and) (VP (VBZ has) (NP (NP (DT a) (JJ broad) (JJ decorative) (NN zone)) (PP (IN of) (NP (NNS lions) (, ,) (NNS griffins) (CC and) (NNS birds))))))) (. .)))" mmax_level="parse" />
<markable id="markable_80" span="word_3098..word_3118" tag="(ROOT (S (NP (DT This) (NN bracelet)) (VP (VBZ belongs) (PP (TO to) (NP (NP (DT the) (NN category)) (PP (IN of) (NP (JJ precious) (NN jewellery))) (VP (VBN worn) (PP (IN by) (NP (NP (DT the) (JJ Byzantine) (NNS ladies)) (PP (IN in) (NP (NP (DT the) (NN retinue)) (PP (IN of) (NP (DT the) (NN empress))))))))))) (. .)))" mmax_level="parse" />
<markable id="markable_81" span="word_3119..word_3148" tag="(ROOT (S (S (NP (NP (CD Two) (NNS bracelets)) (PP (IN from) (NP (NP (DT the) (NNP Benaki) (NNP Museum)) (PRN (-LRB- -LRB-) (NP (NP (JJ Cat.) (NNS nos)) (NP (CD 284)) (, ,) (CD 283)) (-RRB- -RRB-))))) (VP (VBP are) (UCP (PP (IN of) (NP (DT the) (JJ same) (NN type))) (CC and) (NP (DT the) (JJ same) (JJ great) (NN height))))) (, ,) (CC and) (SINV (ADVP (RB also)) (VBP have) (NP (NN repouss) (NN decoration))) (. .)))" mmax_level="parse" />
<markable id="markable_82" span="word_3149..word_3184" tag="(ROOT (S (NP (NP (DT The) (NNS cutouts)) (PP (IN of) (NP (DT the) (JJ first)))) (VP (VBP are) (VP (VBN decorated) (PP (IN with) (NP (NP (NNS griffins)) (ADJP (VBN set) (PP (IN in) (NP (JJ rectangular) (NNS panels)))) (, ,) (CC and) (NP (NP (DT those)) (PP (IN of) (NP (NP (DT the) (JJ second)) (PP (IN with) (NP (JJ large) (NNS buttons))) (PP (IN with) (NP (NP (DT a) (JJ banded) (NN cross)) (, ,) (VP (VBN linked) (PP (IN by) (NP (NP (VBN interconnected) (NNS roundels)) (PRN (-LRB- -LRB-) (NP (NN rotae) (NN sericae)) (-RRB- -RRB-)))))))))))))) (. .)))" mmax_level="parse" />
<markable id="markable_83" span="word_3185..word_3240" tag="(ROOT (S (NP (NP (DT The) (NNS necklaces)) (VP (VBN produced) (PP (IN by) (NP (JJ Byzantine) (NNS jewellers))))) (VP (VBD included) (NP (NP (NNS chains)) (VP (VBN studded) (PP (IN with) (NP (NP (NNS stones)) (, ,) (NP (NP (NN gold) (NNS chains)) (PP (IN in) (NP (NP (DT a) (NN variety)) (PP (IN of) (NP (NP (NNS types)) (PP (IN with) (NP (NNS pendants))))) (PP (PP (IN in) (NP (NP (DT the) (NN form)) (PP (IN of) (NP (NP (NN crosses) (, ,) (NNS amulets)) (, ,) (CC or) (NP (NN amygdalia)))))) (, ,) (CC and) (PP (IN with) (NP (NP (NNS disks)) (PP (IN with) (NP (NP (ADJP (JJ open-work) (CC or) (JJ other)) (NN decoration)) (PP (IN on) (NP (DT the) (NN catch))))))))))) (, ,) (CC and) (NP (NP (NNS necklaces)) (VP (VBN made) (PP (IN of) (NP (JJ solid) (NNS disks))) (PP (IN with) (NP (NP (NNS coins)) (VP (VBN issued) (PP (IN by) (NP (NNS emperors))))))))))))) (. .)))" mmax_level="parse" />
<markable id="markable_84" span="word_3241..word_3271" tag="(ROOT (S (NP (PDT All) (DT these) (NNS types)) (VP (VBP are) (VP (VBN represented) (PP (IN by) (NP (JJ intact) (NNS pieces))) (S (VP (TO to) (VP (VB be) (VP (VBN found) (PP (IN in) (NP (NP (NP (NNS museums)) (CC and) (NP (JJ private) (NNS collections))) (, ,) (VP (VBG dating) (PP (PP (IN from) (NP (DT the) (JJ 5th) (NN century))) (PP (TO to) (NP (NP (DT the) (JJ final) (NNS years)) (PP (IN of) (NP (DT the) (JJ Byzantine) (NN period))))))))))))))) (. .)))" mmax_level="parse" />
<markable id="markable_85" span="word_3272..word_3310" tag="(ROOT (S (S (NP (NP (DT The) (NNS origins)) (PP (IN of) (NP (NP (JJS most)) (PP (IN of) (NP (PRP them)))))) (VP (MD can) (VP (VB be) (VP (VBN traced) (PP (TO to) (NP (NNP Roman) (NN jewellery))))))) (, ,) (CC and) (S (NP (PRP they)) (VP (VBP appear) (PP (IN at) (NP (NP (DT an) (JJ early) (NN date)) (PP (IN in) (NP (DT the) (NNP Fayum) (NNS portraits))) (, ,) (PP (PP (IN with) (NP (PRP$ their) (JJ Hellenistic) (NN tradition))) (, ,) (CONJP (RB as) (RB well) (IN as)) (PP (IN in) (NP (JJ later) (NNS mosaics) (CC or) (NNS wall-paintings)))))))) (. .)))" mmax_level="parse" />
<markable id="markable_86" span="word_3311..word_3354" tag="(ROOT (S (NP (NP (CD One)) (PP (IN of) (NP (DT the) (JJS finest) (NNS examples)))) (VP (VBZ is) (NP (NP (DT the) (NN necklace)) (PP (IN in) (NP (DT this) (NN Exhibition))) (PP (IN from) (NP (NP (DT the) (NN treasure)) (VP (VBN found) (PP (IN at) (NP (NP (NNP Kratigos)) (PP (IN on) (NP (NP (NP (NNP Mytilini)) (PRN (-LRB- -LRB-) (NP (NNP Cat.) (NN no.) (NNP 222)) (-RRB- -RRB-))) (, ,) (SBAR (WHPP (IN in) (WHNP (WDT which))) (S (NP (DT a) (JJ cylindrical) (NN amulet)) (VP (VBZ hangs) (PP (IN from) (NP (NP (DT a) (JJ heavy) (, ,) (JJ dense) (NN chain)) (VP (VBN formed) (PP (IN of) (NP (NP (NNS links)) (PP (IN of) (NP (JJ rectangular) (NN section)))))))))))))))))))) (. .)))" mmax_level="parse" />
<markable id="markable_87" span="word_3355..word_3398" tag="(ROOT (S (NP (NP (DT The) (NN gold) (NN necklace)) (PP (IN from) (NP (NP (DT the) (NNP Kanellopoulos) (NNP Museum)) (PRN (-LRB- -LRB-) (NP (NNP Cat.) (NN no.) (NNP 217)) (-RRB- -RRB-))))) (VP (VBZ is) (ADVP (RB also)) (VP (VBN formed) (PP (IN of) (NP (NP (DT a) (NN chain)) (PP (IN of) (NP (JJ double) (, ,) (JJ figure-of-eight) (NN wire) (NNS links))) (, ,) (PP (IN from) (SBAR (WHNP (WDT which)) (S (VP (VBZ hangs) (NP (DT a) (JJ precious) (NN cross)) (PP (IN with) (NP (NP (JJ repouss) (NNS figures)) (VP (VBN set) (PP (IN in) (NP (NP (NNS medallions)) (PP (IN around) (NP (NP (DT the) (NN figure)) (PP (IN of) (NP (NNP Christ) (NN crucified)))))))))))))))))) (. .)))" mmax_level="parse" />
<markable id="markable_88" span="word_3399..word_3430" tag="(ROOT (S (NP (DT The) (NP (NP (JJ many) (NNS references)) (PP (IN in) (NP (NP (DT the) (JJ literary) (NNS sources)) (PP (TO to) (NP (JJ gem-studded) (NNS necklaces))))))) (&quot; &quot;) (ADVP (RB So)) (VP (VBP tell) (NP (PRP me)) (, ,) (SQ (VBP do) (RB n't) (NP (PRP you)) (VP (VB wear) (NP (NP (JJ gold) (NN jewellery)) (, ,) (CC nor) (NP (JJ gem-studded) (NNS necklaces))))) (&quot; &quot;) (PRN (-LRB- -LRB-) (NP (NNP PG) (CD 52)) (, ,) (ADJP (JJ col)))) (. .)))" mmax_level="parse" />
<markable id="markable_89" span="word_3431..word_3459" tag="(ROOT (S (NP (NNP 566)) (-RRB- -RRB-) (VP (VBP confirm) (SBAR (IN that) (S (NP (EX there)) (VP (VBD were) (NP (NP (DT a) (JJ large) (NN number)) (PP (IN of) (NP (NP (NP (NNS ornaments)) (PP (IN of) (NP (DT the) (JJ same) (NN type)))) (, ,) (VP (VBN embellished) (PP (IN with) (NP (NP (NNS beads)) (PP (IN of) (NP (NP (NN emerald)) (, ,) (NP (NN amethyst)) (, ,) (NP (NN sapphire)) (CC and) (NP (NN pearl) (NN plasma)))))))))))))) (. .)))" mmax_level="parse" />
<markable id="markable_90" span="word_3460..word_3507" tag="(ROOT (S (PP (IN With) (NP (NP (NN regard)) (PP (TO to) (NP (NP (PRP$ their) (NN decoration)) (PP (IN by) (NP (JJ pearl) (NN plasma))))))) (, ,) (PP (IN in) (NP (NN particular))) (, ,) (NP (PRP it)) (VP (VBZ is) (ADVP (RB also)) (ADJP (JJ clear)) (SBAR (IN that) (S (NP (NP (DT the) (NN use)) (PP (IN of) (NP (NNS pearls)))) (VP (VBD had) (VP (VBN become) (NP (NP (RB almost) (DT a) (NN mania)) (PP (IN in) (NP (NNP Byzantium)))) (PP (IN from) (NP (NP (DT the) (NN end)) (PP (IN of) (NP (DT the) (JJ 4th) (NN century))))) (: :) (&quot; &quot;) (SBAR (IN Because) (S (NP (NP (DT the) (NN mania)) (PP (IN for) (NP (JJ pearls) (NN adornment)))) (VP (VBZ is) (NP (DT a) (JJ satanic) (NN order)))))))))) (. .)))" mmax_level="parse" />
<markable id="markable_91" span="word_3508..word_3536" tag="(ROOT (S (NP (PRP You)) (VP (MD should) (VP (VB prefer) (S (VP (TO to) (VP (VB adorn) (NP (DT the) (NN face)) (PP (RB not) (PP (IN with) (NP (NNS pearls))) (CC but) (: ...) (SBAR (IN Because) (S (SBAR (IN if) (S (NP (PRP you)) (VP (VBP wear) (NP (RB even) (CD one) (NN pearl))))) (NP (NP (NNS thousands)) (PP (IN of) (NP (NNS poors)))) (VP (VBP suffer) (PP (IN from) (NP (NN starvation) (&quot; &quot;) (NNP observes) (NNP Chrysostomos)))))))))))) (. .)))" mmax_level="parse" />
<markable id="markable_92" span="word_3537..word_3624" tag="(FRAG (X Some) (X fine) (X gem-studded) (X necklaces) (X adorn) (X this) (X Exhibition) (X ,) (X notable) (X amongst) (X them) (X the) (X gold) (X chain) (X necklace) (X -LRB-) (X Cat.) (X no.) (X 221) (X -RRB-) (X from) (X the) (X Kanellopoulos) (X Museum) (X with) (X red) (X semiprecious) (X stones) (X ;) (X another) (X valuable) (X chain) (X necklace) (X from) (X the) (X same) (X Museum) (X -LRB-) (X Cat.) (X no.) (X 219) (X -RRB-) (X with) (X elaborate) (X open-work) (X disks) (X on) (X the) (X catch) (X and) (X beads) (X of) (X emerald) (X plasma) (X ,) (X which) (X dates) (X from) (X the) (X late) (X 6th) (X or) (X early) (X 7th) (X century) (X ;) (X and) (X the) (X similar) (X ornament) (X from) (X the) (X Mytilini) (X treasure) (X -LRB-) (X Cat.) (X no.) (X 220) (X -RRB-) (X ,) (X which) (X also) (X has) (X beads) (X of) (X emerald) (X plasma) (X .))" mmax_level="parse" />
<markable id="markable_93" span="word_3625..word_3643" tag="(ROOT (S (S (VP (VBG Interesting) (NP (NP (NN evidence)) (PP (IN for) (NP (NN society)))))) (VP (MD can) (ADVP (RB now)) (VP (VB be) (VP (VBN derived) (PP (IN from) (NP (NP (DT the) (NNS amulets) (CC and) (NNS pendants)) (PP (IN on) (NP (NN display))) (PP (IN in) (NP (DT the) (NNP Exhibition)))))))) (. .)))" mmax_level="parse" />
<markable id="markable_94" span="word_3644..word_3709" tag="(ROOT (S (S (NP (DT The) (JJ apotropaic) (NN ornament)) (ADVP (RB normally)) (VP (VBD hung) (PP (IN on) (NP (NP (DT the) (NN breast)) (PP (IN of) (NP (DT a) (NN child) (, ,) (NN soldier))))))) (, ,) (CC or) (S (NP (ADJP (JJ young) (CC or) (JJ old)) (NN woman)) (, ,) (SBAR (IN as) (S (VP (MD can) (VP (VB be) (VP (VBN seen) (PP (IN in) (NP (NP (JJS most)) (PP (IN of) (NP (DT the) (NNP Fayum) (NNS portraits)))))))))) (, ,) (VP (VBD continued) (S (VP (TO to) (VP (VB be) (VP (VBN worn) (PP (IN in) (NP (NP (NNP Byzantium)) (, ,) (PP (IN despite) (NP (NP (DT the) (NN use)) (PP (IN alongside) (NP (NP (NP (PRP it)) (PP (IN of) (NP (NP (DT the) (JJ Christian) (NN cross)) (, ,) (SBAR (WHNP (WDT which)) (S (VP (VBD was) (ADVP (RB also)) (VP (VBN worn) (PP (IN as) (NP (NP (DT a) (NN pendant)) (PP (IN with) (NP (NP (DT a) (JJ protective) (NN function)) (PP (IN from) (NP (DT the) (RB Early) (JJ Christian) (NN period)))))))))))))) (NNS onwards))))))))))))) (. .)))" mmax_level="parse" />
<markable id="markable_95" span="word_3710..word_3758" tag="(ROOT (S (NP (NP (DT The) (NN coexistence)) (PP (IN of) (NP (NP (DT the) (NN pagan)) (CC and) (NP (DT the) (JJ Christian) (NN amulet))))) (VP (VBZ is) (VP (VBN attested) (PP (DT both) (PP (IN by) (NP (NP (NNS finds)) (PP (IN from) (NP (NNS treasures))))) (, ,) (CC and) (PP (IN from) (NP (NP (DT the) (NNS writings)) (PP (IN of) (NP (NP (DT the) (NN church) (NNS fathers)) (, ,) (SBAR (WHNP (WP who)) (S (VP (VBP wonder) (&quot; &quot;) (SBAR (WHNP (WP What)) (S (VP (MD should) (NP (NN one)) (VP (VP (VB say) (PP (IN about) (NP (NP (DT those)) (VP (VBG wearing) (NP (NNS amulets)))))) (CC and) (VP (VB adorn) (NP (PRP$ their) (NNS heads)) (PP (IN with) (NP (NP (NN bronze) (NNS coins)) (PP (IN of) (NP (NNP Alexander) (DT the) (NNP Macedonian)))))))))))))))))))) (. .)))" mmax_level="parse" />
<markable id="markable_96" span="word_3759..word_3798" tag="(ROOT (SQ (VBP Do) (RB n't) (NP (PRP you)) (VP (VB know) (SBAR (WHADVP (WRB how)) (S (S (NP (JJ many) (NNS things)) (VP (VBD were) (VP (VBN achieved) (PP (IN by) (NP (DT the) (NN cross)))))) (, ,) (S (NP (DT the) (NN death)) (VP (VBD was) (VP (VBN defeated)))) (, ,) (S (NP (DT the) (NNP Hell)) (VP (VBD was) (VP (VBN abolished)))) (CC and) (S (NP (PRP it)) (VP (VBZ is) (RB not) (ADJP (JJ capable) (PP (IN for) (NP (NP (DT the) (NN health)) (PP (IN of) (NP (DT the) (NN body))) (&quot; &quot;) (PRN (-LRB- -LRB-) (NP (NNP PG) (CD 49)) (, ,) (ADJP (JJ col))))))))))) (. .)))" mmax_level="parse" />
<markable id="markable_97" span="word_3799..word_3801" tag="(ROOT (S (NP (CD 240)) (-RRB- -RRB-) (. .)))" mmax_level="parse" />
<markable id="markable_98" span="word_3802..word_3858" tag="(ROOT (S (PP (IN Of) (NP (NP (DT the) (ADJP (RBR more) (JJ interesting)) (NNS examples)) (PP (IN in) (NP (DT the) (NNP Exhibition))))) (, ,) (NP (PRP we)) (VP (MD may) (VP (VBP single) (PRT (RP out)) (NP (NP (NP (CD three) (JJ gold) (JJ cylindrical) (NNS amulets)) (PRN (-LRB- -LRB-) (NP (NP (JJ Cat.) (NNS nos)) (NP (CD 222)) (, ,) (CD 224)) (-RRB- -RRB-))) (CC and) (NP (NP (DT the) (JJ upper) (NN part)) (PP (IN of) (NP (NP (DT a) (NN round)) (VP (VB amulet) (PRN (-LRB- -LRB-) (NP (NNP Cat.) (NN no.) (NNP 226)) (-RRB- -RRB-)) (SBAR (WHNP (WDT which)) (S (VP (VBZ is) (VP (VBN engraved) (PP (IN with) (NP (NP (DT a) (JJ Greek) (NN cross)) (PP (IN at) (NP (NP (DT the) (NN centre)) (, ,) (NP (NP (DT all)) (PP (IN of) (NP (PRP them)))))) (VP (VBG dating) (PP (IN from) (NP (DT the) (JJ 7th) (NN century))))))))))))))))) (. .)))" mmax_level="parse" />
<markable id="markable_99" span="word_3859..word_3872" tag="(ROOT (S (NP (PRP They)) (VP (VP (VBP come) (PP (IN from) (NP (DT the) (NNP Mytilini) (NN treasure)))) (CC and) (VP (VBP are) (ADVP (RB now)) (PP (IN in) (NP (DT the) (JJ Byzantine) (NNP Museum))))) (. .)))" mmax_level="parse" />
<markable id="markable_100" span="word_3873..word_3897" tag="(ROOT (S (NP (PRP It)) (VP (MD may) (VP (VB be) (VP (VBN noted) (SBAR (IN that) (S (PP (IN of) (NP (NP (DT the) (CD four) (NNS amulets)) (PP (IN from) (NP (NP (DT the) (JJ same) (NN period)) (VP (VBN found) (PP (IN in) (NP (DT the) (JJ same) (NN treasure)))))))) (, ,) (NP (RB only) (CD one)) (VP (VBZ is) (ADJP (RB clearly) (JJ Christian)))))))) (. .)))" mmax_level="parse" />
<markable id="markable_101" span="word_3898..word_3941" tag="(ROOT (S (S (S (NP (NP (DT The) (JJ double-sided) (NN gold) (NN amulet-eulogia)) (PP (IN of) (NP (NP (DT the) (NNP Kanellopoulos) (NNP Museum)) (PRN (-LRB- -LRB-) (NP (NNP Cat.) (NN no.) (NNP 234)) (-RRB- -RRB-))))) (VP (VBZ is) (PP (IN of) (NP (ADJP (RB particularly) (JJ great)) (NN interest))))) (: ;) (S (NP (PRP it)) (VP (VBZ has) (NP (NP (JJ repouss) (NNS depictions)) (PP (IN of) (NP (NP (NNP Christ)) (CC and) (NP (NP (DT the) (NNP Virgin)) (PP (IN in) (NP (NNP bust)))))))))) (, ,) (CC and) (S (NP (NP (DT a) (NN piece)) (PP (IN of) (NP (DT the) (NNP Holy) (NNP Cross)))) (VP (VBZ is) (ADVP (RB still)) (VP (VBN preserved) (PP (IN inside) (NP (PRP it)))))) (. .)))" mmax_level="parse" />
<markable id="markable_102" span="word_3942..word_3989" tag="(ROOT (S (S (NP (NP (NNP Pagan) (NNS amulets)) (, ,) (SBAR (WHNP (WDT which)) (S (VP (VBD continued) (S (VP (TO to) (VP (VB have) (NP (DT an) (JJ apotropaic) (NN function)) (PP (IN during) (NP (DT the) (NNP Middle) (NNP Byzantine) (NN period))))))))) (, ,)) (VP (VBD were) (ADVP (RB finally)) (VP (VBN supplanted) (PP (IN by) (NP (DT the) (JJ Christian) (NN cross)))))) (: ;) (S (NP (NP (DT a) (JJ good) (NN example)) (PP (IN of) (NP (NP (DT the) (NN evolution)) (PP (IN of) (NP (DT the) (NN type)))))) (VP (VBZ is) (NP (NP (DT the) (JJ gold) (JJ pectoral) (NN cross)) (PP (IN from) (NP (NP (DT the) (NNP Kanellopoulos) (NNP Museum)) (PRN (-LRB- -LRB-) (NP (NNP Cat.) (NN no.) (NNP 211)) (-RRB- -RRB-))))))) (. .)))" mmax_level="parse" />
<markable id="markable_103" span="word_3990..word_4011" tag="(ROOT (S (NP (NP (NP (NP (JJ Other) (NNS items)) (PP (IN of) (NP (NN jewellery)))) (PP (IN of) (NP (NN importance)))) (PP (IN for) (NP (PRP$ their) (ADJP (JJ social) (CC and) (JJ cultural)) (NN significance)))) (VP (VBP are) (NP (NP (DT the) (NN gem-studded) (NNS belts)) (VP (ADVP (RB ostentatiously)) (VBN worn) (PP (IN by) (NP (DT both) (NNS sexes)))))) (. .)))" mmax_level="parse" />
<markable id="markable_104" span="word_4012..word_4059" tag="(ROOT (S (NP (EX There)) (VP (VBZ is) (NP (NP (JJ considerable) (NN evidence)) (PP (IN for) (NP (NP (DT the) (ADJP (JJ valuable) (, ,) (RB frequently) (NN gem-studded)) (NNS belts)) (VP (VBN worn) (PP (IN by) (NP (NP (NNS men) (CC and) (NNS women)) (PP (IN in) (NP (DT both) (NP (DT the) (NNP East)) (CC and) (NP (DT the) (NNP West)))) (, ,) (PP (VBG including) (NP (NP (DT the) (NN passage)) (PP (IN of) (NP (NNP Michael) (NNP Psellos))) (VP (VP (VBG referring) (PP (TO to) (NP (NP (DT a) (NN belt)) (&quot; &quot;) (SBAR (S (NP (NP (DT a) (NN heap)) (PP (IN of) (NP (NN gold) (CC and) (NNS pearls)))) (VP (VBN created))))))) (CC and) (VP (VBG decorated) (NP (DT the) (NN belt))))))))))))) (&quot; &quot;) (. .)))" mmax_level="parse" />
<markable id="markable_105" span="word_4060..word_4111" tag="(ROOT (S (NP (NP (CD Two) (NNS belts)) (VP (VBG consisting) (PP (IN of) (NP (JJ gold) (NNS chains))))) (, ,) (PP (IN from) (NP (NP (DT the) (NNP Mytilini) (NNP treasure)) (PRN (-LRB- -LRB-) (NP (NP (JJ Cat.) (NNS nos)) (NP (CD 227)) (, ,) (CD 228)) (-RRB- -RRB-)))) (, ,) (VP (VBP are) (NP (NN wedding) (NNS belts)) (, ,) (SBAR (IN as) (S (VP (VBZ is) (ADJP (JJ apparent)) (PP (CONJP (RB not) (RB only)) (PP (IN from) (NP (NP (DT the) (JJ precious) (NN material)) (SBAR (WHPP (IN of) (WHNP (WDT which))) (S (NP (PRP they)) (VP (VBP are) (VP (VBN made))))))) (, ,) (CONJP (CC but) (RB also)) (PP (IN from) (NP (NP (DT the) (JJ appliqu) (NN s)) (, ,) (SBAR (WHNP (WDT which)) (S (VP (VBP are) (VP (VBN decorated) (PP (IN with) (NP (NN marriage) (NNS symbols)))))))))))))) (. .)))" mmax_level="parse" />
<markable id="markable_106" span="word_4112..word_4149" tag="(ROOT (S (NP (NNP Buckles) (CC and) (NNS clasps)) (VP (VBP form) (NP (NP (DT another) (JJ interesting) (NN category)) (PP (IN of) (NP (NN ornament)))) (, ,) (S (ADVP (RB often)) (VP (VBN worn) (PP (CC both) (PP (IN by) (NP (NNS men))) (CC and) (PP (IN by) (NP (NP (JJ Byzantine) (NNS ladies)) (SBAR (S (VP (VP (TO to) (VP (VB fasten) (NP (PRP$ their) (NNS cloaks)) (PP (IN at) (NP (DT the) (NN shoulder))))) (, ,) (VP (TO to) (VP (VB buckle) (NP (PRP$ their) (NNS belts)))) (, ,) (CC or) (VP (TO to) (VP (VB secure) (NP (PRP$ their) (NN hair))))))))))))) (. .)))" mmax_level="parse" />
<markable id="markable_107" span="word_4150..word_4178" tag="(ROOT (S (S (ADVP (RB Usually)) (VP (VBN made) (PP (PP (IN of) (NP (NN bronze))) (, ,) (CONJP (IN though) (RB not)) (ADVP (RB uncommonly)) (PP (IN of) (NP (NP (NN gold)) (CC or) (NP (NN bronze) (NNS gilt))))))) (, ,) (NP (PRP they)) (VP (VBP are) (VP (VBN found) (PP (IN in) (NP (NP (NNS treasures)) (CC and) (NP (NP (JJ amongst) (NNS finds)) (PP (IN from) (NP (NNS excavations))) (, ,) (PP (ADVP (RB particularly)) (IN of) (NP (NNS tombs)))))))) (. .)))" mmax_level="parse" />
<markable id="markable_108" span="word_4179..word_4261" tag="(ROOT (S (NP (DT The) (NN belt)) (VP (VP (VBZ buckles) (PP (IN of) (NP (DT the) (JJ 6th) (NN century))) (PP (IN from) (NP (NP (DT the) (NN excavation)) (PP (IN in) (NP (DT the) (NNP Mani))) (, ,) (PP (ADVP (RB now)) (IN in) (NP (NP (DT the) (JJ Byzantine) (NNP Museum)) (PRN (-LRB- -LRB-) (NP (NP (NN Cat.) (NNS nos)) (NP (CD 201-205))) (-RRB- -RRB-)) (, ,) (PP (IN though) (IN of) (NP (NN bronze)))))))) (, ,) (VP (VBP have) (NP (DT a) (JJ complex) (NN design))) (CC and) (VP (VB shape) (: ;) (SBAR (IN while) (S (NP (NP (DT those)) (PP (IN from) (NP (NP (DT the) (NNP Mytilini) (NNP treasure)) (PRN (-LRB- -LRB-) (NP (NP (NN Cat.) (NNS nos)) (NP (CD 232)) (, ,) (CD 233)) (-RRB- -RRB-))))) (VP (VBP are) (VP (VBN made) (PP (IN of) (NP (NN gold)))))))) (, ,) (SBAR (IN as) (SINV (VP (VBZ is)) (NP (NP (DT the) (NN pin)) (PP (IN in) (NP (NP (DT the) (NN form)) (PP (IN of) (NP (NP (DT a) (JJ female) (NN figure)) (PP (IN from) (NP (NP (DT the) (JJ Byzantine) (NNP Museum)) (PRN (-LRB- -LRB-) (NP (NNP Cat.) (NN no.) (NNP 235)) (-RRB- -RRB-)) (, ,) (VP (VBN discovered) (PP (IN during) (NP (NP (DT the) (NN excavation)) (PP (IN of) (NP (NNP Nea) (NNP Anchialos)))))))))))))))) (. .)))" mmax_level="parse" />
<markable id="markable_109" span="word_4262..word_4294" tag="(ROOT (S (ADVP (RB Finally)) (, ,) (NP (PRP it)) (VP (VBD was) (VP (VBN felt) (SBAR (IN that) (S (NP (DT the) (NNP Exhibition)) (VP (MD should) (ADVP (RB also)) (VP (VB include) (NP (NP (DT some) (JJ other) (NNS products)) (PP (IN of) (NP (NP (NP (DT the) (JJ Byzantine) (NN goldsmith) (POS 's)) (NN art)) (, ,) (SBAR (WHNP (WDT which)) (S (PRN (, ,) (SBAR (IN while) (S (ADVP (RB also)) (VP (VBG serving) (PP (IN as) (NP (NNS ornaments)))))) (, ,)) (VP (VBD fulfilled) (NP (JJ special) (NNS functions)))))))))))))) (. .)))" mmax_level="parse" />
<markable id="markable_110" span="word_4295..word_4337" tag="(ROOT (SINV (PP (IN Amongst) (NP (NP (DT the) (ADJP (RBS most) (JJ representative)) (NNS examples)) (PP (IN of) (NP (DT this) (NN category))))) (VP (VBP are)) (NP (NP (DT the) (JJ tin-plated) (NN bronze) (NN wedding) (NNS wreaths)) (VP (VBN engraved) (PP (IN with) (NP (NP (NP (DT the) (NN prayer)) (PP (IN of) (NP (NP (NP (DT the) (FW spatharokandidatos) (NNP Romanos)) (PRN (-LRB- -LRB-) (NP (NNP Cat.) (NN no.) (NNP 272)) (-RRB- -RRB-))) (, ,) (CONJP (RB as) (RB well) (IN as)) (NP (NN bronze) (NNS bells))))) (CC and) (NP (NP (NN gold) (NN relief) (NNS buttons)) (PRN (-LRB- -LRB-) (NP (NP (NNP Cat.) (NN no.)) (NP (CD 276))) (-RRB- -RRB-))))))) (. .)))" mmax_level="parse" />
<markable id="markable_111" span="word_4338..word_4389" tag="(ROOT (S (NP (NP (DT The) (NN majority)) (PP (IN of) (NP (NP (DT the) (NNS exhibits)) (PP (IN in) (NP (NP (NP (DT the) (JJ Byzantine) (NN section)) (PP (IN of) (NP (DT the) (NNP Exhibition) (NN date))) (PP (IN from) (NP (NP (DT the) (JJ Early)) (CC and) (NP (NP (ADJP (NNP Middle) (JJ Byzantine)) (NNS periods)) (, ,) (SBAR (WHADVP (WRB when)) (S (NP (NN jewellery)) (VP (VBN flourished)))))))) (: ;) (NP (DT the) (NNP Palaeologan)) (CC and) (NP (JJ Post-Byzantine) (NN production))))))) (VP (VBZ is) (VP (VBN represented) (PP (IN by) (NP (NP (DT a) (JJR smaller) (NN quantity)) (SBAR (WHNP (WDT which)) (S (VP (VBZ is) (, ,) (ADVP (RB however)) (, ,) (PP (IN of) (NP (NP (JJ equal) (NN importance)) (PP (IN for) (NP (NP (DT the) (NN history) (CC and) (NN development)) (PP (IN of) (NP (NN jewellery)))))))))))))) (. .)))" mmax_level="parse" />
<markable id="markable_112" span="word_4390..word_4397" tag="(ROOT (S (LST (-LRB- -LRB-) (LS c) (-RRB- -RRB-)) (ADVP (CD 1995-98)) (NP (NNP Hellenic) (NNP Ministry)) (PP (IN of) (NP (NNP Culture)))))" mmax_level="parse" />
</markables>
