<?xml version="1.0" encoding="MacRoman"?>
<!DOCTYPE markables SYSTEM "markables.dtd">
<markables xmlns="www.eml.org/NameSpaces/enamex">
<markable id="markable_0" span="word_3..word_5" tag="person" mmax_level="enamex" />
<markable id="markable_1" span="word_22..word_23" tag="location" mmax_level="enamex" />
<markable id="markable_2" span="word_25" tag="location" mmax_level="enamex" />
<markable id="markable_3" span="word_115" tag="location" mmax_level="enamex" />
<markable id="markable_4" span="word_121" tag="location" mmax_level="enamex" />
<markable id="markable_5" span="word_128..word_130" tag="organization" mmax_level="enamex" />
<markable id="markable_6" span="word_132" tag="location" mmax_level="enamex" />
<markable id="markable_7" span="word_220..word_221" tag="organization" mmax_level="enamex" />
<markable id="markable_8" span="word_225" tag="person" mmax_level="enamex" />
<markable id="markable_9" span="word_229" tag="organization" mmax_level="enamex" />
<markable id="markable_10" span="word_231" tag="location" mmax_level="enamex" />
<markable id="markable_11" span="word_236" tag="person" mmax_level="enamex" />
<markable id="markable_12" span="word_240" tag="organization" mmax_level="enamex" />
<markable id="markable_13" span="word_351" tag="organization" mmax_level="enamex" />
<markable id="markable_14" span="word_353" tag="location" mmax_level="enamex" />
<markable id="markable_15" span="word_385" tag="location" mmax_level="enamex" />
<markable id="markable_16" span="word_494" tag="person" mmax_level="enamex" />
<markable id="markable_17" span="word_517" tag="organization" mmax_level="enamex" />
<markable id="markable_18" span="word_519" tag="location" mmax_level="enamex" />
<markable id="markable_19" span="word_521..word_522" tag="location" mmax_level="enamex" />
<markable id="markable_20" span="word_567" tag="person" mmax_level="enamex" />
<markable id="markable_21" span="word_715" tag="location" mmax_level="enamex" />
<markable id="markable_22" span="word_842" tag="location" mmax_level="enamex" />
<markable id="markable_23" span="word_861" tag="person" mmax_level="enamex" />
<markable id="markable_24" span="word_902" tag="person" mmax_level="enamex" />
<markable id="markable_25" span="word_904" tag="location" mmax_level="enamex" />
<markable id="markable_26" span="word_951" tag="location" mmax_level="enamex" />
<markable id="markable_27" span="word_1130..word_1131" tag="organization" mmax_level="enamex" />
<markable id="markable_28" span="word_1135" tag="organization" mmax_level="enamex" />
<markable id="markable_29" span="word_1165" tag="organization" mmax_level="enamex" />
<markable id="markable_30" span="word_1168" tag="organization" mmax_level="enamex" />
<markable id="markable_31" span="word_1185" tag="person" mmax_level="enamex" />
<markable id="markable_32" span="word_1228..word_1229" tag="location" mmax_level="enamex" />
<markable id="markable_33" span="word_1252" tag="person" mmax_level="enamex" />
<markable id="markable_34" span="word_1321" tag="location" mmax_level="enamex" />
<markable id="markable_35" span="word_1401..word_1402" tag="organization" mmax_level="enamex" />
<markable id="markable_36" span="word_1429" tag="person" mmax_level="enamex" />
<markable id="markable_37" span="word_1431" tag="location" mmax_level="enamex" />
<markable id="markable_38" span="word_1488..word_1489" tag="organization" mmax_level="enamex" />
<markable id="markable_39" span="word_1492..word_1494" tag="organization" mmax_level="enamex" />
<markable id="markable_40" span="word_1597..word_1598" tag="organization" mmax_level="enamex" />
<markable id="markable_41" span="word_1600..word_1601" tag="organization" mmax_level="enamex" />
<markable id="markable_42" span="word_1603" tag="location" mmax_level="enamex" />
<markable id="markable_43" span="word_1676" tag="location" mmax_level="enamex" />
<markable id="markable_44" span="word_1993..word_1994" tag="location" mmax_level="enamex" />
<markable id="markable_45" span="word_1996" tag="location" mmax_level="enamex" />
<markable id="markable_46" span="word_2151" tag="person" mmax_level="enamex" />
<markable id="markable_47" span="word_2213..word_2214" tag="location" mmax_level="enamex" />
<markable id="markable_48" span="word_2291" tag="location" mmax_level="enamex" />
<markable id="markable_49" span="word_2337" tag="location" mmax_level="enamex" />
<markable id="markable_50" span="word_2339" tag="location" mmax_level="enamex" />
<markable id="markable_51" span="word_2346..word_2347" tag="location" mmax_level="enamex" />
<markable id="markable_52" span="word_2351" tag="location" mmax_level="enamex" />
<markable id="markable_53" span="word_2357" tag="location" mmax_level="enamex" />
<markable id="markable_54" span="word_2386" tag="location" mmax_level="enamex" />
<markable id="markable_55" span="word_2471..word_2472" tag="location" mmax_level="enamex" />
<markable id="markable_56" span="word_2521..word_2522" tag="location" mmax_level="enamex" />
<markable id="markable_57" span="word_2771" tag="location" mmax_level="enamex" />
<markable id="markable_58" span="word_2841" tag="location" mmax_level="enamex" />
<markable id="markable_59" span="word_2853" tag="location" mmax_level="enamex" />
<markable id="markable_60" span="word_2874" tag="location" mmax_level="enamex" />
<markable id="markable_61" span="word_2906" tag="location" mmax_level="enamex" />
<markable id="markable_62" span="word_2908" tag="location" mmax_level="enamex" />
<markable id="markable_63" span="word_2920" tag="location" mmax_level="enamex" />
<markable id="markable_64" span="word_2923" tag="location" mmax_level="enamex" />
<markable id="markable_65" span="word_3025" tag="location" mmax_level="enamex" />
<markable id="markable_66" span="word_3036" tag="person" mmax_level="enamex" />
<markable id="markable_67" span="word_3060..word_3061" tag="location" mmax_level="enamex" />
<markable id="markable_68" span="word_3123..word_3124" tag="location" mmax_level="enamex" />
<markable id="markable_69" span="word_3327" tag="location" mmax_level="enamex" />
<markable id="markable_70" span="word_3329" tag="person" mmax_level="enamex" />
<markable id="markable_71" span="word_3360..word_3361" tag="location" mmax_level="enamex" />
<markable id="markable_72" span="word_3487" tag="location" mmax_level="enamex" />
<markable id="markable_73" span="word_3535" tag="person" mmax_level="enamex" />
<markable id="markable_74" span="word_3609" tag="location" mmax_level="enamex" />
<markable id="markable_75" span="word_3680" tag="location" mmax_level="enamex" />
<markable id="markable_76" span="word_3689" tag="organization" mmax_level="enamex" />
<markable id="markable_77" span="word_3755" tag="person" mmax_level="enamex" />
<markable id="markable_78" span="word_3844" tag="location" mmax_level="enamex" />
<markable id="markable_79" span="word_3863" tag="person" mmax_level="enamex" />
<markable id="markable_80" span="word_3904..word_3905" tag="location" mmax_level="enamex" />
<markable id="markable_81" span="word_3934..word_3935" tag="organization" mmax_level="enamex" />
<markable id="markable_82" span="word_3982..word_3983" tag="location" mmax_level="enamex" />
<markable id="markable_83" span="word_4031" tag="location" mmax_level="enamex" />
<markable id="markable_84" span="word_4034" tag="location" mmax_level="enamex" />
<markable id="markable_85" span="word_4040..word_4041" tag="person" mmax_level="enamex" />
<markable id="markable_86" span="word_4069" tag="location" mmax_level="enamex" />
<markable id="markable_87" span="word_4219" tag="person" mmax_level="enamex" />
<markable id="markable_88" span="word_4259..word_4260" tag="location" mmax_level="enamex" />
<markable id="markable_89" span="word_4315..word_4316" tag="person" mmax_level="enamex" />
<markable id="markable_90" span="word_4355" tag="location" mmax_level="enamex" />
<markable id="markable_91" span="word_4364" tag="location" mmax_level="enamex" />
<markable id="markable_92" span="word_4366" tag="organization" mmax_level="enamex" />
<markable id="markable_93" span="word_4394..word_4397" tag="organization" mmax_level="enamex" />
</markables>
