<?xml version="1.0" encoding="MacRoman"?>
<!DOCTYPE markables SYSTEM "markables.dtd">
<markables xmlns="www.eml.org/NameSpaces/chunk">
<markable id="markable_0" span="word_1..word_3" tag="np" mmax_level="chunk" />
<markable id="markable_1" span="word_4..word_5" tag="np" mmax_level="chunk" />
<markable id="markable_2" span="word_7..word_9" tag="np" mmax_level="chunk" />
<markable id="markable_3" span="word_10..word_12" tag="np" mmax_level="chunk" />
<markable id="markable_4" span="word_16..word_17" tag="np" mmax_level="chunk" />
<markable id="markable_5" span="word_19..word_20" tag="np" mmax_level="chunk" />
<markable id="markable_6" span="word_22..word_23" tag="np" mmax_level="chunk" />
<markable id="markable_7" span="word_25" tag="np" mmax_level="chunk" />
<markable id="markable_8" span="word_27..word_29" tag="np" mmax_level="chunk" />
<markable id="markable_9" span="word_31..word_32" tag="np" mmax_level="chunk" />
<markable id="markable_10" span="word_34..word_35" tag="np" mmax_level="chunk" />
<markable id="markable_11" span="word_37..word_39" tag="np" mmax_level="chunk" />
<markable id="markable_12" span="word_41..word_45" tag="np" mmax_level="chunk" />
<markable id="markable_13" span="word_49..word_51" tag="np" mmax_level="chunk" />
<markable id="markable_14" span="word_54" tag="np" mmax_level="chunk" />
<markable id="markable_15" span="word_58..word_60" tag="np" mmax_level="chunk" />
<markable id="markable_16" span="word_62..word_63" tag="np" mmax_level="chunk" />
<markable id="markable_17" span="word_68..word_69" tag="np" mmax_level="chunk" />
<markable id="markable_18" span="word_71..word_72" tag="np" mmax_level="chunk" />
<markable id="markable_19" span="word_77..word_81" tag="np" mmax_level="chunk" />
<markable id="markable_20" span="word_83" tag="np" mmax_level="chunk" />
<markable id="markable_21" span="word_85..word_86" tag="np" mmax_level="chunk" />
<markable id="markable_22" span="word_101..word_104" tag="np" mmax_level="chunk" />
<markable id="markable_23" span="word_107..word_108" tag="np" mmax_level="chunk" />
<markable id="markable_24" span="word_110..word_111" tag="np" mmax_level="chunk" />
<markable id="markable_25" span="word_115..word_116" tag="np" mmax_level="chunk" />
<markable id="markable_26" span="word_118" tag="np" mmax_level="chunk" />
<markable id="markable_27" span="word_121" tag="np" mmax_level="chunk" />
<markable id="markable_28" span="word_123" tag="np" mmax_level="chunk" />
<markable id="markable_29" span="word_125..word_126" tag="np" mmax_level="chunk" />
<markable id="markable_30" span="word_128..word_130" tag="np" mmax_level="chunk" />
<markable id="markable_31" span="word_132" tag="np" mmax_level="chunk" />
<markable id="markable_32" span="word_134..word_135" tag="np" mmax_level="chunk" />
<markable id="markable_33" span="word_136..word_138" tag="np" mmax_level="chunk" />
<markable id="markable_34" span="word_140..word_141" tag="np" mmax_level="chunk" />
<markable id="markable_35" span="word_143..word_144" tag="np" mmax_level="chunk" />
<markable id="markable_36" span="word_146..word_148" tag="np" mmax_level="chunk" />
<markable id="markable_37" span="word_150" tag="np" mmax_level="chunk" />
<markable id="markable_38" span="word_155..word_156" tag="np" mmax_level="chunk" />
<markable id="markable_39" span="word_158..word_160" tag="np" mmax_level="chunk" />
<markable id="markable_40" span="word_167..word_170" tag="np" mmax_level="chunk" />
<markable id="markable_41" span="word_177..word_179" tag="np" mmax_level="chunk" />
<markable id="markable_42" span="word_186" tag="np" mmax_level="chunk" />
<markable id="markable_43" span="word_188..word_189" tag="np" mmax_level="chunk" />
<markable id="markable_44" span="word_191..word_192" tag="np" mmax_level="chunk" />
<markable id="markable_45" span="word_194" tag="np" mmax_level="chunk" />
<markable id="markable_46" span="word_197..word_198" tag="np" mmax_level="chunk" />
<markable id="markable_47" span="word_200..word_205" tag="np" mmax_level="chunk" />
<markable id="markable_48" span="word_207..word_209" tag="np" mmax_level="chunk" />
<markable id="markable_49" span="word_212..word_213" tag="np" mmax_level="chunk" />
<markable id="markable_50" span="word_215..word_216" tag="np" mmax_level="chunk" />
<markable id="markable_51" span="word_218" tag="np" mmax_level="chunk" />
<markable id="markable_52" span="word_220..word_222" tag="np" mmax_level="chunk" />
<markable id="markable_53" span="word_225" tag="np" mmax_level="chunk" />
<markable id="markable_54" span="word_227..word_230" tag="np" mmax_level="chunk" />
<markable id="markable_55" span="word_231..word_234" tag="np" mmax_level="chunk" />
<markable id="markable_56" span="word_236..word_237" tag="np" mmax_level="chunk" />
<markable id="markable_57" span="word_239..word_245" tag="np" mmax_level="chunk" />
<markable id="markable_58" span="word_247..word_250" tag="np" mmax_level="chunk" />
<markable id="markable_59" span="word_255..word_257" tag="np" mmax_level="chunk" />
<markable id="markable_60" span="word_260" tag="np" mmax_level="chunk" />
<markable id="markable_61" span="word_270..word_271" tag="np" mmax_level="chunk" />
<markable id="markable_62" span="word_274..word_275" tag="np" mmax_level="chunk" />
<markable id="markable_63" span="word_280..word_281" tag="np" mmax_level="chunk" />
<markable id="markable_64" span="word_286..word_287" tag="np" mmax_level="chunk" />
<markable id="markable_65" span="word_289" tag="np" mmax_level="chunk" />
<markable id="markable_66" span="word_294..word_295" tag="np" mmax_level="chunk" />
<markable id="markable_67" span="word_297..word_301" tag="np" mmax_level="chunk" />
<markable id="markable_68" span="word_306" tag="np" mmax_level="chunk" />
<markable id="markable_69" span="word_309..word_310" tag="np" mmax_level="chunk" />
<markable id="markable_70" span="word_312" tag="np" mmax_level="chunk" />
<markable id="markable_71" span="word_320..word_321" tag="np" mmax_level="chunk" />
<markable id="markable_72" span="word_325" tag="np" mmax_level="chunk" />
<markable id="markable_73" span="word_328..word_329" tag="np" mmax_level="chunk" />
<markable id="markable_74" span="word_331..word_332" tag="np" mmax_level="chunk" />
<markable id="markable_75" span="word_334..word_335" tag="np" mmax_level="chunk" />
<markable id="markable_76" span="word_341..word_344" tag="np" mmax_level="chunk" />
<markable id="markable_77" span="word_346..word_348" tag="np" mmax_level="chunk" />
<markable id="markable_78" span="word_349..word_352" tag="np" mmax_level="chunk" />
<markable id="markable_79" span="word_353..word_356" tag="np" mmax_level="chunk" />
<markable id="markable_80" span="word_360..word_361" tag="np" mmax_level="chunk" />
<markable id="markable_81" span="word_362" tag="np" mmax_level="chunk" />
<markable id="markable_82" span="word_365..word_367" tag="np" mmax_level="chunk" />
<markable id="markable_83" span="word_371..word_373" tag="np" mmax_level="chunk" />
<markable id="markable_84" span="word_375..word_376" tag="np" mmax_level="chunk" />
<markable id="markable_85" span="word_379..word_383" tag="np" mmax_level="chunk" />
<markable id="markable_86" span="word_385" tag="np" mmax_level="chunk" />
<markable id="markable_87" span="word_397" tag="np" mmax_level="chunk" />
<markable id="markable_88" span="word_399" tag="np" mmax_level="chunk" />
<markable id="markable_89" span="word_407" tag="np" mmax_level="chunk" />
<markable id="markable_90" span="word_409..word_411" tag="np" mmax_level="chunk" />
<markable id="markable_91" span="word_414" tag="np" mmax_level="chunk" />
<markable id="markable_92" span="word_416..word_418" tag="np" mmax_level="chunk" />
<markable id="markable_93" span="word_422..word_423" tag="np" mmax_level="chunk" />
<markable id="markable_94" span="word_428..word_429" tag="np" mmax_level="chunk" />
<markable id="markable_95" span="word_431..word_432" tag="np" mmax_level="chunk" />
<markable id="markable_96" span="word_437..word_438" tag="np" mmax_level="chunk" />
<markable id="markable_97" span="word_440" tag="np" mmax_level="chunk" />
<markable id="markable_98" span="word_444..word_445" tag="np" mmax_level="chunk" />
<markable id="markable_99" span="word_447..word_449" tag="np" mmax_level="chunk" />
<markable id="markable_100" span="word_454" tag="np" mmax_level="chunk" />
<markable id="markable_101" span="word_459" tag="np" mmax_level="chunk" />
<markable id="markable_102" span="word_463..word_465" tag="np" mmax_level="chunk" />
<markable id="markable_103" span="word_472..word_473" tag="np" mmax_level="chunk" />
<markable id="markable_104" span="word_478" tag="np" mmax_level="chunk" />
<markable id="markable_105" span="word_480" tag="np" mmax_level="chunk" />
<markable id="markable_106" span="word_483..word_484" tag="np" mmax_level="chunk" />
<markable id="markable_107" span="word_486..word_488" tag="np" mmax_level="chunk" />
<markable id="markable_108" span="word_493" tag="np" mmax_level="chunk" />
<markable id="markable_109" span="word_496..word_497" tag="np" mmax_level="chunk" />
<markable id="markable_110" span="word_501" tag="np" mmax_level="chunk" />
<markable id="markable_111" span="word_504..word_505" tag="np" mmax_level="chunk" />
<markable id="markable_112" span="word_507..word_509" tag="np" mmax_level="chunk" />
<markable id="markable_113" span="word_512..word_513" tag="np" mmax_level="chunk" />
<markable id="markable_114" span="word_515..word_518" tag="np" mmax_level="chunk" />
<markable id="markable_115" span="word_519..word_522" tag="np" mmax_level="chunk" />
<markable id="markable_116" span="word_526" tag="np" mmax_level="chunk" />
<markable id="markable_117" span="word_536..word_540" tag="np" mmax_level="chunk" />
<markable id="markable_118" span="word_543..word_545" tag="np" mmax_level="chunk" />
<markable id="markable_119" span="word_547..word_548" tag="np" mmax_level="chunk" />
<markable id="markable_120" span="word_550..word_551" tag="np" mmax_level="chunk" />
<markable id="markable_121" span="word_553..word_555" tag="np" mmax_level="chunk" />
<markable id="markable_122" span="word_561..word_563" tag="np" mmax_level="chunk" />
<markable id="markable_123" span="word_566..word_567" tag="np" mmax_level="chunk" />
<markable id="markable_124" span="word_570..word_571" tag="np" mmax_level="chunk" />
<markable id="markable_125" span="word_575..word_576" tag="np" mmax_level="chunk" />
<markable id="markable_126" span="word_579" tag="np" mmax_level="chunk" />
<markable id="markable_127" span="word_583..word_584" tag="np" mmax_level="chunk" />
<markable id="markable_128" span="word_586..word_587" tag="np" mmax_level="chunk" />
<markable id="markable_129" span="word_590" tag="np" mmax_level="chunk" />
<markable id="markable_130" span="word_594" tag="np" mmax_level="chunk" />
<markable id="markable_131" span="word_595..word_596" tag="np" mmax_level="chunk" />
<markable id="markable_132" span="word_603..word_604" tag="np" mmax_level="chunk" />
<markable id="markable_133" span="word_605" tag="np" mmax_level="chunk" />
<markable id="markable_134" span="word_610..word_611" tag="np" mmax_level="chunk" />
<markable id="markable_135" span="word_614..word_618" tag="np" mmax_level="chunk" />
<markable id="markable_136" span="word_622..word_628" tag="np" mmax_level="chunk" />
<markable id="markable_137" span="word_632..word_634" tag="np" mmax_level="chunk" />
<markable id="markable_138" span="word_636..word_637" tag="np" mmax_level="chunk" />
<markable id="markable_139" span="word_642..word_645" tag="np" mmax_level="chunk" />
<markable id="markable_140" span="word_648..word_649" tag="np" mmax_level="chunk" />
<markable id="markable_141" span="word_653..word_656" tag="np" mmax_level="chunk" />
<markable id="markable_142" span="word_658..word_662" tag="np" mmax_level="chunk" />
<markable id="markable_143" span="word_664..word_667" tag="np" mmax_level="chunk" />
<markable id="markable_144" span="word_669..word_670" tag="np" mmax_level="chunk" />
<markable id="markable_145" span="word_674..word_676" tag="np" mmax_level="chunk" />
<markable id="markable_146" span="word_678..word_680" tag="np" mmax_level="chunk" />
<markable id="markable_147" span="word_682" tag="np" mmax_level="chunk" />
<markable id="markable_148" span="word_684..word_685" tag="np" mmax_level="chunk" />
<markable id="markable_149" span="word_687" tag="np" mmax_level="chunk" />
<markable id="markable_150" span="word_689..word_690" tag="np" mmax_level="chunk" />
<markable id="markable_151" span="word_692" tag="np" mmax_level="chunk" />
<markable id="markable_152" span="word_694..word_696" tag="np" mmax_level="chunk" />
<markable id="markable_153" span="word_698..word_700" tag="np" mmax_level="chunk" />
<markable id="markable_154" span="word_702..word_703" tag="np" mmax_level="chunk" />
<markable id="markable_155" span="word_705..word_707" tag="np" mmax_level="chunk" />
<markable id="markable_156" span="word_710..word_713" tag="np" mmax_level="chunk" />
<markable id="markable_157" span="word_715..word_716" tag="np" mmax_level="chunk" />
<markable id="markable_158" span="word_718..word_721" tag="np" mmax_level="chunk" />
<markable id="markable_159" span="word_723" tag="np" mmax_level="chunk" />
<markable id="markable_160" span="word_727..word_728" tag="np" mmax_level="chunk" />
<markable id="markable_161" span="word_735..word_738" tag="np" mmax_level="chunk" />
<markable id="markable_162" span="word_740..word_743" tag="np" mmax_level="chunk" />
<markable id="markable_163" span="word_745..word_749" tag="np" mmax_level="chunk" />
<markable id="markable_164" span="word_751" tag="np" mmax_level="chunk" />
<markable id="markable_165" span="word_753..word_757" tag="np" mmax_level="chunk" />
<markable id="markable_166" span="word_759" tag="np" mmax_level="chunk" />
<markable id="markable_167" span="word_761" tag="np" mmax_level="chunk" />
<markable id="markable_168" span="word_763..word_764" tag="np" mmax_level="chunk" />
<markable id="markable_169" span="word_766" tag="np" mmax_level="chunk" />
<markable id="markable_170" span="word_768..word_769" tag="np" mmax_level="chunk" />
<markable id="markable_171" span="word_771..word_772" tag="np" mmax_level="chunk" />
<markable id="markable_172" span="word_775..word_776" tag="np" mmax_level="chunk" />
<markable id="markable_173" span="word_779..word_781" tag="np" mmax_level="chunk" />
<markable id="markable_174" span="word_783" tag="np" mmax_level="chunk" />
<markable id="markable_175" span="word_785..word_786" tag="np" mmax_level="chunk" />
<markable id="markable_176" span="word_788" tag="np" mmax_level="chunk" />
<markable id="markable_177" span="word_793..word_794" tag="np" mmax_level="chunk" />
<markable id="markable_178" span="word_796..word_797" tag="np" mmax_level="chunk" />
<markable id="markable_179" span="word_803..word_804" tag="np" mmax_level="chunk" />
<markable id="markable_180" span="word_806..word_807" tag="np" mmax_level="chunk" />
<markable id="markable_181" span="word_809..word_812" tag="np" mmax_level="chunk" />
<markable id="markable_182" span="word_814..word_815" tag="np" mmax_level="chunk" />
<markable id="markable_183" span="word_817..word_821" tag="np" mmax_level="chunk" />
<markable id="markable_184" span="word_823..word_826" tag="np" mmax_level="chunk" />
<markable id="markable_185" span="word_829..word_830" tag="np" mmax_level="chunk" />
<markable id="markable_186" span="word_833..word_836" tag="np" mmax_level="chunk" />
<markable id="markable_187" span="word_838..word_840" tag="np" mmax_level="chunk" />
<markable id="markable_188" span="word_842" tag="np" mmax_level="chunk" />
<markable id="markable_189" span="word_845" tag="np" mmax_level="chunk" />
<markable id="markable_190" span="word_850..word_854" tag="np" mmax_level="chunk" />
<markable id="markable_191" span="word_858..word_859" tag="np" mmax_level="chunk" />
<markable id="markable_192" span="word_861" tag="np" mmax_level="chunk" />
<markable id="markable_193" span="word_863" tag="np" mmax_level="chunk" />
<markable id="markable_194" span="word_865" tag="np" mmax_level="chunk" />
<markable id="markable_195" span="word_867" tag="np" mmax_level="chunk" />
<markable id="markable_196" span="word_873..word_874" tag="np" mmax_level="chunk" />
<markable id="markable_197" span="word_876" tag="np" mmax_level="chunk" />
<markable id="markable_198" span="word_880..word_883" tag="np" mmax_level="chunk" />
<markable id="markable_199" span="word_890..word_892" tag="np" mmax_level="chunk" />
<markable id="markable_200" span="word_894..word_895" tag="np" mmax_level="chunk" />
<markable id="markable_201" span="word_897..word_898" tag="np" mmax_level="chunk" />
<markable id="markable_202" span="word_902" tag="np" mmax_level="chunk" />
<markable id="markable_203" span="word_904" tag="np" mmax_level="chunk" />
<markable id="markable_204" span="word_907..word_908" tag="np" mmax_level="chunk" />
<markable id="markable_205" span="word_911..word_912" tag="np" mmax_level="chunk" />
<markable id="markable_206" span="word_915..word_916" tag="np" mmax_level="chunk" />
<markable id="markable_207" span="word_918..word_919" tag="np" mmax_level="chunk" />
<markable id="markable_208" span="word_922..word_923" tag="np" mmax_level="chunk" />
<markable id="markable_209" span="word_925..word_926" tag="np" mmax_level="chunk" />
<markable id="markable_210" span="word_929..word_930" tag="np" mmax_level="chunk" />
<markable id="markable_211" span="word_932" tag="np" mmax_level="chunk" />
<markable id="markable_212" span="word_934..word_935" tag="np" mmax_level="chunk" />
<markable id="markable_213" span="word_940..word_942" tag="np" mmax_level="chunk" />
<markable id="markable_214" span="word_943" tag="np" mmax_level="chunk" />
<markable id="markable_215" span="word_946..word_949" tag="np" mmax_level="chunk" />
<markable id="markable_216" span="word_951" tag="np" mmax_level="chunk" />
<markable id="markable_217" span="word_954..word_955" tag="np" mmax_level="chunk" />
<markable id="markable_218" span="word_957..word_958" tag="np" mmax_level="chunk" />
<markable id="markable_219" span="word_960..word_961" tag="np" mmax_level="chunk" />
<markable id="markable_220" span="word_969..word_970" tag="np" mmax_level="chunk" />
<markable id="markable_221" span="word_972..word_975" tag="np" mmax_level="chunk" />
<markable id="markable_222" span="word_981..word_984" tag="np" mmax_level="chunk" />
<markable id="markable_223" span="word_986..word_988" tag="np" mmax_level="chunk" />
<markable id="markable_224" span="word_990" tag="np" mmax_level="chunk" />
<markable id="markable_225" span="word_992..word_993" tag="np" mmax_level="chunk" />
<markable id="markable_226" span="word_997..word_998" tag="np" mmax_level="chunk" />
<markable id="markable_227" span="word_1000..word_1002" tag="np" mmax_level="chunk" />
<markable id="markable_228" span="word_1004..word_1007" tag="np" mmax_level="chunk" />
<markable id="markable_229" span="word_1010" tag="np" mmax_level="chunk" />
<markable id="markable_230" span="word_1012..word_1015" tag="np" mmax_level="chunk" />
<markable id="markable_231" span="word_1017..word_1018" tag="np" mmax_level="chunk" />
<markable id="markable_232" span="word_1020..word_1022" tag="np" mmax_level="chunk" />
<markable id="markable_233" span="word_1024..word_1025" tag="np" mmax_level="chunk" />
<markable id="markable_234" span="word_1026" tag="np" mmax_level="chunk" />
<markable id="markable_235" span="word_1032..word_1034" tag="np" mmax_level="chunk" />
<markable id="markable_236" span="word_1036..word_1038" tag="np" mmax_level="chunk" />
<markable id="markable_237" span="word_1044..word_1045" tag="np" mmax_level="chunk" />
<markable id="markable_238" span="word_1047..word_1049" tag="np" mmax_level="chunk" />
<markable id="markable_239" span="word_1051..word_1052" tag="np" mmax_level="chunk" />
<markable id="markable_240" span="word_1054..word_1057" tag="np" mmax_level="chunk" />
<markable id="markable_241" span="word_1060" tag="np" mmax_level="chunk" />
<markable id="markable_242" span="word_1062..word_1064" tag="np" mmax_level="chunk" />
<markable id="markable_243" span="word_1067..word_1073" tag="np" mmax_level="chunk" />
<markable id="markable_244" span="word_1077..word_1080" tag="np" mmax_level="chunk" />
<markable id="markable_245" span="word_1082..word_1084" tag="np" mmax_level="chunk" />
<markable id="markable_246" span="word_1088..word_1093" tag="np" mmax_level="chunk" />
<markable id="markable_247" span="word_1096" tag="np" mmax_level="chunk" />
<markable id="markable_248" span="word_1098..word_1099" tag="np" mmax_level="chunk" />
<markable id="markable_249" span="word_1104..word_1105" tag="np" mmax_level="chunk" />
<markable id="markable_250" span="word_1107" tag="np" mmax_level="chunk" />
<markable id="markable_251" span="word_1109..word_1110" tag="np" mmax_level="chunk" />
<markable id="markable_252" span="word_1118..word_1119" tag="np" mmax_level="chunk" />
<markable id="markable_253" span="word_1123..word_1126" tag="np" mmax_level="chunk" />
<markable id="markable_254" span="word_1130..word_1131" tag="np" mmax_level="chunk" />
<markable id="markable_255" span="word_1135" tag="np" mmax_level="chunk" />
<markable id="markable_256" span="word_1138..word_1140" tag="np" mmax_level="chunk" />
<markable id="markable_257" span="word_1142..word_1144" tag="np" mmax_level="chunk" />
<markable id="markable_258" span="word_1146..word_1148" tag="np" mmax_level="chunk" />
<markable id="markable_259" span="word_1152..word_1154" tag="np" mmax_level="chunk" />
<markable id="markable_260" span="word_1156..word_1159" tag="np" mmax_level="chunk" />
<markable id="markable_261" span="word_1161..word_1163" tag="np" mmax_level="chunk" />
<markable id="markable_262" span="word_1165" tag="np" mmax_level="chunk" />
<markable id="markable_263" span="word_1168" tag="np" mmax_level="chunk" />
<markable id="markable_264" span="word_1172..word_1174" tag="np" mmax_level="chunk" />
<markable id="markable_265" span="word_1176..word_1178" tag="np" mmax_level="chunk" />
<markable id="markable_266" span="word_1181..word_1182" tag="np" mmax_level="chunk" />
<markable id="markable_267" span="word_1184..word_1185" tag="np" mmax_level="chunk" />
<markable id="markable_268" span="word_1187..word_1189" tag="np" mmax_level="chunk" />
<markable id="markable_269" span="word_1193..word_1194" tag="np" mmax_level="chunk" />
<markable id="markable_270" span="word_1196..word_1198" tag="np" mmax_level="chunk" />
<markable id="markable_271" span="word_1202..word_1203" tag="np" mmax_level="chunk" />
<markable id="markable_272" span="word_1205..word_1206" tag="np" mmax_level="chunk" />
<markable id="markable_273" span="word_1208..word_1209" tag="np" mmax_level="chunk" />
<markable id="markable_274" span="word_1211..word_1213" tag="np" mmax_level="chunk" />
<markable id="markable_275" span="word_1216..word_1218" tag="np" mmax_level="chunk" />
<markable id="markable_276" span="word_1220..word_1221" tag="np" mmax_level="chunk" />
<markable id="markable_277" span="word_1223..word_1225" tag="np" mmax_level="chunk" />
<markable id="markable_278" span="word_1227..word_1229" tag="np" mmax_level="chunk" />
<markable id="markable_279" span="word_1231..word_1233" tag="np" mmax_level="chunk" />
<markable id="markable_280" span="word_1238..word_1240" tag="np" mmax_level="chunk" />
<markable id="markable_281" span="word_1242..word_1243" tag="np" mmax_level="chunk" />
<markable id="markable_282" span="word_1247..word_1249" tag="np" mmax_level="chunk" />
<markable id="markable_283" span="word_1252" tag="np" mmax_level="chunk" />
<markable id="markable_284" span="word_1254..word_1255" tag="np" mmax_level="chunk" />
<markable id="markable_285" span="word_1258..word_1259" tag="np" mmax_level="chunk" />
<markable id="markable_286" span="word_1262..word_1263" tag="np" mmax_level="chunk" />
<markable id="markable_287" span="word_1266..word_1268" tag="np" mmax_level="chunk" />
<markable id="markable_288" span="word_1270..word_1272" tag="np" mmax_level="chunk" />
<markable id="markable_289" span="word_1274..word_1276" tag="np" mmax_level="chunk" />
<markable id="markable_290" span="word_1279..word_1281" tag="np" mmax_level="chunk" />
<markable id="markable_291" span="word_1283..word_1284" tag="np" mmax_level="chunk" />
<markable id="markable_292" span="word_1286" tag="np" mmax_level="chunk" />
<markable id="markable_293" span="word_1288..word_1289" tag="np" mmax_level="chunk" />
<markable id="markable_294" span="word_1291..word_1292" tag="np" mmax_level="chunk" />
<markable id="markable_295" span="word_1294..word_1298" tag="np" mmax_level="chunk" />
<markable id="markable_296" span="word_1301..word_1302" tag="np" mmax_level="chunk" />
<markable id="markable_297" span="word_1304..word_1305" tag="np" mmax_level="chunk" />
<markable id="markable_298" span="word_1308..word_1311" tag="np" mmax_level="chunk" />
<markable id="markable_299" span="word_1313..word_1314" tag="np" mmax_level="chunk" />
<markable id="markable_300" span="word_1316..word_1318" tag="np" mmax_level="chunk" />
<markable id="markable_301" span="word_1320..word_1322" tag="np" mmax_level="chunk" />
<markable id="markable_302" span="word_1326..word_1327" tag="np" mmax_level="chunk" />
<markable id="markable_303" span="word_1331" tag="np" mmax_level="chunk" />
<markable id="markable_304" span="word_1333..word_1335" tag="np" mmax_level="chunk" />
<markable id="markable_305" span="word_1339" tag="np" mmax_level="chunk" />
<markable id="markable_306" span="word_1341..word_1342" tag="np" mmax_level="chunk" />
<markable id="markable_307" span="word_1343" tag="np" mmax_level="chunk" />
<markable id="markable_308" span="word_1348" tag="np" mmax_level="chunk" />
<markable id="markable_309" span="word_1350..word_1353" tag="np" mmax_level="chunk" />
<markable id="markable_310" span="word_1355..word_1356" tag="np" mmax_level="chunk" />
<markable id="markable_311" span="word_1358" tag="np" mmax_level="chunk" />
<markable id="markable_312" span="word_1360..word_1361" tag="np" mmax_level="chunk" />
<markable id="markable_313" span="word_1364..word_1367" tag="np" mmax_level="chunk" />
<markable id="markable_314" span="word_1369" tag="np" mmax_level="chunk" />
<markable id="markable_315" span="word_1371..word_1373" tag="np" mmax_level="chunk" />
<markable id="markable_316" span="word_1375..word_1376" tag="np" mmax_level="chunk" />
<markable id="markable_317" span="word_1379..word_1383" tag="np" mmax_level="chunk" />
<markable id="markable_318" span="word_1385..word_1386" tag="np" mmax_level="chunk" />
<markable id="markable_319" span="word_1388..word_1390" tag="np" mmax_level="chunk" />
<markable id="markable_320" span="word_1394..word_1395" tag="np" mmax_level="chunk" />
<markable id="markable_321" span="word_1397..word_1398" tag="np" mmax_level="chunk" />
<markable id="markable_322" span="word_1400..word_1403" tag="np" mmax_level="chunk" />
<markable id="markable_323" span="word_1405..word_1407" tag="np" mmax_level="chunk" />
<markable id="markable_324" span="word_1412..word_1414" tag="np" mmax_level="chunk" />
<markable id="markable_325" span="word_1416..word_1417" tag="np" mmax_level="chunk" />
<markable id="markable_326" span="word_1419..word_1420" tag="np" mmax_level="chunk" />
<markable id="markable_327" span="word_1422..word_1423" tag="np" mmax_level="chunk" />
<markable id="markable_328" span="word_1424" tag="np" mmax_level="chunk" />
<markable id="markable_329" span="word_1427..word_1428" tag="np" mmax_level="chunk" />
<markable id="markable_330" span="word_1429" tag="np" mmax_level="chunk" />
<markable id="markable_331" span="word_1431" tag="np" mmax_level="chunk" />
<markable id="markable_332" span="word_1436..word_1437" tag="np" mmax_level="chunk" />
<markable id="markable_333" span="word_1439..word_1441" tag="np" mmax_level="chunk" />
<markable id="markable_334" span="word_1443..word_1444" tag="np" mmax_level="chunk" />
<markable id="markable_335" span="word_1448..word_1449" tag="np" mmax_level="chunk" />
<markable id="markable_336" span="word_1452..word_1454" tag="np" mmax_level="chunk" />
<markable id="markable_337" span="word_1456..word_1458" tag="np" mmax_level="chunk" />
<markable id="markable_338" span="word_1465" tag="np" mmax_level="chunk" />
<markable id="markable_339" span="word_1467" tag="np" mmax_level="chunk" />
<markable id="markable_340" span="word_1469..word_1476" tag="np" mmax_level="chunk" />
<markable id="markable_341" span="word_1481..word_1483" tag="np" mmax_level="chunk" />
<markable id="markable_342" span="word_1485..word_1486" tag="np" mmax_level="chunk" />
<markable id="markable_343" span="word_1487..word_1489" tag="np" mmax_level="chunk" />
<markable id="markable_344" span="word_1491..word_1494" tag="np" mmax_level="chunk" />
<markable id="markable_345" span="word_1497..word_1499" tag="np" mmax_level="chunk" />
<markable id="markable_346" span="word_1501..word_1503" tag="np" mmax_level="chunk" />
<markable id="markable_347" span="word_1506..word_1508" tag="np" mmax_level="chunk" />
<markable id="markable_348" span="word_1511" tag="np" mmax_level="chunk" />
<markable id="markable_349" span="word_1513..word_1514" tag="np" mmax_level="chunk" />
<markable id="markable_350" span="word_1517" tag="np" mmax_level="chunk" />
<markable id="markable_351" span="word_1519" tag="np" mmax_level="chunk" />
<markable id="markable_352" span="word_1521..word_1523" tag="np" mmax_level="chunk" />
<markable id="markable_353" span="word_1526..word_1528" tag="np" mmax_level="chunk" />
<markable id="markable_354" span="word_1530..word_1531" tag="np" mmax_level="chunk" />
<markable id="markable_355" span="word_1534..word_1535" tag="np" mmax_level="chunk" />
<markable id="markable_356" span="word_1539..word_1540" tag="np" mmax_level="chunk" />
<markable id="markable_357" span="word_1545..word_1546" tag="np" mmax_level="chunk" />
<markable id="markable_358" span="word_1556..word_1557" tag="np" mmax_level="chunk" />
<markable id="markable_359" span="word_1559..word_1560" tag="np" mmax_level="chunk" />
<markable id="markable_360" span="word_1562" tag="np" mmax_level="chunk" />
<markable id="markable_361" span="word_1564..word_1565" tag="np" mmax_level="chunk" />
<markable id="markable_362" span="word_1567..word_1569" tag="np" mmax_level="chunk" />
<markable id="markable_363" span="word_1573..word_1574" tag="np" mmax_level="chunk" />
<markable id="markable_364" span="word_1576..word_1577" tag="np" mmax_level="chunk" />
<markable id="markable_365" span="word_1579..word_1580" tag="np" mmax_level="chunk" />
<markable id="markable_366" span="word_1582..word_1583" tag="np" mmax_level="chunk" />
<markable id="markable_367" span="word_1584" tag="np" mmax_level="chunk" />
<markable id="markable_368" span="word_1588..word_1589" tag="np" mmax_level="chunk" />
<markable id="markable_369" span="word_1591..word_1592" tag="np" mmax_level="chunk" />
<markable id="markable_370" span="word_1594..word_1595" tag="np" mmax_level="chunk" />
<markable id="markable_371" span="word_1597..word_1598" tag="np" mmax_level="chunk" />
<markable id="markable_372" span="word_1600..word_1601" tag="np" mmax_level="chunk" />
<markable id="markable_373" span="word_1603" tag="np" mmax_level="chunk" />
<markable id="markable_374" span="word_1605..word_1606" tag="np" mmax_level="chunk" />
<markable id="markable_375" span="word_1614" tag="np" mmax_level="chunk" />
<markable id="markable_376" span="word_1616..word_1617" tag="np" mmax_level="chunk" />
<markable id="markable_377" span="word_1621..word_1622" tag="np" mmax_level="chunk" />
<markable id="markable_378" span="word_1624..word_1626" tag="np" mmax_level="chunk" />
<markable id="markable_379" span="word_1629" tag="np" mmax_level="chunk" />
<markable id="markable_380" span="word_1631..word_1632" tag="np" mmax_level="chunk" />
<markable id="markable_381" span="word_1635..word_1636" tag="np" mmax_level="chunk" />
<markable id="markable_382" span="word_1638..word_1639" tag="np" mmax_level="chunk" />
<markable id="markable_383" span="word_1641" tag="np" mmax_level="chunk" />
<markable id="markable_384" span="word_1643..word_1645" tag="np" mmax_level="chunk" />
<markable id="markable_385" span="word_1650..word_1653" tag="np" mmax_level="chunk" />
<markable id="markable_386" span="word_1655..word_1656" tag="np" mmax_level="chunk" />
<markable id="markable_387" span="word_1658..word_1659" tag="np" mmax_level="chunk" />
<markable id="markable_388" span="word_1661..word_1663" tag="np" mmax_level="chunk" />
<markable id="markable_389" span="word_1669..word_1671" tag="np" mmax_level="chunk" />
<markable id="markable_390" span="word_1673..word_1674" tag="np" mmax_level="chunk" />
<markable id="markable_391" span="word_1676" tag="np" mmax_level="chunk" />
<markable id="markable_392" span="word_1678..word_1679" tag="np" mmax_level="chunk" />
<markable id="markable_393" span="word_1683..word_1684" tag="np" mmax_level="chunk" />
<markable id="markable_394" span="word_1686..word_1687" tag="np" mmax_level="chunk" />
<markable id="markable_395" span="word_1692..word_1693" tag="np" mmax_level="chunk" />
<markable id="markable_396" span="word_1697..word_1698" tag="np" mmax_level="chunk" />
<markable id="markable_397" span="word_1700..word_1702" tag="np" mmax_level="chunk" />
<markable id="markable_398" span="word_1705..word_1706" tag="np" mmax_level="chunk" />
<markable id="markable_399" span="word_1708" tag="np" mmax_level="chunk" />
<markable id="markable_400" span="word_1710..word_1712" tag="np" mmax_level="chunk" />
<markable id="markable_401" span="word_1714..word_1717" tag="np" mmax_level="chunk" />
<markable id="markable_402" span="word_1720" tag="np" mmax_level="chunk" />
<markable id="markable_403" span="word_1722..word_1724" tag="np" mmax_level="chunk" />
<markable id="markable_404" span="word_1726..word_1728" tag="np" mmax_level="chunk" />
<markable id="markable_405" span="word_1732..word_1735" tag="np" mmax_level="chunk" />
<markable id="markable_406" span="word_1737..word_1738" tag="np" mmax_level="chunk" />
<markable id="markable_407" span="word_1740..word_1742" tag="np" mmax_level="chunk" />
<markable id="markable_408" span="word_1745..word_1746" tag="np" mmax_level="chunk" />
<markable id="markable_409" span="word_1747" tag="np" mmax_level="chunk" />
<markable id="markable_410" span="word_1752..word_1754" tag="np" mmax_level="chunk" />
<markable id="markable_411" span="word_1759..word_1760" tag="np" mmax_level="chunk" />
<markable id="markable_412" span="word_1762..word_1764" tag="np" mmax_level="chunk" />
<markable id="markable_413" span="word_1766..word_1768" tag="np" mmax_level="chunk" />
<markable id="markable_414" span="word_1777..word_1778" tag="np" mmax_level="chunk" />
<markable id="markable_415" span="word_1780..word_1782" tag="np" mmax_level="chunk" />
<markable id="markable_416" span="word_1785..word_1791" tag="np" mmax_level="chunk" />
<markable id="markable_417" span="word_1793" tag="np" mmax_level="chunk" />
<markable id="markable_418" span="word_1797..word_1800" tag="np" mmax_level="chunk" />
<markable id="markable_419" span="word_1806..word_1808" tag="np" mmax_level="chunk" />
<markable id="markable_420" span="word_1810..word_1811" tag="np" mmax_level="chunk" />
<markable id="markable_421" span="word_1813..word_1815" tag="np" mmax_level="chunk" />
<markable id="markable_422" span="word_1816" tag="np" mmax_level="chunk" />
<markable id="markable_423" span="word_1818..word_1820" tag="np" mmax_level="chunk" />
<markable id="markable_424" span="word_1822..word_1823" tag="np" mmax_level="chunk" />
<markable id="markable_425" span="word_1824" tag="np" mmax_level="chunk" />
<markable id="markable_426" span="word_1829..word_1831" tag="np" mmax_level="chunk" />
<markable id="markable_427" span="word_1833" tag="np" mmax_level="chunk" />
<markable id="markable_428" span="word_1835..word_1836" tag="np" mmax_level="chunk" />
<markable id="markable_429" span="word_1838" tag="np" mmax_level="chunk" />
<markable id="markable_430" span="word_1841..word_1845" tag="np" mmax_level="chunk" />
<markable id="markable_431" span="word_1848..word_1849" tag="np" mmax_level="chunk" />
<markable id="markable_432" span="word_1853..word_1854" tag="np" mmax_level="chunk" />
<markable id="markable_433" span="word_1856" tag="np" mmax_level="chunk" />
<markable id="markable_434" span="word_1858..word_1860" tag="np" mmax_level="chunk" />
<markable id="markable_435" span="word_1862..word_1864" tag="np" mmax_level="chunk" />
<markable id="markable_436" span="word_1866" tag="np" mmax_level="chunk" />
<markable id="markable_437" span="word_1868..word_1871" tag="np" mmax_level="chunk" />
<markable id="markable_438" span="word_1873..word_1874" tag="np" mmax_level="chunk" />
<markable id="markable_439" span="word_1876..word_1877" tag="np" mmax_level="chunk" />
<markable id="markable_440" span="word_1880" tag="np" mmax_level="chunk" />
<markable id="markable_441" span="word_1885..word_1888" tag="np" mmax_level="chunk" />
<markable id="markable_442" span="word_1891..word_1894" tag="np" mmax_level="chunk" />
<markable id="markable_443" span="word_1896..word_1898" tag="np" mmax_level="chunk" />
<markable id="markable_444" span="word_1900..word_1903" tag="np" mmax_level="chunk" />
<markable id="markable_445" span="word_1908" tag="np" mmax_level="chunk" />
<markable id="markable_446" span="word_1910..word_1912" tag="np" mmax_level="chunk" />
<markable id="markable_447" span="word_1914..word_1915" tag="np" mmax_level="chunk" />
<markable id="markable_448" span="word_1916" tag="np" mmax_level="chunk" />
<markable id="markable_449" span="word_1921..word_1923" tag="np" mmax_level="chunk" />
<markable id="markable_450" span="word_1926..word_1927" tag="np" mmax_level="chunk" />
<markable id="markable_451" span="word_1929..word_1932" tag="np" mmax_level="chunk" />
<markable id="markable_452" span="word_1935..word_1936" tag="np" mmax_level="chunk" />
<markable id="markable_453" span="word_1938..word_1939" tag="np" mmax_level="chunk" />
<markable id="markable_454" span="word_1942..word_1944" tag="np" mmax_level="chunk" />
<markable id="markable_455" span="word_1946..word_1947" tag="np" mmax_level="chunk" />
<markable id="markable_456" span="word_1950..word_1952" tag="np" mmax_level="chunk" />
<markable id="markable_457" span="word_1955..word_1956" tag="np" mmax_level="chunk" />
<markable id="markable_458" span="word_1959" tag="np" mmax_level="chunk" />
<markable id="markable_459" span="word_1961..word_1962" tag="np" mmax_level="chunk" />
<markable id="markable_460" span="word_1966..word_1968" tag="np" mmax_level="chunk" />
<markable id="markable_461" span="word_1970..word_1971" tag="np" mmax_level="chunk" />
<markable id="markable_462" span="word_1974..word_1976" tag="np" mmax_level="chunk" />
<markable id="markable_463" span="word_1986..word_1988" tag="np" mmax_level="chunk" />
<markable id="markable_464" span="word_1990..word_1991" tag="np" mmax_level="chunk" />
<markable id="markable_465" span="word_1993..word_1994" tag="np" mmax_level="chunk" />
<markable id="markable_466" span="word_1996" tag="np" mmax_level="chunk" />
<markable id="markable_467" span="word_2000..word_2001" tag="np" mmax_level="chunk" />
<markable id="markable_468" span="word_2010..word_2013" tag="np" mmax_level="chunk" />
<markable id="markable_469" span="word_2015..word_2017" tag="np" mmax_level="chunk" />
<markable id="markable_470" span="word_2019..word_2020" tag="np" mmax_level="chunk" />
<markable id="markable_471" span="word_2022" tag="np" mmax_level="chunk" />
<markable id="markable_472" span="word_2024..word_2026" tag="np" mmax_level="chunk" />
<markable id="markable_473" span="word_2028..word_2029" tag="np" mmax_level="chunk" />
<markable id="markable_474" span="word_2031..word_2032" tag="np" mmax_level="chunk" />
<markable id="markable_475" span="word_2036" tag="np" mmax_level="chunk" />
<markable id="markable_476" span="word_2038..word_2040" tag="np" mmax_level="chunk" />
<markable id="markable_477" span="word_2042" tag="np" mmax_level="chunk" />
<markable id="markable_478" span="word_2044..word_2045" tag="np" mmax_level="chunk" />
<markable id="markable_479" span="word_2057..word_2058" tag="np" mmax_level="chunk" />
<markable id="markable_480" span="word_2060..word_2061" tag="np" mmax_level="chunk" />
<markable id="markable_481" span="word_2063..word_2067" tag="np" mmax_level="chunk" />
<markable id="markable_482" span="word_2072..word_2073" tag="np" mmax_level="chunk" />
<markable id="markable_483" span="word_2075..word_2076" tag="np" mmax_level="chunk" />
<markable id="markable_484" span="word_2077" tag="np" mmax_level="chunk" />
<markable id="markable_485" span="word_2081..word_2083" tag="np" mmax_level="chunk" />
<markable id="markable_486" span="word_2085..word_2087" tag="np" mmax_level="chunk" />
<markable id="markable_487" span="word_2089" tag="np" mmax_level="chunk" />
<markable id="markable_488" span="word_2092..word_2093" tag="np" mmax_level="chunk" />
<markable id="markable_489" span="word_2095..word_2097" tag="np" mmax_level="chunk" />
<markable id="markable_490" span="word_2100" tag="np" mmax_level="chunk" />
<markable id="markable_491" span="word_2102..word_2105" tag="np" mmax_level="chunk" />
<markable id="markable_492" span="word_2108" tag="np" mmax_level="chunk" />
<markable id="markable_493" span="word_2110..word_2111" tag="np" mmax_level="chunk" />
<markable id="markable_494" span="word_2113..word_2117" tag="np" mmax_level="chunk" />
<markable id="markable_495" span="word_2120..word_2121" tag="np" mmax_level="chunk" />
<markable id="markable_496" span="word_2123..word_2125" tag="np" mmax_level="chunk" />
<markable id="markable_497" span="word_2127..word_2128" tag="np" mmax_level="chunk" />
<markable id="markable_498" span="word_2130..word_2132" tag="np" mmax_level="chunk" />
<markable id="markable_499" span="word_2134" tag="np" mmax_level="chunk" />
<markable id="markable_500" span="word_2136..word_2138" tag="np" mmax_level="chunk" />
<markable id="markable_501" span="word_2140..word_2141" tag="np" mmax_level="chunk" />
<markable id="markable_502" span="word_2143" tag="np" mmax_level="chunk" />
<markable id="markable_503" span="word_2145..word_2147" tag="np" mmax_level="chunk" />
<markable id="markable_504" span="word_2150..word_2152" tag="np" mmax_level="chunk" />
<markable id="markable_505" span="word_2155..word_2158" tag="np" mmax_level="chunk" />
<markable id="markable_506" span="word_2161" tag="np" mmax_level="chunk" />
<markable id="markable_507" span="word_2163..word_2164" tag="np" mmax_level="chunk" />
<markable id="markable_508" span="word_2166..word_2167" tag="np" mmax_level="chunk" />
<markable id="markable_509" span="word_2169..word_2170" tag="np" mmax_level="chunk" />
<markable id="markable_510" span="word_2172..word_2173" tag="np" mmax_level="chunk" />
<markable id="markable_511" span="word_2175..word_2176" tag="np" mmax_level="chunk" />
<markable id="markable_512" span="word_2178..word_2179" tag="np" mmax_level="chunk" />
<markable id="markable_513" span="word_2181..word_2184" tag="np" mmax_level="chunk" />
<markable id="markable_514" span="word_2186..word_2188" tag="np" mmax_level="chunk" />
<markable id="markable_515" span="word_2190..word_2192" tag="np" mmax_level="chunk" />
<markable id="markable_516" span="word_2194..word_2195" tag="np" mmax_level="chunk" />
<markable id="markable_517" span="word_2199..word_2200" tag="np" mmax_level="chunk" />
<markable id="markable_518" span="word_2201..word_2203" tag="np" mmax_level="chunk" />
<markable id="markable_519" span="word_2205..word_2207" tag="np" mmax_level="chunk" />
<markable id="markable_520" span="word_2209" tag="np" mmax_level="chunk" />
<markable id="markable_521" span="word_2212..word_2214" tag="np" mmax_level="chunk" />
<markable id="markable_522" span="word_2216..word_2217" tag="np" mmax_level="chunk" />
<markable id="markable_523" span="word_2218" tag="np" mmax_level="chunk" />
<markable id="markable_524" span="word_2225..word_2227" tag="np" mmax_level="chunk" />
<markable id="markable_525" span="word_2230" tag="np" mmax_level="chunk" />
<markable id="markable_526" span="word_2232..word_2233" tag="np" mmax_level="chunk" />
<markable id="markable_527" span="word_2237..word_2238" tag="np" mmax_level="chunk" />
<markable id="markable_528" span="word_2240..word_2243" tag="np" mmax_level="chunk" />
<markable id="markable_529" span="word_2247..word_2249" tag="np" mmax_level="chunk" />
<markable id="markable_530" span="word_2251" tag="np" mmax_level="chunk" />
<markable id="markable_531" span="word_2254..word_2256" tag="np" mmax_level="chunk" />
<markable id="markable_532" span="word_2258..word_2259" tag="np" mmax_level="chunk" />
<markable id="markable_533" span="word_2262..word_2263" tag="np" mmax_level="chunk" />
<markable id="markable_534" span="word_2265..word_2267" tag="np" mmax_level="chunk" />
<markable id="markable_535" span="word_2269" tag="np" mmax_level="chunk" />
<markable id="markable_536" span="word_2271" tag="np" mmax_level="chunk" />
<markable id="markable_537" span="word_2273..word_2278" tag="np" mmax_level="chunk" />
<markable id="markable_538" span="word_2284..word_2285" tag="np" mmax_level="chunk" />
<markable id="markable_539" span="word_2287..word_2289" tag="np" mmax_level="chunk" />
<markable id="markable_540" span="word_2291" tag="np" mmax_level="chunk" />
<markable id="markable_541" span="word_2294..word_2295" tag="np" mmax_level="chunk" />
<markable id="markable_542" span="word_2297" tag="np" mmax_level="chunk" />
<markable id="markable_543" span="word_2302" tag="np" mmax_level="chunk" />
<markable id="markable_544" span="word_2304" tag="np" mmax_level="chunk" />
<markable id="markable_545" span="word_2306..word_2311" tag="np" mmax_level="chunk" />
<markable id="markable_546" span="word_2314..word_2315" tag="np" mmax_level="chunk" />
<markable id="markable_547" span="word_2317..word_2318" tag="np" mmax_level="chunk" />
<markable id="markable_548" span="word_2320..word_2322" tag="np" mmax_level="chunk" />
<markable id="markable_549" span="word_2324..word_2325" tag="np" mmax_level="chunk" />
<markable id="markable_550" span="word_2327..word_2328" tag="np" mmax_level="chunk" />
<markable id="markable_551" span="word_2331" tag="np" mmax_level="chunk" />
<markable id="markable_552" span="word_2334..word_2335" tag="np" mmax_level="chunk" />
<markable id="markable_553" span="word_2337..word_2339" tag="np" mmax_level="chunk" />
<markable id="markable_554" span="word_2343" tag="np" mmax_level="chunk" />
<markable id="markable_555" span="word_2345..word_2347" tag="np" mmax_level="chunk" />
<markable id="markable_556" span="word_2349" tag="np" mmax_level="chunk" />
<markable id="markable_557" span="word_2351" tag="np" mmax_level="chunk" />
<markable id="markable_558" span="word_2354..word_2355" tag="np" mmax_level="chunk" />
<markable id="markable_559" span="word_2357..word_2358" tag="np" mmax_level="chunk" />
<markable id="markable_560" span="word_2361..word_2364" tag="np" mmax_level="chunk" />
<markable id="markable_561" span="word_2366..word_2367" tag="np" mmax_level="chunk" />
<markable id="markable_562" span="word_2370..word_2371" tag="np" mmax_level="chunk" />
<markable id="markable_563" span="word_2530..word_2532" tag="np" mmax_level="chunk" />
<markable id="markable_564" span="word_2534..word_2535" tag="np" mmax_level="chunk" />
<markable id="markable_565" span="word_2537" tag="np" mmax_level="chunk" />
<markable id="markable_566" span="word_2541..word_2544" tag="np" mmax_level="chunk" />
<markable id="markable_567" span="word_2546" tag="np" mmax_level="chunk" />
<markable id="markable_568" span="word_2549..word_2551" tag="np" mmax_level="chunk" />
<markable id="markable_569" span="word_2553" tag="np" mmax_level="chunk" />
<markable id="markable_570" span="word_2557..word_2565" tag="np" mmax_level="chunk" />
<markable id="markable_571" span="word_2567..word_2568" tag="np" mmax_level="chunk" />
<markable id="markable_572" span="word_2575..word_2577" tag="np" mmax_level="chunk" />
<markable id="markable_573" span="word_2584" tag="np" mmax_level="chunk" />
<markable id="markable_574" span="word_2586..word_2587" tag="np" mmax_level="chunk" />
<markable id="markable_575" span="word_2593..word_2594" tag="np" mmax_level="chunk" />
<markable id="markable_576" span="word_2599..word_2601" tag="np" mmax_level="chunk" />
<markable id="markable_577" span="word_2603..word_2604" tag="np" mmax_level="chunk" />
<markable id="markable_578" span="word_2609..word_2612" tag="np" mmax_level="chunk" />
<markable id="markable_579" span="word_2617" tag="np" mmax_level="chunk" />
<markable id="markable_580" span="word_2620..word_2622" tag="np" mmax_level="chunk" />
<markable id="markable_581" span="word_2625" tag="np" mmax_level="chunk" />
<markable id="markable_582" span="word_2627..word_2628" tag="np" mmax_level="chunk" />
<markable id="markable_583" span="word_2634..word_2635" tag="np" mmax_level="chunk" />
<markable id="markable_584" span="word_2640..word_2641" tag="np" mmax_level="chunk" />
<markable id="markable_585" span="word_2647..word_2650" tag="np" mmax_level="chunk" />
<markable id="markable_586" span="word_2652..word_2653" tag="np" mmax_level="chunk" />
<markable id="markable_587" span="word_2658..word_2661" tag="np" mmax_level="chunk" />
<markable id="markable_588" span="word_2664..word_2665" tag="np" mmax_level="chunk" />
<markable id="markable_589" span="word_2669..word_2670" tag="np" mmax_level="chunk" />
<markable id="markable_590" span="word_2672..word_2675" tag="np" mmax_level="chunk" />
<markable id="markable_591" span="word_2678..word_2682" tag="np" mmax_level="chunk" />
<markable id="markable_592" span="word_2687" tag="np" mmax_level="chunk" />
<markable id="markable_593" span="word_2689..word_2692" tag="np" mmax_level="chunk" />
<markable id="markable_594" span="word_2694..word_2695" tag="np" mmax_level="chunk" />
<markable id="markable_595" span="word_2697" tag="np" mmax_level="chunk" />
<markable id="markable_596" span="word_2699..word_2701" tag="np" mmax_level="chunk" />
<markable id="markable_597" span="word_2703..word_2704" tag="np" mmax_level="chunk" />
<markable id="markable_598" span="word_2706..word_2707" tag="np" mmax_level="chunk" />
<markable id="markable_599" span="word_2714..word_2717" tag="np" mmax_level="chunk" />
<markable id="markable_600" span="word_2721" tag="np" mmax_level="chunk" />
<markable id="markable_601" span="word_2723..word_2726" tag="np" mmax_level="chunk" />
<markable id="markable_602" span="word_2728" tag="np" mmax_level="chunk" />
<markable id="markable_603" span="word_2733..word_2734" tag="np" mmax_level="chunk" />
<markable id="markable_604" span="word_2738" tag="np" mmax_level="chunk" />
<markable id="markable_605" span="word_2740" tag="np" mmax_level="chunk" />
<markable id="markable_606" span="word_2742..word_2744" tag="np" mmax_level="chunk" />
<markable id="markable_607" span="word_2750..word_2751" tag="np" mmax_level="chunk" />
<markable id="markable_608" span="word_2753" tag="np" mmax_level="chunk" />
<markable id="markable_609" span="word_2755..word_2756" tag="np" mmax_level="chunk" />
<markable id="markable_610" span="word_2765..word_2766" tag="np" mmax_level="chunk" />
<markable id="markable_611" span="word_2768..word_2769" tag="np" mmax_level="chunk" />
<markable id="markable_612" span="word_2771" tag="np" mmax_level="chunk" />
<markable id="markable_613" span="word_2773..word_2775" tag="np" mmax_level="chunk" />
<markable id="markable_614" span="word_2777..word_2781" tag="np" mmax_level="chunk" />
<markable id="markable_615" span="word_2789..word_2791" tag="np" mmax_level="chunk" />
<markable id="markable_616" span="word_2793..word_2795" tag="np" mmax_level="chunk" />
<markable id="markable_617" span="word_2797..word_2799" tag="np" mmax_level="chunk" />
<markable id="markable_618" span="word_2802" tag="np" mmax_level="chunk" />
<markable id="markable_619" span="word_2804..word_2806" tag="np" mmax_level="chunk" />
<markable id="markable_620" span="word_2808..word_2809" tag="np" mmax_level="chunk" />
<markable id="markable_621" span="word_2810" tag="np" mmax_level="chunk" />
<markable id="markable_622" span="word_2816" tag="np" mmax_level="chunk" />
<markable id="markable_623" span="word_2819" tag="np" mmax_level="chunk" />
<markable id="markable_624" span="word_2821..word_2822" tag="np" mmax_level="chunk" />
<markable id="markable_625" span="word_2824..word_2825" tag="np" mmax_level="chunk" />
<markable id="markable_626" span="word_2826" tag="np" mmax_level="chunk" />
<markable id="markable_627" span="word_2829" tag="np" mmax_level="chunk" />
<markable id="markable_628" span="word_2831" tag="np" mmax_level="chunk" />
<markable id="markable_629" span="word_2834..word_2835" tag="np" mmax_level="chunk" />
<markable id="markable_630" span="word_2839" tag="np" mmax_level="chunk" />
<markable id="markable_631" span="word_2841" tag="np" mmax_level="chunk" />
<markable id="markable_632" span="word_2847..word_2848" tag="np" mmax_level="chunk" />
<markable id="markable_633" span="word_2850..word_2851" tag="np" mmax_level="chunk" />
<markable id="markable_634" span="word_2853" tag="np" mmax_level="chunk" />
<markable id="markable_635" span="word_2855..word_2856" tag="np" mmax_level="chunk" />
<markable id="markable_636" span="word_2860" tag="np" mmax_level="chunk" />
<markable id="markable_637" span="word_2862" tag="np" mmax_level="chunk" />
<markable id="markable_638" span="word_2867..word_2868" tag="np" mmax_level="chunk" />
<markable id="markable_639" span="word_2870..word_2871" tag="np" mmax_level="chunk" />
<markable id="markable_640" span="word_2873..word_2875" tag="np" mmax_level="chunk" />
<markable id="markable_641" span="word_2877..word_2879" tag="np" mmax_level="chunk" />
<markable id="markable_642" span="word_2884..word_2886" tag="np" mmax_level="chunk" />
<markable id="markable_643" span="word_2890..word_2891" tag="np" mmax_level="chunk" />
<markable id="markable_644" span="word_2901..word_2904" tag="np" mmax_level="chunk" />
<markable id="markable_645" span="word_2906" tag="np" mmax_level="chunk" />
<markable id="markable_646" span="word_2908" tag="np" mmax_level="chunk" />
<markable id="markable_647" span="word_2911..word_2913" tag="np" mmax_level="chunk" />
<markable id="markable_648" span="word_2915..word_2917" tag="np" mmax_level="chunk" />
<markable id="markable_649" span="word_2920..word_2921" tag="np" mmax_level="chunk" />
<markable id="markable_650" span="word_2923" tag="np" mmax_level="chunk" />
<markable id="markable_651" span="word_2928" tag="np" mmax_level="chunk" />
<markable id="markable_652" span="word_2932..word_2933" tag="np" mmax_level="chunk" />
<markable id="markable_653" span="word_2935..word_2936" tag="np" mmax_level="chunk" />
<markable id="markable_654" span="word_2939..word_2942" tag="np" mmax_level="chunk" />
<markable id="markable_655" span="word_2944" tag="np" mmax_level="chunk" />
<markable id="markable_656" span="word_2946" tag="np" mmax_level="chunk" />
<markable id="markable_657" span="word_2948" tag="np" mmax_level="chunk" />
<markable id="markable_658" span="word_2950" tag="np" mmax_level="chunk" />
<markable id="markable_659" span="word_2962..word_2963" tag="np" mmax_level="chunk" />
<markable id="markable_660" span="word_2965..word_2967" tag="np" mmax_level="chunk" />
<markable id="markable_661" span="word_2969..word_2971" tag="np" mmax_level="chunk" />
<markable id="markable_662" span="word_2973..word_2975" tag="np" mmax_level="chunk" />
<markable id="markable_663" span="word_2978..word_2983" tag="np" mmax_level="chunk" />
<markable id="markable_664" span="word_2991..word_2993" tag="np" mmax_level="chunk" />
<markable id="markable_665" span="word_2994..word_2998" tag="np" mmax_level="chunk" />
<markable id="markable_666" span="word_3000..word_3001" tag="np" mmax_level="chunk" />
<markable id="markable_667" span="word_3005..word_3006" tag="np" mmax_level="chunk" />
<markable id="markable_668" span="word_3008..word_3009" tag="np" mmax_level="chunk" />
<markable id="markable_669" span="word_3011..word_3016" tag="np" mmax_level="chunk" />
<markable id="markable_670" span="word_3018" tag="np" mmax_level="chunk" />
<markable id="markable_671" span="word_3020..word_3022" tag="np" mmax_level="chunk" />
<markable id="markable_672" span="word_3025" tag="np" mmax_level="chunk" />
<markable id="markable_673" span="word_3028" tag="np" mmax_level="chunk" />
<markable id="markable_674" span="word_3032..word_3034" tag="np" mmax_level="chunk" />
<markable id="markable_675" span="word_3036..word_3037" tag="np" mmax_level="chunk" />
<markable id="markable_676" span="word_3040..word_3041" tag="np" mmax_level="chunk" />
<markable id="markable_677" span="word_3044..word_3045" tag="np" mmax_level="chunk" />
<markable id="markable_678" span="word_3048" tag="np" mmax_level="chunk" />
<markable id="markable_679" span="word_3050..word_3051" tag="np" mmax_level="chunk" />
<markable id="markable_680" span="word_3053" tag="np" mmax_level="chunk" />
<markable id="markable_681" span="word_3055..word_3057" tag="np" mmax_level="chunk" />
<markable id="markable_682" span="word_3059..word_3061" tag="np" mmax_level="chunk" />
<markable id="markable_683" span="word_3063..word_3065" tag="np" mmax_level="chunk" />
<markable id="markable_684" span="word_3068..word_3070" tag="np" mmax_level="chunk" />
<markable id="markable_685" span="word_3072..word_3074" tag="np" mmax_level="chunk" />
<markable id="markable_686" span="word_3076" tag="np" mmax_level="chunk" />
<markable id="markable_687" span="word_3079..word_3081" tag="np" mmax_level="chunk" />
<markable id="markable_688" span="word_3082..word_3083" tag="np" mmax_level="chunk" />
<markable id="markable_689" span="word_3087..word_3090" tag="np" mmax_level="chunk" />
<markable id="markable_690" span="word_3092..word_3096" tag="np" mmax_level="chunk" />
<markable id="markable_691" span="word_3098..word_3099" tag="np" mmax_level="chunk" />
<markable id="markable_692" span="word_3102..word_3103" tag="np" mmax_level="chunk" />
<markable id="markable_693" span="word_3105..word_3106" tag="np" mmax_level="chunk" />
<markable id="markable_694" span="word_3109..word_3111" tag="np" mmax_level="chunk" />
<markable id="markable_695" span="word_3113..word_3114" tag="np" mmax_level="chunk" />
<markable id="markable_696" span="word_3116..word_3117" tag="np" mmax_level="chunk" />
<markable id="markable_697" span="word_3119..word_3120" tag="np" mmax_level="chunk" />
<markable id="markable_698" span="word_3122..word_3124" tag="np" mmax_level="chunk" />
<markable id="markable_699" span="word_3126..word_3127" tag="np" mmax_level="chunk" />
<markable id="markable_700" span="word_3128" tag="np" mmax_level="chunk" />
<markable id="markable_701" span="word_3134..word_3136" tag="np" mmax_level="chunk" />
<markable id="markable_702" span="word_3138..word_3141" tag="np" mmax_level="chunk" />
<markable id="markable_703" span="word_3146..word_3147" tag="np" mmax_level="chunk" />
<markable id="markable_704" span="word_3149..word_3150" tag="np" mmax_level="chunk" />
<markable id="markable_705" span="word_3152..word_3153" tag="np" mmax_level="chunk" />
<markable id="markable_706" span="word_3157" tag="np" mmax_level="chunk" />
<markable id="markable_707" span="word_3160..word_3161" tag="np" mmax_level="chunk" />
<markable id="markable_708" span="word_3164" tag="np" mmax_level="chunk" />
<markable id="markable_709" span="word_3166..word_3167" tag="np" mmax_level="chunk" />
<markable id="markable_710" span="word_3169..word_3170" tag="np" mmax_level="chunk" />
<markable id="markable_711" span="word_3172..word_3174" tag="np" mmax_level="chunk" />
<markable id="markable_712" span="word_3178..word_3179" tag="np" mmax_level="chunk" />
<markable id="markable_713" span="word_3181..word_3182" tag="np" mmax_level="chunk" />
<markable id="markable_714" span="word_3185..word_3186" tag="np" mmax_level="chunk" />
<markable id="markable_715" span="word_3189..word_3190" tag="np" mmax_level="chunk" />
<markable id="markable_716" span="word_3192" tag="np" mmax_level="chunk" />
<markable id="markable_717" span="word_3195" tag="np" mmax_level="chunk" />
<markable id="markable_718" span="word_3197..word_3198" tag="np" mmax_level="chunk" />
<markable id="markable_719" span="word_3200..word_3201" tag="np" mmax_level="chunk" />
<markable id="markable_720" span="word_3203" tag="np" mmax_level="chunk" />
<markable id="markable_721" span="word_3205" tag="np" mmax_level="chunk" />
<markable id="markable_722" span="word_3207..word_3208" tag="np" mmax_level="chunk" />
<markable id="markable_723" span="word_3210..word_3212" tag="np" mmax_level="chunk" />
<markable id="markable_724" span="word_3215" tag="np" mmax_level="chunk" />
<markable id="markable_725" span="word_3219" tag="np" mmax_level="chunk" />
<markable id="markable_726" span="word_3221..word_3224" tag="np" mmax_level="chunk" />
<markable id="markable_727" span="word_3226..word_3227" tag="np" mmax_level="chunk" />
<markable id="markable_728" span="word_3230" tag="np" mmax_level="chunk" />
<markable id="markable_729" span="word_3233..word_3234" tag="np" mmax_level="chunk" />
<markable id="markable_730" span="word_3236" tag="np" mmax_level="chunk" />
<markable id="markable_731" span="word_3239" tag="np" mmax_level="chunk" />
<markable id="markable_732" span="word_3241..word_3243" tag="np" mmax_level="chunk" />
<markable id="markable_733" span="word_3247..word_3248" tag="np" mmax_level="chunk" />
<markable id="markable_734" span="word_3253" tag="np" mmax_level="chunk" />
<markable id="markable_735" span="word_3255..word_3256" tag="np" mmax_level="chunk" />
<markable id="markable_736" span="word_3260..word_3262" tag="np" mmax_level="chunk" />
<markable id="markable_737" span="word_3264..word_3266" tag="np" mmax_level="chunk" />
<markable id="markable_738" span="word_3268..word_3270" tag="np" mmax_level="chunk" />
<markable id="markable_739" span="word_3272..word_3273" tag="np" mmax_level="chunk" />
<markable id="markable_740" span="word_3275" tag="np" mmax_level="chunk" />
<markable id="markable_741" span="word_3277" tag="np" mmax_level="chunk" />
<markable id="markable_742" span="word_3282..word_3283" tag="np" mmax_level="chunk" />
<markable id="markable_743" span="word_3286" tag="np" mmax_level="chunk" />
<markable id="markable_744" span="word_3289..word_3291" tag="np" mmax_level="chunk" />
<markable id="markable_745" span="word_3293..word_3295" tag="np" mmax_level="chunk" />
<markable id="markable_746" span="word_3298..word_3300" tag="np" mmax_level="chunk" />
<markable id="markable_747" span="word_3306..word_3309" tag="np" mmax_level="chunk" />
<markable id="markable_748" span="word_3311" tag="np" mmax_level="chunk" />
<markable id="markable_749" span="word_3313..word_3315" tag="np" mmax_level="chunk" />
<markable id="markable_750" span="word_3317..word_3318" tag="np" mmax_level="chunk" />
<markable id="markable_751" span="word_3320..word_3321" tag="np" mmax_level="chunk" />
<markable id="markable_752" span="word_3323..word_3324" tag="np" mmax_level="chunk" />
<markable id="markable_753" span="word_3327" tag="np" mmax_level="chunk" />
<markable id="markable_754" span="word_3329" tag="np" mmax_level="chunk" />
<markable id="markable_755" span="word_3331..word_3333" tag="np" mmax_level="chunk" />
<markable id="markable_756" span="word_3338..word_3340" tag="np" mmax_level="chunk" />
<markable id="markable_757" span="word_3343..word_3347" tag="np" mmax_level="chunk" />
<markable id="markable_758" span="word_3350" tag="np" mmax_level="chunk" />
<markable id="markable_759" span="word_3352..word_3353" tag="np" mmax_level="chunk" />
<markable id="markable_760" span="word_3355..word_3357" tag="np" mmax_level="chunk" />
<markable id="markable_761" span="word_3359..word_3361" tag="np" mmax_level="chunk" />
<markable id="markable_762" span="word_3363..word_3365" tag="np" mmax_level="chunk" />
<markable id="markable_763" span="word_3371..word_3372" tag="np" mmax_level="chunk" />
<markable id="markable_764" span="word_3374..word_3378" tag="np" mmax_level="chunk" />
<markable id="markable_765" span="word_3383..word_3385" tag="np" mmax_level="chunk" />
<markable id="markable_766" span="word_3387..word_3388" tag="np" mmax_level="chunk" />
<markable id="markable_767" span="word_3391" tag="np" mmax_level="chunk" />
<markable id="markable_768" span="word_3393..word_3394" tag="np" mmax_level="chunk" />
<markable id="markable_769" span="word_3396..word_3397" tag="np" mmax_level="chunk" />
<markable id="markable_770" span="word_3400..word_3401" tag="np" mmax_level="chunk" />
<markable id="markable_771" span="word_3403..word_3405" tag="np" mmax_level="chunk" />
<markable id="markable_772" span="word_3407..word_3408" tag="np" mmax_level="chunk" />
<markable id="markable_773" span="word_3412" tag="np" mmax_level="chunk" />
<markable id="markable_774" span="word_3416" tag="np" mmax_level="chunk" />
<markable id="markable_775" span="word_3418..word_3419" tag="np" mmax_level="chunk" />
<markable id="markable_776" span="word_3422..word_3423" tag="np" mmax_level="chunk" />
<markable id="markable_777" span="word_3426..word_3427" tag="np" mmax_level="chunk" />
<markable id="markable_778" span="word_3431" tag="np" mmax_level="chunk" />
<markable id="markable_779" span="word_3435" tag="np" mmax_level="chunk" />
<markable id="markable_780" span="word_3437..word_3439" tag="np" mmax_level="chunk" />
<markable id="markable_781" span="word_3441" tag="np" mmax_level="chunk" />
<markable id="markable_782" span="word_3443..word_3445" tag="np" mmax_level="chunk" />
<markable id="markable_783" span="word_3449" tag="np" mmax_level="chunk" />
<markable id="markable_784" span="word_3451" tag="np" mmax_level="chunk" />
<markable id="markable_785" span="word_3453" tag="np" mmax_level="chunk" />
<markable id="markable_786" span="word_3455" tag="np" mmax_level="chunk" />
<markable id="markable_787" span="word_3457..word_3458" tag="np" mmax_level="chunk" />
<markable id="markable_788" span="word_3461" tag="np" mmax_level="chunk" />
<markable id="markable_789" span="word_3463..word_3464" tag="np" mmax_level="chunk" />
<markable id="markable_790" span="word_3466..word_3467" tag="np" mmax_level="chunk" />
<markable id="markable_791" span="word_3470" tag="np" mmax_level="chunk" />
<markable id="markable_792" span="word_3472" tag="np" mmax_level="chunk" />
<markable id="markable_793" span="word_3477..word_3478" tag="np" mmax_level="chunk" />
<markable id="markable_794" span="word_3480" tag="np" mmax_level="chunk" />
<markable id="markable_795" span="word_3483..word_3485" tag="np" mmax_level="chunk" />
<markable id="markable_796" span="word_3487" tag="np" mmax_level="chunk" />
<markable id="markable_797" span="word_3489..word_3490" tag="np" mmax_level="chunk" />
<markable id="markable_798" span="word_3492..word_3494" tag="np" mmax_level="chunk" />
<markable id="markable_799" span="word_3498..word_3499" tag="np" mmax_level="chunk" />
<markable id="markable_800" span="word_3501..word_3502" tag="np" mmax_level="chunk" />
<markable id="markable_801" span="word_3504..word_3506" tag="np" mmax_level="chunk" />
<markable id="markable_802" span="word_3508" tag="np" mmax_level="chunk" />
<markable id="markable_803" span="word_3513..word_3514" tag="np" mmax_level="chunk" />
<markable id="markable_804" span="word_3517" tag="np" mmax_level="chunk" />
<markable id="markable_805" span="word_3522" tag="np" mmax_level="chunk" />
<markable id="markable_806" span="word_3524..word_3526" tag="np" mmax_level="chunk" />
<markable id="markable_807" span="word_3527" tag="np" mmax_level="chunk" />
<markable id="markable_808" span="word_3529" tag="np" mmax_level="chunk" />
<markable id="markable_809" span="word_3532..word_3535" tag="np" mmax_level="chunk" />
<markable id="markable_810" span="word_3626" tag="np" mmax_level="chunk" />
<markable id="markable_811" span="word_3628" tag="np" mmax_level="chunk" />
<markable id="markable_812" span="word_3634..word_3637" tag="np" mmax_level="chunk" />
<markable id="markable_813" span="word_3639" tag="np" mmax_level="chunk" />
<markable id="markable_814" span="word_3641..word_3642" tag="np" mmax_level="chunk" />
<markable id="markable_815" span="word_3644..word_3646" tag="np" mmax_level="chunk" />
<markable id="markable_816" span="word_3650..word_3651" tag="np" mmax_level="chunk" />
<markable id="markable_817" span="word_3653..word_3656" tag="np" mmax_level="chunk" />
<markable id="markable_818" span="word_3659..word_3662" tag="np" mmax_level="chunk" />
<markable id="markable_819" span="word_3669" tag="np" mmax_level="chunk" />
<markable id="markable_820" span="word_3671..word_3673" tag="np" mmax_level="chunk" />
<markable id="markable_821" span="word_3680" tag="np" mmax_level="chunk" />
<markable id="markable_822" span="word_3683..word_3684" tag="np" mmax_level="chunk" />
<markable id="markable_823" span="word_3686" tag="np" mmax_level="chunk" />
<markable id="markable_824" span="word_3688..word_3690" tag="np" mmax_level="chunk" />
<markable id="markable_825" span="word_3697..word_3698" tag="np" mmax_level="chunk" />
<markable id="markable_826" span="word_3700..word_3702" tag="np" mmax_level="chunk" />
<markable id="markable_827" span="word_3704..word_3707" tag="np" mmax_level="chunk" />
<markable id="markable_828" span="word_3710..word_3711" tag="np" mmax_level="chunk" />
<markable id="markable_829" span="word_3713..word_3714" tag="np" mmax_level="chunk" />
<markable id="markable_830" span="word_3716..word_3718" tag="np" mmax_level="chunk" />
<markable id="markable_831" span="word_3723" tag="np" mmax_level="chunk" />
<markable id="markable_832" span="word_3725" tag="np" mmax_level="chunk" />
<markable id="markable_833" span="word_3729..word_3730" tag="np" mmax_level="chunk" />
<markable id="markable_834" span="word_3732..word_3734" tag="np" mmax_level="chunk" />
<markable id="markable_835" span="word_3741" tag="np" mmax_level="chunk" />
<markable id="markable_836" span="word_3744" tag="np" mmax_level="chunk" />
<markable id="markable_837" span="word_3746" tag="np" mmax_level="chunk" />
<markable id="markable_838" span="word_3749..word_3750" tag="np" mmax_level="chunk" />
<markable id="markable_839" span="word_3752..word_3753" tag="np" mmax_level="chunk" />
<markable id="markable_840" span="word_3755..word_3757" tag="np" mmax_level="chunk" />
<markable id="markable_841" span="word_3761" tag="np" mmax_level="chunk" />
<markable id="markable_842" span="word_3764..word_3765" tag="np" mmax_level="chunk" />
<markable id="markable_843" span="word_3769..word_3770" tag="np" mmax_level="chunk" />
<markable id="markable_844" span="word_3772..word_3773" tag="np" mmax_level="chunk" />
<markable id="markable_845" span="word_3777..word_3778" tag="np" mmax_level="chunk" />
<markable id="markable_846" span="word_3782" tag="np" mmax_level="chunk" />
<markable id="markable_847" span="word_3787..word_3788" tag="np" mmax_level="chunk" />
<markable id="markable_848" span="word_3790..word_3791" tag="np" mmax_level="chunk" />
<markable id="markable_849" span="word_3794..word_3795" tag="np" mmax_level="chunk" />
<markable id="markable_850" span="word_3799" tag="np" mmax_level="chunk" />
<markable id="markable_851" span="word_3803..word_3806" tag="np" mmax_level="chunk" />
<markable id="markable_852" span="word_3808..word_3809" tag="np" mmax_level="chunk" />
<markable id="markable_853" span="word_3811" tag="np" mmax_level="chunk" />
<markable id="markable_854" span="word_3815..word_3818" tag="np" mmax_level="chunk" />
<markable id="markable_855" span="word_3820..word_3821" tag="np" mmax_level="chunk" />
<markable id="markable_856" span="word_3822" tag="np" mmax_level="chunk" />
<markable id="markable_857" span="word_3827..word_3829" tag="np" mmax_level="chunk" />
<markable id="markable_858" span="word_3831..word_3832" tag="np" mmax_level="chunk" />
<markable id="markable_859" span="word_3835..word_3837" tag="np" mmax_level="chunk" />
<markable id="markable_860" span="word_3843..word_3845" tag="np" mmax_level="chunk" />
<markable id="markable_861" span="word_3847..word_3848" tag="np" mmax_level="chunk" />
<markable id="markable_862" span="word_3850" tag="np" mmax_level="chunk" />
<markable id="markable_863" span="word_3852" tag="np" mmax_level="chunk" />
<markable id="markable_864" span="word_3855..word_3857" tag="np" mmax_level="chunk" />
<markable id="markable_865" span="word_3859" tag="np" mmax_level="chunk" />
<markable id="markable_866" span="word_3862..word_3864" tag="np" mmax_level="chunk" />
<markable id="markable_867" span="word_3869..word_3871" tag="np" mmax_level="chunk" />
<markable id="markable_868" span="word_3873" tag="np" mmax_level="chunk" />
<markable id="markable_869" span="word_3879..word_3881" tag="np" mmax_level="chunk" />
<markable id="markable_870" span="word_3883..word_3885" tag="np" mmax_level="chunk" />
<markable id="markable_871" span="word_3888..word_3890" tag="np" mmax_level="chunk" />
<markable id="markable_872" span="word_3892..word_3893" tag="np" mmax_level="chunk" />
<markable id="markable_873" span="word_3898..word_3901" tag="np" mmax_level="chunk" />
<markable id="markable_874" span="word_3903..word_3905" tag="np" mmax_level="chunk" />
<markable id="markable_875" span="word_3907..word_3909" tag="np" mmax_level="chunk" />
<markable id="markable_876" span="word_3913..word_3915" tag="np" mmax_level="chunk" />
<markable id="markable_877" span="word_3917" tag="np" mmax_level="chunk" />
<markable id="markable_878" span="word_3919..word_3920" tag="np" mmax_level="chunk" />
<markable id="markable_879" span="word_3922" tag="np" mmax_level="chunk" />
<markable id="markable_880" span="word_3924..word_3925" tag="np" mmax_level="chunk" />
<markable id="markable_881" span="word_3927" tag="np" mmax_level="chunk" />
<markable id="markable_882" span="word_3930..word_3931" tag="np" mmax_level="chunk" />
<markable id="markable_883" span="word_3933..word_3935" tag="np" mmax_level="chunk" />
<markable id="markable_884" span="word_3940" tag="np" mmax_level="chunk" />
<markable id="markable_885" span="word_3942..word_3943" tag="np" mmax_level="chunk" />
<markable id="markable_886" span="word_3949..word_3951" tag="np" mmax_level="chunk" />
<markable id="markable_887" span="word_3953..word_3956" tag="np" mmax_level="chunk" />
<markable id="markable_888" span="word_3962..word_3964" tag="np" mmax_level="chunk" />
<markable id="markable_889" span="word_3966..word_3968" tag="np" mmax_level="chunk" />
<markable id="markable_890" span="word_3970..word_3971" tag="np" mmax_level="chunk" />
<markable id="markable_891" span="word_3973..word_3974" tag="np" mmax_level="chunk" />
<markable id="markable_892" span="word_3976..word_3979" tag="np" mmax_level="chunk" />
<markable id="markable_893" span="word_3981..word_3983" tag="np" mmax_level="chunk" />
<markable id="markable_894" span="word_3985..word_3987" tag="np" mmax_level="chunk" />
<markable id="markable_895" span="word_3990..word_3991" tag="np" mmax_level="chunk" />
<markable id="markable_896" span="word_3993" tag="np" mmax_level="chunk" />
<markable id="markable_897" span="word_3995" tag="np" mmax_level="chunk" />
<markable id="markable_898" span="word_3997..word_4001" tag="np" mmax_level="chunk" />
<markable id="markable_899" span="word_4003..word_4005" tag="np" mmax_level="chunk" />
<markable id="markable_900" span="word_4009..word_4010" tag="np" mmax_level="chunk" />
<markable id="markable_901" span="word_4012" tag="np" mmax_level="chunk" />
<markable id="markable_902" span="word_4014..word_4015" tag="np" mmax_level="chunk" />
<markable id="markable_903" span="word_4017..word_4022" tag="np" mmax_level="chunk" />
<markable id="markable_904" span="word_4025..word_4027" tag="np" mmax_level="chunk" />
<markable id="markable_905" span="word_4030..word_4031" tag="np" mmax_level="chunk" />
<markable id="markable_906" span="word_4033..word_4034" tag="np" mmax_level="chunk" />
<markable id="markable_907" span="word_4037..word_4038" tag="np" mmax_level="chunk" />
<markable id="markable_908" span="word_4040..word_4041" tag="np" mmax_level="chunk" />
<markable id="markable_909" span="word_4044..word_4045" tag="np" mmax_level="chunk" />
<markable id="markable_910" span="word_4047..word_4048" tag="np" mmax_level="chunk" />
<markable id="markable_911" span="word_4050..word_4052" tag="np" mmax_level="chunk" />
<markable id="markable_912" span="word_4056..word_4057" tag="np" mmax_level="chunk" />
<markable id="markable_913" span="word_4060..word_4061" tag="np" mmax_level="chunk" />
<markable id="markable_914" span="word_4064..word_4065" tag="np" mmax_level="chunk" />
<markable id="markable_915" span="word_4068..word_4070" tag="np" mmax_level="chunk" />
<markable id="markable_916" span="word_4072..word_4073" tag="np" mmax_level="chunk" />
<markable id="markable_917" span="word_4074" tag="np" mmax_level="chunk" />
<markable id="markable_918" span="word_4080..word_4081" tag="np" mmax_level="chunk" />
<markable id="markable_919" span="word_4089..word_4091" tag="np" mmax_level="chunk" />
<markable id="markable_920" span="word_4094" tag="np" mmax_level="chunk" />
<markable id="markable_921" span="word_4101..word_4103" tag="np" mmax_level="chunk" />
<markable id="markable_922" span="word_4109..word_4110" tag="np" mmax_level="chunk" />
<markable id="markable_923" span="word_4112..word_4114" tag="np" mmax_level="chunk" />
<markable id="markable_924" span="word_4116..word_4118" tag="np" mmax_level="chunk" />
<markable id="markable_925" span="word_4120" tag="np" mmax_level="chunk" />
<markable id="markable_926" span="word_4126" tag="np" mmax_level="chunk" />
<markable id="markable_927" span="word_4129..word_4130" tag="np" mmax_level="chunk" />
<markable id="markable_928" span="word_4133..word_4134" tag="np" mmax_level="chunk" />
<markable id="markable_929" span="word_4136..word_4137" tag="np" mmax_level="chunk" />
<markable id="markable_930" span="word_4141..word_4142" tag="np" mmax_level="chunk" />
<markable id="markable_931" span="word_4147..word_4148" tag="np" mmax_level="chunk" />
<markable id="markable_932" span="word_4153" tag="np" mmax_level="chunk" />
<markable id="markable_933" span="word_4159" tag="np" mmax_level="chunk" />
<markable id="markable_934" span="word_4161..word_4162" tag="np" mmax_level="chunk" />
<markable id="markable_935" span="word_4164" tag="np" mmax_level="chunk" />
<markable id="markable_936" span="word_4168" tag="np" mmax_level="chunk" />
<markable id="markable_937" span="word_4170..word_4171" tag="np" mmax_level="chunk" />
<markable id="markable_938" span="word_4173" tag="np" mmax_level="chunk" />
<markable id="markable_939" span="word_4177" tag="np" mmax_level="chunk" />
<markable id="markable_940" span="word_4179..word_4180" tag="np" mmax_level="chunk" />
<markable id="markable_941" span="word_4183..word_4185" tag="np" mmax_level="chunk" />
<markable id="markable_942" span="word_4187..word_4188" tag="np" mmax_level="chunk" />
<markable id="markable_943" span="word_4190..word_4191" tag="np" mmax_level="chunk" />
<markable id="markable_944" span="word_4195..word_4197" tag="np" mmax_level="chunk" />
<markable id="markable_945" span="word_4199..word_4200" tag="np" mmax_level="chunk" />
<markable id="markable_946" span="word_4201" tag="np" mmax_level="chunk" />
<markable id="markable_947" span="word_4206" tag="np" mmax_level="chunk" />
<markable id="markable_948" span="word_4209..word_4211" tag="np" mmax_level="chunk" />
<markable id="markable_949" span="word_4216" tag="np" mmax_level="chunk" />
<markable id="markable_950" span="word_4218..word_4220" tag="np" mmax_level="chunk" />
<markable id="markable_951" span="word_4222..word_4223" tag="np" mmax_level="chunk" />
<markable id="markable_952" span="word_4224" tag="np" mmax_level="chunk" />
<markable id="markable_953" span="word_4231" tag="np" mmax_level="chunk" />
<markable id="markable_954" span="word_4235..word_4236" tag="np" mmax_level="chunk" />
<markable id="markable_955" span="word_4238..word_4239" tag="np" mmax_level="chunk" />
<markable id="markable_956" span="word_4241..word_4243" tag="np" mmax_level="chunk" />
<markable id="markable_957" span="word_4245..word_4247" tag="np" mmax_level="chunk" />
<markable id="markable_958" span="word_4249..word_4251" tag="np" mmax_level="chunk" />
<markable id="markable_959" span="word_4256..word_4257" tag="np" mmax_level="chunk" />
<markable id="markable_960" span="word_4259..word_4260" tag="np" mmax_level="chunk" />
<markable id="markable_961" span="word_4264" tag="np" mmax_level="chunk" />
<markable id="markable_962" span="word_4268..word_4269" tag="np" mmax_level="chunk" />
<markable id="markable_963" span="word_4273..word_4275" tag="np" mmax_level="chunk" />
<markable id="markable_964" span="word_4277..word_4280" tag="np" mmax_level="chunk" />
<markable id="markable_965" span="word_4289" tag="np" mmax_level="chunk" />
<markable id="markable_966" span="word_4292..word_4293" tag="np" mmax_level="chunk" />
<markable id="markable_967" span="word_4296..word_4299" tag="np" mmax_level="chunk" />
<markable id="markable_968" span="word_4301..word_4302" tag="np" mmax_level="chunk" />
<markable id="markable_969" span="word_4304..word_4308" tag="np" mmax_level="chunk" />
<markable id="markable_970" span="word_4311..word_4312" tag="np" mmax_level="chunk" />
<markable id="markable_971" span="word_4314..word_4316" tag="np" mmax_level="chunk" />
<markable id="markable_972" span="word_4318..word_4320" tag="np" mmax_level="chunk" />
<markable id="markable_973" span="word_4326..word_4327" tag="np" mmax_level="chunk" />
<markable id="markable_974" span="word_4329..word_4331" tag="np" mmax_level="chunk" />
<markable id="markable_975" span="word_4333..word_4334" tag="np" mmax_level="chunk" />
<markable id="markable_976" span="word_4335" tag="np" mmax_level="chunk" />
<markable id="markable_977" span="word_4338..word_4339" tag="np" mmax_level="chunk" />
<markable id="markable_978" span="word_4341..word_4342" tag="np" mmax_level="chunk" />
<markable id="markable_979" span="word_4344..word_4346" tag="np" mmax_level="chunk" />
<markable id="markable_980" span="word_4348..word_4350" tag="np" mmax_level="chunk" />
<markable id="markable_981" span="word_4352..word_4353" tag="np" mmax_level="chunk" />
<markable id="markable_982" span="word_4355..word_4357" tag="np" mmax_level="chunk" />
<markable id="markable_983" span="word_4360" tag="np" mmax_level="chunk" />
<markable id="markable_984" span="word_4363..word_4364" tag="np" mmax_level="chunk" />
<markable id="markable_985" span="word_4366..word_4367" tag="np" mmax_level="chunk" />
<markable id="markable_986" span="word_4371..word_4373" tag="np" mmax_level="chunk" />
<markable id="markable_987" span="word_4380..word_4381" tag="np" mmax_level="chunk" />
<markable id="markable_988" span="word_4383..word_4386" tag="np" mmax_level="chunk" />
<markable id="markable_989" span="word_4388" tag="np" mmax_level="chunk" />
<markable id="markable_990" span="word_4394..word_4395" tag="np" mmax_level="chunk" />
<markable id="markable_991" span="word_4397" tag="np" mmax_level="chunk" />
</markables>
