<?xml version="1.0" encoding="MacRoman"?>
<!DOCTYPE markables SYSTEM "markables.dtd">
<markables xmlns="www.eml.org/NameSpaces/enamex">
<markable id="markable_0" span="word_29" tag="person" mmax_level="enamex" />
<markable id="markable_1" span="word_167" tag="location" mmax_level="enamex" />
<markable id="markable_2" span="word_213" tag="location" mmax_level="enamex" />
<markable id="markable_3" span="word_242" tag="location" mmax_level="enamex" />
<markable id="markable_4" span="word_554" tag="person" mmax_level="enamex" />
<markable id="markable_5" span="word_575" tag="person" mmax_level="enamex" />
<markable id="markable_6" span="word_664" tag="organization" mmax_level="enamex" />
<markable id="markable_7" span="word_720" tag="organization" mmax_level="enamex" />
<markable id="markable_8" span="word_747..word_749" tag="organization" mmax_level="enamex" />
<markable id="markable_9" span="word_756" tag="person" mmax_level="enamex" />
<markable id="markable_10" span="word_760" tag="person" mmax_level="enamex" />
<markable id="markable_11" span="word_785" tag="person" mmax_level="enamex" />
<markable id="markable_12" span="word_801" tag="person" mmax_level="enamex" />
<markable id="markable_13" span="word_803..word_804" tag="organization" mmax_level="enamex" />
<markable id="markable_14" span="word_806" tag="location" mmax_level="enamex" />
<markable id="markable_15" span="word_811" tag="organization" mmax_level="enamex" />
<markable id="markable_16" span="word_817" tag="person" mmax_level="enamex" />
<markable id="markable_17" span="word_819..word_820" tag="organization" mmax_level="enamex" />
<markable id="markable_18" span="word_822" tag="person" mmax_level="enamex" />
<markable id="markable_19" span="word_826" tag="location" mmax_level="enamex" />
<markable id="markable_20" span="word_828" tag="location" mmax_level="enamex" />
<markable id="markable_21" span="word_876" tag="location" mmax_level="enamex" />
<markable id="markable_22" span="word_880" tag="person" mmax_level="enamex" />
<markable id="markable_23" span="word_948" tag="organization" mmax_level="enamex" />
<markable id="markable_24" span="word_989" tag="location" mmax_level="enamex" />
<markable id="markable_25" span="word_1080" tag="person" mmax_level="enamex" />
<markable id="markable_26" span="word_1108" tag="location" mmax_level="enamex" />
<markable id="markable_27" span="word_1135" tag="person" mmax_level="enamex" />
<markable id="markable_28" span="word_1280" tag="organization" mmax_level="enamex" />
<markable id="markable_29" span="word_1354" tag="person" mmax_level="enamex" />
<markable id="markable_30" span="word_1480" tag="person" mmax_level="enamex" />
<markable id="markable_31" span="word_1536" tag="person" mmax_level="enamex" />
<markable id="markable_32" span="word_1591" tag="person" mmax_level="enamex" />
<markable id="markable_33" span="word_1613" tag="person" mmax_level="enamex" />
<markable id="markable_34" span="word_1642" tag="person" mmax_level="enamex" />
<markable id="markable_35" span="word_1666" tag="person" mmax_level="enamex" />
<markable id="markable_36" span="word_1695" tag="person" mmax_level="enamex" />
<markable id="markable_37" span="word_1753" tag="person" mmax_level="enamex" />
<markable id="markable_38" span="word_1774..word_1775" tag="organization" mmax_level="enamex" />
<markable id="markable_39" span="word_1896" tag="person" mmax_level="enamex" />
<markable id="markable_40" span="word_1907" tag="organization" mmax_level="enamex" />
<markable id="markable_41" span="word_1951" tag="person" mmax_level="enamex" />
<markable id="markable_42" span="word_2015" tag="person" mmax_level="enamex" />
<markable id="markable_43" span="word_2095" tag="person" mmax_level="enamex" />
<markable id="markable_44" span="word_2117" tag="person" mmax_level="enamex" />
<markable id="markable_45" span="word_2153" tag="person" mmax_level="enamex" />
<markable id="markable_46" span="word_2168" tag="person" mmax_level="enamex" />
<markable id="markable_47" span="word_2201" tag="person" mmax_level="enamex" />
<markable id="markable_48" span="word_2215" tag="person" mmax_level="enamex" />
<markable id="markable_49" span="word_2253" tag="person" mmax_level="enamex" />
<markable id="markable_50" span="word_2259" tag="person" mmax_level="enamex" />
<markable id="markable_51" span="word_2336" tag="person" mmax_level="enamex" />
<markable id="markable_52" span="word_2373" tag="person" mmax_level="enamex" />
<markable id="markable_53" span="word_2408" tag="person" mmax_level="enamex" />
<markable id="markable_54" span="word_2455" tag="location" mmax_level="enamex" />
<markable id="markable_55" span="word_2480" tag="person" mmax_level="enamex" />
<markable id="markable_56" span="word_2527" tag="person" mmax_level="enamex" />
<markable id="markable_57" span="word_2551" tag="person" mmax_level="enamex" />
<markable id="markable_58" span="word_2606" tag="person" mmax_level="enamex" />
<markable id="markable_59" span="word_2631" tag="person" mmax_level="enamex" />
<markable id="markable_60" span="word_2637" tag="organization" mmax_level="enamex" />
<markable id="markable_61" span="word_2642" tag="location" mmax_level="enamex" />
<markable id="markable_62" span="word_3168" tag="organization" mmax_level="enamex" />
<markable id="markable_63" span="word_3291" tag="location" mmax_level="enamex" />
<markable id="markable_64" span="word_3322" tag="location" mmax_level="enamex" />
<markable id="markable_65" span="word_3431" tag="organization" mmax_level="enamex" />
<markable id="markable_66" span="word_3442" tag="person" mmax_level="enamex" />
<markable id="markable_67" span="word_3561" tag="person" mmax_level="enamex" />
<markable id="markable_68" span="word_3577" tag="person" mmax_level="enamex" />
<markable id="markable_69" span="word_3592" tag="person" mmax_level="enamex" />
<markable id="markable_70" span="word_3654" tag="location" mmax_level="enamex" />
<markable id="markable_71" span="word_3771" tag="organization" mmax_level="enamex" />
<markable id="markable_72" span="word_3842" tag="person" mmax_level="enamex" />
<markable id="markable_73" span="word_3886" tag="person" mmax_level="enamex" />
<markable id="markable_74" span="word_3896..word_3897" tag="person" mmax_level="enamex" />
<markable id="markable_75" span="word_3899" tag="organization" mmax_level="enamex" />
<markable id="markable_76" span="word_3923" tag="person" mmax_level="enamex" />
<markable id="markable_77" span="word_4093" tag="organization" mmax_level="enamex" />
<markable id="markable_78" span="word_4099" tag="person" mmax_level="enamex" />
<markable id="markable_79" span="word_4338" tag="organization" mmax_level="enamex" />
<markable id="markable_80" span="word_4454" tag="person" mmax_level="enamex" />
<markable id="markable_81" span="word_4481" tag="person" mmax_level="enamex" />
<markable id="markable_82" span="word_4525" tag="location" mmax_level="enamex" />
</markables>
