<?xml version="1.0" encoding="US-ASCII"?>
<!DOCTYPE markables SYSTEM "markables.dtd">
<markables xmlns="www.eml.org/NameSpaces/utterance">
<markable id="markable_102" span="word_1961..word_1982" mmax_level="utterance"  type="eol" />
<markable id="markable_101" span="word_1948..word_1960" mmax_level="utterance"  type="eol" />
<markable id="markable_100" span="word_1933..word_1947" mmax_level="utterance"  type="eol" />
<markable id="markable_66" span="word_1333..word_1350" mmax_level="utterance"  type="eol" />
<markable id="markable_106" span="word_2059..word_2079" mmax_level="utterance"  type="eol" />
<markable id="markable_67" span="word_1351..word_1353" mmax_level="utterance"  type="eol" />
<markable id="markable_105" span="word_2044..word_2058" mmax_level="utterance"  type="eol" />
<markable id="markable_68" span="word_1354..word_1371" mmax_level="utterance"  type="eol" />
<markable id="markable_104" span="word_1993..word_2043" mmax_level="utterance"  type="eol" />
<markable id="markable_69" span="word_1372..word_1412" mmax_level="utterance"  type="eol" />
<markable id="markable_103" span="word_1983..word_1992" mmax_level="utterance"  type="eol" />
<markable id="markable_62" span="word_1252..word_1274" mmax_level="utterance"  type="eol" />
<markable id="markable_63" span="word_1275..word_1290" mmax_level="utterance"  type="eol" />
<markable id="markable_64" span="word_1291..word_1310" mmax_level="utterance"  type="eol" />
<markable id="markable_65" span="word_1311..word_1332" mmax_level="utterance"  type="eol" />
<markable id="markable_60" span="word_1229..word_1245" mmax_level="utterance"  type="eol" />
<markable id="markable_61" span="word_1246..word_1251" mmax_level="utterance"  type="eol" />
<markable id="markable_107" span="word_2080..word_2096" mmax_level="utterance"  type="eol" />
<markable id="markable_108" span="word_2097..word_2139" mmax_level="utterance"  type="eol" />
<markable id="markable_109" span="word_2140..word_2154" mmax_level="utterance"  type="eol" />
<markable id="markable_111" span="word_2164..word_2191" mmax_level="utterance"  type="eol" />
<markable id="markable_110" span="word_2155..word_2163" mmax_level="utterance"  type="eol" />
<markable id="markable_113" span="word_2227..word_2254" mmax_level="utterance"  type="eol" />
<markable id="markable_112" span="word_2192..word_2226" mmax_level="utterance"  type="eol" />
<markable id="markable_79" span="word_1574..word_1590" mmax_level="utterance"  type="eol" />
<markable id="markable_115" span="word_2286..word_2308" mmax_level="utterance"  type="eol" />
<markable id="markable_114" span="word_2255..word_2285" mmax_level="utterance"  type="eol" />
<markable id="markable_77" span="word_1538..word_1555" mmax_level="utterance"  type="eol" />
<markable id="markable_117" span="word_2320..word_2325" mmax_level="utterance"  type="eol" />
<markable id="markable_78" span="word_1556..word_1573" mmax_level="utterance"  type="eol" />
<markable id="markable_116" span="word_2309..word_2319" mmax_level="utterance"  type="eol" />
<markable id="markable_75" span="word_1507..word_1525" mmax_level="utterance"  type="eol" />
<markable id="markable_76" span="word_1526..word_1537" mmax_level="utterance"  type="eol" />
<markable id="markable_73" span="word_1462..word_1479" mmax_level="utterance"  type="eol" />
<markable id="markable_74" span="word_1480..word_1506" mmax_level="utterance"  type="eol" />
<markable id="markable_71" span="word_1419..word_1444" mmax_level="utterance"  type="eol" />
<markable id="markable_72" span="word_1445..word_1461" mmax_level="utterance"  type="eol" />
<markable id="markable_70" span="word_1413..word_1418" mmax_level="utterance"  type="eol" />
<markable id="markable_44" span="word_815..word_829" mmax_level="utterance"  type="eol" />
<markable id="markable_45" span="word_830..word_835" mmax_level="utterance"  type="eol" />
<markable id="markable_46" span="word_836..word_844" mmax_level="utterance"  type="eol" />
<markable id="markable_47" span="word_845..word_857" mmax_level="utterance"  type="eol" />
<markable id="markable_48" span="word_858..word_873" mmax_level="utterance"  type="eol" />
<markable id="markable_49" span="word_874..word_879" mmax_level="utterance"  type="eol" />
<markable id="markable_40" span="word_760..word_779" mmax_level="utterance"  type="eol" />
<markable id="markable_41" span="word_780..word_786" mmax_level="utterance"  type="eol" />
<markable id="markable_42" span="word_787..word_795" mmax_level="utterance"  type="eol" />
<markable id="markable_43" span="word_796..word_814" mmax_level="utterance"  type="eol" />
<markable id="markable_57" span="word_1142..word_1156" mmax_level="utterance"  type="eol" />
<markable id="markable_58" span="word_1157..word_1216" mmax_level="utterance"  type="eol" />
<markable id="markable_55" span="word_1088..word_1119" mmax_level="utterance"  type="eol" />
<markable id="markable_56" span="word_1120..word_1141" mmax_level="utterance"  type="eol" />
<markable id="markable_59" span="word_1217..word_1228" mmax_level="utterance"  type="eol" />
<markable id="markable_50" span="word_880..word_886" mmax_level="utterance"  type="eol" />
<markable id="markable_53" span="word_905..word_1051" mmax_level="utterance"  type="eol" />
<markable id="markable_54" span="word_1052..word_1087" mmax_level="utterance"  type="eol" />
<markable id="markable_51" span="word_887..word_898" mmax_level="utterance"  type="eol" />
<markable id="markable_52" span="word_899..word_904" mmax_level="utterance"  type="eol" />
<markable id="markable_160" span="word_2924..word_2926" mmax_level="utterance"  type="eol" />
<markable id="markable_141" span="word_2633..word_2636" mmax_level="utterance"  type="eol" />
<markable id="markable_161" span="word_2927..word_2931" mmax_level="utterance"  type="eol" />
<markable id="markable_142" span="word_2637..word_2664" mmax_level="utterance"  type="eol" />
<markable id="markable_162" span="word_2932..word_2941" mmax_level="utterance"  type="eol" />
<markable id="markable_163" span="word_2942..word_2944" mmax_level="utterance"  type="eol" />
<markable id="markable_140" span="word_2619..word_2632" mmax_level="utterance"  type="eol" />
<markable id="markable_164" span="word_2945..word_2950" mmax_level="utterance"  type="eol" />
<markable id="markable_145" span="word_2690..word_2701" mmax_level="utterance"  type="eol" />
<markable id="markable_165" span="word_2951..word_2955" mmax_level="utterance"  type="eol" />
<markable id="markable_146" span="word_2702..word_2720" mmax_level="utterance"  type="eol" />
<markable id="markable_166" span="word_2956..word_2961" mmax_level="utterance"  type="eol" />
<markable id="markable_143" span="word_2665..word_2672" mmax_level="utterance"  type="eol" />
<markable id="markable_167" span="word_2962..word_2971" mmax_level="utterance"  type="eol" />
<markable id="markable_144" span="word_2673..word_2689" mmax_level="utterance"  type="eol" />
<markable id="markable_168" span="word_2972..word_2979" mmax_level="utterance"  type="eol" />
<markable id="markable_149" span="word_2733..word_2763" mmax_level="utterance"  type="eol" />
<markable id="markable_169" span="word_2980..word_2983" mmax_level="utterance"  type="eol" />
<markable id="markable_147" span="word_2721..word_2727" mmax_level="utterance"  type="eol" />
<markable id="markable_148" span="word_2728..word_2732" mmax_level="utterance"  type="eol" />
<markable id="markable_170" span="word_2984..word_2985" mmax_level="utterance"  type="eol" />
<markable id="markable_171" span="word_2986..word_2994" mmax_level="utterance"  type="eol" />
<markable id="markable_150" span="word_2764..word_2771" mmax_level="utterance"  type="eol" />
<markable id="markable_174" span="word_3009..word_3030" mmax_level="utterance"  type="eol" />
<markable id="markable_151" span="word_2772..word_2806" mmax_level="utterance"  type="eol" />
<markable id="markable_175" span="word_3031..word_3034" mmax_level="utterance"  type="eol" />
<markable id="markable_152" span="word_2807..word_2833" mmax_level="utterance"  type="eol" />
<markable id="markable_172" span="word_2995..word_2999" mmax_level="utterance"  type="eol" />
<markable id="markable_153" span="word_2834..word_2844" mmax_level="utterance"  type="eol" />
<markable id="markable_173" span="word_3000..word_3008" mmax_level="utterance"  type="eol" />
<markable id="markable_154" span="word_2845..word_2867" mmax_level="utterance"  type="eol" />
<markable id="markable_178" span="word_3065..word_3088" mmax_level="utterance"  type="eol" />
<markable id="markable_155" span="word_2868..word_2892" mmax_level="utterance"  type="eol" />
<markable id="markable_179" span="word_3089..word_3100" mmax_level="utterance"  type="eol" />
<markable id="markable_156" span="word_2893..word_2908" mmax_level="utterance"  type="eol" />
<markable id="markable_176" span="word_3035..word_3042" mmax_level="utterance"  type="eol" />
<markable id="markable_157" span="word_2909..word_2910" mmax_level="utterance"  type="eol" />
<markable id="markable_177" span="word_3043..word_3064" mmax_level="utterance"  type="eol" />
<markable id="markable_158" span="word_2911..word_2917" mmax_level="utterance"  type="eol" />
<markable id="markable_159" span="word_2918..word_2923" mmax_level="utterance"  type="eol" />
<markable id="markable_119" span="word_2332..word_2346" mmax_level="utterance"  type="eol" />
<markable id="markable_118" span="word_2326..word_2331" mmax_level="utterance"  type="eol" />
<markable id="markable_81" span="word_1603..word_1620" mmax_level="utterance"  type="eol" />
<markable id="markable_183" span="word_3187..word_3228" mmax_level="utterance"  type="eol" />
<markable id="markable_80" span="word_1591..word_1602" mmax_level="utterance"  type="eol" />
<markable id="markable_120" span="word_2347..word_2361" mmax_level="utterance"  type="eol" />
<markable id="markable_184" span="word_3229..word_3252" mmax_level="utterance"  type="eol" />
<markable id="markable_83" span="word_1626..word_1636" mmax_level="utterance"  type="eol" />
<markable id="markable_185" span="word_3253..word_3255" mmax_level="utterance"  type="eol" />
<markable id="markable_82" span="word_1621..word_1625" mmax_level="utterance"  type="eol" />
<markable id="markable_186" span="word_3256..word_3270" mmax_level="utterance"  type="eol" />
<markable id="markable_85" span="word_1654..word_1658" mmax_level="utterance"  type="eol" />
<markable id="markable_84" span="word_1637..word_1653" mmax_level="utterance"  type="eol" />
<markable id="markable_180" span="word_3101..word_3107" mmax_level="utterance"  type="eol" />
<markable id="markable_87" span="word_1686..word_1717" mmax_level="utterance"  type="eol" />
<markable id="markable_181" span="word_3108..word_3162" mmax_level="utterance"  type="eol" />
<markable id="markable_86" span="word_1659..word_1685" mmax_level="utterance"  type="eol" />
<markable id="markable_182" span="word_3163..word_3186" mmax_level="utterance"  type="eol" />
<markable id="markable_89" span="word_1740..word_1762" mmax_level="utterance"  type="eol" />
<markable id="markable_127" span="word_2415..word_2429" mmax_level="utterance"  type="eol" />
<markable id="markable_88" span="word_1718..word_1739" mmax_level="utterance"  type="eol" />
<markable id="markable_128" span="word_2430..word_2456" mmax_level="utterance"  type="eol" />
<markable id="markable_125" span="word_2396..word_2405" mmax_level="utterance"  type="eol" />
<markable id="markable_126" span="word_2406..word_2414" mmax_level="utterance"  type="eol" />
<markable id="markable_123" span="word_2384..word_2391" mmax_level="utterance"  type="eol" />
<markable id="markable_187" span="word_3271..word_3282" mmax_level="utterance"  type="eol" />
<markable id="markable_124" span="word_2392..word_2395" mmax_level="utterance"  type="eol" />
<markable id="markable_188" span="word_3283..word_3293" mmax_level="utterance"  type="eol" />
<markable id="markable_121" span="word_2362..word_2375" mmax_level="utterance"  type="eol" />
<markable id="markable_189" span="word_3294..word_3309" mmax_level="utterance"  type="eol" />
<markable id="markable_122" span="word_2376..word_2383" mmax_level="utterance"  type="eol" />
<markable id="markable_129" span="word_2457..word_2463" mmax_level="utterance"  type="eol" />
<markable id="markable_90" span="word_1763..word_1768" mmax_level="utterance"  type="eol" />
<markable id="markable_196" span="word_3454..word_3495" mmax_level="utterance"  type="eol" />
<markable id="markable_94" span="word_1798..word_1816" mmax_level="utterance"  type="eol" />
<markable id="markable_197" span="word_3496..word_3505" mmax_level="utterance"  type="eol" />
<markable id="markable_93" span="word_1788..word_1797" mmax_level="utterance"  type="eol" />
<markable id="markable_194" span="word_3427..word_3433" mmax_level="utterance"  type="eol" />
<markable id="markable_92" span="word_1775..word_1787" mmax_level="utterance"  type="eol" />
<markable id="markable_130" span="word_2464..word_2476" mmax_level="utterance"  type="eol" />
<markable id="markable_195" span="word_3434..word_3453" mmax_level="utterance"  type="eol" />
<markable id="markable_91" span="word_1769..word_1774" mmax_level="utterance"  type="eol" />
<markable id="markable_131" span="word_2477..word_2485" mmax_level="utterance"  type="eol" />
<markable id="markable_98" span="word_1891..word_1902" mmax_level="utterance"  type="eol" />
<markable id="markable_192" span="word_3330..word_3405" mmax_level="utterance"  type="eol" />
<markable id="markable_97" span="word_1875..word_1890" mmax_level="utterance"  type="eol" />
<markable id="markable_193" span="word_3406..word_3426" mmax_level="utterance"  type="eol" />
<markable id="markable_96" span="word_1844..word_1874" mmax_level="utterance"  type="eol" />
<markable id="markable_190" span="word_3310..word_3323" mmax_level="utterance"  type="eol" />
<markable id="markable_95" span="word_1817..word_1843" mmax_level="utterance"  type="eol" />
<markable id="markable_191" span="word_3324..word_3329" mmax_level="utterance"  type="eol" />
<markable id="markable_136" span="word_2549..word_2572" mmax_level="utterance"  type="eol" />
<markable id="markable_137" span="word_2573..word_2588" mmax_level="utterance"  type="eol" />
<markable id="markable_138" span="word_2589..word_2595" mmax_level="utterance"  type="eol" />
<markable id="markable_99" span="word_1903..word_1932" mmax_level="utterance"  type="eol" />
<markable id="markable_139" span="word_2596..word_2618" mmax_level="utterance"  type="eol" />
<markable id="markable_132" span="word_2486..word_2501" mmax_level="utterance"  type="eol" />
<markable id="markable_133" span="word_2502..word_2528" mmax_level="utterance"  type="eol" />
<markable id="markable_198" span="word_3506..word_3534" mmax_level="utterance"  type="eol" />
<markable id="markable_134" span="word_2529..word_2542" mmax_level="utterance"  type="eol" />
<markable id="markable_199" span="word_3535..word_3553" mmax_level="utterance"  type="eol" />
<markable id="markable_135" span="word_2543..word_2548" mmax_level="utterance"  type="eol" />
<markable id="markable_16" span="word_261..word_281" mmax_level="utterance"  type="eol" />
<markable id="markable_15" span="word_245..word_260" mmax_level="utterance"  type="eol" />
<markable id="markable_18" span="word_323..word_375" mmax_level="utterance"  type="eol" />
<markable id="markable_17" span="word_282..word_322" mmax_level="utterance"  type="eol" />
<markable id="markable_12" span="word_173..word_198" mmax_level="utterance"  type="eol" />
<markable id="markable_11" span="word_162..word_172" mmax_level="utterance"  type="eol" />
<markable id="markable_14" span="word_216..word_244" mmax_level="utterance"  type="eol" />
<markable id="markable_13" span="word_199..word_215" mmax_level="utterance"  type="eol" />
<markable id="markable_10" span="word_134..word_161" mmax_level="utterance"  type="eol" />
<markable id="markable_8" span="word_110..word_127" mmax_level="utterance"  type="eol" />
<markable id="markable_9" span="word_128..word_133" mmax_level="utterance"  type="eol" />
<markable id="markable_34" span="word_667..word_689" mmax_level="utterance"  type="eol" />
<markable id="markable_33" span="word_645..word_666" mmax_level="utterance"  type="eol" />
<markable id="markable_36" span="word_694..word_719" mmax_level="utterance"  type="eol" />
<markable id="markable_35" span="word_690..word_693" mmax_level="utterance"  type="eol" />
<markable id="markable_38" span="word_727..word_753" mmax_level="utterance"  type="eol" />
<markable id="markable_37" span="word_720..word_726" mmax_level="utterance"  type="eol" />
<markable id="markable_39" span="word_754..word_759" mmax_level="utterance"  type="eol" />
<markable id="markable_30" span="word_597..word_625" mmax_level="utterance"  type="eol" />
<markable id="markable_32" span="word_632..word_644" mmax_level="utterance"  type="eol" />
<markable id="markable_31" span="word_626..word_631" mmax_level="utterance"  type="eol" />
<markable id="markable_19" span="word_376..word_382" mmax_level="utterance"  type="eol" />
<markable id="markable_7" span="word_69..word_109" mmax_level="utterance"  type="eol" />
<markable id="markable_25" span="word_494..word_508" mmax_level="utterance"  type="eol" />
<markable id="markable_6" span="word_60..word_68" mmax_level="utterance"  type="eol" />
<markable id="markable_24" span="word_469..word_493" mmax_level="utterance"  type="eol" />
<markable id="markable_5" span="word_31..word_59" mmax_level="utterance"  type="eol" />
<markable id="markable_23" span="word_458..word_468" mmax_level="utterance"  type="eol" />
<markable id="markable_4" span="word_21..word_30" mmax_level="utterance"  type="eol" />
<markable id="markable_22" span="word_442..word_457" mmax_level="utterance"  type="eol" />
<markable id="markable_3" span="word_11..word_20" mmax_level="utterance"  type="eol" />
<markable id="markable_29" span="word_573..word_596" mmax_level="utterance"  type="eol" />
<markable id="markable_2" span="word_5..word_10" mmax_level="utterance"  type="eol" />
<markable id="markable_28" span="word_551..word_572" mmax_level="utterance"  type="eol" />
<markable id="markable_1" span="word_1..word_4" mmax_level="utterance"  type="eol" />
<markable id="markable_27" span="word_526..word_550" mmax_level="utterance"  type="eol" />
<markable id="markable_26" span="word_509..word_525" mmax_level="utterance"  type="eol" />
<markable id="markable_21" span="word_399..word_441" mmax_level="utterance"  type="eol" />
<markable id="markable_20" span="word_383..word_398" mmax_level="utterance"  type="eol" />
<markable id="markable_213" span="word_3930..word_4043" mmax_level="utterance"  type="eol" />
<markable id="markable_214" span="word_4044..word_4066" mmax_level="utterance"  type="eol" />
<markable id="markable_215" span="word_4067..word_4075" mmax_level="utterance"  type="eol" />
<markable id="markable_216" span="word_4076..word_4089" mmax_level="utterance"  type="eol" />
<markable id="markable_210" span="word_3844..word_3871" mmax_level="utterance"  type="eol" />
<markable id="markable_211" span="word_3872..word_3903" mmax_level="utterance"  type="eol" />
<markable id="markable_212" span="word_3904..word_3929" mmax_level="utterance"  type="eol" />
<markable id="markable_207" span="word_3768..word_3780" mmax_level="utterance"  type="eol" />
<markable id="markable_206" span="word_3727..word_3767" mmax_level="utterance"  type="eol" />
<markable id="markable_209" span="word_3810..word_3843" mmax_level="utterance"  type="eol" />
<markable id="markable_208" span="word_3781..word_3809" mmax_level="utterance"  type="eol" />
<markable id="markable_204" span="word_3670..word_3708" mmax_level="utterance"  type="eol" />
<markable id="markable_205" span="word_3709..word_3726" mmax_level="utterance"  type="eol" />
<markable id="markable_202" span="word_3600..word_3638" mmax_level="utterance"  type="eol" />
<markable id="markable_203" span="word_3639..word_3669" mmax_level="utterance"  type="eol" />
<markable id="markable_200" span="word_3554..word_3562" mmax_level="utterance"  type="eol" />
<markable id="markable_201" span="word_3563..word_3599" mmax_level="utterance"  type="eol" />
<markable id="markable_230" span="word_4477..word_4482" mmax_level="utterance"  type="eol" />
<markable id="markable_231" span="word_4483..word_4492" mmax_level="utterance"  type="eol" />
<markable id="markable_232" span="word_4493..word_4497" mmax_level="utterance"  type="eol" />
<markable id="markable_233" span="word_4498..word_4501" mmax_level="utterance"  type="eol" />
<markable id="markable_234" span="word_4502..word_4508" mmax_level="utterance"  type="eol" />
<markable id="markable_235" span="word_4509..word_4546" mmax_level="utterance"  type="eol" />
<markable id="markable_229" span="word_4448..word_4476" mmax_level="utterance"  type="eol" />
<markable id="markable_228" span="word_4419..word_4447" mmax_level="utterance"  type="eol" />
<markable id="markable_222" span="word_4335..word_4347" mmax_level="utterance"  type="eol" />
<markable id="markable_223" span="word_4348..word_4373" mmax_level="utterance"  type="eol" />
<markable id="markable_220" span="word_4316..word_4328" mmax_level="utterance"  type="eol" />
<markable id="markable_221" span="word_4329..word_4334" mmax_level="utterance"  type="eol" />
<markable id="markable_226" span="word_4396..word_4404" mmax_level="utterance"  type="eol" />
<markable id="markable_227" span="word_4405..word_4418" mmax_level="utterance"  type="eol" />
<markable id="markable_224" span="word_4374..word_4381" mmax_level="utterance"  type="eol" />
<markable id="markable_225" span="word_4382..word_4395" mmax_level="utterance"  type="eol" />
<markable id="markable_219" span="word_4308..word_4315" mmax_level="utterance"  type="eol" />
<markable id="markable_218" span="word_4095..word_4307" mmax_level="utterance"  type="eol" />
<markable id="markable_217" span="word_4090..word_4094" mmax_level="utterance"  type="eol" />
</markables>