<?xml version="1.0" encoding="MacRoman"?>
<!DOCTYPE markables SYSTEM "markables.dtd">
<markables xmlns="www.eml.org/NameSpaces/sentence">
<markable id="markable_0" span="word_1..word_20" orderid="0" mmax_level="sentence" />
<markable id="markable_1" span="word_21..word_30" orderid="1" mmax_level="sentence" />
<markable id="markable_2" span="word_31..word_59" orderid="2" mmax_level="sentence" />
<markable id="markable_3" span="word_60..word_68" orderid="3" mmax_level="sentence" />
<markable id="markable_4" span="word_69..word_109" orderid="4" mmax_level="sentence" />
<markable id="markable_5" span="word_110..word_127" orderid="5" mmax_level="sentence" />
<markable id="markable_6" span="word_128..word_133" orderid="6" mmax_level="sentence" />
<markable id="markable_7" span="word_134..word_161" orderid="7" mmax_level="sentence" />
<markable id="markable_8" span="word_162..word_172" orderid="8" mmax_level="sentence" />
<markable id="markable_9" span="word_173..word_198" orderid="9" mmax_level="sentence" />
<markable id="markable_10" span="word_199..word_215" orderid="10" mmax_level="sentence" />
<markable id="markable_11" span="word_216..word_244" orderid="11" mmax_level="sentence" />
<markable id="markable_12" span="word_245..word_260" orderid="12" mmax_level="sentence" />
<markable id="markable_13" span="word_261..word_281" orderid="13" mmax_level="sentence" />
<markable id="markable_14" span="word_282..word_322" orderid="14" mmax_level="sentence" />
<markable id="markable_15" span="word_323..word_375" orderid="15" mmax_level="sentence" />
<markable id="markable_16" span="word_376..word_382" orderid="16" mmax_level="sentence" />
<markable id="markable_17" span="word_383..word_441" orderid="17" mmax_level="sentence" />
<markable id="markable_18" span="word_442..word_457" orderid="18" mmax_level="sentence" />
<markable id="markable_19" span="word_458..word_468" orderid="19" mmax_level="sentence" />
<markable id="markable_20" span="word_469..word_493" orderid="20" mmax_level="sentence" />
<markable id="markable_21" span="word_494..word_508" orderid="21" mmax_level="sentence" />
<markable id="markable_22" span="word_509..word_525" orderid="22" mmax_level="sentence" />
<markable id="markable_23" span="word_526..word_550" orderid="23" mmax_level="sentence" />
<markable id="markable_24" span="word_551..word_572" orderid="24" mmax_level="sentence" />
<markable id="markable_25" span="word_573..word_596" orderid="25" mmax_level="sentence" />
<markable id="markable_26" span="word_597..word_625" orderid="26" mmax_level="sentence" />
<markable id="markable_27" span="word_626..word_631" orderid="27" mmax_level="sentence" />
<markable id="markable_28" span="word_632..word_644" orderid="28" mmax_level="sentence" />
<markable id="markable_29" span="word_645..word_666" orderid="29" mmax_level="sentence" />
<markable id="markable_30" span="word_667..word_689" orderid="30" mmax_level="sentence" />
<markable id="markable_31" span="word_690..word_726" orderid="31" mmax_level="sentence" />
<markable id="markable_32" span="word_727..word_753" orderid="32" mmax_level="sentence" />
<markable id="markable_33" span="word_754..word_759" orderid="33" mmax_level="sentence" />
<markable id="markable_34" span="word_760..word_779" orderid="34" mmax_level="sentence" />
<markable id="markable_35" span="word_780..word_786" orderid="35" mmax_level="sentence" />
<markable id="markable_36" span="word_787..word_795" orderid="36" mmax_level="sentence" />
<markable id="markable_37" span="word_796..word_802" orderid="37" mmax_level="sentence" />
<markable id="markable_38" span="word_803..word_814" orderid="38" mmax_level="sentence" />
<markable id="markable_39" span="word_815..word_818" orderid="39" mmax_level="sentence" />
<markable id="markable_40" span="word_819..word_829" orderid="40" mmax_level="sentence" />
<markable id="markable_41" span="word_830..word_835" orderid="41" mmax_level="sentence" />
<markable id="markable_42" span="word_836..word_844" orderid="42" mmax_level="sentence" />
<markable id="markable_43" span="word_845..word_857" orderid="43" mmax_level="sentence" />
<markable id="markable_44" span="word_858..word_873" orderid="44" mmax_level="sentence" />
<markable id="markable_45" span="word_874..word_879" orderid="45" mmax_level="sentence" />
<markable id="markable_46" span="word_880..word_886" orderid="46" mmax_level="sentence" />
<markable id="markable_47" span="word_887..word_898" orderid="47" mmax_level="sentence" />
<markable id="markable_48" span="word_899..word_904" orderid="48" mmax_level="sentence" />
<markable id="markable_49" span="word_905..word_1051" orderid="49" mmax_level="sentence" />
<markable id="markable_50" span="word_1052..word_1087" orderid="50" mmax_level="sentence" />
<markable id="markable_51" span="word_1088..word_1119" orderid="51" mmax_level="sentence" />
<markable id="markable_52" span="word_1120..word_1156" orderid="52" mmax_level="sentence" />
<markable id="markable_53" span="word_1157..word_1216" orderid="53" mmax_level="sentence" />
<markable id="markable_54" span="word_1217..word_1228" orderid="54" mmax_level="sentence" />
<markable id="markable_55" span="word_1229..word_1245" orderid="55" mmax_level="sentence" />
<markable id="markable_56" span="word_1246..word_1251" orderid="56" mmax_level="sentence" />
<markable id="markable_57" span="word_1252..word_1274" orderid="57" mmax_level="sentence" />
<markable id="markable_58" span="word_1275..word_1290" orderid="58" mmax_level="sentence" />
<markable id="markable_59" span="word_1291..word_1332" orderid="59" mmax_level="sentence" />
<markable id="markable_60" span="word_1333..word_1350" orderid="60" mmax_level="sentence" />
<markable id="markable_61" span="word_1351..word_1371" orderid="61" mmax_level="sentence" />
<markable id="markable_62" span="word_1372..word_1412" orderid="62" mmax_level="sentence" />
<markable id="markable_63" span="word_1413..word_1418" orderid="63" mmax_level="sentence" />
<markable id="markable_64" span="word_1419..word_1444" orderid="64" mmax_level="sentence" />
<markable id="markable_65" span="word_1445..word_1461" orderid="65" mmax_level="sentence" />
<markable id="markable_66" span="word_1462..word_1479" orderid="66" mmax_level="sentence" />
<markable id="markable_67" span="word_1480..word_1506" orderid="67" mmax_level="sentence" />
<markable id="markable_68" span="word_1507..word_1525" orderid="68" mmax_level="sentence" />
<markable id="markable_69" span="word_1526..word_1537" orderid="69" mmax_level="sentence" />
<markable id="markable_70" span="word_1538..word_1555" orderid="70" mmax_level="sentence" />
<markable id="markable_71" span="word_1556..word_1573" orderid="71" mmax_level="sentence" />
<markable id="markable_72" span="word_1574..word_1590" orderid="72" mmax_level="sentence" />
<markable id="markable_73" span="word_1591..word_1620" orderid="73" mmax_level="sentence" />
<markable id="markable_74" span="word_1621..word_1636" orderid="74" mmax_level="sentence" />
<markable id="markable_75" span="word_1637..word_1655" orderid="75" mmax_level="sentence" />
<markable id="markable_76" span="word_1656..word_1685" orderid="76" mmax_level="sentence" />
<markable id="markable_77" span="word_1686..word_1717" orderid="77" mmax_level="sentence" />
<markable id="markable_78" span="word_1718..word_1739" orderid="78" mmax_level="sentence" />
<markable id="markable_79" span="word_1740..word_1762" orderid="79" mmax_level="sentence" />
<markable id="markable_80" span="word_1763..word_1768" orderid="80" mmax_level="sentence" />
<markable id="markable_81" span="word_1769..word_1770" orderid="81" mmax_level="sentence" />
<markable id="markable_82" span="word_1771..word_1787" orderid="82" mmax_level="sentence" />
<markable id="markable_83" span="word_1788..word_1797" orderid="83" mmax_level="sentence" />
<markable id="markable_84" span="word_1798..word_1816" orderid="84" mmax_level="sentence" />
<markable id="markable_85" span="word_1817..word_1843" orderid="85" mmax_level="sentence" />
<markable id="markable_86" span="word_1844..word_1874" orderid="86" mmax_level="sentence" />
<markable id="markable_87" span="word_1875..word_1890" orderid="87" mmax_level="sentence" />
<markable id="markable_88" span="word_1891..word_1902" orderid="88" mmax_level="sentence" />
<markable id="markable_89" span="word_1903..word_1932" orderid="89" mmax_level="sentence" />
<markable id="markable_90" span="word_1933..word_1947" orderid="90" mmax_level="sentence" />
<markable id="markable_91" span="word_1948..word_1960" orderid="91" mmax_level="sentence" />
<markable id="markable_92" span="word_1961..word_1981" orderid="92" mmax_level="sentence" />
<markable id="markable_93" span="word_1982..word_1991" orderid="93" mmax_level="sentence" />
<markable id="markable_94" span="word_1992..word_2043" orderid="94" mmax_level="sentence" />
<markable id="markable_95" span="word_2044..word_2058" orderid="95" mmax_level="sentence" />
<markable id="markable_96" span="word_2059..word_2079" orderid="96" mmax_level="sentence" />
<markable id="markable_97" span="word_2080..word_2096" orderid="97" mmax_level="sentence" />
<markable id="markable_98" span="word_2097..word_2139" orderid="98" mmax_level="sentence" />
<markable id="markable_99" span="word_2140..word_2154" orderid="99" mmax_level="sentence" />
<markable id="markable_100" span="word_2155..word_2156" orderid="100" mmax_level="sentence" />
<markable id="markable_101" span="word_2157..word_2191" orderid="101" mmax_level="sentence" />
<markable id="markable_102" span="word_2192..word_2226" orderid="102" mmax_level="sentence" />
<markable id="markable_103" span="word_2227..word_2254" orderid="103" mmax_level="sentence" />
<markable id="markable_104" span="word_2255..word_2285" orderid="104" mmax_level="sentence" />
<markable id="markable_105" span="word_2286..word_2308" orderid="105" mmax_level="sentence" />
<markable id="markable_106" span="word_2309..word_2325" orderid="106" mmax_level="sentence" />
<markable id="markable_107" span="word_2326..word_2327" orderid="107" mmax_level="sentence" />
<markable id="markable_108" span="word_2328..word_2346" orderid="108" mmax_level="sentence" />
<markable id="markable_109" span="word_2347..word_2361" orderid="109" mmax_level="sentence" />
<markable id="markable_110" span="word_2362..word_2375" orderid="110" mmax_level="sentence" />
<markable id="markable_111" span="word_2376..word_2377" orderid="111" mmax_level="sentence" />
<markable id="markable_112" span="word_2378..word_2391" orderid="112" mmax_level="sentence" />
<markable id="markable_113" span="word_2392..word_2405" orderid="113" mmax_level="sentence" />
<markable id="markable_114" span="word_2406..word_2414" orderid="114" mmax_level="sentence" />
<markable id="markable_115" span="word_2415..word_2429" orderid="115" mmax_level="sentence" />
<markable id="markable_116" span="word_2430..word_2456" orderid="116" mmax_level="sentence" />
<markable id="markable_117" span="word_2457..word_2476" orderid="117" mmax_level="sentence" />
<markable id="markable_118" span="word_2477..word_2485" orderid="118" mmax_level="sentence" />
<markable id="markable_119" span="word_2486..word_2501" orderid="119" mmax_level="sentence" />
<markable id="markable_120" span="word_2502..word_2528" orderid="120" mmax_level="sentence" />
<markable id="markable_121" span="word_2529..word_2542" orderid="121" mmax_level="sentence" />
<markable id="markable_122" span="word_2543..word_2572" orderid="122" mmax_level="sentence" />
<markable id="markable_123" span="word_2573..word_2588" orderid="123" mmax_level="sentence" />
<markable id="markable_124" span="word_2589..word_2595" orderid="124" mmax_level="sentence" />
<markable id="markable_125" span="word_2596..word_2618" orderid="125" mmax_level="sentence" />
<markable id="markable_126" span="word_2619..word_2632" orderid="126" mmax_level="sentence" />
<markable id="markable_127" span="word_2633..word_2664" orderid="127" mmax_level="sentence" />
<markable id="markable_128" span="word_2665..word_2672" orderid="128" mmax_level="sentence" />
<markable id="markable_129" span="word_2673..word_2689" orderid="129" mmax_level="sentence" />
<markable id="markable_130" span="word_2690..word_2701" orderid="130" mmax_level="sentence" />
<markable id="markable_131" span="word_2702..word_2720" orderid="131" mmax_level="sentence" />
<markable id="markable_132" span="word_2721..word_2727" orderid="132" mmax_level="sentence" />
<markable id="markable_133" span="word_2728..word_2763" orderid="133" mmax_level="sentence" />
<markable id="markable_134" span="word_2764..word_2806" orderid="134" mmax_level="sentence" />
<markable id="markable_135" span="word_2807..word_2833" orderid="135" mmax_level="sentence" />
<markable id="markable_136" span="word_2834..word_2844" orderid="136" mmax_level="sentence" />
<markable id="markable_137" span="word_2845..word_2867" orderid="137" mmax_level="sentence" />
<markable id="markable_138" span="word_2868..word_2892" orderid="138" mmax_level="sentence" />
<markable id="markable_139" span="word_2893..word_2910" orderid="139" mmax_level="sentence" />
<markable id="markable_140" span="word_2911..word_2917" orderid="140" mmax_level="sentence" />
<markable id="markable_141" span="word_2918..word_2923" orderid="141" mmax_level="sentence" />
<markable id="markable_142" span="word_2924..word_2950" orderid="142" mmax_level="sentence" />
<markable id="markable_143" span="word_2951..word_2983" orderid="143" mmax_level="sentence" />
<markable id="markable_144" span="word_2984..word_2985" orderid="144" mmax_level="sentence" />
<markable id="markable_145" span="word_2986..word_2994" orderid="145" mmax_level="sentence" />
<markable id="markable_146" span="word_2995..word_2999" orderid="146" mmax_level="sentence" />
<markable id="markable_147" span="word_3000..word_3008" orderid="147" mmax_level="sentence" />
<markable id="markable_148" span="word_3009..word_3030" orderid="148" mmax_level="sentence" />
<markable id="markable_149" span="word_3031..word_3064" orderid="149" mmax_level="sentence" />
<markable id="markable_150" span="word_3065..word_3088" orderid="150" mmax_level="sentence" />
<markable id="markable_151" span="word_3089..word_3100" orderid="151" mmax_level="sentence" />
<markable id="markable_152" span="word_3101..word_3162" orderid="152" mmax_level="sentence" />
<markable id="markable_153" span="word_3163..word_3186" orderid="153" mmax_level="sentence" />
<markable id="markable_154" span="word_3187..word_3228" orderid="154" mmax_level="sentence" />
<markable id="markable_155" span="word_3229..word_3252" orderid="155" mmax_level="sentence" />
<markable id="markable_156" span="word_3253..word_3282" orderid="156" mmax_level="sentence" />
<markable id="markable_157" span="word_3283..word_3293" orderid="157" mmax_level="sentence" />
<markable id="markable_158" span="word_3294..word_3309" orderid="158" mmax_level="sentence" />
<markable id="markable_159" span="word_3310..word_3323" orderid="159" mmax_level="sentence" />
<markable id="markable_160" span="word_3324..word_3329" orderid="160" mmax_level="sentence" />
<markable id="markable_161" span="word_3330..word_3405" orderid="161" mmax_level="sentence" />
<markable id="markable_162" span="word_3406..word_3426" orderid="162" mmax_level="sentence" />
<markable id="markable_163" span="word_3427..word_3433" orderid="163" mmax_level="sentence" />
<markable id="markable_164" span="word_3434..word_3453" orderid="164" mmax_level="sentence" />
<markable id="markable_165" span="word_3454..word_3462" orderid="165" mmax_level="sentence" />
<markable id="markable_166" span="word_3463..word_3495" orderid="166" mmax_level="sentence" />
<markable id="markable_167" span="word_3496..word_3505" orderid="167" mmax_level="sentence" />
<markable id="markable_168" span="word_3506..word_3534" orderid="168" mmax_level="sentence" />
<markable id="markable_169" span="word_3535..word_3553" orderid="169" mmax_level="sentence" />
<markable id="markable_170" span="word_3554..word_3562" orderid="170" mmax_level="sentence" />
<markable id="markable_171" span="word_3563..word_3599" orderid="171" mmax_level="sentence" />
<markable id="markable_172" span="word_3600..word_3638" orderid="172" mmax_level="sentence" />
<markable id="markable_173" span="word_3639..word_3669" orderid="173" mmax_level="sentence" />
<markable id="markable_174" span="word_3670..word_3671" orderid="174" mmax_level="sentence" />
<markable id="markable_175" span="word_3672..word_3708" orderid="175" mmax_level="sentence" />
<markable id="markable_176" span="word_3709..word_3726" orderid="176" mmax_level="sentence" />
<markable id="markable_177" span="word_3727..word_3767" orderid="177" mmax_level="sentence" />
<markable id="markable_178" span="word_3768..word_3780" orderid="178" mmax_level="sentence" />
<markable id="markable_179" span="word_3781..word_3809" orderid="179" mmax_level="sentence" />
<markable id="markable_180" span="word_3810..word_3843" orderid="180" mmax_level="sentence" />
<markable id="markable_181" span="word_3844..word_3871" orderid="181" mmax_level="sentence" />
<markable id="markable_182" span="word_3872..word_3887" orderid="182" mmax_level="sentence" />
<markable id="markable_183" span="word_3888..word_3929" orderid="183" mmax_level="sentence" />
<markable id="markable_184" span="word_3930..word_4066" orderid="184" mmax_level="sentence" />
<markable id="markable_185" span="word_4067..word_4075" orderid="185" mmax_level="sentence" />
<markable id="markable_186" span="word_4076..word_4089" orderid="186" mmax_level="sentence" />
<markable id="markable_187" span="word_4090..word_4135" orderid="187" mmax_level="sentence" />
<markable id="markable_188" span="word_4136..word_4166" orderid="188" mmax_level="sentence" />
<markable id="markable_189" span="word_4167..word_4170" orderid="189" mmax_level="sentence" />
<markable id="markable_190" span="word_4171..word_4307" orderid="190" mmax_level="sentence" />
<markable id="markable_191" span="word_4308..word_4315" orderid="191" mmax_level="sentence" />
<markable id="markable_192" span="word_4316..word_4328" orderid="192" mmax_level="sentence" />
<markable id="markable_193" span="word_4329..word_4334" orderid="193" mmax_level="sentence" />
<markable id="markable_194" span="word_4335..word_4347" orderid="194" mmax_level="sentence" />
<markable id="markable_195" span="word_4348..word_4373" orderid="195" mmax_level="sentence" />
<markable id="markable_196" span="word_4374..word_4381" orderid="196" mmax_level="sentence" />
<markable id="markable_197" span="word_4382..word_4395" orderid="197" mmax_level="sentence" />
<markable id="markable_198" span="word_4396..word_4404" orderid="198" mmax_level="sentence" />
<markable id="markable_199" span="word_4405..word_4418" orderid="199" mmax_level="sentence" />
<markable id="markable_200" span="word_4419..word_4447" orderid="200" mmax_level="sentence" />
<markable id="markable_201" span="word_4448..word_4476" orderid="201" mmax_level="sentence" />
<markable id="markable_202" span="word_4477..word_4482" orderid="202" mmax_level="sentence" />
<markable id="markable_203" span="word_4483..word_4492" orderid="203" mmax_level="sentence" />
<markable id="markable_204" span="word_4493..word_4497" orderid="204" mmax_level="sentence" />
<markable id="markable_205" span="word_4498..word_4508" orderid="205" mmax_level="sentence" />
<markable id="markable_206" span="word_4509..word_4522" orderid="206" mmax_level="sentence" />
<markable id="markable_207" span="word_4523..word_4529" orderid="207" mmax_level="sentence" />
<markable id="markable_208" span="word_4530..word_4535" orderid="208" mmax_level="sentence" />
<markable id="markable_209" span="word_4536..word_4546" orderid="209" mmax_level="sentence" />
</markables>
