<?xml version="1.0" encoding="MacRoman"?>
<!DOCTYPE markables SYSTEM "markables.dtd">
<markables xmlns="www.eml.org/NameSpaces/parse">
<markable id="markable_0" span="word_1..word_20" tag="(ROOT (S (NP (NP (NNP Cilest) (NNP Oral) (NNP Contraceptive) (NNP Tablets)) (SBAR (WHADVP (WRB Why)) (S (NP (PRP you)) (VP (MD should) (VP (VB read) (NP (DT this) (NN leaflet)) (NP (DT This) (NN leaflet))))))) (VP (VBZ contains) (NP (NP (JJ important) (NN information)) (PP (IN about) (NP (PRP$ your) (JJ Cilest) (NNS pills))))) (. .)))" mmax_level="parse" />
<markable id="markable_1" span="word_21..word_30" tag="(ROOT (S (VP (VB Please) (S (VP (VB read) (NP (PRP it)) (ADVP (RB carefully)) (SBAR (IN before) (S (NP (PRP you)) (VP (VBP start) (S (VP (VBG taking) (NP (NNP Cilest)))))))))) (. .)))" mmax_level="parse" />
<markable id="markable_2" span="word_31..word_59" tag="(ROOT (S (SBAR (IN If) (S (NP (PRP you)) (VP (VP (VBP have) (NP (NP (DT any) (NNS questions)) (PP (IN about) (SBAR (WHNP (WP what)) (S (VP (VBZ is) (VP (VBN written) (ADVP (RB here))))))))) (CC or) (VP (VBP wish) (PP (IN for) (NP (DT any) (JJ further) (NN information))) (VB please))))) (VP (VB ask) (NP (CC either) (NP (PRP$ your) (NN doctor)) (, ,) (NP (NN nurse)) (CC or) (NP (NP (NN pharmacist)) (PRN (-LRB- -LRB-) (NP (NN chemist)) (-RRB- -RRB-))))) (. .)))" mmax_level="parse" />
<markable id="markable_3" span="word_60..word_68" tag="(ROOT (SBARQ (WHADVP (WRB How)) (SQ (VBZ does) (NP (PRP$ your) (NN body)) (VP (VB get) (ADJP (JJ ready) (PP (IN for) (NP (NN pregnancy)))))) (. ?)))" mmax_level="parse" />
<markable id="markable_4" span="word_69..word_109" tag="(ROOT (S (S (NP (PRP You)) (VP (VBP are) (ADJP (JJ able) (S (VP (TO to) (VP (VB become) (ADJP (JJ pregnant)) (PP (IN throughout) (NP (PRP$ your) (JJ fertile) (NNS years))))))))) (, ,) (NP (DT that)) (VP (VBZ is) (S (VP (TO to) (VP (VB say) (PP (IN from) (NP (NP (DT the) (NN time)) (SBAR (WHADVP (WRB when)) (S (NP (PRP you)) (VP (VBP start) (S (VP (TO to) (VP (VB have) (NP (JJ menstrual) (NNS periods)) (SBAR (IN until) (S (NP (PRP you)) (VP (VBP reach) (NP (DT the) (NN age)) (SBAR (WHADVP (WRB when)) (S (NP (PRP$ your) (NNS periods)) (VP (VBP stop))))))))))))))) (PRN (-LRB- -LRB-) (ADVP (RB usually)) (NP (PRP$ your) (JJ late) (NNS 40s)) (-RRB- -RRB-)))))) (. .)))" mmax_level="parse" />
<markable id="markable_5" span="word_110..word_127" tag="(ROOT (S (NP (NP (DT The) (NN time)) (PP (IN between) (NP (NP (DT the) (NN beginning)) (PP (IN of) (NP (NP (CD one) (JJ menstrual) (NN period)) (CC and) (NP (DT the) (JJ next))))))) (VP (VBZ is) (VP (VBD called) (NP (DT the) (JJ menstrual) (NN cycle)))) (. .)))" mmax_level="parse" />
<markable id="markable_6" span="word_128..word_133" tag="(ROOT (S (NP (PRP It)) (VP (VBZ lasts) (NP (QP (IN about) (CD 28)) (NNS days))) (. .)))" mmax_level="parse" />
<markable id="markable_7" span="word_134..word_161" tag="(ROOT (S (S (PP (IN In) (NP (NP (DT the) (NN middle)) (PP (IN of) (NP (DT the) (JJ menstrual) (NN cycle))))) (NP (NP (CD one)) (PP (IN of) (NP (DT the) (NNS ovaries)))) (VP (VBZ releases) (NP (DT an) (NN egg)) (PP (IN into) (NP (NP (DT a) (NNP Fallopian) (NN tube)) (PRN (-LRB- -LRB-) (INTJ (VB see)) (NN picture) (-RRB- -RRB-)))))) (: -) (S (NP (DT this)) (VP (VBZ is) (VP (VBN called) (S (NP (NN ovulation)))))) (. .)))" mmax_level="parse" />
<markable id="markable_8" span="word_162..word_172" tag="(ROOT (S (NP (DT The) (NN egg)) (VP (VBZ moves) (PRT (RP down)) (NP (NP (DT the) (NNP Fallopian) (NN tube)) (PP (IN towards) (NP (DT the) (NN womb))))) (. .)))" mmax_level="parse" />
<markable id="markable_9" span="word_173..word_198" tag="(ROOT (S (NP (DT The) (NN egg)) (VP (MD will) (ADVP (RB then)) (VP (CC either) (VP (VB be) (VP (VBN fertilised) (PP (IN by) (NP (NP (CD one) (NN sperm)) (PRN (-LRB- -LRB-) (NP (NN conception)) (-RRB- -RRB-)))))) (CC or) (VP (VBN discarded) (PP (IN with) (NP (NP (DT the) (NN lining)) (PP (IN of) (NP (DT the) (NN womb))) (PRN (-LRB- -LRB-) (NP (CD menstrual) (NN period)) (-RRB- -RRB-))))))) (. .)))" mmax_level="parse" />
<markable id="markable_10" span="word_199..word_215" tag="(ROOT (S (PP (IN For) (NP (DT the) (NN egg) (S (VP (TO to) (VP (VB be) (VP (VBN fertilised))))))) (, ,) (NP (PRP it)) (VP (MD must) (VP (VB encounter) (NP (NP (DT a) (NN sperm)) (PP (IN in) (NP (DT the) (NNP Fallopian) (NN tube)))))) (. .)))" mmax_level="parse" />
<markable id="markable_11" span="word_216..word_244" tag="(ROOT (S (S (SBAR (WHADVP (WRB When)) (S (NP (PRP you)) (VP (VBP have) (NP (NN sex))))) (, ,) (NP (PRP$ your) (NN partner)) (VP (VBZ releases) (NP (NP (NNS millions)) (PP (IN of) (NP (NNS sperms)))) (PP (IN into) (NP (PRP$ your) (NN vagina))))) (: ;) (S (NP (NP (DT some)) (PP (IN of) (NP (DT the) (NNS sperms)))) (VP (VBP travel) (PRT (RP up)) (PP (IN through) (NP (NP (DT the) (NN womb)) (PP (IN into) (NP (DT the) (NNP Fallopian) (NNS tubes))))))) (. .)))" mmax_level="parse" />
<markable id="markable_12" span="word_245..word_260" tag="(ROOT (S (SBAR (IN If) (S (NP (EX there)) (VP (VBZ is) (NP (NP (DT an) (NN egg)) (PP (IN in) (NP (DT a) (NNP Fallopian) (NN tube))))))) (, ,) (NP (CD one) (NN sperm)) (VP (MD will) (VP (VB fertilise) (NP (PRP it)))) (. .)))" mmax_level="parse" />
<markable id="markable_13" span="word_261..word_281" tag="(ROOT (S (NP (DT The) (JJ fertilised) (NN egg)) (VP (MD will) (VP (VP (VB move) (PP (IN towards) (NP (DT the) (NN womb)))) (, ,) (VP (VBN become) (VP (VBN implanted) (PP (IN in) (NP (DT the) (NN lining))))) (CC and) (VP (VB start) (S (VP (VBG growing) (PP (IN into) (NP (DT a) (NN baby)))))))) (. .)))" mmax_level="parse" />
<markable id="markable_14" span="word_282..word_322" tag="(ROOT (S (SBAR (IN If) (S (NP (DT the) (NN egg)) (VP (VP (VBZ does) (RB not) (VP (VB encounter) (NP (NP (DT a) (NN sperm)) (PP (IN in) (NP (DT the) (NNP Fallopian) (NN tube)))))) (CC and) (VP (VBZ is) (RB not) (VP (VBN fertilised)))))) (, ,) (S (NP (PRP it)) (VP (MD will) (VP (VB be) (VP (VBN discarded) (PP (IN with) (NP (NP (DT the) (NN lining)) (PP (IN of) (NP (DT the) (NN womb))) (PP (IN at) (NP (NP (DT the) (NN end)) (PP (IN of) (NP (DT the) (JJ menstrual) (NN cycle))))))))))) (CC and) (S (NP (PRP you)) (VP (MD will) (VP (VB have) (NP (DT a) (NN period))))) (. .)))" mmax_level="parse" />
<markable id="markable_15" span="word_323..word_375" tag="(ROOT (S (S (NP (PRP It)) (VP (VBZ is) (ADJP (JJ important)) (S (VP (TO to) (VP (VB know) (SBAR (IN that) (S (NP (DT a) (VBN released) (NN egg)) (VP (MD can) (VP (VB live) (PP (IN for) (NP (QP (RB up) (CD 2)) (NNS days)))))))))))) (: ;) (S (NP (NNS sperms)) (VP (MD can) (VP (VB live) (PP (IN for) (NP (NP (QP (IN up) (TO to) (CD 5)) (NNS days)) (PP (IN within) (NP (NP (DT a) (NN woman) (POS 's)) (NN body)))))))) (: ;) (IN so) (S (SBAR (IN if) (S (NP (PRP you)) (VP (VBP have) (VP (VBN unprotected) (NP (NN sex)) (PP (NP (QP (IN up) (TO to) (CD 5)) (NNS days)) (IN before) (NP (NP (NN ovulation)) (CC or) (NP (NP (DT a) (JJ few) (NNS days)) (PP (IN after) (NP (PRP it)))))))))) (NP (PRP you)) (VP (MD may) (VP (VB become) (ADJP (JJ pregnant))))) (. .)))" mmax_level="parse" />
<markable id="markable_16" span="word_376..word_382" tag="(ROOT (SBARQ (WHADVP (WRB How)) (SQ (VBP do) (NP (PRP$ your) (JJ natural) (NNS hormones)) (VP (VB work))) (. ?)))" mmax_level="parse" />
<markable id="markable_17" span="word_383..word_441" tag="(ROOT (S (S (NP (PRP$ Your) (NNS ovaries)) (VP (VBP make) (NP (NP (CD two) (NNS hormones)) (SBAR (WHNP (WDT which)) (S (VP (VBP control) (NP (PRP$ your) (JJ menstrual) (NN cycle)))))))) (: ;) (S (NP (DT these)) (VP (VBP are) (VP (VBN called) (S (NP (NP (JJ oestrogen) (NN progesterone)) (PP (IN During) (NP (NP (DT the) (JJ first) (NN part)) (PP (IN of) (NP (PRP$ your) (JJ menstrual) (NN cycle))) (SBAR (PRN (-LRB- -LRB-) (PP (IN before) (NP (NN ovulation))) (-RRB- -RRB-)) (S (NP (PRP$ your) (NN body)) (VP (VBZ is) (VP (VBG preparing) (NP (PRP itself)) (PP (IN for) (NP (NN pregnancy)))))))))))))) (: ;) (S (NP (JJR more) (NN oestrogen)) (VP (VBZ is) (VP (VBN produced) (SBAR (IN because) (S (NP (PRP it)) (VP (VBZ makes) (S (NP (NP (DT the) (NN lining)) (PP (IN of) (NP (DT the) (NN womb)))) (ADJP (JJR thicker))) (SBAR (IN so) (IN that) (S (NP (DT a) (JJ fertilised) (NN egg)) (VP (MD can) (VP (VB grow) (PP (IN in) (NP (PRP it))))))))))))) (. .)))" mmax_level="parse" />
<markable id="markable_18" span="word_442..word_457" tag="(ROOT (S (PP (IN During) (NP (NP (DT the) (JJ second) (NN part)) (PP (IN of) (NP (DT the) (NN cycle))) (PRN (-LRB- -LRB-) (PP (IN after) (NP (NN ovulation))) (-RRB- -RRB-)))) (NP (JJR more) (NN progesterone)) (VP (VBZ is) (VP (VBN produced))) (. .)))" mmax_level="parse" />
<markable id="markable_19" span="word_458..word_468" tag="(ROOT (S (NP (DT This)) (VP (VBZ stops) (NP (NP (DT the) (NN growth)) (PP (IN of) (NP (NP (DT the) (NN lining)) (PP (IN of) (NP (DT the) (NN womb))))))) (. .)))" mmax_level="parse" />
<markable id="markable_20" span="word_469..word_493" tag="(ROOT (S (SBAR (IN If) (S (NP (DT the) (NN egg)) (VP (VBZ is) (RB not) (VP (VBN fertilised))))) (, ,) (NP (NP (NP (DT the) (NNS amounts)) (PP (IN of) (NP (DT the) (CD two) (NNS hormones) (NN decrease)))) (CC and) (NP (DT this))) (VP (VBZ makes) (S (NP (NP (DT the) (NN lining)) (PP (IN of) (NP (DT the) (NN womb)))) (VP (VB break) (PRT (RP down))))) (. .)))" mmax_level="parse" />
<markable id="markable_21" span="word_494..word_508" tag="(ROOT (S (NP (DT The) (NN lining)) (VP (MD will) (VP (VB be) (VP (VBN discarded) (ADVP (RB together) (PP (IN with) (NP (DT the) (JJ unfertilised) (NN egg)))) (PP (IN as) (NP (DT a) (JJ menstrual) (NN bleed)))))) (. .)))" mmax_level="parse" />
<markable id="markable_22" span="word_509..word_525" tag="(ROOT (S (SBAR (IN If) (S (NP (DT the) (NN egg)) (VP (VBZ is) (VP (VBN fertilised))))) (, ,) (NP (DT the) (CD two) (NNS hormones)) (VP (MD will) (VP (VB continue) (S (VP (TO to) (VP (VB be) (VP (VBN produced) (PP (IN throughout) (NP (NN pregnancy))))))))) (. .)))" mmax_level="parse" />
<markable id="markable_23" span="word_526..word_550" tag="(ROOT (S (NP (NP (NP (DT The) (NN presence)) (PP (IN of) (NP (JJ high) (NNS levels)))) (PP (IN of) (NP (DT these) (CD two) (NNS hormones)))) (VP (VBZ stops) (NP (PRP$ your) (NNS ovaries)) (S (VP (VBG releasing) (NP (DT any) (JJ other) (NNS eggs)))) (, ,) (S (VP (TO to) (VP (VB prevent) (NP (DT any) (JJ further) (NNS conceptions)) (PP (IN during) (NP (NN pregnancy))))))) (. .)))" mmax_level="parse" />
<markable id="markable_24" span="word_551..word_572" tag="(ROOT (S (NP (NP (NNS Pills)) (PP (JJ such) (IN as) (NP (NNP Cilest)))) (VP (VBP protect) (NP (PRP you)) (PP (IN against) (NP (NN pregnancy))) (SBAR (IN because) (S (NP (PRP they)) (VP (VBP contain) (NP (NP (CD two) (JJ synthetic) (NNS hormones)) (ADJP (JJ similar) (PP (TO to) (NP (NP (DT those)) (VP (VBN produced) (PP (IN by) (NP (PRP$ your) (NN body)))))))))))) (. .)))" mmax_level="parse" />
<markable id="markable_25" span="word_573..word_596" tag="(ROOT (S (S (SBAR (IN While) (S (VP (VBG taking) (NP (NNP Cilest))))) (NP (PRP$ your) (NNS ovaries)) (VP (MD will) (RB not) (VP (VB release) (NP (NNS eggs))))) (, ,) (IN so) (S (NP (EX there)) (VP (MD will) (VP (VB be) (NP (DT no) (NNS eggs)) (S (VP (TO to) (VP (VB be) (VP (VBN fertilised) (PP (IN by) (NP (DT the) (JJ male) (NN sperm)))))))))) (. .)))" mmax_level="parse" />
<markable id="markable_26" span="word_597..word_625" tag="(ROOT (S (NP (DT These) (NNS pills)) (ADVP (RB also)) (VP (VBP thicken) (NP (JJ vaginal) (NN fluid)) (SBAR (IN so) (IN that) (S (S (NP (NN sperm) (NN cannot)) (VP (VB get) (PP (TO to) (NP (DT the) (NN womb))))) (CC and) (S (NP (PRP they)) (VP (VBP change) (NP (NP (DT the) (NN lining)) (PP (IN of) (NP (DT the) (NN womb)))) (SBAR (IN so) (IN that) (S (NP (NNS eggs) (NN cannot)) (VP (VBP grow) (ADVP (RB there)))))))))) (. .)))" mmax_level="parse" />
<markable id="markable_27" span="word_626..word_631" tag="(ROOT (SBARQ (WHADJP (WRB How) (JJ effective)) (SQ (VP (VBZ is)) (NP (DT the) (NN pill)) (. ?))))" mmax_level="parse" />
<markable id="markable_28" span="word_632..word_644" tag="(ROOT (S (NP (DT The) (NN pill)) (VP (VBZ is) (NP (NP (DT an) (ADJP (RB extremely) (JJ effective)) (NN method)) (PP (IN of) (NP (NN contraception)))) (SBAR (IN if) (S (VP (VBN taken) (ADVP (RB properly)))))) (. .)))" mmax_level="parse" />
<markable id="markable_29" span="word_645..word_666" tag="(ROOT (S (IN So) (NP (PRP you)) (VP (MD must) (VP (VB take) (NP (DT the) (NN pill)) (SBAR (RB exactly) (IN as) (S (VP (VBN described) (PP (IN in) (NP (DT this) (NN leaflet))) (PRN (-LRB- -LRB-) (VP (VB see) (NP (NN section)) (SBAR (WHADVP (WRB How)) (S (NP (PRP you)) (VP (MD should) (VP (VB take) (NP (NNP Cilest))))))) (-RRB- -RRB-))))))) (. .)))" mmax_level="parse" />
<markable id="markable_30" span="word_667..word_689" tag="(ROOT (S (NP (PRP It)) (VP (VBZ is) (ADJP (JJ important)) (S (VP (TO to) (VP (VB remember) (SBAR (IN that) (S (NP (NP (DT no) (NN form)) (PP (IN of) (NP (NN contraception))) (, ,) (RB not) (RB even) (NP (DT the) (NN pill))) (VP (MD can) (VP (VB offer) (NP (CD 100) (NN %) (NN protection)) (PP (IN against) (NP (NN pregnancy))))))))))) (. .)))" mmax_level="parse" />
<markable id="markable_31" span="word_690..word_726" tag="(ROOT (S (NP (SBAR (WHNP (WP What)) (S (VP (VBZ is) (PP (IN in) (NP (NNP Cilest))) (S (NP (DT Each) (NNP Cilest) (NN pill)) (VP (VBZ contains) (NP (NP (CD two) (NNS types)) (PP (IN of) (NP (JJ female) (NNS hormones))))))))) (: :) (NP (NP (DT A) (NN progestogen)) (VP (VBN called) (S (VP (VB norgestimate) (PRN (-LRB- -LRB-) (NP (CD 250) (NNS micrograms)) (-RRB- -RRB-)) (NP (NP (DT An) (NN oestrogen)) (VP (VBN called) (S (ADJP (JJ ethinyloestradiol)))))))) (PRN (-LRB- -LRB-) (NP (CD 35) (NNS micrograms)) (-RRB- -RRB-)) (NNP Cilest))) (ADVP (RB also)) (VP (VBZ contains) (NP (DT some) (JJ inactive) (NNS ingredients))) (. .)))" mmax_level="parse" />
<markable id="markable_32" span="word_727..word_753" tag="(ROOT (S (NP (DT These)) (VP (VBP are) (RB as) (VP (VBZ follows) (: :) (NP (NP (NP (NN anhydrous) (NN lactose)) (PRN (-LRB- -LRB-) (NP (NP (DT a) (NN type)) (PP (IN of) (NP (NN sugar)))) (-RRB- -RRB-))) (, ,) (NP (NN magnesium) (NN stearate)) (, ,) (NP (JJ pregelatinised) (NN starch)) (CC and) (NP (NNP FD) (CC &amp;amp;) (NNP C) (JJ blue) (INTJ (UH No)) (CD 2))))) (. .)))" mmax_level="parse" />
<markable id="markable_33" span="word_754..word_759" tag="(ROOT (SBARQ (WHNP (WP What)) (SQ (MD should) (NP (NNP Cilest)) (VP (VB look) (PP (IN like)))) (. ?)))" mmax_level="parse" />
<markable id="markable_34" span="word_760..word_779" tag="(ROOT (S (NP (NNS Cilest)) (VP (VBZ comes) (PP (IN in) (NP (NP (DT a) (NN carton)) (VP (VBG containing) (NP (QP (CD 1) (CC or) (CD 3)) (JJ blister) (NNS strips))))) (, ,) (NP (NP (DT each)) (VP (VBG containing) (NP (CD 21) (JJ light) (JJ blue) (JJ coloured) (NNS pills))))) (. .)))" mmax_level="parse" />
<markable id="markable_35" span="word_780..word_786" tag="(ROOT (SBARQ (WHNP (WHNP (WP What) (NN type)) (PP (IN of) (NP (NN medicine)))) (SINV (VBZ is) (NP (NNP Cilest))) (. ?)))" mmax_level="parse" />
<markable id="markable_36" span="word_787..word_795" tag="(ROOT (S (NP (NNS Cilest)) (VP (VBZ is) (NP (DT a) (VBN combined) (JJ low) (JJ dose) (JJ oral) (NN contraceptive))) (. .)))" mmax_level="parse" />
<markable id="markable_37" span="word_796..word_802" tag="(ROOT (SBARQ (WHNP (WP Who)) (SQ (VBZ is) (VP (VBN licensed) (PP (TO to) (VP (VB sell) (NP (NNP Cilest)))))) (. ?)))" mmax_level="parse" />
<markable id="markable_38" span="word_803..word_814" tag="(ROOT (NP (NP (NNP Janssen-Cilag) (NNP Ltd.)) (, ,) (NP (NP (NNP Saunderton) (, ,) (NNP High) (NNP Wycombe)) (, ,) (NP (NNP Buckinghamshire) (NNP HP14) (NNP 4HJ))) (. .)))" mmax_level="parse" />
<markable id="markable_39" span="word_815..word_818" tag="(ROOT (SBARQ (WHNP (WP Who)) (SQ (VP (VBZ makes) (NP (NNP Cilest)))) (. ?)))" mmax_level="parse" />
<markable id="markable_40" span="word_819..word_829" tag="(ROOT (NP (NP (NNP Cilag) (NNP AG)) (, ,) (NP (NP (NNP Hochstrasse) (NNP 201/209)) (, ,) (NP (NP (NNP CH-8201) (NNP Schaffhausen)) (, ,) (NP (NNP Switzerland)))) (. .)))" mmax_level="parse" />
<markable id="markable_41" span="word_830..word_835" tag="(ROOT (SBARQ (WHADVP (WRB How)) (SQ (VBP do) (NP (JJ Cilest) (NNS pills)) (VP (VB work))) (. ?)))" mmax_level="parse" />
<markable id="markable_42" span="word_836..word_844" tag="(ROOT (S (NP (PRP They)) (VP (VBP stop) (NP (NP (DT a) (NN woman) (POS 's)) (NNS ovaries)) (S (VP (VBG releasing) (NP (NNS eggs))))) (. .)))" mmax_level="parse" />
<markable id="markable_43" span="word_845..word_857" tag="(ROOT (S (NP (PRP They)) (VP (VBP thicken) (NP (JJ vaginal) (NN fluid)) (SBAR (IN so) (IN that) (S (NP (NN sperm) (NN cannot)) (VP (VBP get) (PP (TO to) (NP (DT the) (NN womb))))))) (. .)))" mmax_level="parse" />
<markable id="markable_44" span="word_858..word_873" tag="(ROOT (S (NP (PRP They)) (VP (VBP change) (NP (NP (DT the) (NN lining)) (PP (IN of) (NP (DT the) (NN womb)))) (SBAR (IN so) (IN that) (S (NP (NNS eggs)) (VP (VBP are) (ADJP (JJ unable) (S (VP (TO to) (VP (VB grow) (ADVP (RB there)))))))))) (. .)))" mmax_level="parse" />
<markable id="markable_45" span="word_874..word_879" tag="(ROOT (SBARQ (WHNP (WP What)) (SQ (VBZ is) (NP (NNP Cilest)) (VP (VBN used) (PP (IN for)))) (. ?)))" mmax_level="parse" />
<markable id="markable_46" span="word_880..word_886" tag="(ROOT (S (NP (NNS Cilest)) (VP (VBZ is) (VP (VBN used) (S (VP (TO to) (VP (VB prevent) (NP (NN pregnancy))))))) (. .)))" mmax_level="parse" />
<markable id="markable_47" span="word_887..word_898" tag="(ROOT (S (NP (PRP It)) (VP (MD may) (ADVP (RB also)) (VP (VB be) (VP (VBN recommended) (PP (IN by) (NP (NP (PRP$ your) (NN doctor)) (PP (IN for) (NP (JJ other) (NNS reasons)))))))) (. .)))" mmax_level="parse" />
<markable id="markable_48" span="word_899..word_904" tag="(ROOT (SQ (VBZ Is) (NP (NNP Cilest)) (ADJP (JJ suitable) (PP (IN for) (NP (PRP you)))) (. ?)))" mmax_level="parse" />
<markable id="markable_49" span="word_905..word_1051" tag="(FRAG (X Do) (X you) (X use) (X these) (X pills) (X if) (X :) (X You) (X are) (X or) (X think) (X you) (X may) (X be) (X pregnant) (X You) (X have) (X ,) (X or) (X have) (X ever) (X had) (X ,) (X problems) (X with) (X your) (X circulation) (X e.g.) (X phlebitis) (X or) (X blood) (X clotting) (X ,) (X severe) (X liver) (X disease) (X hepatitis) (X or) (X jaundice) (X systemic) (X lupus) (X erythematosus) (X -LRB-) (X SLE) (X -RRB-) (X You) (X have) (X had) (X any) (X of) (X the) (X following) (X problems) (X while) (X you) (X were) (X pregnant) (X or) (X taking) (X steroids) (X jaundice) (X severe) (X skin) (X itching) (X herpes) (X of) (X pregnancy) (X a) (X problem) (X of) (X hearing) (X called) (X otosclerosis) (X You) (X have) (X any) (X of) (X the) (X following) (X conditions) (X Rotor) (X syndrome) (X Dubin-Johnson) (X syndrome) (X Porphyria) (X Liver) (X cell) (X tumours) (X moderate) (X or) (X severe) (X high) (X blood) (X pressure) (X the) (X high) (X blood) (X cholesterol) (X or) (X lipid) (X -LRB-) (X fat) (X -RRB-) (X disorder) (X known) (X as) (X hyperlipoproteinaemia) (X gallstones) (X You) (X have) (X ,) (X or) (X have) (X ever) (X had) (X ,) (X tumours) (X of) (X breast) (X womb) (X ovary) (X You) (X have) (X other) (X gynaecological) (X problems) (X e.g.) (X thickening) (X of) (X the) (X lining) (X of) (X the) (X womb) (X unusual) (X or) (X irregular) (X vaginal) (X bleeding) (X which) (X your) (X doctor) (X does) (X not) (X know) (X about) (X .))" mmax_level="parse" />
<markable id="markable_50" span="word_1052..word_1087" tag="(ROOT (S (S (SBAR (IN If) (S (NP (PRP you)) (VP (VBP are) (RB not) (ADJP (JJ sure) (PP (IN about) (NP (NP (DT any)) (PP (IN of) (NP (DT these) (NNS conditions))))))))) (NP (PRP you)) (VP (MD should) (VP (VB talk) (PP (TO to) (NP (PRP$ your) (NN doctor)))))) (: -) (S (NP (PRP he)) (VP (VBZ /) (SBAR (S (NP (PRP she)) (VP (MD will) (VP (VP (VB consider) (NP (PRP$ your) (JJ medical) (NN history))) (CC and) (VP (VB decide) (SBAR (IN whether) (S (NP (NNP Cilest)) (VP (VBZ is) (ADJP (JJ suitable) (SBAR (IN for) (S (NP (PRP you)) (VP (TO to) (VP (VB take)))))))))))))))) (. .)))" mmax_level="parse" />
<markable id="markable_51" span="word_1088..word_1119" tag="(ROOT (S (S (NP (EX There)) (VP (VP (VBP are) (NP (NP (JJ certain) (NNS conditions)) (SBAR (WHNP (WDT which)) (S (NP (PRP you)) (VP (MD may) (VP (VB have))))))) (CC or) (VP (VBP have) (VP (VBN had) (PP (IN in) (NP (DT the) (NN past))) (, ,) (SBAR (WHADVP (WRB where)) (S (NP (PRP you)) (VP (MD can) (ADVP (RB still)) (VP (VB use) (NP (NNP Cilest)))))))))) (CC but) (S (NP (PRP$ your) (NN doctor)) (VP (MD may) (VP (VB need) (S (VP (TO to) (VP (VB monitor) (NP (PRP you)) (ADVP (RBR more) (RB regularly)))))))) (. .)))" mmax_level="parse" />
<markable id="markable_52" span="word_1120..word_1156" tag="(ROOT (S (SBAR (IN If) (S (S (NP (PRP you)) (ADVP (RB already)) (VP (VBP have) (NP (NP (CD one)) (PP (IN of) (NP (DT these)))))) (CC or) (S (NP (PRP you)) (VP (VP (VB develop) (NP (NP (DT any) (NN whilst)) (SBAR (S (NP (PRP you)) (VP (VBP are) (VP (VBG taking) (NP (NNP Cilest)))))))) (, ,) (VP (VB please)) (VP (VB tell) (NP (PRP$ your) (NN doctor))))))) (: -) (NP (PRP he)) (VP (VBZ /) (SBAR (S (NP (PRP she)) (VP (MD can) (ADVP (RB then)) (VP (VB decide) (SBAR (IN whether) (S (NP (PRP you)) (VP (MD should) (VP (VB continue) (S (VP (TO to) (VP (VB take) (NP (DT the) (NN pill)))))))))))))) (. .)))" mmax_level="parse" />
<markable id="markable_53" span="word_1157..word_1216" tag="(ROOT (S (NP (DT These)) (VP (VBP include) (NP (NP (DT the) (VBG following)) (: :) (NP (NP (NNP Severe) (NN varicose) (NNS veins)) (SBAR (S (NP (NP (DT A) (JJ prolonged) (NN period)) (PP (IN of) (NP (NN bed)))) (VP (VBP rest) (NP (JJ Blood) (NN clotting) (NNS problems)) (X (NP (CD Smoking) (NP (JJ High) (NN blood) (NN pressure)) (JJ High) (NX (NX (NX (NN blood) (NN cholesterol)) (CC or) (NX (NX (NNS lipids)) (PRN (-LRB- -LRB-) (NP (NNP fats)) (-RRB- -RRB-))) (NNP Heart)) (CC or) (NX (NX (NN kidney) (NNS problems)) (CC or) (NX (NN diabetes) (NN Obesity) (NNP Epilepsy) (NP (NP (NNP Migraine) (NNP Gallstones) (NNP Fibroids)) (, ,) (NP (NN endometriosis) (NNP Severe) (NN depression) (NNP Liver))) (NNS problems)) (NNP Sickle)))) (NP (NN cell) (NN disease)) (SBAR (IN If) (S (NP (PRP you)) (VP (VBP are) (S (VP (TO to) (VP (VB have) (NP (DT an) (NN operation)))))))) (X (SYM /)) (NP (JJ major) (NN surgery))))))))) (. .)))" mmax_level="parse" />
<markable id="markable_54" span="word_1217..word_1228" tag="(ROOT (S (NP (PRP It)) (VP (VBZ is) (ADJP (JJ important)) (S (VP (TO to) (VP (VB tell) (NP (PRP$ your) (NN doctor)) (PP (IN about) (NP (NP (DT any)) (PP (IN of) (NP (DT these))))))))) (. .)))" mmax_level="parse" />
<markable id="markable_55" span="word_1229..word_1245" tag="(ROOT (S (ADVP (RB Again)) (, ,) (SBAR (IN if) (S (NP (PRP you)) (VP (VBP are) (RB not) (ADJP (JJ sure) (PP (IN about) (NP (DT any))))))) (NP (PRP you)) (VP (MD should) (VP (VB discuss) (NP (PRP it)) (PP (IN with) (NP (PRP$ your) (NN doctor))))) (. .)))" mmax_level="parse" />
<markable id="markable_56" span="word_1246..word_1251" tag="(ROOT (SQ (VBP Are) (NP (PRP you)) (VP (VBG taking) (NP (JJ other) (NNS medicines))) (. ?)))" mmax_level="parse" />
<markable id="markable_57" span="word_1252..word_1274" tag="(ROOT (S (NP (PRP It)) (VP (VBZ is) (ADJP (JJ important)) (SBAR (IN that) (S (NP (PRP you)) (VP (VBP tell) (NP (PRP$ your) (NN doctor)) (PP (IN about) (NP (NP (DT any) (JJ other) (NNS medicines)) (SBAR (S (NP (PRP you)) (VP (VBP are) (VP (VBG taking))))))) (PP (VBG including) (NP (NP (DT any)) (SBAR (WHNP (IN that)) (S (NP (PRP you)) (VP (VBP have) (VP (VBN bought) (NP (PRP yourself)))))))))))) (. .)))" mmax_level="parse" />
<markable id="markable_58" span="word_1275..word_1290" tag="(ROOT (S (NP (DT Some) (JJ other) (NNS medicines)) (VP (MD may) (VP (VB prevent) (NP (NNP Cilest) (NN form)) (S (VP (VBG working) (ADVP (RB properly)) (SBAR (IN so) (IN that) (S (NP (PRP you)) (VP (MD could) (VP (VB get) (ADJP (JJ pregnant)))))))))) (. .)))" mmax_level="parse" />
<markable id="markable_59" span="word_1291..word_1332" tag="(ROOT (S (S (NP (DT These)) (VP (VBP include))) (: :) (S (NP (NP (NNS Drugs)) (VP (VBN used) (PP (IN for) (NP (NN epilepsy))))) (X (SYM /)) (VP (VBZ fits) (NP (NP (NNS Antibiotics)) (CC and) (NP (JJ certain) (JJ anti-fungal) (NNS drugs))) (SBAR (S (NP (JJ e.g.) (NX (NX (JJ griseofulvin) (NNS Laxatives)) (CC and) (NX (JJ charcoal) (NNS Barbiturates)) (NNP Cilest))) (VP (MD may) (ADVP (RB still)) (VP (VB be) (VP (VBN used) (SBAR (IN if) (S (S (NP (PRP you)) (VP (VBP are) (VP (VBG taking) (NP (NNS antibiotics)) (S (VP (TO to) (VP (VB treat) (NP (NN acne)))))))) (CC but) (S (NP (PRP you)) (VP (MD should) (VP (VB discuss) (NP (DT this)) (PP (IN with) (NP (PRP$ your) (NN doctor))))))))))))))) (. .)))" mmax_level="parse" />
<markable id="markable_60" span="word_1333..word_1350" tag="(ROOT (S (SBAR (IN If) (S (NP (PRP you)) (VP (VBP take) (NP (NP (NN insulin)) (CC or) (NP (JJ other) (NNS drugs))) (PP (IN for) (NP (NN diabetes)))))) (, ,) (NP (PRP you)) (VP (MD may) (VP (VB need) (S (VP (TO to) (VP (VB change) (NP (PRP$ their) (NN dose))))))) (. .)))" mmax_level="parse" />
<markable id="markable_61" span="word_1351..word_1371" tag="(ROOT (S (NP (NP (JJ Special) (NNS Warnings)) (: :) (NNP Cilest)) (VP (MD should) (RB not) (VP (VB be) (VP (VBN used) (PP (IN while) (NP (NN breast) (NN feeding))) (SBAR (IN as) (S (NP (PRP it)) (VP (MD may) (VP (VB reduce) (NP (NP (DT the) (NN amount)) (PP (IN of) (NP (NN breast) (NN milk))))))))))) (. .)))" mmax_level="parse" />
<markable id="markable_62" span="word_1372..word_1412" tag="(ROOT (S (NP (PRP You)) (VP (VP (MD should) (VP (VB have) (VP (VBN talked) (PP (TO to) (NP (NP (PRP$ your) (NN doctor)) (PP (IN about) (NP (NP (DT any) (NN present)) (CC and) (NP (JJ past) (JJ medical) (NNS problems)))))) (SBAR (IN as) (S (VP (VBN listed) (PP (IN above)))))))) (CC and) (VP (VBP have) (VP (VBN had) (NP (NP (DT a) (JJ full) (NN examination)) (, ,) (PP (VBG including) (NP (NP (DT a) (JJ cervical) (NN smear)) (CC and) (NP (DT any) (JJ necessary) (JJ other) (NNS tests))))) (, ,) (PP (IN before) (S (VP (VBG starting) (S (VP (TO to) (VP (VB take) (NP (DT the) (NN pill))))))))))) (. .)))" mmax_level="parse" />
<markable id="markable_63" span="word_1413..word_1418" tag="(ROOT (S (NP (DT These)) (VP (MD should) (VP (VB be) (VP (VBN repeated) (ADVP (RB regularly))))) (. .)))" mmax_level="parse" />
<markable id="markable_64" span="word_1419..word_1444" tag="(ROOT (S (NP (NN Cigarette) (NN smoking)) (VP (VBZ increases) (NP (NP (DT the) (NN risk)) (PP (IN of) (NP (JJ serious) (ADJP (JJ side-effects) (TO to) (JJ oral)) (JJ contraceptive) (NN use))) (, ,) (PP (JJ such) (IN as) (NP (NP (NP (NN heart)) (CC and) (NP (NN blood) (NN vessel) (NNS problems))) (, ,) (NP (NN blood) (NNS clots)) (NP (NN /) (NN thrombosis)))))) (. .)))" mmax_level="parse" />
<markable id="markable_65" span="word_1445..word_1461" tag="(ROOT (S (NP (PRP You)) (VP (VBP are) (VP (ADVP (RB strongly)) (VBN advised) (S (VP (TO to) (VP (VB give) (PRT (RP up)) (NP (NN smoking))))) (SBAR (RB especially) (IN if) (S (NP (PRP you)) (VP (VBP are) (VP (VBN aged) (PP (IN over) (NP (CD 35) (NNS years))))))))) (. .)))" mmax_level="parse" />
<markable id="markable_66" span="word_1462..word_1479" tag="(ROOT (S (SBAR (IN If) (S (NP (PRP$ your) (NNS periods)) (VP (VBP are) (RB not) (ADJP (JJ regular)) (SBAR (IN before) (S (NP (PRP you)) (VP (VBP start) (S (VP (VBG taking) (NP (DT the) (NN pill)))))))))) (NP (PRP you)) (VP (MD should) (VP (VB tell) (NP (PRP$ your) (NN doctor)))) (. .)))" mmax_level="parse" />
<markable id="markable_67" span="word_1480..word_1506" tag="(ROOT (S (NP (NNS Cilest)) (VP (MD should) (RB not) (VP (VB be) (VP (VBN used) (PP (IN for) (NP (NP (CD 4)) (NP (CD 6) (NNS weeks)))) (PP (IN before) (NP (NP (DT an) (NN operation)) (VP (VP (VBG /) (NP (NN surgery))) (CC and) (RB not) (VP (VBN used) (ADVP (RB again)) (PP (IN until) (NP (CD 2) (NNS weeks))) (SBAR (IN after) (S (NP (PRP you)) (VP (VBP are) (ADJP (RB fully) (JJ mobile)))))))))))) (. .)))" mmax_level="parse" />
<markable id="markable_68" span="word_1507..word_1525" tag="(ROOT (S (NP (DT This)) (ADVP (RB also)) (VP (VBZ applies) (PP (TO to) (NP (DT any) (NN situation))) (SBAR (WHADVP (WRB where)) (S (NP (PRP you)) (VP (MD may) (VP (VB need) (S (VP (TO to) (VP (VP (VB rest)) (CC or) (VP (VB be) (ADJP (JJ immobile)) (PP (IN for) (NP (DT some) (NN time)))))))))))) (. .)))" mmax_level="parse" />
<markable id="markable_69" span="word_1526..word_1537" tag="(ROOT (S (NP (DT Some) (NNS women)) (VP (MD may) (VP (VB develop) (NP (NP (NNS patches)) (PP (IN of) (NP (JJ darkened) (NN skin) (NN whilst)))) (S (VP (VBG taking) (NP (NNP Cilest)))))) (. .)))" mmax_level="parse" />
<markable id="markable_70" span="word_1538..word_1555" tag="(ROOT (S (NP (DT This)) (VP (VBZ is) (ADJP (RBR more) (JJ likely) (S (VP (TO to) (VP (VB happen) (SBAR (IN if) (S (NP (PRP you)) (VP (VBD developed) (NP (NP (NNS patches)) (PP (IN of) (NP (JJ darkened) (NN skin)))) (PP (IN during) (NP (DT a) (JJ previous) (NN pregnancy))))))))))) (. .)))" mmax_level="parse" />
<markable id="markable_71" span="word_1556..word_1573" tag="(ROOT (S (SBAR (IN If) (S (NP (PRP you)) (VP (VBP develop) (NP (JJ such) (NNS patches))))) (, ,) (NP (PRP you)) (VP (MD should) (VP (VB avoid) (NP (NP (DT the) (NN sun)) (CC and) (NP (NP (NN ultraviolet) (NN light)) (PRN (-LRB- -LRB-) (INTJ (UH sunbeds)) (-RRB- -RRB-)))))) (. .)))" mmax_level="parse" />
<markable id="markable_72" span="word_1574..word_1590" tag="(ROOT (S (NP (NP (DT These) (NNS patches)) (PP (IN of) (NP (JJ darkened) (NN skin)))) (VP (MD may) (RB not) (VP (VB disappear) (SBAR (RB even) (WHADVP (WRB when)) (S (NP (PRP you)) (VP (VBP have) (VP (VBN stopped) (S (VP (VBG taking) (NP (DT the) (NN pill)))))))))) (. .)))" mmax_level="parse" />
<markable id="markable_73" span="word_1591..word_1620" tag="(ROOT (S (S (NP (NNS Cilest)) (VP (MD may) (VP (VB affect) (NP (NP (DT the) (NNS results)) (PP (IN of) (NP (JJ certain) (NN blood) (CC and) (NN urine) (NNS tests))))))) (: -) (S (INTJ (VB please)) (VP (VB tell) (NP (DT the) (NN doctor)) (NP (CD /) (NN nurse)) (SBAR (IN that) (S (NP (PRP you)) (VP (VBP are) (VP (VBG taking) (NP (NNP Cilest)) (SBAR (WHADVP (WRB when)) (S (NP (PRP you)) (VP (VBP have) (NP (DT any) (JJ such) (NNS tests))))))))))) (. .)))" mmax_level="parse" />
<markable id="markable_74" span="word_1621..word_1636" tag="(ROOT (S (SBAR (WHADVP (WRB How)) (S (NP (PRP you)) (VP (MD should) (VP (VB take) (NP (NP (NNP Cilest)) (NP (DT The) (NN pill))))))) (VP (VBZ is) (NP (NP (DT a) (ADJP (RB very) (JJ effective)) (NN contraceptive)) (SBAR (WHADVP (WRB when)) (S (VP (VBN used) (ADVP (RB properly))))))) (. .)))" mmax_level="parse" />
<markable id="markable_75" span="word_1637..word_1655" tag="(ROOT (S (NP (PRP It)) (VP (VBZ is) (ADJP (JJ important)) (S (VP (TO to) (VP (VB take) (NP (NNP Cilest)) (SBAR (SBAR (RB exactly) (IN as) (S (NP (PRP$ your) (NN doctor)) (VP (VBD told) (NP (PRP you))))) (CC and) (SBAR (IN as) (FRAG (VP (VBN stated) (ADVP (RB below))) (: :) (NP (CD 1))))))))) (. .)))" mmax_level="parse" />
<markable id="markable_76" span="word_1656..word_1685" tag="(ROOT (S (SBAR (WHADVP (WRB When)) (S (VP (TO to) (VP (VB start) (S (NP (PRP It)) (VP (VBZ is) (ADJP (JJS best)) (SBAR (IN that) (S (NP (PRP you)) (VP (VBP start) (S (VP (VBG taking) (NP (NNP Cilest)) (PP (IN on) (NP (NP (DT the) (JJ first) (NN day)) (PP (IN of) (NP (PRP$ your) (NN period))))))))))) (: -) (SBAR (IN if) (S (NP (PRP you)) (VP (VBP do) (NP (DT this)))))))))) (NP (DT no) (JJ extra) (NN contraceptive) (NN cover)) (VP (VBZ is) (VP (VBN required))) (. .)))" mmax_level="parse" />
<markable id="markable_77" span="word_1686..word_1717" tag="(ROOT (S (SBAR (IN If) (S (NP (PRP$ your) (NN period)) (VP (VBZ has) (ADVP (RB already)) (VP (VBN begun))))) (, ,) (VP (VB start) (S (VP (VBG taking) (NP (NP (NP (NNP Cilest)) (PP (IN on) (NP (NN day) (CD 5)))) (PRN (-LRB- -LRB-) (VP (VBG counting) (NP (NP (DT the) (JJ first) (NN day)) (PP (IN of) (NP (NN period))) (PP (IN as) (NP (NN day) (CD 1))))) (-RRB- -RRB-)) (SBAR (IN whether) (CC or) (RB not) (S (NP (PRP$ your) (NN bleeding)) (VP (VBZ has) (VP (VBN stopped))))))))) (. .)))" mmax_level="parse" />
<markable id="markable_78" span="word_1718..word_1739" tag="(ROOT (S (PP (IN In) (NP (DT this) (NN case))) (, ,) (NP (NP (JJ extra) (NN contraception)) (PRN (-LRB- -LRB-) (NP (NN e.g.) (NNS condoms)) (-RRB- -RRB-))) (VP (MD must) (VP (VB be) (VP (VBN used) (PP (IN for) (NP (NP (DT the) (JJ first) (CD 7) (NNS days)) (PP (IN of) (NP (NN pill) (NN taking)))))))) (. .)))" mmax_level="parse" />
<markable id="markable_79" span="word_1740..word_1762" tag="(ROOT (S (SBAR (IN If) (S (NP (PRP$ your) (NN period)) (VP (VBD started) (ADVP (NP (QP (JJR more) (IN than) (CD 5)) (NNS days)) (RB ago))))) (VP (VBP do) (RB not) (VP (VB start) (S (VP (VBG taking) (NP (NNP Cilest)) (PP (IN until) (NP (NP (DT the) (JJ first) (NN day)) (PP (IN of) (NP (PRP$ your) (JJ next) (NN period))))))))) (. .)))" mmax_level="parse" />
<markable id="markable_80" span="word_1763..word_1768" tag="(ROOT (S (VP (VB Use) (S (NP (JJ extra) (NN contraception)) (PP (IN until) (NP (RB then))))) (. .)))" mmax_level="parse" />
<markable id="markable_81" span="word_1769..word_1770" tag="(ROOT (FRAG (NP (CD 2)) (. .)))" mmax_level="parse" />
<markable id="markable_82" span="word_1771..word_1787" tag="(ROOT (S (SBAR (WHADVP (WRB How)) (S (VP (TO to) (VP (VB take) (NP (NNP Cilest) (NNP Cilest)))))) (VP (VBZ comes) (PP (IN in) (NP (NP (DT a) (NN pack)) (VP (VBN marked) (PP (IN with) (NP (NP (DT the) (NNS days)) (PP (IN of) (NP (DT the) (NN week))))))))) (. .)))" mmax_level="parse" />
<markable id="markable_83" span="word_1788..word_1797" tag="(ROOT (S (VP (VB Take) (NP (NP (PRP$ your) (JJ first) (NN pill)) (VP (VBN marked) (PP (IN with) (NP (DT the) (JJ right) (NN day)))))) (. .)))" mmax_level="parse" />
<markable id="markable_84" span="word_1798..word_1816" tag="(ROOT (S (NP (DT Each) (NN day)) (VP (VP (VBP take) (NP (DT the) (NN pill)) (PP (IN for) (NP (DT that) (NN day)))) (CC and) (VP (VBP do) (NP (DT this)) (PP (IN for) (NP (NP (DT the) (CD 27) (NNS pills)) (PP (IN in) (NP (DT the) (NN pack))))))) (. .)))" mmax_level="parse" />
<markable id="markable_85" span="word_1817..word_1843" tag="(ROOT (S (S (NP (PRP It)) (VP (VBZ is) (ADJP (JJS best)) (S (VP (TO to) (VP (VB take) (NP (PRP$ your) (NN pill)) (PP (IN at) (PP (IN around) (NP (DT the) (JJ same) (NN time)))) (NP (DT each) (NN day))))))) (: -) (S (NP (JJS most) (NNS people)) (VP (VBP find) (S (NP (PRP it)) (ADJP (JJR easier)) (S (VP (TO to) (VP (VB remember))))) (S (VP (VBG taking) (NP (PRP it)) (PP (IN before) (NP (NN bedtime))))))) (. .)))" mmax_level="parse" />
<markable id="markable_86" span="word_1844..word_1874" tag="(ROOT (S (SBAR (WHADVP (WRB When)) (S (S (NP (PRP you)) (VP (VBP have) (VP (VBN taken) (NP (DT all) (CD 21) (NNS pills))))) (CC and) (S (NP (DT the) (NN pack)) (VP (VBZ is) (ADJP (JJ empty)))))) (VP (VB leave) (NP (NP (DT a) (NN break)) (PP (IN of) (NP (NP (NP (RB exactly) (CD 7) (NNS days)) (PP (IN after) (NP (DT the) (JJ last) (NN pill)))) (CC and) (NP (NP (DT the) (NN start)) (PP (IN of) (NP (PRP$ your) (JJ next) (NN pack)))))))) (. .)))" mmax_level="parse" />
<markable id="markable_87" span="word_1875..word_1890" tag="(ROOT (S (PP (IN During) (NP (DT this) (JJ pill-free) (NN week))) (NP (PRP you)) (VP (MD should) (VP (VB have) (NP (NP (NP (DT some) (NNS days)) (PP (IN of) (NP (VBG bleeding)))) (ADJP (JJ similar) (PP (TO to) (NP (DT a) (NN period))))))) (. .)))" mmax_level="parse" />
<markable id="markable_88" span="word_1891..word_1902" tag="(ROOT (S (VP (VB Start) (NP (NP (PRP$ your) (JJ next) (NN pack)) (PP (IN of) (NP (NNP Cilest)))) (PP (IN after) (NP (RB exactly) (CD seven) (JJ pill-free) (NNS days)))) (. .)))" mmax_level="parse" />
<markable id="markable_89" span="word_1903..word_1932" tag="(ROOT (S (S (NP (NP (DT Each) (JJ new) (NN pack)) (PP (IN of) (NP (NNP Cilest)))) (VP (MD will) (VP (VB begin) (PP (IN on) (NP (NP (DT the) (JJ same) (NN day)) (PP (IN of) (NP (DT the) (NN week))))) (PP (IN as) (NP (DT the) (JJ previous) (NN pack)))))) (: ;) (IN so) (S (NP (PRP it)) (VP (VBZ is) (ADJP (JJ easy)) (S (VP (TO to) (VP (VB remember) (SBAR (WHADVP (WRB when)) (S (VP (TO to) (VP (VB start) (ADVP (RB again))))))))))) (. .)))" mmax_level="parse" />
<markable id="markable_90" span="word_1933..word_1947" tag="(ROOT (S (NP (NP (NN Continue)) (PP (IN with) (NP (DT this) (NN pack) (CC and) (NN future)))) (VP (VBZ packs) (PP (IN in) (NP (DT the) (JJ same) (NN way))) (SBAR (IN as) (S (VP (VBN described) (PP (IN above)))))) (. .)))" mmax_level="parse" />
<markable id="markable_91" span="word_1948..word_1960" tag="(ROOT (S (SBAR (IN If) (S (NP (PRP you)) (VP (VBP take) (S (VP (NNP Cilest) (PP (IN as) (RB above))))))) (, ,) (NP (JJ extra) (NN contraception)) (VP (VBZ is) (RB not) (VP (VBN required))) (. .)))" mmax_level="parse" />
<markable id="markable_92" span="word_1961..word_1981" tag="(ROOT (S (PP (IN In) (NP (DT some) (NNS cases))) (NP (PRP$ your) (NN doctor)) (VP (MD may) (VP (VB tell) (NP (PRP you)) (S (VP (TO to) (VP (VB start) (S (VP (VBG taking) (NP (PRP$ your) (JJ next) (NN pack)) (PP (IN without) (S (VP (VBG leaving) (NP (DT a) (ADJP (CD 7) (NN day)) (NN gap)))))))))))) (. .)))" mmax_level="parse" />
<markable id="markable_93" span="word_1982..word_1991" tag="(ROOT (S (-LRB- -LRB-) (VP (VB See) (NP (NP (NNP Extra) (NN contraception)) (: :) (NP (DT The) (ADJP (CD 7) (NN day)) (NN rule)))) (. .)))" mmax_level="parse" />
<markable id="markable_94" span="word_1992..word_2043" tag="(FRAG (X -RRB-) (X If) (X you) (X do) (X not) (X have) (X any) (X bleeding) (X during) (X the) (X pill-free) (X week) (X of) (X any) (X pack) (X and) (X if) (X you) (X have) (X no) (X other) (X reason) (X why) (X Cilest) (X should) (X not) (X have) (X worked) (X properly) (X -LRB-) (X i.e.) (X you) (X did) (X not) (X have) (X to) (X use) (X extra) (X contraception) (X -) (X see) (X later) (X -RRB-) (X then) (X you) (X are) (X highly) (X unlikely) (X to) (X be) (X pregnant) (X .))" mmax_level="parse" />
<markable id="markable_95" span="word_2044..word_2058" tag="(ROOT (S (VP (VB Start) (NP (NP (PRP$ your) (JJ next) (NN pack)) (PP (IN of) (NP (NNP Cilest)))) (SBAR (RB even) (IN though) (S (NP (PRP you)) (VP (VBP have) (RB not) (VP (VBN had) (NP (DT a) (NN period))))))) (. .)))" mmax_level="parse" />
<markable id="markable_96" span="word_2059..word_2079" tag="(ROOT (S (SBAR (IN If) (S (NP (PRP you)) (ADVP (RB still)) (VP (VBP do) (RB not) (VP (VB have) (NP (NP (DT a) (NN period)) (PP (IN during) (NP (NP (DT the) (JJ pill-free) (NN week)) (PP (IN of) (NP (DT this) (NN pack)))))))))) (, ,) (VP (VB go) (PP (TO to) (NP (PRP$ your) (NN doctor)))) (. .)))" mmax_level="parse" />
<markable id="markable_97" span="word_2080..word_2096" tag="(ROOT (S (NP (PRP He)) (VP (VBZ /) (SBAR (S (NP (PRP she)) (VP (MD will) (VP (VB check) (SBAR (IN that) (S (NP (PRP you)) (VP (VBP are) (RB not) (ADJP (JJ pregnant)) (SBAR (IN before) (S (NP (PRP you)) (VP (VBP continue) (S (VP (TO to) (VP (VB take) (NP (NNP Cilest)))))))))))))))) (. .)))" mmax_level="parse" />
<markable id="markable_98" span="word_2097..word_2139" tag="(ROOT (S (SBAR (IN If) (S (S (NP (PRP you)) (VP (VBP do) (RB not) (VP (VB have) (NP (NP (DT any) (NN bleeding)) (PP (IN during) (NP (NP (DT the) (JJ pill-free) (NN week)) (PP (IN of) (NP (DT any) (NN pack))))))))) (CC and) (S (NP (PRP you)) (VP (VBP have) (NP (NP (DT a) (NN reason)) (SBAR (WHADVP (WRB why)) (S (NP (NNP Cilest)) (VP (MD may) (RB not) (VP (VB have) (VP (VBN worked) (ADVP (RB properly)) (NP (NP (FW i.e.)) (SBAR (S (NP (PRP you)) (VP (VBD did) (VP (VB need) (S (VP (TO to) (VP (VB use) (NP (JJ extra) (NN contraception)) (PRN (-LRB- -LRB-) (VP (VB see) (ADVP (RB later))) (-RRB- -RRB-)))))))))))))))))))) (VP (VB go) (PP (TO to) (NP (PRP$ your) (NN doctor)))) (. .)))" mmax_level="parse" />
<markable id="markable_99" span="word_2140..word_2154" tag="(ROOT (S (NP (PRP He)) (VP (VBZ /) (SBAR (S (NP (PRP she)) (VP (MD will) (VP (VB check) (SBAR (IN that) (S (NP (PRP you)) (VP (VBP are) (RB not) (ADJP (JJ pregnant)) (SBAR (IN before) (S (NP (PRP you)) (VP (VB restart) (NP (NNP Cilest))))))))))))) (. .)))" mmax_level="parse" />
<markable id="markable_100" span="word_2155..word_2156" tag="(ROOT (FRAG (NP (CD 3)) (. .)))" mmax_level="parse" />
<markable id="markable_101" span="word_2157..word_2191" tag="(ROOT (S (PP (IN After) (S (VP (VBG being) (ADJP (JJ pregnant)) (X (SYM /)) (S (VP (VBG having) (NP (DT a) (NN baby))))))) (NP (PRP You)) (VP (MD can) (VP (VB start) (S (VP (VBG using) (NP (NNP Cilest)) (PP (IN after) (NP (CD 21) (NNS days))))) (SBAR (IN if) (S (S (S (NP (PRP you)) (VP (VBP are) (RB not) (ADJP (JJ breast-feeding)))) (CC and) (S (NP (PRP you)) (VP (VBD had) (NP (NP (DT a) (JJ vaginal) (NN delivery)) (PP (IN with) (NP (DT no) (NNS complications))))))) (CC and) (S (NP (PRP you)) (VP (VBP are) (ADJP (RB fully) (JJ mobile)))))))) (. .)))" mmax_level="parse" />
<markable id="markable_102" span="word_2192..word_2226" tag="(ROOT (S (SBAR (IN If) (S (NP (PRP you)) (VP (VBP do) (VP (VB have) (ADJP (JJ intercourse)) (SBAR (IN before) (S (NP (PRP you)) (VP (VBP start) (S (VP (VBG taking) (NP (NNP Cilest) (CC or) (PP (IN before) (NP (PRP you) (JJ first) (NN period))))))))))))) (VP (VP (VB wait) (SBAR (IN until) (S (NP (PRP$ your) (NN period)) (VP (VBZ starts) (SBAR (IN before) (S (NP (PRP you)) (VP (VBP take) (NP (NNP Cilest))))))))) (CC and) (RB then) (VP (VB take) (NP (PRP it)) (PP (IN on) (NP (NP (DT the) (JJ first) (NN day)) (PP (IN of) (NP (NN bleeding))))))) (. .)))" mmax_level="parse" />
<markable id="markable_103" span="word_2227..word_2254" tag="(ROOT (S (NP (DT This)) (VP (VBZ is) (SBAR (IN because) (S (S (NP (PRP you)) (VP (MD can) (VP (VB get) (ADJP (JJ pregnant)) (ADVP (RB very) (RB soon)) (PP (IN after) (S (VP (VBG having) (NP (DT a) (NN baby)))))))) (CC and) (S (NP (PRP you)) (VP (VBP have) (S (VP (TO to) (VP (VB make) (S (ADJP (JJ sure)) (SBAR (IN that) (S (NP (PRP you)) (VP (VBP are) (RB not) (ADJP (JJ pregnant)) (PP (IN before) (S (VP (VBG taking) (NP (NNP Cilest))))))))))))))))) (. .)))" mmax_level="parse" />
<markable id="markable_104" span="word_2255..word_2285" tag="(ROOT (S (SBAR (IN If) (S (S (NP (PRP you)) (VP (VBP start) (S (VP (VBG taking) (NP (NNP Cilest)) (PP (NP (QP (JJR more) (IN than) (CD 21)) (NNS days)) (IN after) (NP (NN delivery))))))) (CC and) (S (NP (PRP you)) (VP (VBP have) (RB n't) (VP (VBN had) (NP (NP (NN intercourse)) (CC or) (NP (DT a) (NN period)))))))) (NP (PRP you)) (VP (MD should) (VP (VB use) (NP (JJ extra) (NN contraception)) (PP (IN for) (NP (DT the) (JJ first) (CD 7) (NNS days))))) (. .)))" mmax_level="parse" />
<markable id="markable_105" span="word_2286..word_2308" tag="(ROOT (S (SBAR (IN If) (S (NP (PRP you)) (VP (VBP are) (VP (VBG breastfeeding))))) (NP (PRP you)) (VP (MD should) (RB not) (VP (VB use) (NP (NP (NNP Cilest)) (CC or) (NP (DT any) (JJ other) (VBN combined) (JJ oral) (NN contraceptive))) (SBAR (IN as) (S (NP (DT this)) (VP (MD may) (VP (VB affect) (NP (PRP$ your) (NN breast) (NN milk)))))))) (. .)))" mmax_level="parse" />
<markable id="markable_106" span="word_2309..word_2325" tag="(ROOT (S (NP (PRP You)) (VP (MD may) (VP (VB be) (ADJP (JJ able) (S (VP (TO to) (VP (VP (VB use) (NP (DT a) (JJ progestogen) (JJ only) (NN pill))) (: -) (VP (VB discuss) (NP (DT this)) (PP (IN with) (NP (PRP$ your) (NN doctor)))))))))) (. .)))" mmax_level="parse" />
<markable id="markable_107" span="word_2326..word_2327" tag="(ROOT (FRAG (NP (CD 4)) (. .)))" mmax_level="parse" />
<markable id="markable_108" span="word_2328..word_2346" tag="(ROOT (S (PP (IN After) (NP (NN miscarriage) (CC or) (NN abortion))) (NP (PRP You)) (VP (MD can) (VP (VB start) (S (VP (VBG taking) (NP (NNP Cilest)) (PP (IN on) (NP (DT the) (JJ first) (NN day))) (PP (IN after) (NP (NP (DT a) (NN miscarriage)) (CC or) (NP (NN abortion)))))))) (. .)))" mmax_level="parse" />
<markable id="markable_109" span="word_2347..word_2361" tag="(ROOT (S (NP (PRP You)) (VP (MD will) (RB not) (VP (VB need) (NP (JJ extra) (NN contraception)) (SBAR (IN if) (S (NP (PRP you)) (VP (VBP start) (S (VP (VBG taking) (NP (DT the) (NN pill)) (ADVP (RB straight) (RB away))))))))) (. .)))" mmax_level="parse" />
<markable id="markable_110" span="word_2362..word_2375" tag="(ROOT (S (VP (VB Ask) (NP (PRP$ your) (NN doctor)) (PP (IN about) (NP (NP (JJ other) (NN contraception)) (SBAR (IN if) (S (NP (PRP you)) (VP (VBP are) (RB not) (VP (VBG starting) (NP (NNP Cilest)) (ADVP (RB immediately))))))))) (. .)))" mmax_level="parse" />
<markable id="markable_111" span="word_2376..word_2377" tag="(ROOT (FRAG (NP (CD 5)) (. .)))" mmax_level="parse" />
<markable id="markable_112" span="word_2378..word_2391" tag="(ROOT (FRAG (ADJP (JJ Changing) (PP (IN from) (NP (NP (DT another) (NN type)) (PP (IN of) (NP (NN pill)))))) (SBAR (WHNP (WP What)) (S (NP (NP (NN sort)) (PP (IN of) (NP (NN pill)))) (VP (VBD were) (NP (PRP you)) (PP (IN on))))) (. ?)))" mmax_level="parse" />
<markable id="markable_113" span="word_2392..word_2405" tag="(ROOT (S (NP (DT Another) (ADJP (CD 21) (NN day)) (NN pill)) (VP (VBP Finish) (NP (NP (DT the) (NN pack)) (PP (IN of) (NP (JJ contraceptive) (NNS pills))) (SBAR (S (NP (PRP you)) (VP (VBP are) (PP (IN on))))))) (. .)))" mmax_level="parse" />
<markable id="markable_114" span="word_2406..word_2414" tag="(ROOT (S (NP (NN Start) (NN taking)) (VP (VBZ Cilest) (PP (IN on) (NP (DT the) (JJ very) (JJ next) (NN day)))) (. .)))" mmax_level="parse" />
<markable id="markable_115" span="word_2415..word_2429" tag="(ROOT (S (VP (VBP Do) (RB not) (VP (VB leave) (S (NP (NP (DT a) (NN break)) (PP (IN between) (NP (NP (NNS packs) (CC or) (NN wait)) (PP (IN for) (NP (PRP$ your) (NN period)))))) (VP (TO to) (VP (VB begin)))))) (. .)))" mmax_level="parse" />
<markable id="markable_116" span="word_2430..word_2456" tag="(ROOT (S (NP (PRP You)) (VP (MD may) (VP (VB get) (NP (DT a) (JJ light) (NN period)) (SBAR (IN whilst) (S (NP (PRP you)) (VP (VBP are) (VP (VBG taking) (NP (NP (NNS tablets)) (CC or) (NP (DT no) (NN period))) (ADVP (IN at) (DT all)))))) (PP (IN until) (SBAR (IN after) (S (NP (PRP you)) (VP (VBP have) (VP (VBN finished) (NP (NP (PRP$ your) (JJ first) (NN pack)) (PP (IN of) (NP (NNP Cilest))))))))))) (. .)))" mmax_level="parse" />
<markable id="markable_117" span="word_2457..word_2476" tag="(ROOT (S (NP (NP (DT Every) (NN day) (NN pill)) (PRN (-LRB- -LRB-) (NP (NNP ED) (NNP pack)) (-RRB- -RRB-))) (VP (VBP Finish) (NP (NP (DT the) (JJ first) (CD 21) (NNS pills)) (PP (IN of) (NP (PRP$ your) (NN ED) (CC or) (ADJP (CD 28) (NN day)) (NN pack))))) (. .)))" mmax_level="parse" />
<markable id="markable_118" span="word_2477..word_2485" tag="(ROOT (S (VP (VB Take) (NP (PRP$ your) (JJ first) (NNP Cilest) (NN pill)) (NP (DT the) (JJ next) (NN day))) (. .)))" mmax_level="parse" />
<markable id="markable_119" span="word_2486..word_2501" tag="(ROOT (S (VP (VBP Do) (RB not) (VP (VB leave) (S (NP (NP (DT a) (NN break)) (PP (IN between) (NP (NP (NNS packs) (CC or) (NN wait)) (PP (IN for) (NP (PRP$ your) (JJ next) (NN period)))))) (VP (TO to) (VP (VB begin)))))) (. .)))" mmax_level="parse" />
<markable id="markable_120" span="word_2502..word_2528" tag="(ROOT (S (S (NP (PRP You)) (VP (MD may) (RB not) (VP (VB have) (NP (DT a) (NN period)) (PP (IN until) (SBAR (IN after) (S (NP (PRP you)) (VP (VBP have) (VP (VBN finished) (NP (NP (PRP$ your) (JJ first) (NN pack)) (PP (IN of) (NP (NNP Cilest)))))))))))) (CC or) (S (NP (PRP you)) (VP (MD may) (VP (VB get) (NP (DT a) (JJ light) (NN period)) (ADVP (RB whilst)) (S (VP (VBG taking) (NP (NNP Cilest))))))) (. .)))" mmax_level="parse" />
<markable id="markable_121" span="word_2529..word_2542" tag="(ROOT (S (ADVP (RB Safely)) (VP (VB dispose) (PP (IN of) (NP (DT the) (VBG remaining) (CD 7) (NNS pills))) (PP (IN from) (NP (PRP$ your) (JJ old) (ADJP (CD 28) (NN day)) (NN pack)))) (. .)))" mmax_level="parse" />
<markable id="markable_122" span="word_2543..word_2572" tag="(ROOT (S (NP (NNP Mini) (NN pill) (PRN (-LRB- -LRB-) (NP (JJ progestogen-only) (NN pill)) (-RRB- -RRB-)) (NNP Start)) (VP (VBG taking) (NP (NNP Cilest)) (PP (IN on) (NP (NP (DT the) (JJ first) (NN day)) (PP (IN of) (NP (PRP$ your) (NN period))))) (, ,) (SBAR (RB even) (IN if) (S (NP (PRP you)) (VP (VBP have) (ADVP (RB already)) (VP (VBN taken) (NP (DT a) (NN mini) (NN pill)) (PP (IN on) (NP (DT that) (NN day)))))))) (. .)))" mmax_level="parse" />
<markable id="markable_123" span="word_2573..word_2588" tag="(ROOT (S (ADVP (RB Safely)) (VP (VB dispose) (PP (IN of) (NP (NP (DT the) (NN rest)) (PP (IN of) (NP (NP (DT the) (NNS pills)) (PP (IN in) (NP (NP (PRP$ your) (JJ old) (NN pack)) (PP (IN of) (NP (NN mini) (NNS pills)))))))))) (. .)))" mmax_level="parse" />
<markable id="markable_124" span="word_2589..word_2595" tag="(ROOT (S (NP (DT No) (JJ extra) (NN contraceptive) (NN cover)) (VP (VBZ is) (VP (VBN required))) (. .)))" mmax_level="parse" />
<markable id="markable_125" span="word_2596..word_2618" tag="(ROOT (S (SBAR (IN If) (S (NP (PRP you)) (VP (VBP do) (RB not) (VP (VB have) (NP (DT a) (NN period)))))) (, ,) (VP (VB start) (S (VP (VBG taking) (NP (NNP Cilest)) (PP (IN on) (NP (DT the) (NN day))) (PP (IN after) (NP (DT the) (JJ last) (NN mini) (NN pill))) (PP (IN in) (NP (PRP$ your) (NN pack)))))) (. .)))" mmax_level="parse" />
<markable id="markable_126" span="word_2619..word_2632" tag="(ROOT (S (NP (PRP You)) (VP (MD must) (VP (VB use) (NP (JJ extra) (NN contraception)) (PP (IN for) (NP (NP (DT the) (JJ first) (CD 7) (NNS days)) (PP (IN of) (S (VP (VBG taking) (NP (NNP Cilest))))))))) (. .)))" mmax_level="parse" />
<markable id="markable_127" span="word_2633..word_2664" tag="(ROOT (S (S (VP (TO To) (VP (VB skip) (NP (DT a) (NN period)) (PP (IN Start) (NP (NP (DT a) (JJ new) (NN pack)) (PP (IN of) (NP (NNP Cilest))))) (PP (IN on) (NP (DT the) (JJ next) (NN day))) (PP (IN after) (S (VP (VBG finishing) (NP (NP (DT the) (NN pack)) (SBAR (S (NP (PRP you)) (VP (VBP are) (VP (VBG taking) (NP (FW i.e.))))))))))))) (VP (VBP do) (RB not) (VP (VB leave) (NP (NP (DT a) (ADJP (CD 7) (NN day)) (NN gap)) (PP (IN between) (NP (NNS packs)))))) (. .)))" mmax_level="parse" />
<markable id="markable_128" span="word_2665..word_2672" tag="(ROOT (S (NP (NN Pill) (NN taking)) (VP (MD should) (ADVP (RB then)) (VP (VB continue) (PP (IN as) (ADJP (JJ usual))))) (. .)))" mmax_level="parse" />
<markable id="markable_129" span="word_2673..word_2689" tag="(ROOT (S (NP (PRP You)) (VP (MD may) (VP (VB have) (S (NP (DT some) (NX (NX (NNS spotting)) (CC or) (NX (JJ slight) (NN bleeding)))) (ADJP (JJ whilst)) (S (VP (VBG taking) (NP (NP (DT the) (NNS pills)) (PP (IN of) (NP (DT the) (JJ second) (NN pack))))))))) (. .)))" mmax_level="parse" />
<markable id="markable_130" span="word_2690..word_2701" tag="(ROOT (S (S (VP (VBP Do) (RB not) (VP (VB worry)))) (: -) (S (NP (DT this)) (VP (MD will) (RB not) (VP (VB affect) (NP (PRP$ your) (JJ contraceptive) (NN cover))))) (. .)))" mmax_level="parse" />
<markable id="markable_131" span="word_2702..word_2720" tag="(ROOT (S (VP (VB Start) (NP (NP (DT the) (JJ next) (NN pack)) (PP (IN after) (NP (NP (DT the) (JJ usual) (ADJP (CD 7) (NN day)) (NN break)) (SBAR (RB even) (IN if) (S (NP (PRP you)) (VP (VBP are) (ADVP (RB still)) (VP (VBG spotting) (NP (NN /) (VBG bleeding)))))))))) (. .)))" mmax_level="parse" />
<markable id="markable_132" span="word_2721..word_2727" tag="(ROOT (SBARQ (WHNP (WP What)) (SQ (MD might) (VP (VB stop) (S (NP (PRP$ your) (NN pill)) (VP (VBG working))))) (. ?)))" mmax_level="parse" />
<markable id="markable_133" span="word_2728..word_2763" tag="(ROOT (S (NP (NN Forgetting)) (VP (VP (TO to) (VP (VB take) (NP (NP (DT a) (NN pill)) (SBAR (IN If) (S (NP (PRP you)) (VP (VB forget) (SBAR (S (VP (TO to) (VP (VB take) (NP (DT a) (NN pill)))))))))))) (, ,) (VP (VB check) (SBAR (WHADVP (WRB when)) (S (NP (PRP$ your) (VBN missed) (NN pill)) (VP (VBD was) (ADJP (JJ due)))))) (CC and) (RB then) (VP (VB follow) (NP (DT the) (NNS instructions)) (PP (IN on) (NP (DT the) (NN chart))) (SBAR (IN as) (S (VP (VBN outlined) (PP (IN in) (NP (DT the) (NNP Missed) (NNP Pill) (NNP Guide)))))))) (. .)))" mmax_level="parse" />
<markable id="markable_134" span="word_2764..word_2806" tag="(ROOT (S (X (S (VP (VBG Having) (NP (DT a) (NN stomach) (NN upset)))) (: -) (NN vomiting)) (X (SYM /)) (VP (VB diarrhoea) (SBAR (IN If) (S (NP (PRP$ your) (NNS symptoms)) (VP (VP (VB stop) (PP (IN within) (NP (NP (CD 12) (NNS hours)) (PP (IN of) (S (VP (VBG taking) (NP (DT a) (NN pill)))))))) (, ,) (VP (ADVP (RB just)) (VB take) (NP (NP (DT an) (JJ extra) (NN pill)) (PP (IN from) (NP (NP (DT a) (JJ spare) (NN pack)) (PP (IN of) (NP (NNP Cilest))))))) (CC and) (VP (VB carry) (PRT (RP on)) (NP (NN taking) (NNS pills)) (PP (IN as) (ADJP (JJ usual) (PP (IN from) (NP (DT the) (JJ next) (NN day)))))))))) (. .)))" mmax_level="parse" />
<markable id="markable_135" span="word_2807..word_2833" tag="(ROOT (S (SBAR (IN If) (S (NP (DT the) (NN upset)) (VP (VBZ carries) (PP (IN on) (NP (IN over) (CD 12) (NNS hours)))))) (VP (VP (VB use) (NP (JJ extra) (NN contraception)) (PP (IN for) (ADVP (ADVP (RB as) (RB long)) (SBAR (IN as) (S (NP (PRP you)) (VP (VBP are) (ADJP (JJ ill)))))))) (CC and) (VP (PP (IN for) (NP (DT the) (JJ next) (CD 7) (NNS days))) (PP (IN after) (NP (DT that))))) (. .)))" mmax_level="parse" />
<markable id="markable_136" span="word_2834..word_2844" tag="(ROOT (NP (NP (NN Carry)) (VP (ADJP (RB on) (PP (IN with) (NP (NP (DT the) (NN rest)) (PP (IN of) (NP (PRP$ your) (NN pack)))))) (PP (IN as) (ADJP (JJ usual)))) (. .)))" mmax_level="parse" />
<markable id="markable_137" span="word_2845..word_2867" tag="(ROOT (S (SBAR (IN If) (S (NP (PRP you)) (VP (VP (VBP are) (ADJP (JJ sick))) (CC or) (VP (VBP have) (VP (VBN diarrhoea) (PP (IN in) (NP (NP (DT the) (JJ last) (CD 7) (NNS days)) (PP (IN of) (NP (DT the) (NN pack)))))))))) (VP (VB start) (NP (NP (PRP$ your) (JJ next) (NN pack)) (PP (IN without) (NP (DT a) (NN break))))) (. .)))" mmax_level="parse" />
<markable id="markable_138" span="word_2868..word_2892" tag="(ROOT (S (SBAR (IN If) (S (NP (PRP you)) (VP (VBP do) (RB not) (VP (VB have) (NP (NP (DT a) (NN period)) (PP (VBG following) (NP (NP (DT the) (NN end)) (PP (IN of) (NP (DT this) (JJ new) (NN pack)))))))))) (, ,) (VP (VB discuss) (NP (DT this)) (PP (IN with) (NP (PRP$ your) (NN doctor))) (PP (IN before) (S (VP (VBG starting) (NP (DT another) (NN pack)))))) (. .)))" mmax_level="parse" />
<markable id="markable_139" span="word_2893..word_2910" tag="(ROOT (NP (NP (NNP Missed) (NNP Pill) (NNP Guide)) (: :) (SBAR (WHNP (WP What)) (S (VP (TO to) (VP (VP (VB do) (SBAR (IN if) (S (NP (PRP you)) (VP (VBP miss))))) (CC or) (VB forget) (S (VP (TO to) (VP (VB take) (NP (PRP$ your) (NN pill) (CD 1))))))))) (. .)))" mmax_level="parse" />
<markable id="markable_140" span="word_2911..word_2917" tag="(ROOT (SBARQ (WHADVP (WRB When)) (SQ (VBD was) (NP (PRP$ your) (VBN missed) (NN pill)) (ADJP (JJ due)) (. ?))))" mmax_level="parse" />
<markable id="markable_141" span="word_2918..word_2923" tag="(ROOT (FRAG (ADVP (NP (QP (RBR Less) (IN than) (CD 12)) (NNS hours)) (IN ago)) (. .)))" mmax_level="parse" />
<markable id="markable_142" span="word_2924..word_2950" tag="(ROOT (S (S (VP (VBP Do) (RB n't) (VP (VB worry)))) (VP (VBP Take) (SBAR (S (NP (DT the) (VBN forgotten) (NN pill)) (ADVP (RB now)) (VP (VB Take) (NP (NP (DT the) (NN rest)) (PP (IN of) (NP (NP (PRP$ your) (NNS pills)) (PP (IN at) (NP (NP (DT the) (JJ usual) (NNS times)) (SBAR (WHNP (WDT That)) (S (VP (VBZ 's) (DT all) (ADVP (NP (QP (JJR More) (IN than) (CD 12)) (NNS hours)) (RB ago)))))))))))))) (. .)))" mmax_level="parse" />
<markable id="markable_143" span="word_2951..word_2983" tag="(ROOT (S (VP (VB Take) (NP (NP (DT the) (JJS latest) (NN pill)) (SBAR (S (ADVP (RB now)) (VP (VB Throw) (PRT (RP away)) (NP (NP (DT any) (NNS others)) (SBAR (S (NP (PRP you)) (VP (VBD missed))))) (VB Take) (NP (NP (DT the) (NN rest)) (PP (IN of) (NP (NP (PRP$ your) (NNS pills)) (PP (IN at) (NP (DT the) (JJ usual) (NNS times))))) (S (VP (VB Use) (NP (JJ extra) (NN contraception)) (PP (IN for) (NP (DT the) (JJ next) (CD 7) (NNS days))) (VB Go)))) (PP (TO to) (NP (CD 2)))))))) (. .)))" mmax_level="parse" />
<markable id="markable_144" span="word_2984..word_2985" tag="(ROOT (FRAG (NP (CD 2)) (. .)))" mmax_level="parse" />
<markable id="markable_145" span="word_2986..word_2994" tag="(ROOT (SBARQ (WHNP (WHADJP (WRB How) (JJ many)) (NNS pills)) (SQ (VP (VBP are) (VP (VBN left) (PP (IN in) (NP (PRP$ your) (NN pack)))))) (. ?)))" mmax_level="parse" />
<markable id="markable_146" span="word_2995..word_2999" tag="(ROOT (NP (NP (CD 7)) (CC or) (NP (JJR more) (NNS pills)) (. .)))" mmax_level="parse" />
<markable id="markable_147" span="word_3000..word_3008" tag="(ROOT (S (VP (VB Use) (S (NP (JJ extra) (NN contraception)) (PP (IN for) (NP (DT the) (JJ next) (CD 7) (NNS days))))) (. .)))" mmax_level="parse" />
<markable id="markable_148" span="word_3009..word_3030" tag="(ROOT (S (SBAR (WHADVP (WRB When)) (S (NP (PRP you)) (VP (VBP finish) (NP (PRP$ your) (NN pack))))) (VP (VBP leave) (NP (NP (DT a) (NN break)) (PP (IN of) (NP (CD 7) (NNS days)))) (SBAR (IN before) (S (NP (PRP you)) (VP (VBP take) (NP (DT the) (JJ first) (NN pill)) (PP (IN in) (NP (PRP$ your) (JJ next) (NN pack))))))) (. .)))" mmax_level="parse" />
<markable id="markable_149" span="word_3031..word_3064" tag="(ROOT (S (NP (NP (QP (RBR Less) (IN than) (CD 7)) (NNS pills) (NN Use) (JJ extra) (NN contraception)) (PP (IN for) (NP (DT the) (JJ next) (CD 7) (NNS days)))) (VP (VBP Do) (RB not) (VP (VB leave) (S (NP (NP (DT a) (NN break)) (PP (IN between) (NP (FW packs) (FW i.e.)))) (VP (VB start) (NP (NP (DT a) (JJ new) (NN pack)) (PP (IN of) (NP (NNP Cilest)))) (PP (NP (DT the) (NN day)) (IN after) (S (VP (VBG finishing) (NP (DT the) (JJ current) (NN pack))))))))) (. .)))" mmax_level="parse" />
<markable id="markable_150" span="word_3065..word_3088" tag="(ROOT (S (SBAR (IN If) (S (NP (PRP you)) (VP (VBP do) (RB not) (VP (VB have) (NP (NP (DT a) (NN period)) (PP (VBG following) (NP (NP (DT the) (NN end)) (PP (IN of) (NP (DT this) (JJ new) (NN pack)))))))))) (VP (VB discuss) (NP (DT this)) (PP (IN with) (NP (PRP$ your) (NN doctor))) (PP (IN before) (S (VP (VBG starting) (NP (DT another) (NN pack)))))) (. .)))" mmax_level="parse" />
<markable id="markable_151" span="word_3089..word_3100" tag="(ROOT (S (NP (NNP Use)) (VP (JJ other) (NP (NP (NN contraception)) (, ,) (PP (JJ such) (IN as) (NP (NP (DT a) (NN condom)) (PP (IN in) (NP (DT the) (NN meantime))))))) (. .)))" mmax_level="parse" />
<markable id="markable_152" span="word_3101..word_3162" tag="(ROOT (FRAG (NP (NN Extra) (NN contraception)) (: :) (NP (DT The) (ADJP (CD 7) (NN day)) (NN rule)) (S (NP (PRP It)) (VP (VBZ is) (ADJP (JJ important)) (SBAR (IN that) (S (NP (JJ extra) (NN contraception)) (VP (VBZ is) (VP (VBN used) (PP (IN in) (NP (DT the) (JJ following) (NNS situations))))))))) (: :) (SBAR (IN If) (S (NP (DT a) (NN pill)) (VP (VBZ is) (VP (VBN missed) (CC or) (VBN forgotten) (PP (IN for) (NP (QP (JJR more) (IN than) (CD 12)) (NNS hours))) (SBAR (IN If) (S (NP (NN sickness) (CC or) (NN diarrhoea)) (VP (VBZ lasts) (PP (IN for) (NP (QP (JJR more) (IN than) (CD 12)) (NNS hours))) (SBAR (IN If) (S (NP (PRP you)) (VP (VBP are) (VP (VBG taking) (NP (NP (DT any)) (PP (IN of) (NP (DT the) (NNS medicines))))))))))) (NP (NP (JJ e.g.) (NNS antibiotics)) (VP (VBN listed) (PP (IN under) (NP (DT the) (NN section))))) (SQ (VBP Are) (NP (PRP You)) (VP (VBG Taking) (NP (JJ Other) (NNP Medicines)))))))) (. ?)))" mmax_level="parse" />
<markable id="markable_153" span="word_3163..word_3186" tag="(ROOT (S (NP (PRP You)) (VP (MD should) (ADVP (RB still)) (VP (VP (VB take) (NP (PRP$ your) (NN Cilest) (NN pill)) (NP (DT each) (NN day))) (CC but) (VP (VB use) (NP (JJ other) (NN contraception)) (ADVP (ADVP (RB as) (RB well)) (PP (IN for) (NP (CD 7) (NNS days)))) (PP (IN after) (NP (NP (DT any)) (PP (IN of) (NP (DT these) (NNS events)))))))) (. .)))" mmax_level="parse" />
<markable id="markable_154" span="word_3187..word_3228" tag="(ROOT (S (SBAR (IN If) (S (NP (EX there)) (VP (VBP are) (NP (NP (QP (JJR less) (IN than) (CD 7)) (NNS pills)) (VP (VBN left) (PP (IN in) (NP (NP (PRP$ your) (JJ Cilest) (NN pack)) (SBAR (WHADVP (WRB when)) (S (NP (NP (DT any)) (PP (IN of) (NP (DT the) (JJ above) (NNS events)))) (VP (VBZ happens))))))))))) (, ,) (NP (PRP you)) (VP (MD must) (VP (VB start) (NP (DT the) (JJ next) (NN pack)) (ADVP (ADVP (RB as) (RB soon)) (SBAR (IN as) (S (NP (PRP you)) (VP (VBP have) (VP (VBN finished) (NP (DT the) (NN one) (RB before)) (PP (IN without) (S (VP (VBG leaving) (NP (DT a) (ADJP (CD 7) (NN day)) (NN gap)))))))))))) (. .)))" mmax_level="parse" />
<markable id="markable_155" span="word_3229..word_3252" tag="(ROOT (S (SBAR (IN If) (S (NP (PRP you)) (VP (VBP do) (RB not) (VP (VB have) (NP (NP (DT a) (NN period)) (PP (VBG following) (NP (NP (DT the) (NN end)) (PP (IN of) (NP (DT this) (JJ new) (NN pack)))))))))) (, ,) (VP (VB discuss) (PP (IN with) (NP (PRP$ your) (NN doctor))) (PP (IN before) (S (VP (VBG starting) (NP (DT another) (NN pack)))))) (. .)))" mmax_level="parse" />
<markable id="markable_156" span="word_3253..word_3282" tag="(ROOT (FRAG (NP (NN Extra) (NN contraception)) (: :) (S (NP (PRP You)) (VP (MD can) (VP (VP (VB use) (NP (DT a) (NN condom)) (NP (DT a) (NN cap))) (CC or) (VP (VB diaphragm) (PP (IN with) (NP (DT a) (NN spermicide)))) (NP (DT a) (JJ contraceptive) (NN sponge)) (SBAR (IN If) (S (NP (PRP you)) (VP (VBP use) (NP (NP (DT any)) (PP (IN of) (NP (DT these)))))))))) (, ,) (VP (VB follow) (NP (DT the) (NNS instructions)) (ADVP (RB carefully))) (. .)))" mmax_level="parse" />
<markable id="markable_157" span="word_3283..word_3293" tag="(ROOT (SBARQ (WHNP (WP What)) (SQ (VP (TO to) (VP (VB do) (SBAR (IN if) (S (NP (PRP you)) (VP (VBP take) (NP (ADJP (RB too) (JJ many)) (NNP Cilest) (NNS pills)))))))) (. ?)))" mmax_level="parse" />
<markable id="markable_158" span="word_3294..word_3309" tag="(ROOT (S (SBAR (IN If) (S (NP (NP (DT a) (JJ large) (NN number)) (PP (IN of) (NP (NNP Cilest) (NNS pills)))) (VP (VBP are) (VP (VBN taken))))) (, ,) (VP (VB contact) (NP (NP (PRP$ your) (NN doctor)) (PP (IN for) (NP (NN advice))))) (. .)))" mmax_level="parse" />
<markable id="markable_159" span="word_3310..word_3323" tag="(ROOT (S (NP (EX There)) (VP (VBP have) (VP (VBN been) (NP (NP (DT no) (NNS reports)) (PP (IN of) (NP (NP (JJ serious) (NNS problems)) (PP (IN from) (NP (NP (DT an) (NN overdose)) (PP (IN of) (NP (NNP Cilest)))))))))) (. .)))" mmax_level="parse" />
<markable id="markable_160" span="word_3324..word_3329" tag="(ROOT (SBARQ (WHADJP (WRB How) (JJ safe)) (SQ (VP (VBZ is)) (NP (DT the) (NN pill)) (. ?))))" mmax_level="parse" />
<markable id="markable_161" span="word_3330..word_3405" tag="(ROOT (S (S (S (NP (DT The) (NN pill)) (VP (VBZ is) (NP (NP (CD one)) (PP (IN of) (NP (NP (DT the) (RBS most) (ADJP (RB thoroughly) (VBN tested)) (NNS products)) (PP (IN of) (NP (JJ medical) (NN research)))))))) (CC and) (S (NP (JJ vast) (NN experience)) (VP (VBZ has) (VP (VBN confirmed) (SBAR (IN that) (S (NP (PRP it)) (VP (MD can) (VP (VB be) (VP (ADVP (RB safely)) (VBN used) (PP (IN by) (NP (JJS most) (NNS women)))))))))))) (CC but) (S (NP (PRP it)) (VP (VBZ is) (ADJP (JJ important)) (S (VP (TO to) (VP (VB know) (SBAR (IN that) (S (SBAR (RB even) (IN if) (S (NP (DT a) (NN product)) (VP (VBZ has) (VP (VBN been) (VP (VBN used) (PP (IN by) (NP (NP (DT a) (JJ great) (NN number)) (PP (IN of) (NP (NNS patients))) (PP (IN for) (NP (NP (DT a) (JJ large) (NN number)) (PP (IN of) (NP (NNS years)))))))))))) (, ,) (NP (PRP it)) (VP (VBZ is) (RB not) (ADJP (JJ possible)) (S (VP (TO to) (VP (VB guarantee) (SBAR (IN that) (S (NP (DT the) (NN product)) (VP (VBZ is) (ADJP (RB completely) (JJ safe)) (PP (IN for) (NP (DT all) (NNS patients))) (, ,) (SBAR (IN because) (S (NP (DT each) (NN person)) (VP (VBZ is) (ADJP (JJ unique))))))))))))))))))) (. .)))" mmax_level="parse" />
<markable id="markable_162" span="word_3406..word_3426" tag="(ROOT (S (ADVP (RB So)) (, ,) (PP (IN with) (NP (DT the) (NN pill))) (PRN (-LRB- -LRB-) (PP (IN as) (PP (IN with) (NP (DT any) (JJ other) (NN medicine)))) (-RRB- -RRB-)) (, ,) (NP (NP (DT some) (NN risk)) (PP (TO to) (NP (NN health)))) (VP (MD must) (VP (VB be) (VP (VBN accepted)))) (. .)))" mmax_level="parse" />
<markable id="markable_163" span="word_3427..word_3433" tag="(ROOT (SBARQ (WHNP (WP What) (NN side) (NNS effects)) (SQ (MD may) (NP (NNP Cilest)) (VP (VB have))) (. ?)))" mmax_level="parse" />
<markable id="markable_164" span="word_3434..word_3453" tag="(ROOT (S (S (PP (IN As) (PP (IN with) (NP (DT any) (JJ other) (JJ oral) (NN contraceptive) (NN pill)))) (, ,) (NP (NNP Cilest)) (VP (MD may) (VP (VB cause) (NP (DT some) (JJ unwanted) (NNS effects))))) (CC but) (S (NP (DT this)) (VP (VBZ is) (RB not) (ADJP (JJ common)))) (. .)))" mmax_level="parse" />
<markable id="markable_165" span="word_3454..word_3462" tag="(ROOT (S (NP (DT The) (ADJP (RBS most) (JJ serious)) (NN side) (NNS effects)) (VP (VBP are) (: :) (NP (CD 1))) (. .)))" mmax_level="parse" />
<markable id="markable_166" span="word_3463..word_3495" tag="(ROOT (NP (NP (NP (NN Blood) (NNS clots)) (CC and) (NP (NN thrombosis))) (SBAR (WHNP (WDT which)) (S (VP (MD can) (VP (VB occur) (PP (IN in) (NP (JJ different) (NN blood) (NNS vessels))) (S (VP (VBG causing) (NP (NP (NNS problems)) (PP (JJ such) (IN as) (NP (NP (NP (DT a) (JJ pulmonary) (NN embolus)) (PRN (-LRB- -LRB-) (NP (NP (NN blood) (NN clot)) (PP (IN in) (NP (DT the) (NN lung)))) (-RRB- -RRB-))) (, ,) (NP (DT a) (NN stroke)) (CC or) (NP (DT a) (NN heart) (NN attack))))))))))) (. .)))" mmax_level="parse" />
<markable id="markable_167" span="word_3496..word_3505" tag="(ROOT (S (NP (DT These)) (VP (VP (VBP are) (ADJP (JJ rare) (CC but) (JJ serious))) (CC and) (VP (MD may) (VP (VB be) (ADJP (JJ fatal))))) (. .)))" mmax_level="parse" />
<markable id="markable_168" span="word_3506..word_3534" tag="(ROOT (S (NP (NP (JJ Certain) (NNS conditions)) (NP (PRP themselves))) (VP (VB increase) (NP (NP (NP (DT the) (NN risk)) (PP (IN of) (NP (NN thrombosis)))) (: :) (NP (NP (JJ heavy) (NN smoking)) (, ,) (NP (NN obesity)) (, ,) (NP (JJ severe) (NN varicose) (NNS veins)) (, ,) (NP (JJ high) (NN cholesterol)) (, ,) (NP (JJ high) (NN blood) (NN pressure)) (, ,) (NP (NN migraine)) (, ,) (NP (NN diabetes))))) (. .)))" mmax_level="parse" />
<markable id="markable_169" span="word_3535..word_3553" tag="(ROOT (S (SBAR (IN If) (S (NP (NP (DT any)) (PP (IN of) (NP (DT these) (NNS conditions)))) (VP (VBZ applies) (PP (TO to) (NP (PRP you)))))) (, ,) (NP (PRP you)) (VP (VBP have) (NP (NP (DT a) (JJR greater) (NN risk)) (PP (IN of) (S (VP (VBG having) (NP (DT a) (NN thrombosis))))))) (. .)))" mmax_level="parse" />
<markable id="markable_170" span="word_3554..word_3562" tag="(ROOT (S (NP (DT This) (NN risk)) (VP (VBZ is) (VP (VBN increased) (SBAR (IN if) (S (NP (PRP you)) (VP (VBP take) (NP (NNP Cilest))))))) (. .)))" mmax_level="parse" />
<markable id="markable_171" span="word_3563..word_3599" tag="(ROOT (S (S (NP (NP (DT The) (NNS signs) (CC and) (NNS symptoms)) (PP (IN of) (NP (DT a) (NN blood) (NN clot)))) (VP (VBP are) (VP (VBN described) (PP (IN under) (NP (NP (NNS Reasons)) (PP (IN for) (S (VP (VBG stopping) (NP (NNP Cilest)) (ADVP (RB immediately)))))))))) (: ;) (S (SBAR (IN if) (S (NP (PRP you)) (VP (VBP develop) (NP (NP (DT any)) (PP (IN of) (NP (DT those) (NNS signs) (CC or) (NNS symptoms))))))) (, ,) (VP (VP (VB stop) (S (VP (VBG taking) (NP (NNP Cilest)) (ADVP (IN at) (RB once))))) (CC and) (VP (VB see) (NP (PRP$ your) (NN doctor))))) (. .)))" mmax_level="parse" />
<markable id="markable_172" span="word_3600..word_3638" tag="(ROOT (S (S (NP (NP (NNS Women)) (SBAR (WHNP (WP who)) (S (VP (VBP do) (RB not) (VP (VB take) (NP (DT the) (JJ oral) (NN contraceptive) (NN pill))))))) (VP (MD can) (ADVP (RB also)) (VP (VB have) (NP (NP (NN blood) (NNS clots)) (CC and) (NP (NN thrombosis)))))) (, ,) (CC but) (S (NP (NNS statistics)) (VP (VBP show) (SBAR (IN that) (S (NP (NP (NNS women)) (SBAR (WHNP (WP who)) (S (VP (VBP take) (NP (DT the) (NN pill)))))) (VP (VBP have) (NP (NP (DT a) (JJR higher) (NN risk)) (PP (IN of) (NP (DT these) (NNS disorders))) (PP (IN than) (NP (NP (DT those)) (SBAR (WHNP (WP who)) (S (VP (VBP do) (RB n't)))))))))))) (. .)))" mmax_level="parse" />
<markable id="markable_173" span="word_3639..word_3669" tag="(ROOT (S (NP (PRP It)) (VP (VBZ is) (VP (VBN thought) (SBAR (IN that) (S (NP (NP (DT the) (NN risk)) (PP (IN of) (NP (NN thrombosis)))) (VP (VBZ is) (ADJP (JJR lower)) (PP (IN for) (NP (NP (JJ modern) (NNS pills)) (PP (JJ such) (IN as) (NP (NNP Cilest))))) (, ,) (SBAR (IN because) (S (NP (PRP they)) (VP (VBP contain) (NP (NP (JJR lower) (NNS levels)) (PP (IN of) (NP (NN oestrogen))) (PP (IN than) (NP (NP (DT the) (JJR older) (NNS types)) (PP (IN of) (NP (NNP pill)))))))))))))) (. .)))" mmax_level="parse" />
<markable id="markable_174" span="word_3670..word_3671" tag="(ROOT (FRAG (NP (CD 2)) (. .)))" mmax_level="parse" />
<markable id="markable_175" span="word_3672..word_3708" tag="(ROOT (S (NP (EX There)) (VP (VBP have) (VP (VBN been) (NP (NP (JJ many) (NNS studies)) (PP (IN of) (NP (NP (NNS women)) (VP (VBG taking) (NP (NP (ADJP (VBN combined)) (JJ oral) (NNS contraceptives)) (PRN (-LRB- -LRB-) (NP (NNP COCs)) (-RRB- -RRB-))))))) (S (VP (VBG looking) (PP (IN at) (NP (NP (DT the) (NN effect)) (PP (IN of) (NP (DT these) (NNS pills))))) (PP (IN on) (NP (NP (DT the) (NN risk)) (PP (IN of) (NP (NP (NP (VBG developing) (NN cancer)) (PP (IN of) (NP (DT the) (NN ovary)))) (, ,) (NP (NNP uterus)) (, ,) (NP (NN cervix)) (CC and) (NP (NN breast)))))))))) (. .)))" mmax_level="parse" />
<markable id="markable_176" span="word_3709..word_3726" tag="(ROOT (S (NP (DT These)) (VP (VBP have) (VP (VBN continued) (VP (VBN shown) (ADVP (RB clearly)) (SBAR (IN that) (S (NP (NNS COCs)) (VP (VBP offer) (NP (NP (JJ good) (NN protection)) (PP (IN against) (NP (NP (NN cancer)) (PP (IN of) (NP (DT the) (NN ovary) (CC and) (NN uterus)))))))))))) (. .)))" mmax_level="parse" />
<markable id="markable_177" span="word_3727..word_3767" tag="(ROOT (S (S (NP (DT Some) (NNS studies)) (VP (VBD showed) (NP (NP (DT an) (JJ increased) (NN risk)) (PP (IN of) (NP (NN cancer))) (PP (IN of) (NP (DT the) (NN cervix)))) (PP (IN in) (NP (NP (NNS women)) (VP (VBG using) (NP (NNS COCs)) (PP (IN for) (NP (DT a) (JJ long) (NN time)))))))) (CC but) (S (NP (PRP it)) (VP (VBZ is) (RB not) (ADJP (JJ clear)) (SBAR (IN whether) (S (NP (DT this)) (VP (VBZ is) (ADJP (JJ due) (PP (PP (TO to) (NP (NP (JJ other) (NNS factors)) (PP (JJ such) (IN as) (NP (JJ sexual) (NN behaviour))))) (CC or) (PP (TO to) (NP (NP (DT the) (NNPS COCs)) (ADVP (RB alone))))))))))) (. .)))" mmax_level="parse" />
<markable id="markable_178" span="word_3768..word_3780" tag="(ROOT (S (NP (NP (DT The) (NN link)) (PP (IN between) (NP (NNP COC) (NN use) (CC and) (NN breast) (NN cancer)))) (VP (VBZ is) (RB not) (ADVP (RB yet)) (ADJP (JJ clear))) (. .)))" mmax_level="parse" />
<markable id="markable_179" span="word_3781..word_3809" tag="(ROOT (S (NP (DT Some) (NNS studies)) (VP (VBP suggest) (SBAR (SBAR (S (NP (NP (DT an) (JJ increased) (NN risk)) (PP (IN of) (NP (NN breast) (NN cancer)))) (VP (VBG appearing) (PP (IN in) (NP (ADJP (QP (IN under) (CD 35)) (NN year)) (NNS olds)))))) (CC and) (SBAR (IN that) (S (NP (DT this) (NN risk)) (VP (VBZ increases) (PP (IN with) (NP (NP (DT the) (NN length)) (PP (IN of) (NP (NP (NN use)) (PP (IN of) (NP (DT the) (NN pill)))))))))))) (. .)))" mmax_level="parse" />
<markable id="markable_180" span="word_3810..word_3843" tag="(ROOT (S (SBAR (IN If) (S (NP (EX there)) (VP (VBZ is) (NP (NP (DT a) (JJ possible) (VBN increased) (NN risk)) (PP (IN of) (NP (NN breast) (NN cancer))) (PP (IN with) (NP (NNS COCs))))))) (NP (PRP it)) (VP (VBZ is) (ADJP (JJ likely) (S (VP (VP (TO to) (VP (VB be) (ADJP (JJ small)))) (CC and) (VP (VBN expected) (S (VP (TO to) (VP (VB be) (ADJP (JJR less)) (PP (IN with) (NP (NP (NNS pills)) (VP (VBG containing) (NP (NP (JJ low) (JJ oestrogen) (NNS doses)) (, ,) (PP (JJ such) (IN as) (NP (NNP Cilest))))))))))))))) (. .)))" mmax_level="parse" />
<markable id="markable_181" span="word_3844..word_3871" tag="(ROOT (S (NP (DT This) (JJ possible) (NN risk)) (VP (MD should) (VP (VB be) (VP (VBN balanced) (PP (IN against) (NP (NP (DT the) (ADJP (JJ many) (JJ other)) (NNS benefits)) (PP (IN of) (NP (NNS COCs))) (SBAR (WHNP (WDT which)) (S (VP (VBZ includes) (NP (NP (DT the) (NN protection)) (SBAR (WHNP (WDT which)) (S (NP (PRP they)) (VP (VBP provide) (PP (IN against) (NP (NP (NP (NN cancer)) (PP (IN of) (NP (DT the) (NN uterus)))) (CC and) (NP (NN ovary)))))))))))))))) (. .)))" mmax_level="parse" />
<markable id="markable_182" span="word_3872..word_3887" tag="(ROOT (S (NP (PRP You)) (VP (MD should) (ADVP (RB always)) (VP (VB have) (NP (JJ regular) (JJ cervical) (NNS smears) (CC and) (NN breast) (NNS examinations)) (SBAR (IN whilst) (S (NP (PRP you)) (VP (VBP are) (VP (VBG taking) (NP (NNP Cilest)))))))) (. .)))" mmax_level="parse" />
<markable id="markable_183" span="word_3888..word_3929" tag="(ROOT (S (NP (JJ Benign) (CC and) (JJ malignant) (NN liver)) (VP (VBZ tumours) (NP (NP (NNP Gallstones) (NNP Jaundice) (NNP Systemic) (NNP Lupus) (NNP Erythematosus) (PRN (-LRB- -LRB-) (NP (NNP SLE)) (-RRB- -RRB-)) (NNP Involuntary)) (NP (NN limb) (NNS movements)) (S (SBAR (IN If) (S (NP (NP (DT any)) (PP (IN of) (NP (NP (DT the) (JJ above)) (PRN (-LRB- -LRB-) (NP (LST (LS 1)) (: -) (NP (CD 7))) (-RRB- -RRB-))))) (VP (VP (VBP occur)) (CC or) (VP (VBP are) (VP (VBN suspected)))))) (, ,) (NP (PRP you)) (VP (MD should) (VP (VP (VB stop) (S (VP (VBG taking) (NP (NNP Cilest)) (ADVP (RB immediately))))) (CC and) (VP (VB consult) (NP (PRP$ your) (NN doctor)))))))) (. .)))" mmax_level="parse" />
<markable id="markable_184" span="word_3930..word_4066" tag="(FRAG (X Other) (X effects) (X may) (X include) (X :) (X raised) (X blood) (X pressure) (X bleeding) (X between) (X periods) (X ;) (X changes) (X in) (X vaginal) (X discharge) (X ;) (X fibroids) (X ;) (X very) (X severe) (X period) (X pains) (X ;) (X thrush) (X ;) (X worsening) (X of) (X endometriosis) (X ,) (X no) (X periods) (X on) (X stopping) (X the) (X pill) (X your) (X breasts) (X may) (X feel) (X tender) (X ,) (X painful) (X or) (X they) (X may) (X get) (X slightly) (X larger) (X or) (X ooze) (X a) (X little) (X milk) (X feeling) (X or) (X being) (X sick) (X skin) (X rashes) (X ,) (X patches) (X of) (X darkened) (X skin) (X ,) (X small) (X red) (X marks) (X on) (X skin) (X ,) (X red) (X lumpy) (X swellings) (X on) (X the) (X legs) (X problems) (X with) (X contact) (X lenses) (X headaches) (X ,) (X migraines) (X ,) (X moodiness) (X or) (X depression) (X fluid) (X retention) (X -) (X you) (X may) (X notice) (X swollen) (X ankles) (X or) (X stomach) (X or) (X changes) (X in) (X weight) (X raised) (X blood) (X sugar) (X changes) (X in) (X libido) (X -LRB-) (X interest) (X in) (X sex) (X -RRB-) (X If) (X you) (X notice) (X any) (X of) (X these) (X effects) (X or) (X any) (X other) (X unusual) (X symptoms) (X please) (X tell) (X your) (X doctor) (X or) (X pharmacist) (X as) (X soon) (X as) (X possible) (X .))" mmax_level="parse" />
<markable id="markable_185" span="word_4067..word_4075" tag="(ROOT (S (ADVP (RB Never)) (VP (VB miss) (NP (PRP$ your) (NN check) (NNS ups)) (PP (IN with) (NP (PRP$ your) (NN doctor)))) (. .)))" mmax_level="parse" />
<markable id="markable_186" span="word_4076..word_4089" tag="(ROOT (S (NP (PRP$ Your) (NN doctor)) (VP (MD can) (VP (VB check) (PP (IN for) (NP (NP (JJ side) (NNS effects)) (SBAR (WHNP (WDT which)) (S (NP (PRP you)) (VP (MD may) (RB not) (VP (VB notice) (NP (PRP yourself)))))))))) (. .)))" mmax_level="parse" />
<markable id="markable_187" span="word_4090..word_4135" tag="(ROOT (S (NP (NNS Reasons)) (VP (PP (IN for) (NP (NNP stopping) (NNP Cilest))) (ADVP (RB immediately)) (S (NP (PRP You)) (VP (MD must) (VP (VP (VB stop) (S (VP (VBG taking) (NP (NNP Cilest)) (ADVP (RB immediately))))) (CC and) (VP (VB consult) (NP (PRP$ your) (NN doctor)) (PP (IN if) (UCP (: :) (S (NP (PRP you)) (VP (VBP experience) (NP (NP (DT any)) (PP (IN of) (NP (DT the) (JJ following) (NNS signs)))))) (X (X (SYM /)) (NP (NP (NP (NNS symptoms)) (PP (IN of) (NP (DT a) (NN blood) (NN clot)))) (: :) (NP (NP (JJ severe) (NN pain)) (CC or) (NP (NN tenderness))))) (CC or) (VP (VBG swelling) (PP (IN in) (NP (NP (DT the) (NN calf)) (PP (IN of) (NP (CD one) (CC or) (CC both) (NP (NNS legs)))))))))))))) (. .)))" mmax_level="parse" />
<markable id="markable_188" span="word_4136..word_4166" tag="(ROOT (S (NP (NP (JJ unexpected) (NN chest) (NNP pain)) (, ,) (NP (NP (NN shortness)) (PP (IN of) (NP (NN breath) (CC or) (S (VP (VBG coughing) (PRT (RP up)) (NP (NN blood) (JJ unexpected) (NX (NX (ADJP (JJ numbness) (, ,) (JJ tingling) (, ,) (JJ severe)) (NN headache)) (, ,) (NX (NX (NN dizziness)) (, ,) (NX (NN fainting)) (, ,) (NN fitting))))))))) (, ,)) (VP (NNS problems) (PP (IN with) (NP (NN eyesight) (CC or) (NN speech)))) (. .)))" mmax_level="parse" />
<markable id="markable_189" span="word_4167..word_4170" tag="(ROOT (S (NP (JJ unexpected) (NN stomach)) (ADVP (RB pains)) (. .)))" mmax_level="parse" />
<markable id="markable_190" span="word_4171..word_4307" tag="(FRAG (X you) (X become) (X jaundiced) (X you) (X are) (X to) (X have) (X an) (X operation) (X /) (X major) (X surgery) (X you) (X have) (X to) (X take) (X bed) (X rest) (X or) (X remain) (X immobile) (X for) (X a) (X long) (X time) (X you) (X develop) (X high) (X blood) (X pressure) (X ,) (X high) (X blood) (X cholesterol) (X or) (X lipids) (X you) (X develop) (X heart) (X or) (X kidney) (X problems) (X or) (X existing) (X problems) (X become) (X worse) (X you) (X develop) (X epileptic) (X fits) (X or) (X your) (X existing) (X epilepsy) (X worsens) (X you) (X develop) (X migraine) (X or) (X your) (X existing) (X migraine) (X worsens) (X you) (X develop) (X severe) (X depression) (X or) (X your) (X existing) (X depression) (X worsens) (X you) (X develop) (X fibroids) (X or) (X endometriosis) (X or) (X your) (X existing) (X fibroids) (X /) (X endometriosis) (X worsen) (X you) (X develop) (X gallstones) (X you) (X develop) (X blood) (X clotting) (X problems) (X or) (X your) (X existing) (X problems) (X worsen) (X if) (X you) (X know) (X or) (X suspect) (X that) (X you) (X may) (X be) (X pregnant) (X ,) (X as) (X the) (X pill) (X might) (X affect) (X the) (X normal) (X development) (X of) (X the) (X child) (X in) (X the) (X early) (X stages) (X of) (X pregnancy) (X and) (X there) (X is) (X a) (X very) (X small) (X risk) (X of) (X foetal) (X malformation) (X .))" mmax_level="parse" />
<markable id="markable_191" span="word_4308..word_4315" tag="(ROOT (SQ (VBZ Does) (NP (DT the) (NN pill)) (VP (VB offer) (NP (DT any) (JJ extra) (NNS benefits))) (. ?)))" mmax_level="parse" />
<markable id="markable_192" span="word_4316..word_4328" tag="(ROOT (S (S (NP (PRP$ Your) (NNS periods)) (VP (MD will) (VP (VB become) (ADJP (RB very) (JJ regular))))) (CC and) (S (NP (NN bleeding)) (VP (MD will) (ADVP (RB probably)) (VP (VB become) (ADJP (JJR lighter))))) (. .)))" mmax_level="parse" />
<markable id="markable_193" span="word_4329..word_4334" tag="(ROOT (S (NP (NN Period) (NNS pains)) (VP (MD will) (ADVP (RB usually)) (VP (VB lessen))) (. .)))" mmax_level="parse" />
<markable id="markable_194" span="word_4335..word_4347" tag="(ROOT (S (NP (NP (NNP Premenstrual) (NN tension)) (PRN (-LRB- -LRB-) (NP (NNP PMT)) (-RRB- -RRB-))) (ADVP (RB usually)) (VP (VP (VBZ becomes) (ADJP (RBR less) (JJ severe))) (CC or) (VP (MD may) (VP (VB disappear)))) (. .)))" mmax_level="parse" />
<markable id="markable_195" span="word_4348..word_4373" tag="(ROOT (S (NP (NP (JJ Long) (NN term) (NN use)) (PP (IN of) (NP (DT the) (NN pill)))) (VP (VBZ reduces) (NP (NP (DT the) (NN risk)) (PP (IN of) (NP (NP (NNS cancers)) (PP (PP (IN of) (NP (DT the) (NNS ovaries))) (CC and) (PP (IN of) (NP (NP (DT the) (NN lining)) (PP (IN of) (NP (DT the) (NN womb))))))))) (PP (IN by) (NP (RB approximately) (DT a) (NN half)))) (. .)))" mmax_level="parse" />
<markable id="markable_196" span="word_4374..word_4381" tag="(ROOT (S (NP (DT The) (NN pill)) (VP (MD may) (VP (VB prevent) (NP (JJ painful) (NN lumpy) (NNS breasts)))) (. .)))" mmax_level="parse" />
<markable id="markable_197" span="word_4382..word_4395" tag="(ROOT (S (NP (DT The) (NN pill)) (VP (VBZ offers) (NP (NP (DT some) (NN protection)) (PP (IN against) (NP (NP (DT some) (NNS infections)) (PP (IN of) (NP (DT the) (JJ internal) (JJ genital) (NNS organs))))))) (. .)))" mmax_level="parse" />
<markable id="markable_198" span="word_4396..word_4404" tag="(ROOT (FRAG (WHNP (WP What)) (SBAR (IN if) (S (NP (PRP you)) (VP (VBP decide) (S (VP (TO to) (VP (VB have) (NP (DT a) (NN baby)))))))) (. ?)))" mmax_level="parse" />
<markable id="markable_199" span="word_4405..word_4418" tag="(ROOT (S (NP (NP (DT The) (NNS periods)) (SBAR (S (NP (PRP you)) (VP (VBP get) (PP (IN during) (NP (DT the) (NN pill) (JJ free) (NN week))))))) (VP (VBP are) (RB not) (NP (JJ true) (NNS periods))) (. .)))" mmax_level="parse" />
<markable id="markable_200" span="word_4419..word_4447" tag="(ROOT (S (NP (PRP It)) (VP (VBZ is) (ADJP (JJ important)) (SBAR (IN that) (S (NP (PRP you)) (VP (VBP have) (NP (DT a) (JJ true) (NN period)) (PP (IN before) (S (VP (VBG getting) (ADJP (JJ pregnant)) (SBAR (IN so) (IN that) (S (NP (PRP$ your) (NN doctor)) (VP (VBZ is) (ADJP (JJ able) (S (VP (TO to) (VP (VB know) (SBAR (WHADVP (WRB when)) (S (NP (PRP$ your) (NN baby)) (VP (VBZ is) (ADJP (JJ due) (S (VP (TO to) (VP (VB be) (VP (VBN born))))))))))))))))))))))) (. .)))" mmax_level="parse" />
<markable id="markable_201" span="word_4448..word_4476" tag="(ROOT (S (ADVP (RB So) (RB once)) (NP (PRP you)) (VP (VBP have) (VP (VBN stopped) (S (VP (VBG taking) (NP (NNP Cilest)) (SBAR (IN because) (S (NP (PRP you)) (VP (VBP wish) (S (VP (TO to) (VP (VB try) (S (VP (TO to) (VP (VB become) (ADJP (JJ pregnant)) (, ,) (VB use) (NP (NP (DT another) (NN method)) (PP (IN of) (NP (NN contraception))))))) (SBAR (IN until) (S (NP (PRP you)) (VP (VBP have) (VP (VBN had) (NP (DT a) (JJ true) (NN period)))))))))))))))) (. .)))" mmax_level="parse" />
<markable id="markable_202" span="word_4477..word_4482" tag="(ROOT (SBARQ (WHADVP (WRB How)) (SQ (MD should) (NP (PRP you)) (VP (VB store) (NP (NNP Cilest)))) (. ?)))" mmax_level="parse" />
<markable id="markable_203" span="word_4483..word_4492" tag="(ROOT (NP (NP (NP (NNP Store)) (PP (IN at) (NP (NN room) (NN temperature)))) (PRN (-LRB- -LRB-) (NP (QP (IN below) (CD 25)) (NNP C)) (-RRB- -RRB-)) (. .)))" mmax_level="parse" />
<markable id="markable_204" span="word_4493..word_4497" tag="(ROOT (NP (NP (JJ Protect) (NNS tablets)) (PP (IN from) (NP (NN light))) (. .)))" mmax_level="parse" />
<markable id="markable_205" span="word_4498..word_4508" tag="(ROOT (FRAG (NP (JJ Other) (JJ important) (NNS points)) (: :) (VP (VB Keep) (PP (IN out) (PP (IN of) (NP (NP (VB reach)) (PP (IN of) (NP (NNS children))))))) (. .)))" mmax_level="parse" />
<markable id="markable_206" span="word_4509..word_4522" tag="(ROOT (S (VP (VBP Do) (RB not) (VP (VB use) (NP (DT these) (NNS pills)) (PP (IN after) (NP (NP (DT the) (JJ expiry) (NN date)) (VP (VBN shown) (PP (IN on) (NP (DT the) (NN label)))))))) (. .)))" mmax_level="parse" />
<markable id="markable_207" span="word_4523..word_4529" tag="(ROOT (S (IN If) (NP (DT the) (NNP Cilest) (NN pack)) (VP (VBZ is) (VP (VBN damaged))) (. .)))" mmax_level="parse" />
<markable id="markable_208" span="word_4530..word_4535" tag="(ROOT (S (IN If) (NP (DT the) (NNS pills)) (VP (VBP are) (VP (VBN discoloured))) (. .)))" mmax_level="parse" />
<markable id="markable_209" span="word_4536..word_4546" tag="(ROOT (NP (NP (NP (NN Date)) (PP (IN of) (NP (NP (NN preparation)) (: :) (NP (NP (NNP July) (CD 1995)) (VP (VBN Revised) (PP (IN in))))))) (: :) (NP (NNP November) (CD 1995))))" mmax_level="parse" />
</markables>
