<?xml version="1.0" encoding="MacRoman"?>
<!DOCTYPE markables SYSTEM "markables.dtd">
<markables xmlns="www.eml.org/NameSpaces/chunk">
<markable id="markable_0" span="word_1..word_4" tag="np" mmax_level="chunk" />
<markable id="markable_1" span="word_6" tag="np" mmax_level="chunk" />
<markable id="markable_2" span="word_9..word_10" tag="np" mmax_level="chunk" />
<markable id="markable_3" span="word_11..word_12" tag="np" mmax_level="chunk" />
<markable id="markable_4" span="word_14..word_15" tag="np" mmax_level="chunk" />
<markable id="markable_5" span="word_17..word_19" tag="np" mmax_level="chunk" />
<markable id="markable_6" span="word_23" tag="np" mmax_level="chunk" />
<markable id="markable_7" span="word_26" tag="np" mmax_level="chunk" />
<markable id="markable_8" span="word_29" tag="np" mmax_level="chunk" />
<markable id="markable_9" span="word_32" tag="np" mmax_level="chunk" />
<markable id="markable_10" span="word_34..word_35" tag="np" mmax_level="chunk" />
<markable id="markable_11" span="word_44..word_46" tag="np" mmax_level="chunk" />
<markable id="markable_12" span="word_50..word_51" tag="np" mmax_level="chunk" />
<markable id="markable_13" span="word_53" tag="np" mmax_level="chunk" />
<markable id="markable_14" span="word_55" tag="np" mmax_level="chunk" />
<markable id="markable_15" span="word_57" tag="np" mmax_level="chunk" />
<markable id="markable_16" span="word_62..word_63" tag="np" mmax_level="chunk" />
<markable id="markable_17" span="word_67" tag="np" mmax_level="chunk" />
<markable id="markable_18" span="word_69" tag="np" mmax_level="chunk" />
<markable id="markable_19" span="word_76..word_78" tag="np" mmax_level="chunk" />
<markable id="markable_20" span="word_80" tag="np" mmax_level="chunk" />
<markable id="markable_21" span="word_85..word_86" tag="np" mmax_level="chunk" />
<markable id="markable_22" span="word_88" tag="np" mmax_level="chunk" />
<markable id="markable_23" span="word_92..word_93" tag="np" mmax_level="chunk" />
<markable id="markable_24" span="word_95" tag="np" mmax_level="chunk" />
<markable id="markable_25" span="word_97..word_98" tag="np" mmax_level="chunk" />
<markable id="markable_26" span="word_100..word_101" tag="np" mmax_level="chunk" />
<markable id="markable_27" span="word_105..word_107" tag="np" mmax_level="chunk" />
<markable id="markable_28" span="word_110..word_111" tag="np" mmax_level="chunk" />
<markable id="markable_29" span="word_113..word_114" tag="np" mmax_level="chunk" />
<markable id="markable_30" span="word_116..word_118" tag="np" mmax_level="chunk" />
<markable id="markable_31" span="word_120..word_121" tag="np" mmax_level="chunk" />
<markable id="markable_32" span="word_124..word_126" tag="np" mmax_level="chunk" />
<markable id="markable_33" span="word_128" tag="np" mmax_level="chunk" />
<markable id="markable_34" span="word_130..word_132" tag="np" mmax_level="chunk" />
<markable id="markable_35" span="word_135..word_136" tag="np" mmax_level="chunk" />
<markable id="markable_36" span="word_138..word_140" tag="np" mmax_level="chunk" />
<markable id="markable_37" span="word_141" tag="np" mmax_level="chunk" />
<markable id="markable_38" span="word_143..word_144" tag="np" mmax_level="chunk" />
<markable id="markable_39" span="word_146..word_147" tag="np" mmax_level="chunk" />
<markable id="markable_40" span="word_149..word_151" tag="np" mmax_level="chunk" />
<markable id="markable_41" span="word_157" tag="np" mmax_level="chunk" />
<markable id="markable_42" span="word_160" tag="np" mmax_level="chunk" />
<markable id="markable_43" span="word_162..word_163" tag="np" mmax_level="chunk" />
<markable id="markable_44" span="word_166..word_168" tag="np" mmax_level="chunk" />
<markable id="markable_45" span="word_170..word_171" tag="np" mmax_level="chunk" />
<markable id="markable_46" span="word_173..word_174" tag="np" mmax_level="chunk" />
<markable id="markable_47" span="word_181..word_182" tag="np" mmax_level="chunk" />
<markable id="markable_48" span="word_184" tag="np" mmax_level="chunk" />
<markable id="markable_49" span="word_189..word_190" tag="np" mmax_level="chunk" />
<markable id="markable_50" span="word_192..word_193" tag="np" mmax_level="chunk" />
<markable id="markable_51" span="word_195..word_196" tag="np" mmax_level="chunk" />
<markable id="markable_52" span="word_200..word_204" tag="np" mmax_level="chunk" />
<markable id="markable_53" span="word_206" tag="np" mmax_level="chunk" />
<markable id="markable_54" span="word_209..word_210" tag="np" mmax_level="chunk" />
<markable id="markable_55" span="word_212..word_214" tag="np" mmax_level="chunk" />
<markable id="markable_56" span="word_217" tag="np" mmax_level="chunk" />
<markable id="markable_57" span="word_219" tag="np" mmax_level="chunk" />
<markable id="markable_58" span="word_221..word_222" tag="np" mmax_level="chunk" />
<markable id="markable_59" span="word_224" tag="np" mmax_level="chunk" />
<markable id="markable_60" span="word_226" tag="np" mmax_level="chunk" />
<markable id="markable_61" span="word_228..word_229" tag="np" mmax_level="chunk" />
<markable id="markable_62" span="word_231" tag="np" mmax_level="chunk" />
<markable id="markable_63" span="word_233..word_234" tag="np" mmax_level="chunk" />
<markable id="markable_64" span="word_238..word_239" tag="np" mmax_level="chunk" />
<markable id="markable_65" span="word_241..word_243" tag="np" mmax_level="chunk" />
<markable id="markable_66" span="word_246" tag="np" mmax_level="chunk" />
<markable id="markable_67" span="word_248..word_249" tag="np" mmax_level="chunk" />
<markable id="markable_68" span="word_251..word_253" tag="np" mmax_level="chunk" />
<markable id="markable_69" span="word_255..word_256" tag="np" mmax_level="chunk" />
<markable id="markable_70" span="word_259" tag="np" mmax_level="chunk" />
<markable id="markable_71" span="word_261..word_263" tag="np" mmax_level="chunk" />
<markable id="markable_72" span="word_267..word_268" tag="np" mmax_level="chunk" />
<markable id="markable_73" span="word_273..word_274" tag="np" mmax_level="chunk" />
<markable id="markable_74" span="word_279..word_280" tag="np" mmax_level="chunk" />
<markable id="markable_75" span="word_283..word_284" tag="np" mmax_level="chunk" />
<markable id="markable_76" span="word_288..word_289" tag="np" mmax_level="chunk" />
<markable id="markable_77" span="word_291..word_293" tag="np" mmax_level="chunk" />
<markable id="markable_78" span="word_299" tag="np" mmax_level="chunk" />
<markable id="markable_79" span="word_304..word_305" tag="np" mmax_level="chunk" />
<markable id="markable_80" span="word_307..word_308" tag="np" mmax_level="chunk" />
<markable id="markable_81" span="word_310..word_311" tag="np" mmax_level="chunk" />
<markable id="markable_82" span="word_313..word_315" tag="np" mmax_level="chunk" />
<markable id="markable_83" span="word_317" tag="np" mmax_level="chunk" />
<markable id="markable_84" span="word_320..word_321" tag="np" mmax_level="chunk" />
<markable id="markable_85" span="word_323" tag="np" mmax_level="chunk" />
<markable id="markable_86" span="word_329..word_331" tag="np" mmax_level="chunk" />
<markable id="markable_87" span="word_335..word_337" tag="np" mmax_level="chunk" />
<markable id="markable_88" span="word_339" tag="np" mmax_level="chunk" />
<markable id="markable_89" span="word_343..word_346" tag="np" mmax_level="chunk" />
<markable id="markable_90" span="word_348..word_350" tag="np" mmax_level="chunk" />
<markable id="markable_91" span="word_355" tag="np" mmax_level="chunk" />
<markable id="markable_92" span="word_358" tag="np" mmax_level="chunk" />
<markable id="markable_93" span="word_359..word_362" tag="np" mmax_level="chunk" />
<markable id="markable_94" span="word_364" tag="np" mmax_level="chunk" />
<markable id="markable_95" span="word_366..word_368" tag="np" mmax_level="chunk" />
<markable id="markable_96" span="word_370" tag="np" mmax_level="chunk" />
<markable id="markable_97" span="word_371" tag="np" mmax_level="chunk" />
<markable id="markable_98" span="word_378..word_380" tag="np" mmax_level="chunk" />
<markable id="markable_99" span="word_383..word_384" tag="np" mmax_level="chunk" />
<markable id="markable_100" span="word_386..word_387" tag="np" mmax_level="chunk" />
<markable id="markable_101" span="word_390..word_392" tag="np" mmax_level="chunk" />
<markable id="markable_102" span="word_394" tag="np" mmax_level="chunk" />
<markable id="markable_103" span="word_397..word_398" tag="np" mmax_level="chunk" />
<markable id="markable_104" span="word_400..word_402" tag="np" mmax_level="chunk" />
<markable id="markable_105" span="word_404..word_406" tag="np" mmax_level="chunk" />
<markable id="markable_106" span="word_409" tag="np" mmax_level="chunk" />
<markable id="markable_107" span="word_411..word_412" tag="np" mmax_level="chunk" />
<markable id="markable_108" span="word_415" tag="np" mmax_level="chunk" />
<markable id="markable_109" span="word_417" tag="np" mmax_level="chunk" />
<markable id="markable_110" span="word_419..word_420" tag="np" mmax_level="chunk" />
<markable id="markable_111" span="word_424" tag="np" mmax_level="chunk" />
<markable id="markable_112" span="word_426..word_427" tag="np" mmax_level="chunk" />
<markable id="markable_113" span="word_429..word_430" tag="np" mmax_level="chunk" />
<markable id="markable_114" span="word_434..word_436" tag="np" mmax_level="chunk" />
<markable id="markable_115" span="word_440" tag="np" mmax_level="chunk" />
<markable id="markable_116" span="word_443..word_445" tag="np" mmax_level="chunk" />
<markable id="markable_117" span="word_447..word_448" tag="np" mmax_level="chunk" />
<markable id="markable_118" span="word_451" tag="np" mmax_level="chunk" />
<markable id="markable_119" span="word_453..word_454" tag="np" mmax_level="chunk" />
<markable id="markable_120" span="word_458" tag="np" mmax_level="chunk" />
<markable id="markable_121" span="word_460..word_461" tag="np" mmax_level="chunk" />
<markable id="markable_122" span="word_463..word_464" tag="np" mmax_level="chunk" />
<markable id="markable_123" span="word_466..word_467" tag="np" mmax_level="chunk" />
<markable id="markable_124" span="word_470..word_471" tag="np" mmax_level="chunk" />
<markable id="markable_125" span="word_476..word_477" tag="np" mmax_level="chunk" />
<markable id="markable_126" span="word_479..word_482" tag="np" mmax_level="chunk" />
<markable id="markable_127" span="word_484" tag="np" mmax_level="chunk" />
<markable id="markable_128" span="word_486..word_487" tag="np" mmax_level="chunk" />
<markable id="markable_129" span="word_489..word_490" tag="np" mmax_level="chunk" />
<markable id="markable_130" span="word_494..word_495" tag="np" mmax_level="chunk" />
<markable id="markable_131" span="word_501..word_503" tag="np" mmax_level="chunk" />
<markable id="markable_132" span="word_505..word_507" tag="np" mmax_level="chunk" />
<markable id="markable_133" span="word_510..word_511" tag="np" mmax_level="chunk" />
<markable id="markable_134" span="word_515..word_517" tag="np" mmax_level="chunk" />
<markable id="markable_135" span="word_524" tag="np" mmax_level="chunk" />
<markable id="markable_136" span="word_526..word_527" tag="np" mmax_level="chunk" />
<markable id="markable_137" span="word_529..word_530" tag="np" mmax_level="chunk" />
<markable id="markable_138" span="word_532..word_534" tag="np" mmax_level="chunk" />
<markable id="markable_139" span="word_536..word_537" tag="np" mmax_level="chunk" />
<markable id="markable_140" span="word_539..word_541" tag="np" mmax_level="chunk" />
<markable id="markable_141" span="word_545..word_547" tag="np" mmax_level="chunk" />
<markable id="markable_142" span="word_549" tag="np" mmax_level="chunk" />
<markable id="markable_143" span="word_551" tag="np" mmax_level="chunk" />
<markable id="markable_144" span="word_554" tag="np" mmax_level="chunk" />
<markable id="markable_145" span="word_556" tag="np" mmax_level="chunk" />
<markable id="markable_146" span="word_558" tag="np" mmax_level="chunk" />
<markable id="markable_147" span="word_560" tag="np" mmax_level="chunk" />
<markable id="markable_148" span="word_562..word_564" tag="np" mmax_level="chunk" />
<markable id="markable_149" span="word_567" tag="np" mmax_level="chunk" />
<markable id="markable_150" span="word_570..word_571" tag="np" mmax_level="chunk" />
<markable id="markable_151" span="word_575" tag="np" mmax_level="chunk" />
<markable id="markable_152" span="word_576..word_577" tag="np" mmax_level="chunk" />
<markable id="markable_153" span="word_581" tag="np" mmax_level="chunk" />
<markable id="markable_154" span="word_584" tag="np" mmax_level="chunk" />
<markable id="markable_155" span="word_587..word_588" tag="np" mmax_level="chunk" />
<markable id="markable_156" span="word_593..word_595" tag="np" mmax_level="chunk" />
<markable id="markable_157" span="word_597..word_598" tag="np" mmax_level="chunk" />
<markable id="markable_158" span="word_601..word_602" tag="np" mmax_level="chunk" />
<markable id="markable_159" span="word_605..word_606" tag="np" mmax_level="chunk" />
<markable id="markable_160" span="word_609..word_610" tag="np" mmax_level="chunk" />
<markable id="markable_161" span="word_612" tag="np" mmax_level="chunk" />
<markable id="markable_162" span="word_614..word_615" tag="np" mmax_level="chunk" />
<markable id="markable_163" span="word_617..word_618" tag="np" mmax_level="chunk" />
<markable id="markable_164" span="word_621..word_622" tag="np" mmax_level="chunk" />
<markable id="markable_165" span="word_629..word_630" tag="np" mmax_level="chunk" />
<markable id="markable_166" span="word_632..word_633" tag="np" mmax_level="chunk" />
<markable id="markable_167" span="word_635..word_638" tag="np" mmax_level="chunk" />
<markable id="markable_168" span="word_640" tag="np" mmax_level="chunk" />
<markable id="markable_169" span="word_646" tag="np" mmax_level="chunk" />
<markable id="markable_170" span="word_649..word_650" tag="np" mmax_level="chunk" />
<markable id="markable_171" span="word_655..word_656" tag="np" mmax_level="chunk" />
<markable id="markable_172" span="word_659" tag="np" mmax_level="chunk" />
<markable id="markable_173" span="word_661" tag="np" mmax_level="chunk" />
<markable id="markable_174" span="word_664" tag="np" mmax_level="chunk" />
<markable id="markable_175" span="word_667" tag="np" mmax_level="chunk" />
<markable id="markable_176" span="word_673..word_674" tag="np" mmax_level="chunk" />
<markable id="markable_177" span="word_676" tag="np" mmax_level="chunk" />
<markable id="markable_178" span="word_680..word_681" tag="np" mmax_level="chunk" />
<markable id="markable_179" span="word_684..word_686" tag="np" mmax_level="chunk" />
<markable id="markable_180" span="word_688" tag="np" mmax_level="chunk" />
<markable id="markable_181" span="word_693" tag="np" mmax_level="chunk" />
<markable id="markable_182" span="word_694..word_696" tag="np" mmax_level="chunk" />
<markable id="markable_183" span="word_698..word_699" tag="np" mmax_level="chunk" />
<markable id="markable_184" span="word_701..word_702" tag="np" mmax_level="chunk" />
<markable id="markable_185" span="word_704..word_705" tag="np" mmax_level="chunk" />
<markable id="markable_186" span="word_709..word_710" tag="np" mmax_level="chunk" />
<markable id="markable_187" span="word_712..word_713" tag="np" mmax_level="chunk" />
<markable id="markable_188" span="word_717..word_718" tag="np" mmax_level="chunk" />
<markable id="markable_189" span="word_723..word_725" tag="np" mmax_level="chunk" />
<markable id="markable_190" span="word_727" tag="np" mmax_level="chunk" />
<markable id="markable_191" span="word_732..word_733" tag="np" mmax_level="chunk" />
<markable id="markable_192" span="word_735..word_736" tag="np" mmax_level="chunk" />
<markable id="markable_193" span="word_738" tag="np" mmax_level="chunk" />
<markable id="markable_194" span="word_741..word_742" tag="np" mmax_level="chunk" />
<markable id="markable_195" span="word_744..word_745" tag="np" mmax_level="chunk" />
<markable id="markable_196" span="word_747..word_752" tag="np" mmax_level="chunk" />
<markable id="markable_197" span="word_756" tag="np" mmax_level="chunk" />
<markable id="markable_198" span="word_760" tag="np" mmax_level="chunk" />
<markable id="markable_199" span="word_763..word_764" tag="np" mmax_level="chunk" />
<markable id="markable_200" span="word_766..word_770" tag="np" mmax_level="chunk" />
<markable id="markable_201" span="word_772" tag="np" mmax_level="chunk" />
<markable id="markable_202" span="word_774..word_778" tag="np" mmax_level="chunk" />
<markable id="markable_203" span="word_783" tag="np" mmax_level="chunk" />
<markable id="markable_204" span="word_785" tag="np" mmax_level="chunk" />
<markable id="markable_205" span="word_787" tag="np" mmax_level="chunk" />
<markable id="markable_206" span="word_789..word_794" tag="np" mmax_level="chunk" />
<markable id="markable_207" span="word_801" tag="np" mmax_level="chunk" />
<markable id="markable_208" span="word_803..word_804" tag="np" mmax_level="chunk" />
<markable id="markable_209" span="word_806..word_809" tag="np" mmax_level="chunk" />
<markable id="markable_210" span="word_811..word_813" tag="np" mmax_level="chunk" />
<markable id="markable_211" span="word_817" tag="np" mmax_level="chunk" />
<markable id="markable_212" span="word_819..word_820" tag="np" mmax_level="chunk" />
<markable id="markable_213" span="word_822..word_823" tag="np" mmax_level="chunk" />
<markable id="markable_214" span="word_825..word_826" tag="np" mmax_level="chunk" />
<markable id="markable_215" span="word_828" tag="np" mmax_level="chunk" />
<markable id="markable_216" span="word_832..word_833" tag="np" mmax_level="chunk" />
<markable id="markable_217" span="word_836" tag="np" mmax_level="chunk" />
<markable id="markable_218" span="word_838..word_840" tag="np" mmax_level="chunk" />
<markable id="markable_219" span="word_843" tag="np" mmax_level="chunk" />
<markable id="markable_220" span="word_845" tag="np" mmax_level="chunk" />
<markable id="markable_221" span="word_847..word_848" tag="np" mmax_level="chunk" />
<markable id="markable_222" span="word_851..word_852" tag="np" mmax_level="chunk" />
<markable id="markable_223" span="word_855..word_856" tag="np" mmax_level="chunk" />
<markable id="markable_224" span="word_858" tag="np" mmax_level="chunk" />
<markable id="markable_225" span="word_860..word_861" tag="np" mmax_level="chunk" />
<markable id="markable_226" span="word_863..word_864" tag="np" mmax_level="chunk" />
<markable id="markable_227" span="word_867" tag="np" mmax_level="chunk" />
<markable id="markable_228" span="word_876" tag="np" mmax_level="chunk" />
<markable id="markable_229" span="word_880" tag="np" mmax_level="chunk" />
<markable id="markable_230" span="word_885" tag="np" mmax_level="chunk" />
<markable id="markable_231" span="word_887" tag="np" mmax_level="chunk" />
<markable id="markable_232" span="word_893..word_894" tag="np" mmax_level="chunk" />
<markable id="markable_233" span="word_896..word_897" tag="np" mmax_level="chunk" />
<markable id="markable_234" span="word_900" tag="np" mmax_level="chunk" />
<markable id="markable_235" span="word_903" tag="np" mmax_level="chunk" />
<markable id="markable_236" span="word_1053" tag="np" mmax_level="chunk" />
<markable id="markable_237" span="word_1058" tag="np" mmax_level="chunk" />
<markable id="markable_238" span="word_1060..word_1061" tag="np" mmax_level="chunk" />
<markable id="markable_239" span="word_1062" tag="np" mmax_level="chunk" />
<markable id="markable_240" span="word_1066..word_1067" tag="np" mmax_level="chunk" />
<markable id="markable_241" span="word_1069" tag="np" mmax_level="chunk" />
<markable id="markable_242" span="word_1071" tag="np" mmax_level="chunk" />
<markable id="markable_243" span="word_1074..word_1076" tag="np" mmax_level="chunk" />
<markable id="markable_244" span="word_1080" tag="np" mmax_level="chunk" />
<markable id="markable_245" span="word_1084" tag="np" mmax_level="chunk" />
<markable id="markable_246" span="word_1088" tag="np" mmax_level="chunk" />
<markable id="markable_247" span="word_1090..word_1091" tag="np" mmax_level="chunk" />
<markable id="markable_248" span="word_1093" tag="np" mmax_level="chunk" />
<markable id="markable_249" span="word_1100..word_1101" tag="np" mmax_level="chunk" />
<markable id="markable_250" span="word_1104" tag="np" mmax_level="chunk" />
<markable id="markable_251" span="word_1108" tag="np" mmax_level="chunk" />
<markable id="markable_252" span="word_1110..word_1111" tag="np" mmax_level="chunk" />
<markable id="markable_253" span="word_1116" tag="np" mmax_level="chunk" />
<markable id="markable_254" span="word_1121" tag="np" mmax_level="chunk" />
<markable id="markable_255" span="word_1124" tag="np" mmax_level="chunk" />
<markable id="markable_256" span="word_1126" tag="np" mmax_level="chunk" />
<markable id="markable_257" span="word_1128" tag="np" mmax_level="chunk" />
<markable id="markable_258" span="word_1130..word_1131" tag="np" mmax_level="chunk" />
<markable id="markable_259" span="word_1132" tag="np" mmax_level="chunk" />
<markable id="markable_260" span="word_1135" tag="np" mmax_level="chunk" />
<markable id="markable_261" span="word_1139..word_1140" tag="np" mmax_level="chunk" />
<markable id="markable_262" span="word_1142" tag="np" mmax_level="chunk" />
<markable id="markable_263" span="word_1144" tag="np" mmax_level="chunk" />
<markable id="markable_264" span="word_1149" tag="np" mmax_level="chunk" />
<markable id="markable_265" span="word_1154..word_1155" tag="np" mmax_level="chunk" />
<markable id="markable_266" span="word_1157" tag="np" mmax_level="chunk" />
<markable id="markable_267" span="word_1159..word_1160" tag="np" mmax_level="chunk" />
<markable id="markable_268" span="word_1162..word_1164" tag="np" mmax_level="chunk" />
<markable id="markable_269" span="word_1165..word_1167" tag="np" mmax_level="chunk" />
<markable id="markable_270" span="word_1169" tag="np" mmax_level="chunk" />
<markable id="markable_271" span="word_1171..word_1173" tag="np" mmax_level="chunk" />
<markable id="markable_272" span="word_1175..word_1177" tag="np" mmax_level="chunk" />
<markable id="markable_273" span="word_1184" tag="np" mmax_level="chunk" />
<markable id="markable_274" span="word_1194..word_1196" tag="np" mmax_level="chunk" />
<markable id="markable_275" span="word_1198..word_1201" tag="np" mmax_level="chunk" />
<markable id="markable_276" span="word_1204..word_1205" tag="np" mmax_level="chunk" />
<markable id="markable_277" span="word_1207" tag="np" mmax_level="chunk" />
<markable id="markable_278" span="word_1211..word_1212" tag="np" mmax_level="chunk" />
<markable id="markable_279" span="word_1214..word_1215" tag="np" mmax_level="chunk" />
<markable id="markable_280" span="word_1217" tag="np" mmax_level="chunk" />
<markable id="markable_281" span="word_1222..word_1223" tag="np" mmax_level="chunk" />
<markable id="markable_282" span="word_1225" tag="np" mmax_level="chunk" />
<markable id="markable_283" span="word_1227" tag="np" mmax_level="chunk" />
<markable id="markable_284" span="word_1232" tag="np" mmax_level="chunk" />
<markable id="markable_285" span="word_1237" tag="np" mmax_level="chunk" />
<markable id="markable_286" span="word_1238" tag="np" mmax_level="chunk" />
<markable id="markable_287" span="word_1241" tag="np" mmax_level="chunk" />
<markable id="markable_288" span="word_1243..word_1244" tag="np" mmax_level="chunk" />
<markable id="markable_289" span="word_1247" tag="np" mmax_level="chunk" />
<markable id="markable_290" span="word_1249..word_1250" tag="np" mmax_level="chunk" />
<markable id="markable_291" span="word_1252" tag="np" mmax_level="chunk" />
<markable id="markable_292" span="word_1256" tag="np" mmax_level="chunk" />
<markable id="markable_293" span="word_1258..word_1259" tag="np" mmax_level="chunk" />
<markable id="markable_294" span="word_1261..word_1263" tag="np" mmax_level="chunk" />
<markable id="markable_295" span="word_1264" tag="np" mmax_level="chunk" />
<markable id="markable_296" span="word_1268" tag="np" mmax_level="chunk" />
<markable id="markable_297" span="word_1270" tag="np" mmax_level="chunk" />
<markable id="markable_298" span="word_1273" tag="np" mmax_level="chunk" />
<markable id="markable_299" span="word_1275..word_1277" tag="np" mmax_level="chunk" />
<markable id="markable_300" span="word_1280..word_1281" tag="np" mmax_level="chunk" />
<markable id="markable_301" span="word_1286" tag="np" mmax_level="chunk" />
<markable id="markable_302" span="word_1291" tag="np" mmax_level="chunk" />
<markable id="markable_303" span="word_1294" tag="np" mmax_level="chunk" />
<markable id="markable_304" span="word_1297" tag="np" mmax_level="chunk" />
<markable id="markable_305" span="word_1300" tag="np" mmax_level="chunk" />
<markable id="markable_306" span="word_1302..word_1304" tag="np" mmax_level="chunk" />
<markable id="markable_307" span="word_1305..word_1311" tag="np" mmax_level="chunk" />
<markable id="markable_308" span="word_1317" tag="np" mmax_level="chunk" />
<markable id="markable_309" span="word_1320" tag="np" mmax_level="chunk" />
<markable id="markable_310" span="word_1323" tag="np" mmax_level="chunk" />
<markable id="markable_311" span="word_1325" tag="np" mmax_level="chunk" />
<markable id="markable_312" span="word_1328" tag="np" mmax_level="chunk" />
<markable id="markable_313" span="word_1330..word_1331" tag="np" mmax_level="chunk" />
<markable id="markable_314" span="word_1334" tag="np" mmax_level="chunk" />
<markable id="markable_315" span="word_1336" tag="np" mmax_level="chunk" />
<markable id="markable_316" span="word_1338..word_1339" tag="np" mmax_level="chunk" />
<markable id="markable_317" span="word_1341" tag="np" mmax_level="chunk" />
<markable id="markable_318" span="word_1343" tag="np" mmax_level="chunk" />
<markable id="markable_319" span="word_1348..word_1349" tag="np" mmax_level="chunk" />
<markable id="markable_320" span="word_1351..word_1352" tag="np" mmax_level="chunk" />
<markable id="markable_321" span="word_1360..word_1361" tag="np" mmax_level="chunk" />
<markable id="markable_322" span="word_1363" tag="np" mmax_level="chunk" />
<markable id="markable_323" span="word_1366..word_1367" tag="np" mmax_level="chunk" />
<markable id="markable_324" span="word_1369..word_1370" tag="np" mmax_level="chunk" />
<markable id="markable_325" span="word_1372" tag="np" mmax_level="chunk" />
<markable id="markable_326" span="word_1377..word_1378" tag="np" mmax_level="chunk" />
<markable id="markable_327" span="word_1380..word_1381" tag="np" mmax_level="chunk" />
<markable id="markable_328" span="word_1383..word_1385" tag="np" mmax_level="chunk" />
<markable id="markable_329" span="word_1392..word_1394" tag="np" mmax_level="chunk" />
<markable id="markable_330" span="word_1397..word_1399" tag="np" mmax_level="chunk" />
<markable id="markable_331" span="word_1401..word_1404" tag="np" mmax_level="chunk" />
<markable id="markable_332" span="word_1410..word_1411" tag="np" mmax_level="chunk" />
<markable id="markable_333" span="word_1413" tag="np" mmax_level="chunk" />
<markable id="markable_334" span="word_1419..word_1420" tag="np" mmax_level="chunk" />
<markable id="markable_335" span="word_1422..word_1423" tag="np" mmax_level="chunk" />
<markable id="markable_336" span="word_1425..word_1430" tag="np" mmax_level="chunk" />
<markable id="markable_337" span="word_1434" tag="np" mmax_level="chunk" />
<markable id="markable_338" span="word_1436..word_1438" tag="np" mmax_level="chunk" />
<markable id="markable_339" span="word_1440..word_1441" tag="np" mmax_level="chunk" />
<markable id="markable_340" span="word_1442..word_1443" tag="np" mmax_level="chunk" />
<markable id="markable_341" span="word_1445" tag="np" mmax_level="chunk" />
<markable id="markable_342" span="word_1452" tag="np" mmax_level="chunk" />
<markable id="markable_343" span="word_1455" tag="np" mmax_level="chunk" />
<markable id="markable_344" span="word_1459..word_1460" tag="np" mmax_level="chunk" />
<markable id="markable_345" span="word_1463..word_1464" tag="np" mmax_level="chunk" />
<markable id="markable_346" span="word_1469" tag="np" mmax_level="chunk" />
<markable id="markable_347" span="word_1472..word_1473" tag="np" mmax_level="chunk" />
<markable id="markable_348" span="word_1474" tag="np" mmax_level="chunk" />
<markable id="markable_349" span="word_1477..word_1478" tag="np" mmax_level="chunk" />
<markable id="markable_350" span="word_1480" tag="np" mmax_level="chunk" />
<markable id="markable_351" span="word_1486" tag="np" mmax_level="chunk" />
<markable id="markable_352" span="word_1487..word_1488" tag="np" mmax_level="chunk" />
<markable id="markable_353" span="word_1490..word_1491" tag="np" mmax_level="chunk" />
<markable id="markable_354" span="word_1493" tag="np" mmax_level="chunk" />
<markable id="markable_355" span="word_1499..word_1500" tag="np" mmax_level="chunk" />
<markable id="markable_356" span="word_1502" tag="np" mmax_level="chunk" />
<markable id="markable_357" span="word_1507" tag="np" mmax_level="chunk" />
<markable id="markable_358" span="word_1511..word_1512" tag="np" mmax_level="chunk" />
<markable id="markable_359" span="word_1514" tag="np" mmax_level="chunk" />
<markable id="markable_360" span="word_1523..word_1524" tag="np" mmax_level="chunk" />
<markable id="markable_361" span="word_1526..word_1527" tag="np" mmax_level="chunk" />
<markable id="markable_362" span="word_1530" tag="np" mmax_level="chunk" />
<markable id="markable_363" span="word_1532..word_1534" tag="np" mmax_level="chunk" />
<markable id="markable_364" span="word_1536" tag="np" mmax_level="chunk" />
<markable id="markable_365" span="word_1538" tag="np" mmax_level="chunk" />
<markable id="markable_366" span="word_1545" tag="np" mmax_level="chunk" />
<markable id="markable_367" span="word_1547" tag="np" mmax_level="chunk" />
<markable id="markable_368" span="word_1549..word_1550" tag="np" mmax_level="chunk" />
<markable id="markable_369" span="word_1552..word_1554" tag="np" mmax_level="chunk" />
<markable id="markable_370" span="word_1557" tag="np" mmax_level="chunk" />
<markable id="markable_371" span="word_1559..word_1560" tag="np" mmax_level="chunk" />
<markable id="markable_372" span="word_1562" tag="np" mmax_level="chunk" />
<markable id="markable_373" span="word_1565..word_1566" tag="np" mmax_level="chunk" />
<markable id="markable_374" span="word_1568..word_1569" tag="np" mmax_level="chunk" />
<markable id="markable_375" span="word_1574..word_1575" tag="np" mmax_level="chunk" />
<markable id="markable_376" span="word_1577..word_1578" tag="np" mmax_level="chunk" />
<markable id="markable_377" span="word_1584" tag="np" mmax_level="chunk" />
<markable id="markable_378" span="word_1588..word_1589" tag="np" mmax_level="chunk" />
<markable id="markable_379" span="word_1591" tag="np" mmax_level="chunk" />
<markable id="markable_380" span="word_1594..word_1595" tag="np" mmax_level="chunk" />
<markable id="markable_381" span="word_1597..word_1601" tag="np" mmax_level="chunk" />
<markable id="markable_382" span="word_1605..word_1606" tag="np" mmax_level="chunk" />
<markable id="markable_383" span="word_1607..word_1608" tag="np" mmax_level="chunk" />
<markable id="markable_384" span="word_1610" tag="np" mmax_level="chunk" />
<markable id="markable_385" span="word_1613" tag="np" mmax_level="chunk" />
<markable id="markable_386" span="word_1615" tag="np" mmax_level="chunk" />
<markable id="markable_387" span="word_1617..word_1619" tag="np" mmax_level="chunk" />
<markable id="markable_388" span="word_1622" tag="np" mmax_level="chunk" />
<markable id="markable_389" span="word_1625" tag="np" mmax_level="chunk" />
<markable id="markable_390" span="word_1626..word_1627" tag="np" mmax_level="chunk" />
<markable id="markable_391" span="word_1629..word_1632" tag="np" mmax_level="chunk" />
<markable id="markable_392" span="word_1637" tag="np" mmax_level="chunk" />
<markable id="markable_393" span="word_1642" tag="np" mmax_level="chunk" />
<markable id="markable_394" span="word_1645..word_1646" tag="np" mmax_level="chunk" />
<markable id="markable_395" span="word_1648" tag="np" mmax_level="chunk" />
<markable id="markable_396" span="word_1654" tag="np" mmax_level="chunk" />
<markable id="markable_397" span="word_1659" tag="np" mmax_level="chunk" />
<markable id="markable_398" span="word_1663" tag="np" mmax_level="chunk" />
<markable id="markable_399" span="word_1666" tag="np" mmax_level="chunk" />
<markable id="markable_400" span="word_1668..word_1670" tag="np" mmax_level="chunk" />
<markable id="markable_401" span="word_1672..word_1673" tag="np" mmax_level="chunk" />
<markable id="markable_402" span="word_1676" tag="np" mmax_level="chunk" />
<markable id="markable_403" span="word_1678" tag="np" mmax_level="chunk" />
<markable id="markable_404" span="word_1679..word_1682" tag="np" mmax_level="chunk" />
<markable id="markable_405" span="word_1687..word_1688" tag="np" mmax_level="chunk" />
<markable id="markable_406" span="word_1695" tag="np" mmax_level="chunk" />
<markable id="markable_407" span="word_1697..word_1698" tag="np" mmax_level="chunk" />
<markable id="markable_408" span="word_1701..word_1703" tag="np" mmax_level="chunk" />
<markable id="markable_409" span="word_1705" tag="np" mmax_level="chunk" />
<markable id="markable_410" span="word_1707..word_1708" tag="np" mmax_level="chunk" />
<markable id="markable_411" span="word_1713..word_1714" tag="np" mmax_level="chunk" />
<markable id="markable_412" span="word_1719..word_1720" tag="np" mmax_level="chunk" />
<markable id="markable_413" span="word_1722..word_1723" tag="np" mmax_level="chunk" />
<markable id="markable_414" span="word_1725..word_1726" tag="np" mmax_level="chunk" />
<markable id="markable_415" span="word_1732..word_1735" tag="np" mmax_level="chunk" />
<markable id="markable_416" span="word_1737..word_1738" tag="np" mmax_level="chunk" />
<markable id="markable_417" span="word_1741..word_1742" tag="np" mmax_level="chunk" />
<markable id="markable_418" span="word_1744..word_1747" tag="np" mmax_level="chunk" />
<markable id="markable_419" span="word_1753" tag="np" mmax_level="chunk" />
<markable id="markable_420" span="word_1755..word_1757" tag="np" mmax_level="chunk" />
<markable id="markable_421" span="word_1759..word_1761" tag="np" mmax_level="chunk" />
<markable id="markable_422" span="word_1764..word_1765" tag="np" mmax_level="chunk" />
<markable id="markable_423" span="word_1767" tag="np" mmax_level="chunk" />
<markable id="markable_424" span="word_1769" tag="np" mmax_level="chunk" />
<markable id="markable_425" span="word_1774..word_1775" tag="np" mmax_level="chunk" />
<markable id="markable_426" span="word_1778..word_1779" tag="np" mmax_level="chunk" />
<markable id="markable_427" span="word_1782..word_1783" tag="np" mmax_level="chunk" />
<markable id="markable_428" span="word_1785..word_1786" tag="np" mmax_level="chunk" />
<markable id="markable_429" span="word_1789..word_1791" tag="np" mmax_level="chunk" />
<markable id="markable_430" span="word_1794..word_1796" tag="np" mmax_level="chunk" />
<markable id="markable_431" span="word_1798..word_1799" tag="np" mmax_level="chunk" />
<markable id="markable_432" span="word_1801..word_1802" tag="np" mmax_level="chunk" />
<markable id="markable_433" span="word_1804..word_1805" tag="np" mmax_level="chunk" />
<markable id="markable_434" span="word_1808" tag="np" mmax_level="chunk" />
<markable id="markable_435" span="word_1810..word_1812" tag="np" mmax_level="chunk" />
<markable id="markable_436" span="word_1814..word_1815" tag="np" mmax_level="chunk" />
<markable id="markable_437" span="word_1817" tag="np" mmax_level="chunk" />
<markable id="markable_438" span="word_1822..word_1823" tag="np" mmax_level="chunk" />
<markable id="markable_439" span="word_1826..word_1828" tag="np" mmax_level="chunk" />
<markable id="markable_440" span="word_1829..word_1830" tag="np" mmax_level="chunk" />
<markable id="markable_441" span="word_1832..word_1833" tag="np" mmax_level="chunk" />
<markable id="markable_442" span="word_1835" tag="np" mmax_level="chunk" />
<markable id="markable_443" span="word_1840" tag="np" mmax_level="chunk" />
<markable id="markable_444" span="word_1842" tag="np" mmax_level="chunk" />
<markable id="markable_445" span="word_1845" tag="np" mmax_level="chunk" />
<markable id="markable_446" span="word_1848..word_1850" tag="np" mmax_level="chunk" />
<markable id="markable_447" span="word_1852..word_1853" tag="np" mmax_level="chunk" />
<markable id="markable_448" span="word_1857..word_1858" tag="np" mmax_level="chunk" />
<markable id="markable_449" span="word_1860..word_1862" tag="np" mmax_level="chunk" />
<markable id="markable_450" span="word_1864..word_1866" tag="np" mmax_level="chunk" />
<markable id="markable_451" span="word_1868..word_1869" tag="np" mmax_level="chunk" />
<markable id="markable_452" span="word_1871..word_1873" tag="np" mmax_level="chunk" />
<markable id="markable_453" span="word_1876..word_1878" tag="np" mmax_level="chunk" />
<markable id="markable_454" span="word_1879" tag="np" mmax_level="chunk" />
<markable id="markable_455" span="word_1882..word_1883" tag="np" mmax_level="chunk" />
<markable id="markable_456" span="word_1885" tag="np" mmax_level="chunk" />
<markable id="markable_457" span="word_1888..word_1889" tag="np" mmax_level="chunk" />
<markable id="markable_458" span="word_1892..word_1894" tag="np" mmax_level="chunk" />
<markable id="markable_459" span="word_1896" tag="np" mmax_level="chunk" />
<markable id="markable_460" span="word_1898..word_1901" tag="np" mmax_level="chunk" />
<markable id="markable_461" span="word_1903..word_1905" tag="np" mmax_level="chunk" />
<markable id="markable_462" span="word_1907" tag="np" mmax_level="chunk" />
<markable id="markable_463" span="word_1911..word_1913" tag="np" mmax_level="chunk" />
<markable id="markable_464" span="word_1915..word_1916" tag="np" mmax_level="chunk" />
<markable id="markable_465" span="word_1918..word_1920" tag="np" mmax_level="chunk" />
<markable id="markable_466" span="word_1923" tag="np" mmax_level="chunk" />
<markable id="markable_467" span="word_1933" tag="np" mmax_level="chunk" />
<markable id="markable_468" span="word_1935..word_1938" tag="np" mmax_level="chunk" />
<markable id="markable_469" span="word_1941..word_1943" tag="np" mmax_level="chunk" />
<markable id="markable_470" span="word_1949" tag="np" mmax_level="chunk" />
<markable id="markable_471" span="word_1955..word_1956" tag="np" mmax_level="chunk" />
<markable id="markable_472" span="word_1962..word_1963" tag="np" mmax_level="chunk" />
<markable id="markable_473" span="word_1964..word_1965" tag="np" mmax_level="chunk" />
<markable id="markable_474" span="word_1968" tag="np" mmax_level="chunk" />
<markable id="markable_475" span="word_1972..word_1974" tag="np" mmax_level="chunk" />
<markable id="markable_476" span="word_1977..word_1980" tag="np" mmax_level="chunk" />
<markable id="markable_477" span="word_1984..word_1985" tag="np" mmax_level="chunk" />
<markable id="markable_478" span="word_1987..word_1990" tag="np" mmax_level="chunk" />
<markable id="markable_479" span="word_2045..word_2047" tag="np" mmax_level="chunk" />
<markable id="markable_480" span="word_2049" tag="np" mmax_level="chunk" />
<markable id="markable_481" span="word_2052" tag="np" mmax_level="chunk" />
<markable id="markable_482" span="word_2056..word_2057" tag="np" mmax_level="chunk" />
<markable id="markable_483" span="word_2060" tag="np" mmax_level="chunk" />
<markable id="markable_484" span="word_2065..word_2066" tag="np" mmax_level="chunk" />
<markable id="markable_485" span="word_2068..word_2070" tag="np" mmax_level="chunk" />
<markable id="markable_486" span="word_2072..word_2073" tag="np" mmax_level="chunk" />
<markable id="markable_487" span="word_2077..word_2078" tag="np" mmax_level="chunk" />
<markable id="markable_488" span="word_2080" tag="np" mmax_level="chunk" />
<markable id="markable_489" span="word_2082" tag="np" mmax_level="chunk" />
<markable id="markable_490" span="word_2086" tag="np" mmax_level="chunk" />
<markable id="markable_491" span="word_2091" tag="np" mmax_level="chunk" />
<markable id="markable_492" span="word_2095" tag="np" mmax_level="chunk" />
<markable id="markable_493" span="word_2098" tag="np" mmax_level="chunk" />
<markable id="markable_494" span="word_2102..word_2103" tag="np" mmax_level="chunk" />
<markable id="markable_495" span="word_2105..word_2107" tag="np" mmax_level="chunk" />
<markable id="markable_496" span="word_2109..word_2110" tag="np" mmax_level="chunk" />
<markable id="markable_497" span="word_2112" tag="np" mmax_level="chunk" />
<markable id="markable_498" span="word_2114..word_2115" tag="np" mmax_level="chunk" />
<markable id="markable_499" span="word_2117" tag="np" mmax_level="chunk" />
<markable id="markable_500" span="word_2123" tag="np" mmax_level="chunk" />
<markable id="markable_501" span="word_2124" tag="np" mmax_level="chunk" />
<markable id="markable_502" span="word_2129..word_2130" tag="np" mmax_level="chunk" />
<markable id="markable_503" span="word_2137..word_2138" tag="np" mmax_level="chunk" />
<markable id="markable_504" span="word_2140" tag="np" mmax_level="chunk" />
<markable id="markable_505" span="word_2142" tag="np" mmax_level="chunk" />
<markable id="markable_506" span="word_2146" tag="np" mmax_level="chunk" />
<markable id="markable_507" span="word_2151" tag="np" mmax_level="chunk" />
<markable id="markable_508" span="word_2153" tag="np" mmax_level="chunk" />
<markable id="markable_509" span="word_2155" tag="np" mmax_level="chunk" />
<markable id="markable_510" span="word_2162..word_2163" tag="np" mmax_level="chunk" />
<markable id="markable_511" span="word_2164" tag="np" mmax_level="chunk" />
<markable id="markable_512" span="word_2168" tag="np" mmax_level="chunk" />
<markable id="markable_513" span="word_2170..word_2171" tag="np" mmax_level="chunk" />
<markable id="markable_514" span="word_2173" tag="np" mmax_level="chunk" />
<markable id="markable_515" span="word_2178" tag="np" mmax_level="chunk" />
<markable id="markable_516" span="word_2180..word_2182" tag="np" mmax_level="chunk" />
<markable id="markable_517" span="word_2184..word_2185" tag="np" mmax_level="chunk" />
<markable id="markable_518" span="word_2187" tag="np" mmax_level="chunk" />
<markable id="markable_519" span="word_2193" tag="np" mmax_level="chunk" />
<markable id="markable_520" span="word_2198" tag="np" mmax_level="chunk" />
<markable id="markable_521" span="word_2204..word_2206" tag="np" mmax_level="chunk" />
<markable id="markable_522" span="word_2209..word_2210" tag="np" mmax_level="chunk" />
<markable id="markable_523" span="word_2213" tag="np" mmax_level="chunk" />
<markable id="markable_524" span="word_2215" tag="np" mmax_level="chunk" />
<markable id="markable_525" span="word_2219" tag="np" mmax_level="chunk" />
<markable id="markable_526" span="word_2221..word_2223" tag="np" mmax_level="chunk" />
<markable id="markable_527" span="word_2225" tag="np" mmax_level="chunk" />
<markable id="markable_528" span="word_2227" tag="np" mmax_level="chunk" />
<markable id="markable_529" span="word_2230" tag="np" mmax_level="chunk" />
<markable id="markable_530" span="word_2238..word_2239" tag="np" mmax_level="chunk" />
<markable id="markable_531" span="word_2241" tag="np" mmax_level="chunk" />
<markable id="markable_532" span="word_2247" tag="np" mmax_level="chunk" />
<markable id="markable_533" span="word_2253" tag="np" mmax_level="chunk" />
<markable id="markable_534" span="word_2256" tag="np" mmax_level="chunk" />
<markable id="markable_535" span="word_2259" tag="np" mmax_level="chunk" />
<markable id="markable_536" span="word_2260..word_2263" tag="np" mmax_level="chunk" />
<markable id="markable_537" span="word_2265" tag="np" mmax_level="chunk" />
<markable id="markable_538" span="word_2267" tag="np" mmax_level="chunk" />
<markable id="markable_539" span="word_2271" tag="np" mmax_level="chunk" />
<markable id="markable_540" span="word_2273..word_2274" tag="np" mmax_level="chunk" />
<markable id="markable_541" span="word_2275" tag="np" mmax_level="chunk" />
<markable id="markable_542" span="word_2278..word_2279" tag="np" mmax_level="chunk" />
<markable id="markable_543" span="word_2281..word_2284" tag="np" mmax_level="chunk" />
<markable id="markable_544" span="word_2287" tag="np" mmax_level="chunk" />
<markable id="markable_545" span="word_2290" tag="np" mmax_level="chunk" />
<markable id="markable_546" span="word_2294" tag="np" mmax_level="chunk" />
<markable id="markable_547" span="word_2296..word_2300" tag="np" mmax_level="chunk" />
<markable id="markable_548" span="word_2302" tag="np" mmax_level="chunk" />
<markable id="markable_549" span="word_2305..word_2307" tag="np" mmax_level="chunk" />
<markable id="markable_550" span="word_2309" tag="np" mmax_level="chunk" />
<markable id="markable_551" span="word_2315..word_2318" tag="np" mmax_level="chunk" />
<markable id="markable_552" span="word_2321" tag="np" mmax_level="chunk" />
<markable id="markable_553" span="word_2323..word_2324" tag="np" mmax_level="chunk" />
<markable id="markable_554" span="word_2326" tag="np" mmax_level="chunk" />
<markable id="markable_555" span="word_2329..word_2331" tag="np" mmax_level="chunk" />
<markable id="markable_556" span="word_2332" tag="np" mmax_level="chunk" />
<markable id="markable_557" span="word_2336" tag="np" mmax_level="chunk" />
<markable id="markable_558" span="word_2338..word_2340" tag="np" mmax_level="chunk" />
<markable id="markable_559" span="word_2342..word_2343" tag="np" mmax_level="chunk" />
<markable id="markable_560" span="word_2345" tag="np" mmax_level="chunk" />
<markable id="markable_561" span="word_2347" tag="np" mmax_level="chunk" />
<markable id="markable_562" span="word_2351..word_2352" tag="np" mmax_level="chunk" />
<markable id="markable_563" span="word_2354" tag="np" mmax_level="chunk" />
<markable id="markable_564" span="word_2357..word_2358" tag="np" mmax_level="chunk" />
<markable id="markable_565" span="word_2363..word_2364" tag="np" mmax_level="chunk" />
<markable id="markable_566" span="word_2366..word_2367" tag="np" mmax_level="chunk" />
<markable id="markable_567" span="word_2369" tag="np" mmax_level="chunk" />
<markable id="markable_568" span="word_2373" tag="np" mmax_level="chunk" />
<markable id="markable_569" span="word_2376" tag="np" mmax_level="chunk" />
<markable id="markable_570" span="word_2380..word_2381" tag="np" mmax_level="chunk" />
<markable id="markable_571" span="word_2383" tag="np" mmax_level="chunk" />
<markable id="markable_572" span="word_2385" tag="np" mmax_level="chunk" />
<markable id="markable_573" span="word_2387" tag="np" mmax_level="chunk" />
<markable id="markable_574" span="word_2389" tag="np" mmax_level="chunk" />
<markable id="markable_575" span="word_2392..word_2395" tag="np" mmax_level="chunk" />
<markable id="markable_576" span="word_2397..word_2398" tag="np" mmax_level="chunk" />
<markable id="markable_577" span="word_2400..word_2401" tag="np" mmax_level="chunk" />
<markable id="markable_578" span="word_2402" tag="np" mmax_level="chunk" />
<markable id="markable_579" span="word_2406..word_2407" tag="np" mmax_level="chunk" />
<markable id="markable_580" span="word_2410..word_2413" tag="np" mmax_level="chunk" />
<markable id="markable_581" span="word_2418..word_2419" tag="np" mmax_level="chunk" />
<markable id="markable_582" span="word_2421..word_2423" tag="np" mmax_level="chunk" />
<markable id="markable_583" span="word_2425..word_2426" tag="np" mmax_level="chunk" />
<markable id="markable_584" span="word_2430" tag="np" mmax_level="chunk" />
<markable id="markable_585" span="word_2433..word_2435" tag="np" mmax_level="chunk" />
<markable id="markable_586" span="word_2437" tag="np" mmax_level="chunk" />
<markable id="markable_587" span="word_2440" tag="np" mmax_level="chunk" />
<markable id="markable_588" span="word_2442..word_2443" tag="np" mmax_level="chunk" />
<markable id="markable_589" span="word_2448" tag="np" mmax_level="chunk" />
<markable id="markable_590" span="word_2451..word_2453" tag="np" mmax_level="chunk" />
<markable id="markable_591" span="word_2455" tag="np" mmax_level="chunk" />
<markable id="markable_592" span="word_2457..word_2459" tag="np" mmax_level="chunk" />
<markable id="markable_593" span="word_2461..word_2462" tag="np" mmax_level="chunk" />
<markable id="markable_594" span="word_2465..word_2468" tag="np" mmax_level="chunk" />
<markable id="markable_595" span="word_2470..word_2475" tag="np" mmax_level="chunk" />
<markable id="markable_596" span="word_2478..word_2481" tag="np" mmax_level="chunk" />
<markable id="markable_597" span="word_2482..word_2484" tag="np" mmax_level="chunk" />
<markable id="markable_598" span="word_2489..word_2490" tag="np" mmax_level="chunk" />
<markable id="markable_599" span="word_2492..word_2494" tag="np" mmax_level="chunk" />
<markable id="markable_600" span="word_2496..word_2498" tag="np" mmax_level="chunk" />
<markable id="markable_601" span="word_2502" tag="np" mmax_level="chunk" />
<markable id="markable_602" span="word_2506..word_2507" tag="np" mmax_level="chunk" />
<markable id="markable_603" span="word_2510" tag="np" mmax_level="chunk" />
<markable id="markable_604" span="word_2513..word_2515" tag="np" mmax_level="chunk" />
<markable id="markable_605" span="word_2517" tag="np" mmax_level="chunk" />
<markable id="markable_606" span="word_2519" tag="np" mmax_level="chunk" />
<markable id="markable_607" span="word_2522..word_2524" tag="np" mmax_level="chunk" />
<markable id="markable_608" span="word_2527" tag="np" mmax_level="chunk" />
<markable id="markable_609" span="word_2532..word_2535" tag="np" mmax_level="chunk" />
<markable id="markable_610" span="word_2537..word_2541" tag="np" mmax_level="chunk" />
<markable id="markable_611" span="word_2546..word_2547" tag="np" mmax_level="chunk" />
<markable id="markable_612" span="word_2551" tag="np" mmax_level="chunk" />
<markable id="markable_613" span="word_2553..word_2555" tag="np" mmax_level="chunk" />
<markable id="markable_614" span="word_2557..word_2558" tag="np" mmax_level="chunk" />
<markable id="markable_615" span="word_2562" tag="np" mmax_level="chunk" />
<markable id="markable_616" span="word_2566..word_2568" tag="np" mmax_level="chunk" />
<markable id="markable_617" span="word_2570..word_2571" tag="np" mmax_level="chunk" />
<markable id="markable_618" span="word_2576..word_2577" tag="np" mmax_level="chunk" />
<markable id="markable_619" span="word_2579..word_2580" tag="np" mmax_level="chunk" />
<markable id="markable_620" span="word_2582..word_2584" tag="np" mmax_level="chunk" />
<markable id="markable_621" span="word_2586..word_2587" tag="np" mmax_level="chunk" />
<markable id="markable_622" span="word_2589..word_2592" tag="np" mmax_level="chunk" />
<markable id="markable_623" span="word_2597" tag="np" mmax_level="chunk" />
<markable id="markable_624" span="word_2601..word_2602" tag="np" mmax_level="chunk" />
<markable id="markable_625" span="word_2606" tag="np" mmax_level="chunk" />
<markable id="markable_626" span="word_2608..word_2609" tag="np" mmax_level="chunk" />
<markable id="markable_627" span="word_2611..word_2614" tag="np" mmax_level="chunk" />
<markable id="markable_628" span="word_2616..word_2617" tag="np" mmax_level="chunk" />
<markable id="markable_629" span="word_2619" tag="np" mmax_level="chunk" />
<markable id="markable_630" span="word_2622..word_2623" tag="np" mmax_level="chunk" />
<markable id="markable_631" span="word_2625..word_2628" tag="np" mmax_level="chunk" />
<markable id="markable_632" span="word_2631" tag="np" mmax_level="chunk" />
<markable id="markable_633" span="word_2635..word_2636" tag="np" mmax_level="chunk" />
<markable id="markable_634" span="word_2638..word_2640" tag="np" mmax_level="chunk" />
<markable id="markable_635" span="word_2642" tag="np" mmax_level="chunk" />
<markable id="markable_636" span="word_2644..word_2646" tag="np" mmax_level="chunk" />
<markable id="markable_637" span="word_2649..word_2650" tag="np" mmax_level="chunk" />
<markable id="markable_638" span="word_2651" tag="np" mmax_level="chunk" />
<markable id="markable_639" span="word_2654" tag="np" mmax_level="chunk" />
<markable id="markable_640" span="word_2658..word_2661" tag="np" mmax_level="chunk" />
<markable id="markable_641" span="word_2663" tag="np" mmax_level="chunk" />
<markable id="markable_642" span="word_2665..word_2666" tag="np" mmax_level="chunk" />
<markable id="markable_643" span="word_2673" tag="np" mmax_level="chunk" />
<markable id="markable_644" span="word_2676..word_2680" tag="np" mmax_level="chunk" />
<markable id="markable_645" span="word_2683..word_2684" tag="np" mmax_level="chunk" />
<markable id="markable_646" span="word_2686..word_2688" tag="np" mmax_level="chunk" />
<markable id="markable_647" span="word_2694" tag="np" mmax_level="chunk" />
<markable id="markable_648" span="word_2698..word_2700" tag="np" mmax_level="chunk" />
<markable id="markable_649" span="word_2703..word_2705" tag="np" mmax_level="chunk" />
<markable id="markable_650" span="word_2707..word_2711" tag="np" mmax_level="chunk" />
<markable id="markable_651" span="word_2714" tag="np" mmax_level="chunk" />
<markable id="markable_652" span="word_2718..word_2719" tag="np" mmax_level="chunk" />
<markable id="markable_653" span="word_2724..word_2725" tag="np" mmax_level="chunk" />
<markable id="markable_654" span="word_2728" tag="np" mmax_level="chunk" />
<markable id="markable_655" span="word_2731..word_2732" tag="np" mmax_level="chunk" />
<markable id="markable_656" span="word_2734" tag="np" mmax_level="chunk" />
<markable id="markable_657" span="word_2738..word_2739" tag="np" mmax_level="chunk" />
<markable id="markable_658" span="word_2743..word_2745" tag="np" mmax_level="chunk" />
<markable id="markable_659" span="word_2751..word_2752" tag="np" mmax_level="chunk" />
<markable id="markable_660" span="word_2754..word_2755" tag="np" mmax_level="chunk" />
<markable id="markable_661" span="word_2759..word_2762" tag="np" mmax_level="chunk" />
<markable id="markable_662" span="word_2765..word_2767" tag="np" mmax_level="chunk" />
<markable id="markable_663" span="word_2773..word_2774" tag="np" mmax_level="chunk" />
<markable id="markable_664" span="word_2777..word_2778" tag="np" mmax_level="chunk" />
<markable id="markable_665" span="word_2781..word_2782" tag="np" mmax_level="chunk" />
<markable id="markable_666" span="word_2786..word_2788" tag="np" mmax_level="chunk" />
<markable id="markable_667" span="word_2790..word_2792" tag="np" mmax_level="chunk" />
<markable id="markable_668" span="word_2794" tag="np" mmax_level="chunk" />
<markable id="markable_669" span="word_2798..word_2799" tag="np" mmax_level="chunk" />
<markable id="markable_670" span="word_2803..word_2805" tag="np" mmax_level="chunk" />
<markable id="markable_671" span="word_2808..word_2809" tag="np" mmax_level="chunk" />
<markable id="markable_672" span="word_2812..word_2814" tag="np" mmax_level="chunk" />
<markable id="markable_673" span="word_2816..word_2817" tag="np" mmax_level="chunk" />
<markable id="markable_674" span="word_2822" tag="np" mmax_level="chunk" />
<markable id="markable_675" span="word_2827..word_2830" tag="np" mmax_level="chunk" />
<markable id="markable_676" span="word_2832" tag="np" mmax_level="chunk" />
<markable id="markable_677" span="word_2834" tag="np" mmax_level="chunk" />
<markable id="markable_678" span="word_2837..word_2838" tag="np" mmax_level="chunk" />
<markable id="markable_679" span="word_2840..word_2841" tag="np" mmax_level="chunk" />
<markable id="markable_680" span="word_2846" tag="np" mmax_level="chunk" />
<markable id="markable_681" span="word_2853..word_2856" tag="np" mmax_level="chunk" />
<markable id="markable_682" span="word_2858..word_2859" tag="np" mmax_level="chunk" />
<markable id="markable_683" span="word_2861..word_2863" tag="np" mmax_level="chunk" />
<markable id="markable_684" span="word_2865..word_2866" tag="np" mmax_level="chunk" />
<markable id="markable_685" span="word_2869" tag="np" mmax_level="chunk" />
<markable id="markable_686" span="word_2873..word_2874" tag="np" mmax_level="chunk" />
<markable id="markable_687" span="word_2876..word_2877" tag="np" mmax_level="chunk" />
<markable id="markable_688" span="word_2879..word_2881" tag="np" mmax_level="chunk" />
<markable id="markable_689" span="word_2884" tag="np" mmax_level="chunk" />
<markable id="markable_690" span="word_2886..word_2887" tag="np" mmax_level="chunk" />
<markable id="markable_691" span="word_2890..word_2891" tag="np" mmax_level="chunk" />
<markable id="markable_692" span="word_2893..word_2895" tag="np" mmax_level="chunk" />
<markable id="markable_693" span="word_2901" tag="np" mmax_level="chunk" />
<markable id="markable_694" span="word_2907..word_2909" tag="np" mmax_level="chunk" />
<markable id="markable_695" span="word_2913..word_2915" tag="np" mmax_level="chunk" />
<markable id="markable_696" span="word_2918..word_2921" tag="np" mmax_level="chunk" />
<markable id="markable_697" span="word_2928..word_2930" tag="np" mmax_level="chunk" />
<markable id="markable_698" span="word_2933..word_2934" tag="np" mmax_level="chunk" />
<markable id="markable_699" span="word_2936..word_2937" tag="np" mmax_level="chunk" />
<markable id="markable_700" span="word_2939..word_2941" tag="np" mmax_level="chunk" />
<markable id="markable_701" span="word_2945..word_2948" tag="np" mmax_level="chunk" />
<markable id="markable_702" span="word_2952..word_2954" tag="np" mmax_level="chunk" />
<markable id="markable_703" span="word_2958..word_2959" tag="np" mmax_level="chunk" />
<markable id="markable_704" span="word_2960" tag="np" mmax_level="chunk" />
<markable id="markable_705" span="word_2963..word_2964" tag="np" mmax_level="chunk" />
<markable id="markable_706" span="word_2966..word_2967" tag="np" mmax_level="chunk" />
<markable id="markable_707" span="word_2969..word_2971" tag="np" mmax_level="chunk" />
<markable id="markable_708" span="word_2973..word_2974" tag="np" mmax_level="chunk" />
<markable id="markable_709" span="word_2976..word_2979" tag="np" mmax_level="chunk" />
<markable id="markable_710" span="word_2982" tag="np" mmax_level="chunk" />
<markable id="markable_711" span="word_2984" tag="np" mmax_level="chunk" />
<markable id="markable_712" span="word_2992..word_2993" tag="np" mmax_level="chunk" />
<markable id="markable_713" span="word_2995" tag="np" mmax_level="chunk" />
<markable id="markable_714" span="word_2997..word_2998" tag="np" mmax_level="chunk" />
<markable id="markable_715" span="word_3001..word_3002" tag="np" mmax_level="chunk" />
<markable id="markable_716" span="word_3004..word_3007" tag="np" mmax_level="chunk" />
<markable id="markable_717" span="word_3010" tag="np" mmax_level="chunk" />
<markable id="markable_718" span="word_3012..word_3013" tag="np" mmax_level="chunk" />
<markable id="markable_719" span="word_3015..word_3016" tag="np" mmax_level="chunk" />
<markable id="markable_720" span="word_3018..word_3019" tag="np" mmax_level="chunk" />
<markable id="markable_721" span="word_3021" tag="np" mmax_level="chunk" />
<markable id="markable_722" span="word_3023..word_3025" tag="np" mmax_level="chunk" />
<markable id="markable_723" span="word_3027..word_3029" tag="np" mmax_level="chunk" />
<markable id="markable_724" span="word_3031..word_3037" tag="np" mmax_level="chunk" />
<markable id="markable_725" span="word_3039..word_3042" tag="np" mmax_level="chunk" />
<markable id="markable_726" span="word_3046..word_3047" tag="np" mmax_level="chunk" />
<markable id="markable_727" span="word_3049..word_3050" tag="np" mmax_level="chunk" />
<markable id="markable_728" span="word_3052..word_3054" tag="np" mmax_level="chunk" />
<markable id="markable_729" span="word_3056" tag="np" mmax_level="chunk" />
<markable id="markable_730" span="word_3057..word_3058" tag="np" mmax_level="chunk" />
<markable id="markable_731" span="word_3061..word_3063" tag="np" mmax_level="chunk" />
<markable id="markable_732" span="word_3066" tag="np" mmax_level="chunk" />
<markable id="markable_733" span="word_3070..word_3071" tag="np" mmax_level="chunk" />
<markable id="markable_734" span="word_3073..word_3074" tag="np" mmax_level="chunk" />
<markable id="markable_735" span="word_3076..word_3078" tag="np" mmax_level="chunk" />
<markable id="markable_736" span="word_3080" tag="np" mmax_level="chunk" />
<markable id="markable_737" span="word_3082..word_3083" tag="np" mmax_level="chunk" />
<markable id="markable_738" span="word_3086..word_3087" tag="np" mmax_level="chunk" />
<markable id="markable_739" span="word_3089" tag="np" mmax_level="chunk" />
<markable id="markable_740" span="word_3091" tag="np" mmax_level="chunk" />
<markable id="markable_741" span="word_3095..word_3096" tag="np" mmax_level="chunk" />
<markable id="markable_742" span="word_3098..word_3099" tag="np" mmax_level="chunk" />
<markable id="markable_743" span="word_3101..word_3102" tag="np" mmax_level="chunk" />
<markable id="markable_744" span="word_3104..word_3107" tag="np" mmax_level="chunk" />
<markable id="markable_745" span="word_3108" tag="np" mmax_level="chunk" />
<markable id="markable_746" span="word_3112..word_3113" tag="np" mmax_level="chunk" />
<markable id="markable_747" span="word_3117..word_3119" tag="np" mmax_level="chunk" />
<markable id="markable_748" span="word_3122..word_3123" tag="np" mmax_level="chunk" />
<markable id="markable_749" span="word_3129..word_3132" tag="np" mmax_level="chunk" />
<markable id="markable_750" span="word_3134..word_3136" tag="np" mmax_level="chunk" />
<markable id="markable_751" span="word_3139..word_3142" tag="np" mmax_level="chunk" />
<markable id="markable_752" span="word_3144" tag="np" mmax_level="chunk" />
<markable id="markable_753" span="word_3147" tag="np" mmax_level="chunk" />
<markable id="markable_754" span="word_3149..word_3150" tag="np" mmax_level="chunk" />
<markable id="markable_755" span="word_3151..word_3152" tag="np" mmax_level="chunk" />
<markable id="markable_756" span="word_3155..word_3156" tag="np" mmax_level="chunk" />
<markable id="markable_757" span="word_3158" tag="np" mmax_level="chunk" />
<markable id="markable_758" span="word_3160..word_3161" tag="np" mmax_level="chunk" />
<markable id="markable_759" span="word_3163" tag="np" mmax_level="chunk" />
<markable id="markable_760" span="word_3167..word_3169" tag="np" mmax_level="chunk" />
<markable id="markable_761" span="word_3170..word_3171" tag="np" mmax_level="chunk" />
<markable id="markable_762" span="word_3174..word_3175" tag="np" mmax_level="chunk" />
<markable id="markable_763" span="word_3179..word_3180" tag="np" mmax_level="chunk" />
<markable id="markable_764" span="word_3182" tag="np" mmax_level="chunk" />
<markable id="markable_765" span="word_3184..word_3185" tag="np" mmax_level="chunk" />
<markable id="markable_766" span="word_3188" tag="np" mmax_level="chunk" />
<markable id="markable_767" span="word_3190..word_3193" tag="np" mmax_level="chunk" />
<markable id="markable_768" span="word_3196..word_3198" tag="np" mmax_level="chunk" />
<markable id="markable_769" span="word_3200" tag="np" mmax_level="chunk" />
<markable id="markable_770" span="word_3202..word_3204" tag="np" mmax_level="chunk" />
<markable id="markable_771" span="word_3207" tag="np" mmax_level="chunk" />
<markable id="markable_772" span="word_3210..word_3212" tag="np" mmax_level="chunk" />
<markable id="markable_773" span="word_3216" tag="np" mmax_level="chunk" />
<markable id="markable_774" span="word_3219..word_3221" tag="np" mmax_level="chunk" />
<markable id="markable_775" span="word_3224..word_3227" tag="np" mmax_level="chunk" />
<markable id="markable_776" span="word_3230" tag="np" mmax_level="chunk" />
<markable id="markable_777" span="word_3234..word_3235" tag="np" mmax_level="chunk" />
<markable id="markable_778" span="word_3237..word_3238" tag="np" mmax_level="chunk" />
<markable id="markable_779" span="word_3240..word_3242" tag="np" mmax_level="chunk" />
<markable id="markable_780" span="word_3246..word_3247" tag="np" mmax_level="chunk" />
<markable id="markable_781" span="word_3250..word_3251" tag="np" mmax_level="chunk" />
<markable id="markable_782" span="word_3253..word_3254" tag="np" mmax_level="chunk" />
<markable id="markable_783" span="word_3256" tag="np" mmax_level="chunk" />
<markable id="markable_784" span="word_3259..word_3260" tag="np" mmax_level="chunk" />
<markable id="markable_785" span="word_3261..word_3262" tag="np" mmax_level="chunk" />
<markable id="markable_786" span="word_3266..word_3267" tag="np" mmax_level="chunk" />
<markable id="markable_787" span="word_3268..word_3270" tag="np" mmax_level="chunk" />
<markable id="markable_788" span="word_3272" tag="np" mmax_level="chunk" />
<markable id="markable_789" span="word_3274" tag="np" mmax_level="chunk" />
<markable id="markable_790" span="word_3276" tag="np" mmax_level="chunk" />
<markable id="markable_791" span="word_3279..word_3280" tag="np" mmax_level="chunk" />
<markable id="markable_792" span="word_3287" tag="np" mmax_level="chunk" />
<markable id="markable_793" span="word_3289..word_3292" tag="np" mmax_level="chunk" />
<markable id="markable_794" span="word_3295..word_3297" tag="np" mmax_level="chunk" />
<markable id="markable_795" span="word_3299..word_3300" tag="np" mmax_level="chunk" />
<markable id="markable_796" span="word_3305..word_3306" tag="np" mmax_level="chunk" />
<markable id="markable_797" span="word_3308" tag="np" mmax_level="chunk" />
<markable id="markable_798" span="word_3310" tag="np" mmax_level="chunk" />
<markable id="markable_799" span="word_3313..word_3314" tag="np" mmax_level="chunk" />
<markable id="markable_800" span="word_3316..word_3317" tag="np" mmax_level="chunk" />
<markable id="markable_801" span="word_3319..word_3320" tag="np" mmax_level="chunk" />
<markable id="markable_802" span="word_3322" tag="np" mmax_level="chunk" />
<markable id="markable_803" span="word_3327..word_3328" tag="np" mmax_level="chunk" />
<markable id="markable_804" span="word_3330..word_3331" tag="np" mmax_level="chunk" />
<markable id="markable_805" span="word_3333" tag="np" mmax_level="chunk" />
<markable id="markable_806" span="word_3335..word_3339" tag="np" mmax_level="chunk" />
<markable id="markable_807" span="word_3341..word_3342" tag="np" mmax_level="chunk" />
<markable id="markable_808" span="word_3344..word_3345" tag="np" mmax_level="chunk" />
<markable id="markable_809" span="word_3349" tag="np" mmax_level="chunk" />
<markable id="markable_810" span="word_3355..word_3356" tag="np" mmax_level="chunk" />
<markable id="markable_811" span="word_3358" tag="np" mmax_level="chunk" />
<markable id="markable_812" span="word_3366..word_3367" tag="np" mmax_level="chunk" />
<markable id="markable_813" span="word_3372..word_3374" tag="np" mmax_level="chunk" />
<markable id="markable_814" span="word_3376" tag="np" mmax_level="chunk" />
<markable id="markable_815" span="word_3378..word_3380" tag="np" mmax_level="chunk" />
<markable id="markable_816" span="word_3382" tag="np" mmax_level="chunk" />
<markable id="markable_817" span="word_3384" tag="np" mmax_level="chunk" />
<markable id="markable_818" span="word_3391..word_3392" tag="np" mmax_level="chunk" />
<markable id="markable_819" span="word_3397..word_3398" tag="np" mmax_level="chunk" />
<markable id="markable_820" span="word_3401..word_3402" tag="np" mmax_level="chunk" />
<markable id="markable_821" span="word_3409..word_3410" tag="np" mmax_level="chunk" />
<markable id="markable_822" span="word_3414..word_3416" tag="np" mmax_level="chunk" />
<markable id="markable_823" span="word_3419..word_3420" tag="np" mmax_level="chunk" />
<markable id="markable_824" span="word_3422" tag="np" mmax_level="chunk" />
<markable id="markable_825" span="word_3431" tag="np" mmax_level="chunk" />
<markable id="markable_826" span="word_3436..word_3440" tag="np" mmax_level="chunk" />
<markable id="markable_827" span="word_3442" tag="np" mmax_level="chunk" />
<markable id="markable_828" span="word_3445..word_3447" tag="np" mmax_level="chunk" />
<markable id="markable_829" span="word_3449" tag="np" mmax_level="chunk" />
<markable id="markable_830" span="word_3454..word_3458" tag="np" mmax_level="chunk" />
<markable id="markable_831" span="word_3461" tag="np" mmax_level="chunk" />
<markable id="markable_832" span="word_3463..word_3464" tag="np" mmax_level="chunk" />
<markable id="markable_833" span="word_3466" tag="np" mmax_level="chunk" />
<markable id="markable_834" span="word_3471..word_3473" tag="np" mmax_level="chunk" />
<markable id="markable_835" span="word_3475" tag="np" mmax_level="chunk" />
<markable id="markable_836" span="word_3478..word_3480" tag="np" mmax_level="chunk" />
<markable id="markable_837" span="word_3482..word_3483" tag="np" mmax_level="chunk" />
<markable id="markable_838" span="word_3485..word_3486" tag="np" mmax_level="chunk" />
<markable id="markable_839" span="word_3489..word_3490" tag="np" mmax_level="chunk" />
<markable id="markable_840" span="word_3492..word_3494" tag="np" mmax_level="chunk" />
<markable id="markable_841" span="word_3496" tag="np" mmax_level="chunk" />
<markable id="markable_842" span="word_3506..word_3507" tag="np" mmax_level="chunk" />
<markable id="markable_843" span="word_3508" tag="np" mmax_level="chunk" />
<markable id="markable_844" span="word_3510..word_3511" tag="np" mmax_level="chunk" />
<markable id="markable_845" span="word_3513" tag="np" mmax_level="chunk" />
<markable id="markable_846" span="word_3515..word_3516" tag="np" mmax_level="chunk" />
<markable id="markable_847" span="word_3518" tag="np" mmax_level="chunk" />
<markable id="markable_848" span="word_3520..word_3522" tag="np" mmax_level="chunk" />
<markable id="markable_849" span="word_3524..word_3525" tag="np" mmax_level="chunk" />
<markable id="markable_850" span="word_3527..word_3529" tag="np" mmax_level="chunk" />
<markable id="markable_851" span="word_3531" tag="np" mmax_level="chunk" />
<markable id="markable_852" span="word_3533" tag="np" mmax_level="chunk" />
<markable id="markable_853" span="word_3536" tag="np" mmax_level="chunk" />
<markable id="markable_854" span="word_3538..word_3539" tag="np" mmax_level="chunk" />
<markable id="markable_855" span="word_3542" tag="np" mmax_level="chunk" />
<markable id="markable_856" span="word_3544" tag="np" mmax_level="chunk" />
<markable id="markable_857" span="word_3546..word_3548" tag="np" mmax_level="chunk" />
<markable id="markable_858" span="word_3551..word_3552" tag="np" mmax_level="chunk" />
<markable id="markable_859" span="word_3554..word_3555" tag="np" mmax_level="chunk" />
<markable id="markable_860" span="word_3559" tag="np" mmax_level="chunk" />
<markable id="markable_861" span="word_3561" tag="np" mmax_level="chunk" />
<markable id="markable_862" span="word_3563..word_3566" tag="np" mmax_level="chunk" />
<markable id="markable_863" span="word_3568..word_3570" tag="np" mmax_level="chunk" />
<markable id="markable_864" span="word_3574" tag="np" mmax_level="chunk" />
<markable id="markable_865" span="word_3577" tag="np" mmax_level="chunk" />
<markable id="markable_866" span="word_3581" tag="np" mmax_level="chunk" />
<markable id="markable_867" span="word_3583" tag="np" mmax_level="chunk" />
<markable id="markable_868" span="word_3585..word_3588" tag="np" mmax_level="chunk" />
<markable id="markable_869" span="word_3592" tag="np" mmax_level="chunk" />
<markable id="markable_870" span="word_3597..word_3598" tag="np" mmax_level="chunk" />
<markable id="markable_871" span="word_3600" tag="np" mmax_level="chunk" />
<markable id="markable_872" span="word_3605..word_3608" tag="np" mmax_level="chunk" />
<markable id="markable_873" span="word_3612..word_3613" tag="np" mmax_level="chunk" />
<markable id="markable_874" span="word_3615" tag="np" mmax_level="chunk" />
<markable id="markable_875" span="word_3618" tag="np" mmax_level="chunk" />
<markable id="markable_876" span="word_3621" tag="np" mmax_level="chunk" />
<markable id="markable_877" span="word_3624..word_3625" tag="np" mmax_level="chunk" />
<markable id="markable_878" span="word_3627..word_3629" tag="np" mmax_level="chunk" />
<markable id="markable_879" span="word_3631..word_3632" tag="np" mmax_level="chunk" />
<markable id="markable_880" span="word_3634" tag="np" mmax_level="chunk" />
<markable id="markable_881" span="word_3639" tag="np" mmax_level="chunk" />
<markable id="markable_882" span="word_3643..word_3644" tag="np" mmax_level="chunk" />
<markable id="markable_883" span="word_3646" tag="np" mmax_level="chunk" />
<markable id="markable_884" span="word_3650..word_3651" tag="np" mmax_level="chunk" />
<markable id="markable_885" span="word_3654" tag="np" mmax_level="chunk" />
<markable id="markable_886" span="word_3657" tag="np" mmax_level="chunk" />
<markable id="markable_887" span="word_3659..word_3660" tag="np" mmax_level="chunk" />
<markable id="markable_888" span="word_3662" tag="np" mmax_level="chunk" />
<markable id="markable_889" span="word_3664..word_3666" tag="np" mmax_level="chunk" />
<markable id="markable_890" span="word_3668" tag="np" mmax_level="chunk" />
<markable id="markable_891" span="word_3670" tag="np" mmax_level="chunk" />
<markable id="markable_892" span="word_3672" tag="np" mmax_level="chunk" />
<markable id="markable_893" span="word_3675..word_3676" tag="np" mmax_level="chunk" />
<markable id="markable_894" span="word_3678" tag="np" mmax_level="chunk" />
<markable id="markable_895" span="word_3680..word_3682" tag="np" mmax_level="chunk" />
<markable id="markable_896" span="word_3684" tag="np" mmax_level="chunk" />
<markable id="markable_897" span="word_3688..word_3689" tag="np" mmax_level="chunk" />
<markable id="markable_898" span="word_3691..word_3692" tag="np" mmax_level="chunk" />
<markable id="markable_899" span="word_3694..word_3695" tag="np" mmax_level="chunk" />
<markable id="markable_900" span="word_3697..word_3698" tag="np" mmax_level="chunk" />
<markable id="markable_901" span="word_3700..word_3701" tag="np" mmax_level="chunk" />
<markable id="markable_902" span="word_3703" tag="np" mmax_level="chunk" />
<markable id="markable_903" span="word_3705" tag="np" mmax_level="chunk" />
<markable id="markable_904" span="word_3707" tag="np" mmax_level="chunk" />
<markable id="markable_905" span="word_3709" tag="np" mmax_level="chunk" />
<markable id="markable_906" span="word_3715" tag="np" mmax_level="chunk" />
<markable id="markable_907" span="word_3717..word_3718" tag="np" mmax_level="chunk" />
<markable id="markable_908" span="word_3720" tag="np" mmax_level="chunk" />
<markable id="markable_909" span="word_3722..word_3725" tag="np" mmax_level="chunk" />
<markable id="markable_910" span="word_3727..word_3728" tag="np" mmax_level="chunk" />
<markable id="markable_911" span="word_3730..word_3732" tag="np" mmax_level="chunk" />
<markable id="markable_912" span="word_3734" tag="np" mmax_level="chunk" />
<markable id="markable_913" span="word_3736..word_3737" tag="np" mmax_level="chunk" />
<markable id="markable_914" span="word_3739" tag="np" mmax_level="chunk" />
<markable id="markable_915" span="word_3741" tag="np" mmax_level="chunk" />
<markable id="markable_916" span="word_3743..word_3745" tag="np" mmax_level="chunk" />
<markable id="markable_917" span="word_3747" tag="np" mmax_level="chunk" />
<markable id="markable_918" span="word_3752" tag="np" mmax_level="chunk" />
<markable id="markable_919" span="word_3756..word_3757" tag="np" mmax_level="chunk" />
<markable id="markable_920" span="word_3760..word_3761" tag="np" mmax_level="chunk" />
<markable id="markable_921" span="word_3764..word_3765" tag="np" mmax_level="chunk" />
<markable id="markable_922" span="word_3768..word_3769" tag="np" mmax_level="chunk" />
<markable id="markable_923" span="word_3771..word_3775" tag="np" mmax_level="chunk" />
<markable id="markable_924" span="word_3781..word_3782" tag="np" mmax_level="chunk" />
<markable id="markable_925" span="word_3784..word_3786" tag="np" mmax_level="chunk" />
<markable id="markable_926" span="word_3788..word_3789" tag="np" mmax_level="chunk" />
<markable id="markable_927" span="word_3792..word_3795" tag="np" mmax_level="chunk" />
<markable id="markable_928" span="word_3798..word_3799" tag="np" mmax_level="chunk" />
<markable id="markable_929" span="word_3802..word_3803" tag="np" mmax_level="chunk" />
<markable id="markable_930" span="word_3805" tag="np" mmax_level="chunk" />
<markable id="markable_931" span="word_3807..word_3808" tag="np" mmax_level="chunk" />
<markable id="markable_932" span="word_3811" tag="np" mmax_level="chunk" />
<markable id="markable_933" span="word_3813..word_3816" tag="np" mmax_level="chunk" />
<markable id="markable_934" span="word_3818..word_3819" tag="np" mmax_level="chunk" />
<markable id="markable_935" span="word_3821" tag="np" mmax_level="chunk" />
<markable id="markable_936" span="word_3822" tag="np" mmax_level="chunk" />
<markable id="markable_937" span="word_3834" tag="np" mmax_level="chunk" />
<markable id="markable_938" span="word_3836..word_3838" tag="np" mmax_level="chunk" />
<markable id="markable_939" span="word_3842" tag="np" mmax_level="chunk" />
<markable id="markable_940" span="word_3844..word_3846" tag="np" mmax_level="chunk" />
<markable id="markable_941" span="word_3851..word_3854" tag="np" mmax_level="chunk" />
<markable id="markable_942" span="word_3856" tag="np" mmax_level="chunk" />
<markable id="markable_943" span="word_3859..word_3860" tag="np" mmax_level="chunk" />
<markable id="markable_944" span="word_3862" tag="np" mmax_level="chunk" />
<markable id="markable_945" span="word_3865" tag="np" mmax_level="chunk" />
<markable id="markable_946" span="word_3867..word_3868" tag="np" mmax_level="chunk" />
<markable id="markable_947" span="word_3870" tag="np" mmax_level="chunk" />
<markable id="markable_948" span="word_3872" tag="np" mmax_level="chunk" />
<markable id="markable_949" span="word_3876..word_3881" tag="np" mmax_level="chunk" />
<markable id="markable_950" span="word_3883" tag="np" mmax_level="chunk" />
<markable id="markable_951" span="word_3886" tag="np" mmax_level="chunk" />
<markable id="markable_952" span="word_3888..word_3891" tag="np" mmax_level="chunk" />
<markable id="markable_953" span="word_3899" tag="np" mmax_level="chunk" />
<markable id="markable_954" span="word_3902..word_3903" tag="np" mmax_level="chunk" />
<markable id="markable_955" span="word_3905" tag="np" mmax_level="chunk" />
<markable id="markable_956" span="word_3907..word_3908" tag="np" mmax_level="chunk" />
<markable id="markable_957" span="word_3912" tag="np" mmax_level="chunk" />
<markable id="markable_958" span="word_3919" tag="np" mmax_level="chunk" />
<markable id="markable_959" span="word_3923" tag="np" mmax_level="chunk" />
<markable id="markable_960" span="word_3927..word_3928" tag="np" mmax_level="chunk" />
<markable id="markable_961" span="word_4069..word_4071" tag="np" mmax_level="chunk" />
<markable id="markable_962" span="word_4073..word_4074" tag="np" mmax_level="chunk" />
<markable id="markable_963" span="word_4076..word_4077" tag="np" mmax_level="chunk" />
<markable id="markable_964" span="word_4081..word_4082" tag="np" mmax_level="chunk" />
<markable id="markable_965" span="word_4084" tag="np" mmax_level="chunk" />
<markable id="markable_966" span="word_4088" tag="np" mmax_level="chunk" />
<markable id="markable_967" span="word_4090" tag="np" mmax_level="chunk" />
<markable id="markable_968" span="word_4092..word_4093" tag="np" mmax_level="chunk" />
<markable id="markable_969" span="word_4095" tag="np" mmax_level="chunk" />
<markable id="markable_970" span="word_4099" tag="np" mmax_level="chunk" />
<markable id="markable_971" span="word_4103..word_4104" tag="np" mmax_level="chunk" />
<markable id="markable_972" span="word_4107" tag="np" mmax_level="chunk" />
<markable id="markable_973" span="word_4109" tag="np" mmax_level="chunk" />
<markable id="markable_974" span="word_4111..word_4113" tag="np" mmax_level="chunk" />
<markable id="markable_975" span="word_4115" tag="np" mmax_level="chunk" />
<markable id="markable_976" span="word_4117..word_4119" tag="np" mmax_level="chunk" />
<markable id="markable_977" span="word_4121..word_4122" tag="np" mmax_level="chunk" />
<markable id="markable_978" span="word_4124" tag="np" mmax_level="chunk" />
<markable id="markable_979" span="word_4128..word_4129" tag="np" mmax_level="chunk" />
<markable id="markable_980" span="word_4134" tag="np" mmax_level="chunk" />
<markable id="markable_981" span="word_4136..word_4138" tag="np" mmax_level="chunk" />
<markable id="markable_982" span="word_4140" tag="np" mmax_level="chunk" />
<markable id="markable_983" span="word_4146..word_4159" tag="np" mmax_level="chunk" />
<markable id="markable_984" span="word_4163..word_4165" tag="np" mmax_level="chunk" />
<markable id="markable_985" span="word_4167..word_4168" tag="np" mmax_level="chunk" />
<markable id="markable_986" span="word_4309..word_4310" tag="np" mmax_level="chunk" />
<markable id="markable_987" span="word_4312..word_4314" tag="np" mmax_level="chunk" />
<markable id="markable_988" span="word_4316..word_4317" tag="np" mmax_level="chunk" />
<markable id="markable_989" span="word_4323" tag="np" mmax_level="chunk" />
<markable id="markable_990" span="word_4329..word_4330" tag="np" mmax_level="chunk" />
<markable id="markable_991" span="word_4335..word_4336" tag="np" mmax_level="chunk" />
<markable id="markable_992" span="word_4338" tag="np" mmax_level="chunk" />
<markable id="markable_993" span="word_4348..word_4350" tag="np" mmax_level="chunk" />
<markable id="markable_994" span="word_4352..word_4353" tag="np" mmax_level="chunk" />
<markable id="markable_995" span="word_4355..word_4356" tag="np" mmax_level="chunk" />
<markable id="markable_996" span="word_4358" tag="np" mmax_level="chunk" />
<markable id="markable_997" span="word_4360..word_4361" tag="np" mmax_level="chunk" />
<markable id="markable_998" span="word_4364..word_4365" tag="np" mmax_level="chunk" />
<markable id="markable_999" span="word_4367..word_4368" tag="np" mmax_level="chunk" />
<markable id="markable_1000" span="word_4370..word_4372" tag="np" mmax_level="chunk" />
<markable id="markable_1001" span="word_4374..word_4375" tag="np" mmax_level="chunk" />
<markable id="markable_1002" span="word_4378..word_4380" tag="np" mmax_level="chunk" />
<markable id="markable_1003" span="word_4382..word_4383" tag="np" mmax_level="chunk" />
<markable id="markable_1004" span="word_4385..word_4386" tag="np" mmax_level="chunk" />
<markable id="markable_1005" span="word_4388..word_4389" tag="np" mmax_level="chunk" />
<markable id="markable_1006" span="word_4391..word_4394" tag="np" mmax_level="chunk" />
<markable id="markable_1007" span="word_4398" tag="np" mmax_level="chunk" />
<markable id="markable_1008" span="word_4402..word_4403" tag="np" mmax_level="chunk" />
<markable id="markable_1009" span="word_4405..word_4406" tag="np" mmax_level="chunk" />
<markable id="markable_1010" span="word_4407" tag="np" mmax_level="chunk" />
<markable id="markable_1011" span="word_4410..word_4413" tag="np" mmax_level="chunk" />
<markable id="markable_1012" span="word_4416..word_4417" tag="np" mmax_level="chunk" />
<markable id="markable_1013" span="word_4419" tag="np" mmax_level="chunk" />
<markable id="markable_1014" span="word_4423" tag="np" mmax_level="chunk" />
<markable id="markable_1015" span="word_4425..word_4427" tag="np" mmax_level="chunk" />
<markable id="markable_1016" span="word_4433..word_4434" tag="np" mmax_level="chunk" />
<markable id="markable_1017" span="word_4440..word_4441" tag="np" mmax_level="chunk" />
<markable id="markable_1018" span="word_4450" tag="np" mmax_level="chunk" />
<markable id="markable_1019" span="word_4454" tag="np" mmax_level="chunk" />
<markable id="markable_1020" span="word_4456" tag="np" mmax_level="chunk" />
<markable id="markable_1021" span="word_4465..word_4466" tag="np" mmax_level="chunk" />
<markable id="markable_1022" span="word_4468" tag="np" mmax_level="chunk" />
<markable id="markable_1023" span="word_4470" tag="np" mmax_level="chunk" />
<markable id="markable_1024" span="word_4473..word_4475" tag="np" mmax_level="chunk" />
<markable id="markable_1025" span="word_4479" tag="np" mmax_level="chunk" />
<markable id="markable_1026" span="word_4481" tag="np" mmax_level="chunk" />
<markable id="markable_1027" span="word_4483" tag="np" mmax_level="chunk" />
<markable id="markable_1028" span="word_4485..word_4486" tag="np" mmax_level="chunk" />
<markable id="markable_1029" span="word_4488..word_4490" tag="np" mmax_level="chunk" />
<markable id="markable_1030" span="word_4493..word_4494" tag="np" mmax_level="chunk" />
<markable id="markable_1031" span="word_4496" tag="np" mmax_level="chunk" />
<markable id="markable_1032" span="word_4498..word_4500" tag="np" mmax_level="chunk" />
<markable id="markable_1033" span="word_4505" tag="np" mmax_level="chunk" />
<markable id="markable_1034" span="word_4507" tag="np" mmax_level="chunk" />
<markable id="markable_1035" span="word_4512..word_4513" tag="np" mmax_level="chunk" />
<markable id="markable_1036" span="word_4515..word_4517" tag="np" mmax_level="chunk" />
<markable id="markable_1037" span="word_4520..word_4521" tag="np" mmax_level="chunk" />
<markable id="markable_1038" span="word_4524..word_4526" tag="np" mmax_level="chunk" />
<markable id="markable_1039" span="word_4531..word_4532" tag="np" mmax_level="chunk" />
<markable id="markable_1040" span="word_4536" tag="np" mmax_level="chunk" />
<markable id="markable_1041" span="word_4538" tag="np" mmax_level="chunk" />
<markable id="markable_1042" span="word_4540..word_4541" tag="np" mmax_level="chunk" />
<markable id="markable_1043" span="word_4545..word_4546" tag="np" mmax_level="chunk" />
</markables>
