<?xml version="1.0" encoding="MacRoman"?>
<!DOCTYPE markables SYSTEM "markables.dtd">
<markables xmlns="www.eml.org/NameSpaces/enamex">
<markable id="markable_0" span="word_274" tag="organization" mmax_level="enamex" />
<markable id="markable_1" span="word_411" tag="organization" mmax_level="enamex" />
<markable id="markable_2" span="word_424" tag="person" mmax_level="enamex" />
<markable id="markable_3" span="word_565" tag="organization" mmax_level="enamex" />
<markable id="markable_4" span="word_655" tag="organization" mmax_level="enamex" />
<markable id="markable_5" span="word_678" tag="person" mmax_level="enamex" />
<markable id="markable_6" span="word_696..word_699" tag="organization" mmax_level="enamex" />
<markable id="markable_7" span="word_704..word_705" tag="person" mmax_level="enamex" />
<markable id="markable_8" span="word_707..word_708" tag="location" mmax_level="enamex" />
<markable id="markable_9" span="word_722..word_723" tag="organization" mmax_level="enamex" />
<markable id="markable_10" span="word_725" tag="location" mmax_level="enamex" />
<markable id="markable_11" span="word_727" tag="location" mmax_level="enamex" />
<markable id="markable_12" span="word_894" tag="person" mmax_level="enamex" />
<markable id="markable_13" span="word_933" tag="person" mmax_level="enamex" />
<markable id="markable_14" span="word_1135" tag="location" mmax_level="enamex" />
<markable id="markable_15" span="word_1149" tag="person" mmax_level="enamex" />
<markable id="markable_16" span="word_1378" tag="person" mmax_level="enamex" />
<markable id="markable_17" span="word_1412" tag="person" mmax_level="enamex" />
<markable id="markable_18" span="word_1719" tag="person" mmax_level="enamex" />
<markable id="markable_19" span="word_1749" tag="person" mmax_level="enamex" />
<markable id="markable_20" span="word_1986" tag="location" mmax_level="enamex" />
<markable id="markable_21" span="word_2040" tag="person" mmax_level="enamex" />
<markable id="markable_22" span="word_2052" tag="person" mmax_level="enamex" />
<markable id="markable_23" span="word_2082" tag="person" mmax_level="enamex" />
<markable id="markable_24" span="word_2106" tag="person" mmax_level="enamex" />
<markable id="markable_25" span="word_2129" tag="organization" mmax_level="enamex" />
<markable id="markable_26" span="word_2696" tag="person" mmax_level="enamex" />
<markable id="markable_27" span="word_2701" tag="organization" mmax_level="enamex" />
<markable id="markable_28" span="word_2716" tag="person" mmax_level="enamex" />
<markable id="markable_29" span="word_2956" tag="person" mmax_level="enamex" />
<markable id="markable_30" span="word_3028" tag="person" mmax_level="enamex" />
<markable id="markable_31" span="word_3060" tag="organization" mmax_level="enamex" />
<markable id="markable_32" span="word_3066" tag="person" mmax_level="enamex" />
<markable id="markable_33" span="word_3129..word_3130" tag="organization" mmax_level="enamex" />
<markable id="markable_34" span="word_3137" tag="person" mmax_level="enamex" />
<markable id="markable_35" span="word_3371..word_3372" tag="organization" mmax_level="enamex" />
<markable id="markable_36" span="word_3378" tag="person" mmax_level="enamex" />
<markable id="markable_37" span="word_3435" tag="person" mmax_level="enamex" />
<markable id="markable_38" span="word_3472" tag="person" mmax_level="enamex" />
<markable id="markable_39" span="word_3512" tag="organization" mmax_level="enamex" />
<markable id="markable_40" span="word_3540" tag="person" mmax_level="enamex" />
<markable id="markable_41" span="word_3575" tag="organization" mmax_level="enamex" />
<markable id="markable_42" span="word_3673" tag="organization" mmax_level="enamex" />
<markable id="markable_43" span="word_3795" tag="organization" mmax_level="enamex" />
<markable id="markable_44" span="word_3812" tag="person" mmax_level="enamex" />
<markable id="markable_45" span="word_3833" tag="organization" mmax_level="enamex" />
<markable id="markable_46" span="word_3884" tag="organization" mmax_level="enamex" />
<markable id="markable_47" span="word_3894" tag="person" mmax_level="enamex" />
<markable id="markable_48" span="word_3897" tag="person" mmax_level="enamex" />
<markable id="markable_49" span="word_3922" tag="person" mmax_level="enamex" />
<markable id="markable_50" span="word_3937" tag="organization" mmax_level="enamex" />
<markable id="markable_51" span="word_4083" tag="person" mmax_level="enamex" />
<markable id="markable_52" span="word_4730" tag="person" mmax_level="enamex" />
<markable id="markable_53" span="word_4806" tag="person" mmax_level="enamex" />
<markable id="markable_54" span="word_4856" tag="person" mmax_level="enamex" />
<markable id="markable_55" span="word_4997" tag="person" mmax_level="enamex" />
<markable id="markable_56" span="word_5022" tag="person" mmax_level="enamex" />
<markable id="markable_57" span="word_5073" tag="person" mmax_level="enamex" />
<markable id="markable_58" span="word_5618" tag="person" mmax_level="enamex" />
</markables>
