<?xml version="1.0" encoding="MacRoman"?>
<!DOCTYPE markables SYSTEM "markables.dtd">
<markables xmlns="www.eml.org/NameSpaces/sentence">
<markable id="markable_0" span="word_1..word_11" orderid="0" mmax_level="sentence" />
<markable id="markable_1" span="word_12..word_25" orderid="1" mmax_level="sentence" />
<markable id="markable_2" span="word_26..word_44" orderid="2" mmax_level="sentence" />
<markable id="markable_3" span="word_45..word_59" orderid="3" mmax_level="sentence" />
<markable id="markable_4" span="word_60..word_66" orderid="4" mmax_level="sentence" />
<markable id="markable_5" span="word_67..word_82" orderid="5" mmax_level="sentence" />
<markable id="markable_6" span="word_83..word_108" orderid="6" mmax_level="sentence" />
<markable id="markable_7" span="word_109..word_125" orderid="7" mmax_level="sentence" />
<markable id="markable_8" span="word_126..word_156" orderid="8" mmax_level="sentence" />
<markable id="markable_9" span="word_157..word_171" orderid="9" mmax_level="sentence" />
<markable id="markable_10" span="word_172..word_190" orderid="10" mmax_level="sentence" />
<markable id="markable_11" span="word_191..word_211" orderid="11" mmax_level="sentence" />
<markable id="markable_12" span="word_212..word_239" orderid="12" mmax_level="sentence" />
<markable id="markable_13" span="word_240..word_258" orderid="13" mmax_level="sentence" />
<markable id="markable_14" span="word_259..word_272" orderid="14" mmax_level="sentence" />
<markable id="markable_15" span="word_273..word_291" orderid="15" mmax_level="sentence" />
<markable id="markable_16" span="word_292..word_328" orderid="16" mmax_level="sentence" />
<markable id="markable_17" span="word_329..word_379" orderid="17" mmax_level="sentence" />
<markable id="markable_18" span="word_380..word_385" orderid="18" mmax_level="sentence" />
<markable id="markable_19" span="word_386..word_408" orderid="19" mmax_level="sentence" />
<markable id="markable_20" span="word_409..word_433" orderid="20" mmax_level="sentence" />
<markable id="markable_21" span="word_434..word_468" orderid="21" mmax_level="sentence" />
<markable id="markable_22" span="word_469..word_491" orderid="22" mmax_level="sentence" />
<markable id="markable_23" span="word_492..word_547" orderid="23" mmax_level="sentence" />
<markable id="markable_24" span="word_548..word_561" orderid="24" mmax_level="sentence" />
<markable id="markable_25" span="word_562..word_571" orderid="25" mmax_level="sentence" />
<markable id="markable_26" span="word_572..word_592" orderid="26" mmax_level="sentence" />
<markable id="markable_27" span="word_593..word_651" orderid="27" mmax_level="sentence" />
<markable id="markable_28" span="word_652..word_663" orderid="28" mmax_level="sentence" />
<markable id="markable_29" span="word_664..word_677" orderid="29" mmax_level="sentence" />
<markable id="markable_30" span="word_678..word_688" orderid="30" mmax_level="sentence" />
<markable id="markable_31" span="word_689..word_711" orderid="31" mmax_level="sentence" />
<markable id="markable_32" span="word_712..word_786" orderid="32" mmax_level="sentence" />
<markable id="markable_33" span="word_787..word_791" orderid="33" mmax_level="sentence" />
<markable id="markable_34" span="word_792..word_810" orderid="34" mmax_level="sentence" />
<markable id="markable_35" span="word_811..word_835" orderid="35" mmax_level="sentence" />
<markable id="markable_36" span="word_836..word_844" orderid="36" mmax_level="sentence" />
<markable id="markable_37" span="word_845..word_853" orderid="37" mmax_level="sentence" />
<markable id="markable_38" span="word_854..word_879" orderid="38" mmax_level="sentence" />
<markable id="markable_39" span="word_880..word_888" orderid="39" mmax_level="sentence" />
<markable id="markable_40" span="word_889..word_899" orderid="40" mmax_level="sentence" />
<markable id="markable_41" span="word_900..word_908" orderid="41" mmax_level="sentence" />
<markable id="markable_42" span="word_909..word_916" orderid="42" mmax_level="sentence" />
<markable id="markable_43" span="word_917..word_925" orderid="43" mmax_level="sentence" />
<markable id="markable_44" span="word_926..word_934" orderid="44" mmax_level="sentence" />
<markable id="markable_45" span="word_935..word_977" orderid="45" mmax_level="sentence" />
<markable id="markable_46" span="word_978..word_985" orderid="46" mmax_level="sentence" />
<markable id="markable_47" span="word_986..word_1020" orderid="47" mmax_level="sentence" />
<markable id="markable_48" span="word_1021..word_1031" orderid="48" mmax_level="sentence" />
<markable id="markable_49" span="word_1032..word_1062" orderid="49" mmax_level="sentence" />
<markable id="markable_50" span="word_1063..word_1086" orderid="50" mmax_level="sentence" />
<markable id="markable_51" span="word_1087..word_1089" orderid="51" mmax_level="sentence" />
<markable id="markable_52" span="word_1090..word_1100" orderid="52" mmax_level="sentence" />
<markable id="markable_53" span="word_1101..word_1107" orderid="53" mmax_level="sentence" />
<markable id="markable_54" span="word_1108..word_1136" orderid="54" mmax_level="sentence" />
<markable id="markable_55" span="word_1137..word_1152" orderid="55" mmax_level="sentence" />
<markable id="markable_56" span="word_1153..word_1159" orderid="56" mmax_level="sentence" />
<markable id="markable_57" span="word_1160..word_1171" orderid="57" mmax_level="sentence" />
<markable id="markable_58" span="word_1172..word_1174" orderid="58" mmax_level="sentence" />
<markable id="markable_59" span="word_1175..word_1178" orderid="59" mmax_level="sentence" />
<markable id="markable_60" span="word_1179..word_1185" orderid="60" mmax_level="sentence" />
<markable id="markable_61" span="word_1186..word_1191" orderid="61" mmax_level="sentence" />
<markable id="markable_62" span="word_1192..word_1203" orderid="62" mmax_level="sentence" />
<markable id="markable_63" span="word_1204..word_1205" orderid="63" mmax_level="sentence" />
<markable id="markable_64" span="word_1206..word_1215" orderid="64" mmax_level="sentence" />
<markable id="markable_65" span="word_1216..word_1217" orderid="65" mmax_level="sentence" />
<markable id="markable_66" span="word_1218..word_1219" orderid="66" mmax_level="sentence" />
<markable id="markable_67" span="word_1220..word_1230" orderid="67" mmax_level="sentence" />
<markable id="markable_68" span="word_1231..word_1240" orderid="68" mmax_level="sentence" />
<markable id="markable_69" span="word_1241..word_1252" orderid="69" mmax_level="sentence" />
<markable id="markable_70" span="word_1253..word_1261" orderid="70" mmax_level="sentence" />
<markable id="markable_71" span="word_1262..word_1285" orderid="71" mmax_level="sentence" />
<markable id="markable_72" span="word_1286..word_1313" orderid="72" mmax_level="sentence" />
<markable id="markable_73" span="word_1314..word_1331" orderid="73" mmax_level="sentence" />
<markable id="markable_74" span="word_1332..word_1355" orderid="74" mmax_level="sentence" />
<markable id="markable_75" span="word_1356..word_1365" orderid="75" mmax_level="sentence" />
<markable id="markable_76" span="word_1366..word_1402" orderid="76" mmax_level="sentence" />
<markable id="markable_77" span="word_1403..word_1418" orderid="77" mmax_level="sentence" />
<markable id="markable_78" span="word_1419..word_1445" orderid="78" mmax_level="sentence" />
<markable id="markable_79" span="word_1446..word_1466" orderid="79" mmax_level="sentence" />
<markable id="markable_80" span="word_1467..word_1544" orderid="80" mmax_level="sentence" />
<markable id="markable_81" span="word_1545..word_1594" orderid="81" mmax_level="sentence" />
<markable id="markable_82" span="word_1595..word_1615" orderid="82" mmax_level="sentence" />
<markable id="markable_83" span="word_1616..word_1640" orderid="83" mmax_level="sentence" />
<markable id="markable_84" span="word_1641..word_1665" orderid="84" mmax_level="sentence" />
<markable id="markable_85" span="word_1666..word_1702" orderid="85" mmax_level="sentence" />
<markable id="markable_86" span="word_1703..word_1720" orderid="86" mmax_level="sentence" />
<markable id="markable_87" span="word_1721..word_1750" orderid="87" mmax_level="sentence" />
<markable id="markable_88" span="word_1751..word_1768" orderid="88" mmax_level="sentence" />
<markable id="markable_89" span="word_1769..word_1786" orderid="89" mmax_level="sentence" />
<markable id="markable_90" span="word_1787..word_1799" orderid="90" mmax_level="sentence" />
<markable id="markable_91" span="word_1800..word_1816" orderid="91" mmax_level="sentence" />
<markable id="markable_92" span="word_1817..word_1862" orderid="92" mmax_level="sentence" />
<markable id="markable_93" span="word_1863..word_1883" orderid="93" mmax_level="sentence" />
<markable id="markable_94" span="word_1884..word_1908" orderid="94" mmax_level="sentence" />
<markable id="markable_95" span="word_1909..word_1932" orderid="95" mmax_level="sentence" />
<markable id="markable_96" span="word_1933..word_1953" orderid="96" mmax_level="sentence" />
<markable id="markable_97" span="word_1954..word_2006" orderid="97" mmax_level="sentence" />
<markable id="markable_98" span="word_2007..word_2041" orderid="98" mmax_level="sentence" />
<markable id="markable_99" span="word_2042..word_2058" orderid="99" mmax_level="sentence" />
<markable id="markable_100" span="word_2059..word_2073" orderid="100" mmax_level="sentence" />
<markable id="markable_101" span="word_2074..word_2107" orderid="101" mmax_level="sentence" />
<markable id="markable_102" span="word_2108..word_2131" orderid="102" mmax_level="sentence" />
<markable id="markable_103" span="word_2132..word_2173" orderid="103" mmax_level="sentence" />
<markable id="markable_104" span="word_2174..word_2223" orderid="104" mmax_level="sentence" />
<markable id="markable_105" span="word_2224..word_2242" orderid="105" mmax_level="sentence" />
<markable id="markable_106" span="word_2243..word_2260" orderid="106" mmax_level="sentence" />
<markable id="markable_107" span="word_2261..word_2268" orderid="107" mmax_level="sentence" />
<markable id="markable_108" span="word_2269..word_2273" orderid="108" mmax_level="sentence" />
<markable id="markable_109" span="word_2274..word_2275" orderid="109" mmax_level="sentence" />
<markable id="markable_110" span="word_2276..word_2284" orderid="110" mmax_level="sentence" />
<markable id="markable_111" span="word_2285..word_2286" orderid="111" mmax_level="sentence" />
<markable id="markable_112" span="word_2287..word_2288" orderid="112" mmax_level="sentence" />
<markable id="markable_113" span="word_2289..word_2318" orderid="113" mmax_level="sentence" />
<markable id="markable_114" span="word_2319..word_2345" orderid="114" mmax_level="sentence" />
<markable id="markable_115" span="word_2346..word_2348" orderid="115" mmax_level="sentence" />
<markable id="markable_116" span="word_2349..word_2377" orderid="116" mmax_level="sentence" />
<markable id="markable_117" span="word_2378..word_2406" orderid="117" mmax_level="sentence" />
<markable id="markable_118" span="word_2407..word_2431" orderid="118" mmax_level="sentence" />
<markable id="markable_119" span="word_2432..word_2448" orderid="119" mmax_level="sentence" />
<markable id="markable_120" span="word_2449..word_2469" orderid="120" mmax_level="sentence" />
<markable id="markable_121" span="word_2470..word_2488" orderid="121" mmax_level="sentence" />
<markable id="markable_122" span="word_2489..word_2515" orderid="122" mmax_level="sentence" />
<markable id="markable_123" span="word_2516..word_2528" orderid="123" mmax_level="sentence" />
<markable id="markable_124" span="word_2529..word_2555" orderid="124" mmax_level="sentence" />
<markable id="markable_125" span="word_2556..word_2574" orderid="125" mmax_level="sentence" />
<markable id="markable_126" span="word_2575..word_2619" orderid="126" mmax_level="sentence" />
<markable id="markable_127" span="word_2620..word_2634" orderid="127" mmax_level="sentence" />
<markable id="markable_128" span="word_2635..word_2655" orderid="128" mmax_level="sentence" />
<markable id="markable_129" span="word_2656..word_2671" orderid="129" mmax_level="sentence" />
<markable id="markable_130" span="word_2672..word_2683" orderid="130" mmax_level="sentence" />
<markable id="markable_131" span="word_2684..word_2697" orderid="131" mmax_level="sentence" />
<markable id="markable_132" span="word_2698..word_2722" orderid="132" mmax_level="sentence" />
<markable id="markable_133" span="word_2723..word_2735" orderid="133" mmax_level="sentence" />
<markable id="markable_134" span="word_2736..word_2751" orderid="134" mmax_level="sentence" />
<markable id="markable_135" span="word_2752..word_2764" orderid="135" mmax_level="sentence" />
<markable id="markable_136" span="word_2765..word_2782" orderid="136" mmax_level="sentence" />
<markable id="markable_137" span="word_2783..word_2786" orderid="137" mmax_level="sentence" />
<markable id="markable_138" span="word_2787..word_2840" orderid="138" mmax_level="sentence" />
<markable id="markable_139" span="word_2841..word_2866" orderid="139" mmax_level="sentence" />
<markable id="markable_140" span="word_2867..word_2891" orderid="140" mmax_level="sentence" />
<markable id="markable_141" span="word_2892..word_2903" orderid="141" mmax_level="sentence" />
<markable id="markable_142" span="word_2904..word_2911" orderid="142" mmax_level="sentence" />
<markable id="markable_143" span="word_2912..word_2914" orderid="143" mmax_level="sentence" />
<markable id="markable_144" span="word_2915..word_2925" orderid="144" mmax_level="sentence" />
<markable id="markable_145" span="word_2926..word_2946" orderid="145" mmax_level="sentence" />
<markable id="markable_146" span="word_2947..word_2948" orderid="146" mmax_level="sentence" />
<markable id="markable_147" span="word_2949..word_2952" orderid="147" mmax_level="sentence" />
<markable id="markable_148" span="word_2953..word_2986" orderid="148" mmax_level="sentence" />
<markable id="markable_149" span="word_2987..word_3018" orderid="149" mmax_level="sentence" />
<markable id="markable_150" span="word_3019..word_3030" orderid="150" mmax_level="sentence" />
<markable id="markable_151" span="word_3031..word_3067" orderid="151" mmax_level="sentence" />
<markable id="markable_152" span="word_3068..word_3080" orderid="152" mmax_level="sentence" />
<markable id="markable_153" span="word_3081..word_3113" orderid="153" mmax_level="sentence" />
<markable id="markable_154" span="word_3114..word_3144" orderid="154" mmax_level="sentence" />
<markable id="markable_155" span="word_3145..word_3157" orderid="155" mmax_level="sentence" />
<markable id="markable_156" span="word_3158..word_3175" orderid="156" mmax_level="sentence" />
<markable id="markable_157" span="word_3176..word_3211" orderid="157" mmax_level="sentence" />
<markable id="markable_158" span="word_3212..word_3231" orderid="158" mmax_level="sentence" />
<markable id="markable_159" span="word_3232..word_3241" orderid="159" mmax_level="sentence" />
<markable id="markable_160" span="word_3242..word_3254" orderid="160" mmax_level="sentence" />
<markable id="markable_161" span="word_3255..word_3276" orderid="161" mmax_level="sentence" />
<markable id="markable_162" span="word_3277..word_3295" orderid="162" mmax_level="sentence" />
<markable id="markable_163" span="word_3296..word_3310" orderid="163" mmax_level="sentence" />
<markable id="markable_164" span="word_3311..word_3330" orderid="164" mmax_level="sentence" />
<markable id="markable_165" span="word_3331..word_3365" orderid="165" mmax_level="sentence" />
<markable id="markable_166" span="word_3366..word_3383" orderid="166" mmax_level="sentence" />
<markable id="markable_167" span="word_3384..word_3411" orderid="167" mmax_level="sentence" />
<markable id="markable_168" span="word_3412..word_3429" orderid="168" mmax_level="sentence" />
<markable id="markable_169" span="word_3430..word_3444" orderid="169" mmax_level="sentence" />
<markable id="markable_170" span="word_3445..word_3476" orderid="170" mmax_level="sentence" />
<markable id="markable_171" span="word_3477..word_3484" orderid="171" mmax_level="sentence" />
<markable id="markable_172" span="word_3485..word_3497" orderid="172" mmax_level="sentence" />
<markable id="markable_173" span="word_3498..word_3514" orderid="173" mmax_level="sentence" />
<markable id="markable_174" span="word_3515..word_3527" orderid="174" mmax_level="sentence" />
<markable id="markable_175" span="word_3528..word_3548" orderid="175" mmax_level="sentence" />
<markable id="markable_176" span="word_3549..word_3562" orderid="176" mmax_level="sentence" />
<markable id="markable_177" span="word_3563..word_3591" orderid="177" mmax_level="sentence" />
<markable id="markable_178" span="word_3592..word_3609" orderid="178" mmax_level="sentence" />
<markable id="markable_179" span="word_3610..word_3631" orderid="179" mmax_level="sentence" />
<markable id="markable_180" span="word_3632..word_3644" orderid="180" mmax_level="sentence" />
<markable id="markable_181" span="word_3645..word_3659" orderid="181" mmax_level="sentence" />
<markable id="markable_182" span="word_3660..word_3675" orderid="182" mmax_level="sentence" />
<markable id="markable_183" span="word_3676..word_3688" orderid="183" mmax_level="sentence" />
<markable id="markable_184" span="word_3689..word_3708" orderid="184" mmax_level="sentence" />
<markable id="markable_185" span="word_3709..word_3722" orderid="185" mmax_level="sentence" />
<markable id="markable_186" span="word_3723..word_3756" orderid="186" mmax_level="sentence" />
<markable id="markable_187" span="word_3757..word_3769" orderid="187" mmax_level="sentence" />
<markable id="markable_188" span="word_3770..word_3782" orderid="188" mmax_level="sentence" />
<markable id="markable_189" span="word_3783..word_3797" orderid="189" mmax_level="sentence" />
<markable id="markable_190" span="word_3798..word_3810" orderid="190" mmax_level="sentence" />
<markable id="markable_191" span="word_3811..word_3838" orderid="191" mmax_level="sentence" />
<markable id="markable_192" span="word_3839..word_3848" orderid="192" mmax_level="sentence" />
<markable id="markable_193" span="word_3849..word_3871" orderid="193" mmax_level="sentence" />
<markable id="markable_194" span="word_3872..word_3886" orderid="194" mmax_level="sentence" />
<markable id="markable_195" span="word_3887..word_3895" orderid="195" mmax_level="sentence" />
<markable id="markable_196" span="word_3896..word_3924" orderid="196" mmax_level="sentence" />
<markable id="markable_197" span="word_3925..word_3939" orderid="197" mmax_level="sentence" />
<markable id="markable_198" span="word_3940..word_3955" orderid="198" mmax_level="sentence" />
<markable id="markable_199" span="word_3956..word_3981" orderid="199" mmax_level="sentence" />
<markable id="markable_200" span="word_3982..word_4002" orderid="200" mmax_level="sentence" />
<markable id="markable_201" span="word_4003..word_4020" orderid="201" mmax_level="sentence" />
<markable id="markable_202" span="word_4021..word_4030" orderid="202" mmax_level="sentence" />
<markable id="markable_203" span="word_4031..word_4043" orderid="203" mmax_level="sentence" />
<markable id="markable_204" span="word_4044..word_4077" orderid="204" mmax_level="sentence" />
<markable id="markable_205" span="word_4078..word_4084" orderid="205" mmax_level="sentence" />
<markable id="markable_206" span="word_4085..word_4112" orderid="206" mmax_level="sentence" />
<markable id="markable_207" span="word_4113..word_4137" orderid="207" mmax_level="sentence" />
<markable id="markable_208" span="word_4138..word_4184" orderid="208" mmax_level="sentence" />
<markable id="markable_209" span="word_4185..word_4202" orderid="209" mmax_level="sentence" />
<markable id="markable_210" span="word_4203..word_4210" orderid="210" mmax_level="sentence" />
<markable id="markable_211" span="word_4211..word_4235" orderid="211" mmax_level="sentence" />
<markable id="markable_212" span="word_4236..word_4253" orderid="212" mmax_level="sentence" />
<markable id="markable_213" span="word_4254..word_4271" orderid="213" mmax_level="sentence" />
<markable id="markable_214" span="word_4272..word_4288" orderid="214" mmax_level="sentence" />
<markable id="markable_215" span="word_4289..word_4317" orderid="215" mmax_level="sentence" />
<markable id="markable_216" span="word_4318..word_4341" orderid="216" mmax_level="sentence" />
<markable id="markable_217" span="word_4342..word_4392" orderid="217" mmax_level="sentence" />
<markable id="markable_218" span="word_4393..word_4400" orderid="218" mmax_level="sentence" />
<markable id="markable_219" span="word_4401..word_4461" orderid="219" mmax_level="sentence" />
<markable id="markable_220" span="word_4462..word_4475" orderid="220" mmax_level="sentence" />
<markable id="markable_221" span="word_4476..word_4495" orderid="221" mmax_level="sentence" />
<markable id="markable_222" span="word_4496..word_4509" orderid="222" mmax_level="sentence" />
<markable id="markable_223" span="word_4510..word_4531" orderid="223" mmax_level="sentence" />
<markable id="markable_224" span="word_4532..word_4544" orderid="224" mmax_level="sentence" />
<markable id="markable_225" span="word_4545..word_4570" orderid="225" mmax_level="sentence" />
<markable id="markable_226" span="word_4571..word_4580" orderid="226" mmax_level="sentence" />
<markable id="markable_227" span="word_4581..word_4606" orderid="227" mmax_level="sentence" />
<markable id="markable_228" span="word_4607..word_4616" orderid="228" mmax_level="sentence" />
<markable id="markable_229" span="word_4617..word_4633" orderid="229" mmax_level="sentence" />
<markable id="markable_230" span="word_4634..word_4651" orderid="230" mmax_level="sentence" />
<markable id="markable_231" span="word_4652..word_4670" orderid="231" mmax_level="sentence" />
<markable id="markable_232" span="word_4671..word_4679" orderid="232" mmax_level="sentence" />
<markable id="markable_233" span="word_4680..word_4698" orderid="233" mmax_level="sentence" />
<markable id="markable_234" span="word_4699..word_4723" orderid="234" mmax_level="sentence" />
<markable id="markable_235" span="word_4724..word_4748" orderid="235" mmax_level="sentence" />
<markable id="markable_236" span="word_4749..word_4762" orderid="236" mmax_level="sentence" />
<markable id="markable_237" span="word_4763..word_4777" orderid="237" mmax_level="sentence" />
<markable id="markable_238" span="word_4778..word_4798" orderid="238" mmax_level="sentence" />
<markable id="markable_239" span="word_4799..word_4807" orderid="239" mmax_level="sentence" />
<markable id="markable_240" span="word_4808..word_4814" orderid="240" mmax_level="sentence" />
<markable id="markable_241" span="word_4815..word_4831" orderid="241" mmax_level="sentence" />
<markable id="markable_242" span="word_4832..word_4857" orderid="242" mmax_level="sentence" />
<markable id="markable_243" span="word_4858..word_4871" orderid="243" mmax_level="sentence" />
<markable id="markable_244" span="word_4872..word_4873" orderid="244" mmax_level="sentence" />
<markable id="markable_245" span="word_4874..word_4882" orderid="245" mmax_level="sentence" />
<markable id="markable_246" span="word_4883..word_4885" orderid="246" mmax_level="sentence" />
<markable id="markable_247" span="word_4886..word_4894" orderid="247" mmax_level="sentence" />
<markable id="markable_248" span="word_4895..word_4898" orderid="248" mmax_level="sentence" />
<markable id="markable_249" span="word_4899..word_4908" orderid="249" mmax_level="sentence" />
<markable id="markable_250" span="word_4909..word_4924" orderid="250" mmax_level="sentence" />
<markable id="markable_251" span="word_4925..word_4934" orderid="251" mmax_level="sentence" />
<markable id="markable_252" span="word_4935..word_4940" orderid="252" mmax_level="sentence" />
<markable id="markable_253" span="word_4941..word_4975" orderid="253" mmax_level="sentence" />
<markable id="markable_254" span="word_4976..word_4985" orderid="254" mmax_level="sentence" />
<markable id="markable_255" span="word_4986..word_5011" orderid="255" mmax_level="sentence" />
<markable id="markable_256" span="word_5012..word_5042" orderid="256" mmax_level="sentence" />
<markable id="markable_257" span="word_5043..word_5060" orderid="257" mmax_level="sentence" />
<markable id="markable_258" span="word_5061..word_5074" orderid="258" mmax_level="sentence" />
<markable id="markable_259" span="word_5075..word_5092" orderid="259" mmax_level="sentence" />
<markable id="markable_260" span="word_5093..word_5104" orderid="260" mmax_level="sentence" />
<markable id="markable_261" span="word_5105..word_5116" orderid="261" mmax_level="sentence" />
<markable id="markable_262" span="word_5117..word_5146" orderid="262" mmax_level="sentence" />
<markable id="markable_263" span="word_5147..word_5152" orderid="263" mmax_level="sentence" />
<markable id="markable_264" span="word_5153..word_5163" orderid="264" mmax_level="sentence" />
<markable id="markable_265" span="word_5164..word_5178" orderid="265" mmax_level="sentence" />
<markable id="markable_266" span="word_5179..word_5197" orderid="266" mmax_level="sentence" />
<markable id="markable_267" span="word_5198..word_5225" orderid="267" mmax_level="sentence" />
<markable id="markable_268" span="word_5226..word_5236" orderid="268" mmax_level="sentence" />
<markable id="markable_269" span="word_5237..word_5250" orderid="269" mmax_level="sentence" />
<markable id="markable_270" span="word_5251..word_5255" orderid="270" mmax_level="sentence" />
<markable id="markable_271" span="word_5256..word_5269" orderid="271" mmax_level="sentence" />
<markable id="markable_272" span="word_5270..word_5292" orderid="272" mmax_level="sentence" />
<markable id="markable_273" span="word_5293..word_5313" orderid="273" mmax_level="sentence" />
<markable id="markable_274" span="word_5314..word_5337" orderid="274" mmax_level="sentence" />
<markable id="markable_275" span="word_5338..word_5350" orderid="275" mmax_level="sentence" />
<markable id="markable_276" span="word_5351..word_5363" orderid="276" mmax_level="sentence" />
<markable id="markable_277" span="word_5364..word_5393" orderid="277" mmax_level="sentence" />
<markable id="markable_278" span="word_5394..word_5421" orderid="278" mmax_level="sentence" />
<markable id="markable_279" span="word_5422..word_5429" orderid="279" mmax_level="sentence" />
<markable id="markable_280" span="word_5430..word_5450" orderid="280" mmax_level="sentence" />
<markable id="markable_281" span="word_5451..word_5472" orderid="281" mmax_level="sentence" />
<markable id="markable_282" span="word_5473..word_5494" orderid="282" mmax_level="sentence" />
<markable id="markable_283" span="word_5495..word_5516" orderid="283" mmax_level="sentence" />
<markable id="markable_284" span="word_5517..word_5524" orderid="284" mmax_level="sentence" />
<markable id="markable_285" span="word_5525..word_5538" orderid="285" mmax_level="sentence" />
<markable id="markable_286" span="word_5539..word_5562" orderid="286" mmax_level="sentence" />
<markable id="markable_287" span="word_5563..word_5575" orderid="287" mmax_level="sentence" />
<markable id="markable_288" span="word_5576..word_5582" orderid="288" mmax_level="sentence" />
<markable id="markable_289" span="word_5583..word_5604" orderid="289" mmax_level="sentence" />
<markable id="markable_290" span="word_5605..word_5615" orderid="290" mmax_level="sentence" />
<markable id="markable_291" span="word_5616..word_5631" orderid="291" mmax_level="sentence" />
<markable id="markable_292" span="word_5632..word_5638" orderid="292" mmax_level="sentence" />
<markable id="markable_293" span="word_5639..word_5653" orderid="293" mmax_level="sentence" />
<markable id="markable_294" span="word_5654..word_5671" orderid="294" mmax_level="sentence" />
<markable id="markable_295" span="word_5672..word_5681" orderid="295" mmax_level="sentence" />
<markable id="markable_296" span="word_5682..word_5705" orderid="296" mmax_level="sentence" />
<markable id="markable_297" span="word_5706..word_5715" orderid="297" mmax_level="sentence" />
<markable id="markable_298" span="word_5716..word_5737" orderid="298" mmax_level="sentence" />
<markable id="markable_299" span="word_5738..word_5758" orderid="299" mmax_level="sentence" />
<markable id="markable_300" span="word_5759..word_5772" orderid="300" mmax_level="sentence" />
<markable id="markable_301" span="word_5773..word_5798" orderid="301" mmax_level="sentence" />
<markable id="markable_302" span="word_5799..word_5817" orderid="302" mmax_level="sentence" />
<markable id="markable_303" span="word_5818..word_5824" orderid="303" mmax_level="sentence" />
<markable id="markable_304" span="word_5825..word_5851" orderid="304" mmax_level="sentence" />
<markable id="markable_305" span="word_5852..word_5856" orderid="305" mmax_level="sentence" />
<markable id="markable_306" span="word_5857..word_5858" orderid="306" mmax_level="sentence" />
<markable id="markable_307" span="word_5859..word_5883" orderid="307" mmax_level="sentence" />
<markable id="markable_308" span="word_5884..word_5902" orderid="308" mmax_level="sentence" />
</markables>
