<?xml version="1.0" encoding="US-ASCII"?>
<!DOCTYPE markables SYSTEM "markables.dtd">
<markables xmlns="www.eml.org/NameSpaces/utterance">
<markable id="markable_102" span="word_2635..word_2655" mmax_level="utterance"  type="eol" />
<markable id="markable_101" span="word_2620..word_2634" mmax_level="utterance"  type="eol" />
<markable id="markable_100" span="word_2575..word_2619" mmax_level="utterance"  type="eol" />
<markable id="markable_106" span="word_2698..word_2702" mmax_level="utterance"  type="eol" />
<markable id="markable_66" span="word_1751..word_1768" mmax_level="utterance"  type="eol" />
<markable id="markable_105" span="word_2684..word_2697" mmax_level="utterance"  type="eol" />
<markable id="markable_67" span="word_1769..word_1786" mmax_level="utterance"  type="eol" />
<markable id="markable_104" span="word_2672..word_2683" mmax_level="utterance"  type="eol" />
<markable id="markable_68" span="word_1787..word_1799" mmax_level="utterance"  type="eol" />
<markable id="markable_103" span="word_2656..word_2671" mmax_level="utterance"  type="eol" />
<markable id="markable_69" span="word_1800..word_1801" mmax_level="utterance"  type="eol" />
<markable id="markable_62" span="word_1641..word_1665" mmax_level="utterance"  type="eol" />
<markable id="markable_63" span="word_1666..word_1702" mmax_level="utterance"  type="eol" />
<markable id="markable_64" span="word_1703..word_1720" mmax_level="utterance"  type="eol" />
<markable id="markable_65" span="word_1721..word_1750" mmax_level="utterance"  type="eol" />
<markable id="markable_60" span="word_1595..word_1615" mmax_level="utterance"  type="eol" />
<markable id="markable_61" span="word_1616..word_1640" mmax_level="utterance"  type="eol" />
<markable id="markable_107" span="word_2703..word_2722" mmax_level="utterance"  type="eol" />
<markable id="markable_108" span="word_2723..word_2840" mmax_level="utterance"  type="eol" />
<markable id="markable_109" span="word_2841..word_2952" mmax_level="utterance"  type="eol" />
<markable id="markable_111" span="word_2987..word_3018" mmax_level="utterance"  type="eol" />
<markable id="markable_110" span="word_2953..word_2986" mmax_level="utterance"  type="eol" />
<markable id="markable_113" span="word_3031..word_3034" mmax_level="utterance"  type="eol" />
<markable id="markable_112" span="word_3019..word_3030" mmax_level="utterance"  type="eol" />
<markable id="markable_115" span="word_3068..word_3080" mmax_level="utterance"  type="eol" />
<markable id="markable_79" span="word_2007..word_2041" mmax_level="utterance"  type="eol" />
<markable id="markable_114" span="word_3035..word_3067" mmax_level="utterance"  type="eol" />
<markable id="markable_117" span="word_3084..word_3113" mmax_level="utterance"  type="eol" />
<markable id="markable_77" span="word_1955..word_1956" mmax_level="utterance"  type="eol" />
<markable id="markable_116" span="word_3081..word_3083" mmax_level="utterance"  type="eol" />
<markable id="markable_78" span="word_1957..word_2006" mmax_level="utterance"  type="eol" />
<markable id="markable_75" span="word_1933..word_1953" mmax_level="utterance"  type="eol" />
<markable id="markable_76" span="word_1954" mmax_level="utterance"  type="eol" />
<markable id="markable_73" span="word_1884..word_1908" mmax_level="utterance"  type="eol" />
<markable id="markable_74" span="word_1909..word_1932" mmax_level="utterance"  type="eol" />
<markable id="markable_71" span="word_1817..word_1862" mmax_level="utterance"  type="eol" />
<markable id="markable_72" span="word_1863..word_1883" mmax_level="utterance"  type="eol" />
<markable id="markable_70" span="word_1802..word_1816" mmax_level="utterance"  type="eol" />
<markable id="markable_44" span="word_1021..word_1031" mmax_level="utterance"  type="eol" />
<markable id="markable_45" span="word_1032..word_1062" mmax_level="utterance"  type="eol" />
<markable id="markable_46" span="word_1063..word_1240" mmax_level="utterance"  type="eol" />
<markable id="markable_47" span="word_1241..word_1285" mmax_level="utterance"  type="eol" />
<markable id="markable_48" span="word_1286..word_1313" mmax_level="utterance"  type="eol" />
<markable id="markable_49" span="word_1314..word_1331" mmax_level="utterance"  type="eol" />
<markable id="markable_40" span="word_764..word_934" mmax_level="utterance"  type="eol" />
<markable id="markable_41" span="word_935..word_985" mmax_level="utterance"  type="eol" />
<markable id="markable_42" span="word_986..word_992" mmax_level="utterance"  type="eol" />
<markable id="markable_43" span="word_993..word_1020" mmax_level="utterance"  type="eol" />
<markable id="markable_57" span="word_1446..word_1466" mmax_level="utterance"  type="eol" />
<markable id="markable_58" span="word_1467..word_1544" mmax_level="utterance"  type="eol" />
<markable id="markable_55" span="word_1408..word_1418" mmax_level="utterance"  type="eol" />
<markable id="markable_56" span="word_1419..word_1445" mmax_level="utterance"  type="eol" />
<markable id="markable_59" span="word_1545..word_1594" mmax_level="utterance"  type="eol" />
<markable id="markable_50" span="word_1332..word_1338" mmax_level="utterance"  type="eol" />
<markable id="markable_53" span="word_1366..word_1402" mmax_level="utterance"  type="eol" />
<markable id="markable_54" span="word_1403..word_1407" mmax_level="utterance"  type="eol" />
<markable id="markable_51" span="word_1339..word_1355" mmax_level="utterance"  type="eol" />
<markable id="markable_52" span="word_1356..word_1365" mmax_level="utterance"  type="eol" />
<markable id="markable_160" span="word_3783..word_3797" mmax_level="utterance"  type="eol" />
<markable id="markable_161" span="word_3798..word_3810" mmax_level="utterance"  type="eol" />
<markable id="markable_141" span="word_3485..word_3497" mmax_level="utterance"  type="eol" />
<markable id="markable_162" span="word_3811..word_3816" mmax_level="utterance"  type="eol" />
<markable id="markable_142" span="word_3498..word_3514" mmax_level="utterance"  type="eol" />
<markable id="markable_163" span="word_3817..word_3838" mmax_level="utterance"  type="eol" />
<markable id="markable_164" span="word_3839..word_3848" mmax_level="utterance"  type="eol" />
<markable id="markable_140" span="word_3477..word_3484" mmax_level="utterance"  type="eol" />
<markable id="markable_165" span="word_3849..word_3871" mmax_level="utterance"  type="eol" />
<markable id="markable_145" span="word_3549..word_3562" mmax_level="utterance"  type="eol" />
<markable id="markable_166" span="word_3872..word_3886" mmax_level="utterance"  type="eol" />
<markable id="markable_146" span="word_3563..word_3574" mmax_level="utterance"  type="eol" />
<markable id="markable_167" span="word_3887..word_3895" mmax_level="utterance"  type="eol" />
<markable id="markable_143" span="word_3515..word_3527" mmax_level="utterance"  type="eol" />
<markable id="markable_168" span="word_3896..word_3903" mmax_level="utterance"  type="eol" />
<markable id="markable_144" span="word_3528..word_3548" mmax_level="utterance"  type="eol" />
<markable id="markable_169" span="word_3904..word_3924" mmax_level="utterance"  type="eol" />
<markable id="markable_149" span="word_3610..word_3631" mmax_level="utterance"  type="eol" />
<markable id="markable_147" span="word_3575..word_3591" mmax_level="utterance"  type="eol" />
<markable id="markable_148" span="word_3592..word_3609" mmax_level="utterance"  type="eol" />
<markable id="markable_170" span="word_3925..word_3939" mmax_level="utterance"  type="eol" />
<markable id="markable_171" span="word_3940..word_3944" mmax_level="utterance"  type="eol" />
<markable id="markable_174" span="word_3982..word_4002" mmax_level="utterance"  type="eol" />
<markable id="markable_150" span="word_3632..word_3644" mmax_level="utterance"  type="eol" />
<markable id="markable_175" span="word_4003..word_4020" mmax_level="utterance"  type="eol" />
<markable id="markable_151" span="word_3645..word_3659" mmax_level="utterance"  type="eol" />
<markable id="markable_172" span="word_3945..word_3955" mmax_level="utterance"  type="eol" />
<markable id="markable_152" span="word_3660..word_3675" mmax_level="utterance"  type="eol" />
<markable id="markable_173" span="word_3956..word_3981" mmax_level="utterance"  type="eol" />
<markable id="markable_153" span="word_3676..word_3688" mmax_level="utterance"  type="eol" />
<markable id="markable_178" span="word_4044..word_4077" mmax_level="utterance"  type="eol" />
<markable id="markable_154" span="word_3689..word_3708" mmax_level="utterance"  type="eol" />
<markable id="markable_179" span="word_4078..word_4084" mmax_level="utterance"  type="eol" />
<markable id="markable_155" span="word_3709..word_3722" mmax_level="utterance"  type="eol" />
<markable id="markable_176" span="word_4021..word_4030" mmax_level="utterance"  type="eol" />
<markable id="markable_156" span="word_3723..word_3728" mmax_level="utterance"  type="eol" />
<markable id="markable_177" span="word_4031..word_4043" mmax_level="utterance"  type="eol" />
<markable id="markable_157" span="word_3729..word_3756" mmax_level="utterance"  type="eol" />
<markable id="markable_158" span="word_3757..word_3769" mmax_level="utterance"  type="eol" />
<markable id="markable_159" span="word_3770..word_3782" mmax_level="utterance"  type="eol" />
<markable id="markable_119" span="word_3145..word_3157" mmax_level="utterance"  type="eol" />
<markable id="markable_118" span="word_3114..word_3144" mmax_level="utterance"  type="eol" />
<markable id="markable_286" span="word_5852..word_5856" mmax_level="utterance"  type="eol" />
<markable id="markable_183" span="word_4146..word_4184" mmax_level="utterance"  type="eol" />
<markable id="markable_81" span="word_2059..word_2073" mmax_level="utterance"  type="eol" />
<markable id="markable_287" span="word_5857..word_5858" mmax_level="utterance"  type="eol" />
<markable id="markable_184" span="word_4185..word_4202" mmax_level="utterance"  type="eol" />
<markable id="markable_120" span="word_3158..word_3175" mmax_level="utterance"  type="eol" />
<markable id="markable_80" span="word_2042..word_2058" mmax_level="utterance"  type="eol" />
<markable id="markable_288" span="word_5859..word_5883" mmax_level="utterance"  type="eol" />
<markable id="markable_185" span="word_4203..word_4210" mmax_level="utterance"  type="eol" />
<markable id="markable_83" span="word_2108..word_2131" mmax_level="utterance"  type="eol" />
<markable id="markable_289" span="word_5884..word_5902" mmax_level="utterance"  type="eol" />
<markable id="markable_186" span="word_4211..word_4235" mmax_level="utterance"  type="eol" />
<markable id="markable_82" span="word_2074..word_2107" mmax_level="utterance"  type="eol" />
<markable id="markable_85" span="word_2174..word_2223" mmax_level="utterance"  type="eol" />
<markable id="markable_180" span="word_4085..word_4112" mmax_level="utterance"  type="eol" />
<markable id="markable_84" span="word_2132..word_2173" mmax_level="utterance"  type="eol" />
<markable id="markable_181" span="word_4113..word_4137" mmax_level="utterance"  type="eol" />
<markable id="markable_87" span="word_2243..word_2260" mmax_level="utterance"  type="eol" />
<markable id="markable_182" span="word_4138..word_4145" mmax_level="utterance"  type="eol" />
<markable id="markable_86" span="word_2224..word_2242" mmax_level="utterance"  type="eol" />
<markable id="markable_127" span="word_3259..word_3276" mmax_level="utterance"  type="eol" />
<markable id="markable_89" span="word_2269..word_2348" mmax_level="utterance"  type="eol" />
<markable id="markable_128" span="word_3277..word_3295" mmax_level="utterance"  type="eol" />
<markable id="markable_88" span="word_2261..word_2268" mmax_level="utterance"  type="eol" />
<markable id="markable_280" span="word_5738..word_5758" mmax_level="utterance"  type="eol" />
<markable id="markable_125" span="word_3242..word_3254" mmax_level="utterance"  type="eol" />
<markable id="markable_281" span="word_5759..word_5772" mmax_level="utterance"  type="eol" />
<markable id="markable_126" span="word_3255..word_3258" mmax_level="utterance"  type="eol" />
<markable id="markable_282" span="word_5773..word_5798" mmax_level="utterance"  type="eol" />
<markable id="markable_187" span="word_4236..word_4253" mmax_level="utterance"  type="eol" />
<markable id="markable_123" span="word_3212..word_3231" mmax_level="utterance"  type="eol" />
<markable id="markable_283" span="word_5799..word_5817" mmax_level="utterance"  type="eol" />
<markable id="markable_188" span="word_4254..word_4271" mmax_level="utterance"  type="eol" />
<markable id="markable_124" span="word_3232..word_3241" mmax_level="utterance"  type="eol" />
<markable id="markable_284" span="word_5818..word_5824" mmax_level="utterance"  type="eol" />
<markable id="markable_189" span="word_4272..word_4288" mmax_level="utterance"  type="eol" />
<markable id="markable_121" span="word_3176..word_3181" mmax_level="utterance"  type="eol" />
<markable id="markable_285" span="word_5825..word_5851" mmax_level="utterance"  type="eol" />
<markable id="markable_122" span="word_3182..word_3211" mmax_level="utterance"  type="eol" />
<markable id="markable_129" span="word_3296..word_3310" mmax_level="utterance"  type="eol" />
<markable id="markable_90" span="word_2349..word_2377" mmax_level="utterance"  type="eol" />
<markable id="markable_196" span="word_4401..word_4438" mmax_level="utterance"  type="eol" />
<markable id="markable_94" span="word_2449..word_2469" mmax_level="utterance"  type="eol" />
<markable id="markable_197" span="word_4439..word_4461" mmax_level="utterance"  type="eol" />
<markable id="markable_93" span="word_2432..word_2448" mmax_level="utterance"  type="eol" />
<markable id="markable_194" span="word_4380..word_4392" mmax_level="utterance"  type="eol" />
<markable id="markable_130" span="word_3311..word_3330" mmax_level="utterance"  type="eol" />
<markable id="markable_92" span="word_2407..word_2431" mmax_level="utterance"  type="eol" />
<markable id="markable_195" span="word_4393..word_4400" mmax_level="utterance"  type="eol" />
<markable id="markable_131" span="word_3331..word_3365" mmax_level="utterance"  type="eol" />
<markable id="markable_91" span="word_2378..word_2406" mmax_level="utterance"  type="eol" />
<markable id="markable_192" span="word_4342..word_4359" mmax_level="utterance"  type="eol" />
<markable id="markable_98" span="word_2529..word_2555" mmax_level="utterance"  type="eol" />
<markable id="markable_193" span="word_4360..word_4379" mmax_level="utterance"  type="eol" />
<markable id="markable_97" span="word_2516..word_2528" mmax_level="utterance"  type="eol" />
<markable id="markable_190" span="word_4289..word_4317" mmax_level="utterance"  type="eol" />
<markable id="markable_96" span="word_2489..word_2515" mmax_level="utterance"  type="eol" />
<markable id="markable_191" span="word_4318..word_4341" mmax_level="utterance"  type="eol" />
<markable id="markable_95" span="word_2470..word_2488" mmax_level="utterance"  type="eol" />
<markable id="markable_136" span="word_3430..word_3444" mmax_level="utterance"  type="eol" />
<markable id="markable_137" span="word_3445..word_3451" mmax_level="utterance"  type="eol" />
<markable id="markable_138" span="word_3452..word_3454" mmax_level="utterance"  type="eol" />
<markable id="markable_139" span="word_3455..word_3476" mmax_level="utterance"  type="eol" />
<markable id="markable_99" span="word_2556..word_2574" mmax_level="utterance"  type="eol" />
<markable id="markable_132" span="word_3366..word_3371" mmax_level="utterance"  type="eol" />
<markable id="markable_133" span="word_3372..word_3383" mmax_level="utterance"  type="eol" />
<markable id="markable_198" span="word_4462..word_4475" mmax_level="utterance"  type="eol" />
<markable id="markable_134" span="word_3384..word_3411" mmax_level="utterance"  type="eol" />
<markable id="markable_199" span="word_4476..word_4495" mmax_level="utterance"  type="eol" />
<markable id="markable_135" span="word_3412..word_3429" mmax_level="utterance"  type="eol" />
<markable id="markable_258" span="word_5364..word_5393" mmax_level="utterance"  type="eol" />
<markable id="markable_257" span="word_5351..word_5363" mmax_level="utterance"  type="eol" />
<markable id="markable_259" span="word_5394..word_5421" mmax_level="utterance"  type="eol" />
<markable id="markable_254" span="word_5293..word_5313" mmax_level="utterance"  type="eol" />
<markable id="markable_253" span="word_5270..word_5292" mmax_level="utterance"  type="eol" />
<markable id="markable_256" span="word_5338..word_5350" mmax_level="utterance"  type="eol" />
<markable id="markable_255" span="word_5314..word_5337" mmax_level="utterance"  type="eol" />
<markable id="markable_250" span="word_5237..word_5250" mmax_level="utterance"  type="eol" />
<markable id="markable_252" span="word_5256..word_5269" mmax_level="utterance"  type="eol" />
<markable id="markable_251" span="word_5251..word_5255" mmax_level="utterance"  type="eol" />
<markable id="markable_16" span="word_212..word_239" mmax_level="utterance"  type="eol" />
<markable id="markable_15" span="word_191..word_211" mmax_level="utterance"  type="eol" />
<markable id="markable_18" span="word_259..word_272" mmax_level="utterance"  type="eol" />
<markable id="markable_17" span="word_240..word_258" mmax_level="utterance"  type="eol" />
<markable id="markable_12" span="word_130..word_156" mmax_level="utterance"  type="eol" />
<markable id="markable_11" span="word_126..word_129" mmax_level="utterance"  type="eol" />
<markable id="markable_14" span="word_172..word_190" mmax_level="utterance"  type="eol" />
<markable id="markable_13" span="word_157..word_171" mmax_level="utterance"  type="eol" />
<markable id="markable_10" span="word_109..word_125" mmax_level="utterance"  type="eol" />
<markable id="markable_249" span="word_5226..word_5236" mmax_level="utterance"  type="eol" />
<markable id="markable_248" span="word_5198..word_5225" mmax_level="utterance"  type="eol" />
<markable id="markable_247" span="word_5179..word_5197" mmax_level="utterance"  type="eol" />
<markable id="markable_246" span="word_5164..word_5178" mmax_level="utterance"  type="eol" />
<markable id="markable_245" span="word_5153..word_5163" mmax_level="utterance"  type="eol" />
<markable id="markable_244" span="word_5147..word_5152" mmax_level="utterance"  type="eol" />
<markable id="markable_243" span="word_5117..word_5146" mmax_level="utterance"  type="eol" />
<markable id="markable_242" span="word_5108..word_5116" mmax_level="utterance"  type="eol" />
<markable id="markable_241" span="word_5105..word_5107" mmax_level="utterance"  type="eol" />
<markable id="markable_240" span="word_5095..word_5104" mmax_level="utterance"  type="eol" />
<markable id="markable_239" span="word_5093..word_5094" mmax_level="utterance"  type="eol" />
<markable id="markable_276" span="word_5672..word_5681" mmax_level="utterance"  type="eol" />
<markable id="markable_275" span="word_5654..word_5671" mmax_level="utterance"  type="eol" />
<markable id="markable_278" span="word_5706..word_5715" mmax_level="utterance"  type="eol" />
<markable id="markable_277" span="word_5682..word_5705" mmax_level="utterance"  type="eol" />
<markable id="markable_279" span="word_5716..word_5737" mmax_level="utterance"  type="eol" />
<markable id="markable_270" span="word_5583..word_5604" mmax_level="utterance"  type="eol" />
<markable id="markable_272" span="word_5616..word_5631" mmax_level="utterance"  type="eol" />
<markable id="markable_8" span="word_67..word_82" mmax_level="utterance"  type="eol" />
<markable id="markable_271" span="word_5605..word_5615" mmax_level="utterance"  type="eol" />
<markable id="markable_9" span="word_83..word_108" mmax_level="utterance"  type="eol" />
<markable id="markable_274" span="word_5639..word_5653" mmax_level="utterance"  type="eol" />
<markable id="markable_273" span="word_5632..word_5638" mmax_level="utterance"  type="eol" />
<markable id="markable_34" span="word_593..word_651" mmax_level="utterance"  type="eol" />
<markable id="markable_33" span="word_572..word_592" mmax_level="utterance"  type="eol" />
<markable id="markable_36" span="word_664..word_677" mmax_level="utterance"  type="eol" />
<markable id="markable_35" span="word_652..word_663" mmax_level="utterance"  type="eol" />
<markable id="markable_38" span="word_728..word_758" mmax_level="utterance"  type="eol" />
<markable id="markable_37" span="word_678..word_727" mmax_level="utterance"  type="eol" />
<markable id="markable_39" span="word_759..word_763" mmax_level="utterance"  type="eol" />
<markable id="markable_30" span="word_548..word_555" mmax_level="utterance"  type="eol" />
<markable id="markable_32" span="word_562..word_571" mmax_level="utterance"  type="eol" />
<markable id="markable_31" span="word_556..word_561" mmax_level="utterance"  type="eol" />
<markable id="markable_267" span="word_5539..word_5562" mmax_level="utterance"  type="eol" />
<markable id="markable_266" span="word_5525..word_5538" mmax_level="utterance"  type="eol" />
<markable id="markable_265" span="word_5517..word_5524" mmax_level="utterance"  type="eol" />
<markable id="markable_264" span="word_5495..word_5516" mmax_level="utterance"  type="eol" />
<markable id="markable_269" span="word_5576..word_5582" mmax_level="utterance"  type="eol" />
<markable id="markable_268" span="word_5563..word_5575" mmax_level="utterance"  type="eol" />
<markable id="markable_19" span="word_273..word_275" mmax_level="utterance"  type="eol" />
<markable id="markable_263" span="word_5473..word_5494" mmax_level="utterance"  type="eol" />
<markable id="markable_262" span="word_5451..word_5472" mmax_level="utterance"  type="eol" />
<markable id="markable_261" span="word_5430..word_5450" mmax_level="utterance"  type="eol" />
<markable id="markable_260" span="word_5422..word_5429" mmax_level="utterance"  type="eol" />
<markable id="markable_25" span="word_409..word_417" mmax_level="utterance"  type="eol" />
<markable id="markable_7" span="word_60..word_66" mmax_level="utterance"  type="eol" />
<markable id="markable_24" span="word_386..word_408" mmax_level="utterance"  type="eol" />
<markable id="markable_6" span="word_46..word_59" mmax_level="utterance"  type="eol" />
<markable id="markable_23" span="word_380..word_385" mmax_level="utterance"  type="eol" />
<markable id="markable_5" span="word_45" mmax_level="utterance"  type="eol" />
<markable id="markable_22" span="word_329..word_379" mmax_level="utterance"  type="eol" />
<markable id="markable_4" span="word_26..word_44" mmax_level="utterance"  type="eol" />
<markable id="markable_29" span="word_492..word_547" mmax_level="utterance"  type="eol" />
<markable id="markable_3" span="word_12..word_25" mmax_level="utterance"  type="eol" />
<markable id="markable_28" span="word_469..word_491" mmax_level="utterance"  type="eol" />
<markable id="markable_2" span="word_2..word_11" mmax_level="utterance"  type="eol" />
<markable id="markable_27" span="word_434..word_468" mmax_level="utterance"  type="eol" />
<markable id="markable_1" span="word_1" mmax_level="utterance"  type="eol" />
<markable id="markable_26" span="word_418..word_433" mmax_level="utterance"  type="eol" />
<markable id="markable_21" span="word_292..word_328" mmax_level="utterance"  type="eol" />
<markable id="markable_20" span="word_276..word_291" mmax_level="utterance"  type="eol" />
<markable id="markable_213" span="word_4699..word_4723" mmax_level="utterance"  type="eol" />
<markable id="markable_214" span="word_4724..word_4748" mmax_level="utterance"  type="eol" />
<markable id="markable_215" span="word_4749..word_4762" mmax_level="utterance"  type="eol" />
<markable id="markable_216" span="word_4763" mmax_level="utterance"  type="eol" />
<markable id="markable_210" span="word_4652..word_4670" mmax_level="utterance"  type="eol" />
<markable id="markable_211" span="word_4671..word_4679" mmax_level="utterance"  type="eol" />
<markable id="markable_212" span="word_4680..word_4698" mmax_level="utterance"  type="eol" />
<markable id="markable_207" span="word_4607..word_4616" mmax_level="utterance"  type="eol" />
<markable id="markable_206" span="word_4581..word_4606" mmax_level="utterance"  type="eol" />
<markable id="markable_209" span="word_4634..word_4651" mmax_level="utterance"  type="eol" />
<markable id="markable_208" span="word_4617..word_4633" mmax_level="utterance"  type="eol" />
<markable id="markable_204" span="word_4545..word_4570" mmax_level="utterance"  type="eol" />
<markable id="markable_205" span="word_4571..word_4580" mmax_level="utterance"  type="eol" />
<markable id="markable_202" span="word_4532..word_4540" mmax_level="utterance"  type="eol" />
<markable id="markable_203" span="word_4541..word_4544" mmax_level="utterance"  type="eol" />
<markable id="markable_200" span="word_4496..word_4509" mmax_level="utterance"  type="eol" />
<markable id="markable_201" span="word_4510..word_4531" mmax_level="utterance"  type="eol" />
<markable id="markable_230" span="word_4976..word_4985" mmax_level="utterance"  type="eol" />
<markable id="markable_231" span="word_4986..word_5011" mmax_level="utterance"  type="eol" />
<markable id="markable_232" span="word_5012..word_5042" mmax_level="utterance"  type="eol" />
<markable id="markable_233" span="word_5043..word_5046" mmax_level="utterance"  type="eol" />
<markable id="markable_234" span="word_5047..word_5060" mmax_level="utterance"  type="eol" />
<markable id="markable_235" span="word_5061..word_5074" mmax_level="utterance"  type="eol" />
<markable id="markable_236" span="word_5075..word_5077" mmax_level="utterance"  type="eol" />
<markable id="markable_237" span="word_5078..word_5085" mmax_level="utterance"  type="eol" />
<markable id="markable_238" span="word_5086..word_5092" mmax_level="utterance"  type="eol" />
<markable id="markable_229" span="word_4943..word_4975" mmax_level="utterance"  type="eol" />
<markable id="markable_228" span="word_4941..word_4942" mmax_level="utterance"  type="eol" />
<markable id="markable_222" span="word_4815..word_4816" mmax_level="utterance"  type="eol" />
<markable id="markable_223" span="word_4817..word_4831" mmax_level="utterance"  type="eol" />
<markable id="markable_220" span="word_4801..word_4807" mmax_level="utterance"  type="eol" />
<markable id="markable_221" span="word_4808..word_4814" mmax_level="utterance"  type="eol" />
<markable id="markable_226" span="word_4909..word_4924" mmax_level="utterance"  type="eol" />
<markable id="markable_227" span="word_4925..word_4940" mmax_level="utterance"  type="eol" />
<markable id="markable_224" span="word_4832..word_4857" mmax_level="utterance"  type="eol" />
<markable id="markable_225" span="word_4858..word_4908" mmax_level="utterance"  type="eol" />
<markable id="markable_219" span="word_4799..word_4800" mmax_level="utterance"  type="eol" />
<markable id="markable_218" span="word_4778..word_4798" mmax_level="utterance"  type="eol" />
<markable id="markable_217" span="word_4764..word_4777" mmax_level="utterance"  type="eol" />
</markables>