<?xml version="1.0" encoding="MacRoman"?>
<!DOCTYPE markables SYSTEM "markables.dtd">
<markables xmlns="www.eml.org/NameSpaces/parse">
<markable id="markable_0" span="word_1..word_42" tag="(ROOT (S (NP (NNP Case) (CD 13)) (, ,) (NP (NP (NNP Object) (CD 5)) (: :) (NP (NP (NP (NNP LG:) (NNP Well)) (NP (NP (DT the) (JJ first) (JJ important) (NN thing)) (SBAR (S (VP (TO to) (VP (VB say) (PP (IN about) (NP (DT this))))))))) (PRN (-LRB- -LRB-) (SBAR (IN if) (S (NP (PRP you)) (VP (MD can) (VP (VB hear) (NP (PRP me)) (PP (IN over) (NP (DT the) (NN noise))))))) (. !) (-RRB- -RRB-)))) (VP (VBZ is) (SBAR (IN that) (S (SBAR (WHNP (WP what)) (S (NP (PRP you)) (VP (VBP 're) (VP (VBG looking) (PP (IN at)))))) (VP (VBZ is) (RB not) (NP (NP (PDT all) (DT a) (NN piece)) (PP (IN of) (NP (NN jewelry)))))))) (. .)))" mmax_level="parse" />
<markable id="markable_1" span="word_43..word_78" tag="(ROOT (S (S (NP (NP (NN Part)) (PP (IN of) (NP (DT that)))) (VP (VBZ is) (ADVP (RB actually)) (NP (PRP$ its) (NN mount)))) (: ;) (CC and) (S (NP (PRP it)) (VP (VBZ brings) (PRT (RP up)) (NP (NP (DT another) (JJ important) (NN theme)) (PP (IN of) (NP (NP (NNP 20th) (NNP Century) (NNP jewelry)) (, ,) (SBAR (WHNP (WDT which)) (S (VP (VBZ is) (SBARQ (WHNP (WP what)) (SQ (VBP do) (NP (PRP you)) (VP (VB do) (PP (IN with) (NP (DT a) (NN jewel))) (SBAR (WHADVP (WRB when)) (S (NP (PRP you)) (VP (VBP 're) (RB not) (VP (VBG wearing) (NP (PRP it)))))))) (. ?))))))))))))" mmax_level="parse" />
<markable id="markable_2" span="word_79..word_120" tag="(ROOT (S (CC And) (PRN (, ,) (PP (IN from) (NP (DT the) (NNS 1970s) (NNS onwards))) (, ,)) (NP (NNS jewellers)) (VP (VBP have) (VP (VBN started) (S (VP (VBG exploring) (NP (NP (DT the) (NN idea)) (PP (IN of) (NP (NN turning) (NN jewelry))) (PP (IN into) (NP (NN sculpture)))))) (: --) (SBAR (IN so) (IN that) (S (NP (PRP you)) (VP (MD can) (VP (VP (VBP hang) (NP (PRP it)) (PP (IN on) (NP (PRP$ your) (NN wall)))) (, ,) (CC or) (VB prop) (NP (PRP it)) (PP (IN on) (NP (PRP$ your) (NN mantelpiece))) (SBAR (WHADVP (WRB when)) (S (NP (PRP you)) (VP (VBP 're) (RB not) (VP (VBG wearing) (NP (PRP it)))))))))))) (. .)))" mmax_level="parse" />
<markable id="markable_3" span="word_121..word_175" tag="(ROOT (S (S (S (CC And) (NP (DT that)) (VP (VBZ 's) (ADVP (RB quite)) (NP (NP (DT a) (JJ good) (NN example)) (PP (IN of) (NP (DT that)))))) (: ;) (S (NP (NP (DT the) (NN head)) (PRN (: --) (NP (DT the) (NN face)) (: --))) (VP (VP (VBZ lifts) (PRT (RP off))) (, ,) (CC and) (VP (VBZ becomes) (NP (NP (DT the) (NN jewel)) (SBAR (IN that) (S (NP (PRP you)) (VP (VBP wear)))))))) (: ;) (CC and) (S (SBAR (WHADVP (WRB when)) (S (NP (PRP you)) (VP (VBP 're) (RB not) (VP (VBG wearing) (NP (PRP it)))))) (, ,) (NP (PRP you)) (VP (MD can) (VP (VB hang) (NP (NP (DT the) (JJ cork) (NN triangle)) (PP (IN on) (NP (DT the) (NN wall)))))))) (, ,) (CC and) (S (NP (PRP you)) (VP (VBP 've) (VP (VBN got) (NP (DT a) (ADJP (RB rather) (JJ extraordinary)) (NN wall) (NN decoration))))) (. .)))" mmax_level="parse" />
<markable id="markable_4" span="word_176..word_185" tag="(ROOT (S (NP (DT The) (NN fox) (NN fur)) (VP (VBZ is) (RB not) (NP (NP (NN part)) (PP (IN of) (NP (DT the) (NN brooch))))) (. .)))" mmax_level="parse" />
<markable id="markable_5" span="word_186..word_196" tag="(ROOT (FRAG (NP (NN Case) (CD 16)) (, ,) (NP (NNP Object) (CD 1)) (: :) (INTJ (INTJ (UH JO:) (UH Okay)) (, ,) (NN thankyou)) (. .)))" mmax_level="parse" />
<markable id="markable_6" span="word_197..word_210" tag="(ROOT (SQ (VBD Shall) (NP (PRP we)) (VP (VB look) (PP (IN at) (NP (NP (NP (DT the) (NN object)) (PP (IN in) (NP (NN case) (NN number)))) (NP (CD 16)))) (, ,) (NP (NN number) (CD 1))) (. ?)))" mmax_level="parse" />
<markable id="markable_7" span="word_211..word_219" tag="(ROOT (S (NP (EX There)) (VP (VBZ 's) (NP (NP (DT a) (NN set)) (PP (IN of) (NP (NP (CD three) (NNS objects)) (ADVP (RB here)))))) (. .)))" mmax_level="parse" />
<markable id="markable_8" span="word_220..word_222" tag="(ROOT (S (NP (NNP LG:)) (ADVP (RB Yes)) (. .)))" mmax_level="parse" />
<markable id="markable_9" span="word_223..word_240" tag="(ROOT (S (SBAR (WHNP (WP What)) (S (NP (DT these)) (VP (VBP symbolise) (PP (IN for) (NP (PRP me)))))) (VP (VBP are) (NP (NP (CD one)) (PP (IN of) (NP (NP (NP (DT the) (NNS preoccupations)) (PP (IN of) (NP (DT the) (CD 1980s)))) (, ,) (SBAR (WHNP (WDT which)) (S (VP (VBZ is) (VP (VBG recycling))))))))) (. .)))" mmax_level="parse" />
<markable id="markable_10" span="word_241..word_310" tag="(ROOT (S (S (NP (NP (DT The) (NN jeweller)) (SBAR (WHNP (WP who)) (S (VP (VBD made) (NP (DT these) (NNS bangles)))))) (VP (VBD was) (ADJP (RB particularly) (JJ interested) (PP (IN in) (NP (NP (DT the) (NN idea)) (PP (IN of) (S (VP (VBG using) (NP (ADJP (RB intrinsically) (JJ worthless)) (NN material)))))))))) (PRN (: --) (NP (NP (NN material)) (SBAR (WHNP (WDT that)) (S (VP (VBD had) (VP (VBN been) (VP (VBN thrown) (PRT (RB away)))))))) (, ,) (NP (JJ old) (NN junk)) (: --)) (CC and) (S (NP (PRP he)) (VP (VBN lavished) (PP (IN on) (NP (DT those) (NNS materials))) (NP (DT an) (ADJP (RB incredibly) (JJ painstaking) (CC and) (JJ time-consuming)) (NN technique)) (, ,) (SBAR (IN so) (IN that) (S (NP (NP (DT the) (NN amount)) (PP (IN of) (NP (NP (NN time)) (VP (VBN put) (PP (IN into) (NP (NP (DT the) (NN labour)) (PP (IN of) (S (VP (VBG making) (NP (DT these) (NNS jewels))))))))))) (VP (VBZ bears) (NP (RB absolutely) (DT no) (NN relation)) (PP (TO to) (NP (NP (DT the) (NN value)) (PP (IN of) (NP (DT the) (NNS materials))) (SBAR (IN that) (S (NP (PRP he)) (VP (VBZ 's) (VP (VBN used)))))))))))) (. .)))" mmax_level="parse" />
<markable id="markable_11" span="word_311..word_377" tag="(ROOT (S (S (CC And) (SBAR (IN if) (S (NP (PRP you)) (VP (VBP look) (PP (IN at))))) (, ,) (PP (IN for) (NP (NN instance))) (, ,) (NP (NP (DT the) (NN bangle)) (PP (IN at) (NP (NP (DT the) (NN bottom)) (PRN (: --) (S (NP (DT that)) (VP (VBZ 's) (NP (DT the) (ADJP (JJ blue) (CC and) (JJ red)) (CD one)))) (: --)) (SBAR (WHNP (WDT what)) (S (VP (VBZ looks) (SBAR (IN as) (IN though) (S (NP (PRP it)) (VP (VBZ 's) (NP (VBN painted) (NN decoration))))))))))) (VP (VBZ is) (PP (IN in) (NP (NN fact))) (ADJP (JJ inlaid)))) (: ;) (S (NP (PRP it)) (VP (VBZ 's) (NP (NP (NNS bits)) (PP (IN of) (NP (NP (JJ cut-off) (NN razor) (NN blade)) (, ,) (NP (NN biro)) (, ,) (NP (NN knitting) (NNS needles)) (, ,) (VP (VBN inlaid) (PP (IN into) (NP (NP (NNS layer)) (PP (IN after) (NP (NP (NN layer)) (PP (IN of) (NP (NN resin)))))))) (, ,) (SBAR (WHNP (WDT which)) (S (VP (VBZ is) (VP (VBN done) (PP (IN in) (NP (NP (NN emulation)) (PP (IN of) (NP (JJ Japanese) (NN lacquer) (NN technique)))))))))))))) (. .)))" mmax_level="parse" />
<markable id="markable_12" span="word_378..word_390" tag="(ROOT (S (CC And) (NP (DT that) (JJ particular) (NN bangle)) (VP (VBD took) (NP (PRP him)) (NP (NN something)) (PP (IN like) (NP (NP (CD 120) (NNS hours)) (PP (IN of) (NP (NN work)))))) (. .)))" mmax_level="parse" />
<markable id="markable_13" span="word_391..word_406" tag="(ROOT (FRAG (NP (NN Case) (CD 7)) (, ,) (NP (NNP Object) (CD 10)) (: :) (NP (NNP Roger) (NNP Morris) (NNP brooch) (NNP JO:)) (INTJ (UH Okay)) (, ,) (S (NP (DT that)) (VP (VBZ 's) (ADJP (JJ interesting)))) (. .)))" mmax_level="parse" />
<markable id="markable_14" span="word_407..word_477" tag="(ROOT (SQ (MD Can) (NP (PRP we)) (VP (VB look) (PP (IN at) (NP (NN Case) (NN number) (CD 7))) (ADVP (RB now))) (, ,) (VP (VB object) (FRAG (NP (NN number) (CD 10)) (, ,) (NP (NP (DT this) (NN one)) (ADVP (RB here))) (: ...) (INTJ (UH LG:) (UH Yes)) (, ,) (S (NP (PRP you)) (VP (VBP 've) (VP (VBN made) (NP (NP (DT a) (NN link)) (PP (IN with) (NP (NP (NP (DT the) (JJ first) (NN piece)) (SBAR (WHNP (IN that)) (S (NP (PRP we)) (VP (VBD looked) (PP (IN at)))))) (, ,) (SBAR (WHNP (WDT which)) (S (VP (VP (VP (VBZ is) (NP (NP (DT the) (NN idea)) (PP (IN of) (NP (NP (DT a) (NN jewel)) (SBAR (WHNP (WDT which)) (S (VP (VBZ is) (ADVP (RB also)) (NP (NP (DT a) (NN work)) (PP (IN of) (NP (NP (NN art)) (CC and) (NP (DT a) (NN sculpture)))))))))))) (CC and) (VP (MD can) (VP (VB be) (VP (VBN used) (S (ADVP (RB not) (RB just)) (VP (TO to) (VP (VB wear) (PRT (RP on)) (NP (DT the) (NN person))))))))) (, ,) (CC but) (VP (MD can) (VP (VB be) (VP (VBN used) (PP (IN on) (NP (PRP$ your) (NN mantelpiece))))))))))))))) (. !)))))" mmax_level="parse" />
<markable id="markable_15" span="word_478..word_490" tag="(ROOT (S (NP (PRP It)) (VP (VBZ is) (RB not) (ADJP (JJ obvious)) (SBAR (WHNP (WHNP (WDT which)) (PP (IN of) (NP (DT this) (NN piece)))) (S (VP (VBZ is) (ADVP (RB actually)) (NP (DT the) (NN jewel)))))) (. .)))" mmax_level="parse" />
<markable id="markable_16" span="word_491..word_500" tag="(ROOT (S (NP (PRP It)) (VP (VBZ 's) (ADVP (RB actually)) (NP (NP (DT the) (JJ kite-shaped) (NN bit)) (PP (IN on) (NP (DT the) (NN front))))) (. .)))" mmax_level="parse" />
<markable id="markable_17" span="word_501..word_523" tag="(ROOT (S (S (NP (PRP It)) (VP (VBZ 's) (NP (NP (DT a) (NN brooch)) (, ,) (SBAR (WHNP (WDT which)) (S (VP (VBZ lifts) (ADVP (RB off)))))))) (, ,) (CC and) (S (NP (NP (DT the) (JJ blue) (JJ semi-pyramid) (NN thing)) (PP (IN on) (NP (PRP$ its) (JJ clear) (NN perspex) (NN stand)))) (VP (VBZ is) (NP (DT the) (NN mount)))) (. .)))" mmax_level="parse" />
<markable id="markable_18" span="word_524..word_611" tag="(ROOT (S (S (S (ADVP (RB So)) (, ,) (S (NP (DT that)) (VP (VBZ 's) (NP (NP (CD one) (JJ important) (NN story)) (SBAR (WHNP (IN that)) (S (NP (DT that) (NN piece)) (VP (VBZ tells))))))) (: ;) (CC but) (S (NP (NP (DT the) (JJ other) (NN story)) (SBAR (S (NP (PRP it)) (VP (VBZ tells))))) (VP (VBZ is) (NP (NP (DT the) (NN story)) (PP (IN of) (NP (NP (DT the) (NNS beginnings)) (PP (IN of) (NP (NP (DT the) (NN use)) (PP (IN of) (NP (NN acrylic))))))))))) (, ,) (CC and) (FRAG (CONJP (RB not) (RB just)) (S (VP (VP (VBG using) (NP (NN acrylic))) (CC but) (VP (VBG combining) (NP (PRP it)) (PP (IN with) (NP (JJ precious) (NNS materials)))))))) (, ,) (S (PP (IN in) (NP (DT this) (NN case))) (NP (NP (NP (NN gold)) (CC and) (NN silver)) (, ,) (SBAR (WHNP (WDT which)) (S (VP (VP (VBD was) (NP (DT an) (ADJP (RB incredibly) (JJ daring)) (NN thing)) (S (VP (TO to) (VP (VB do))))) (CC and) (VP (VBD caused) (NP (NP (DT an) (JJ awful) (NN lot)) (PP (IN of) (NP (NP (NN outrage)) (PP (IN at) (NP (DT the) (NN time)))))))))) (: --)) (VP (VBZ does) (RB n't) (VP (VB seem) (ADJP (ADVP (IN at) (DT all)) (JJ outrageous)) (ADVP (RB now))))) (, ,) (CC but) (S (PP (IN at) (NP (DT the) (NN time))) (NP (PRP it)) (VP (VBD caused) (NP (NP (DT an) (JJ awful) (NN lot)) (PP (IN of) (NP (NN cafuffle)))))) (. .)))" mmax_level="parse" />
<markable id="markable_19" span="word_612..word_615" tag="(ROOT (S (NP (DT That)) (VP (VBD was) (ADJP (JJ new))) (. .)))" mmax_level="parse" />
<markable id="markable_20" span="word_616..word_624" tag="(ROOT (SBARQ (WHNP (JJ JO:)) (SQ (MD Can) (NP (PRP you)) (VP (VB say) (ADVP (ADVP (RBR more)) (PP (IN about) (NP (DT that) (NN object)))))) (. ?)))" mmax_level="parse" />
<markable id="markable_21" span="word_625..word_627" tag="(ROOT (NP (NNP LG:) (NNP Yea) (. .)))" mmax_level="parse" />
<markable id="markable_22" span="word_628..word_672" tag="(ROOT (S (S (S (NP (DT This) (NN one)) (VP (VBD was) (VP (VBN made) (PP (IN by) (NP (NP (NNP Roger) (NNP Morris)) (, ,) (SBAR (WHNP (WP who)) (S (VP (VBZ 's) (ADVP (RB now)) (VP (VBG teaching) (PP (IN at) (NP (NP (NNP Duncan)) (PP (IN of) (NP (NP (NNP Jordanstone) (NNP College)) (PP (IN in) (NP (NNP Dundee)))))))))))))))) (: ;) (CC and) (S (NP (PRP he)) (VP (VBD was) (RB n't) (NP (NP (DT the) (JJ first) (NN person)) (SBAR (S (VP (TO to) (VP (VB develop) (NP (NP (DT this) (NN idea)) (PP (IN of) (S (VP (VBG combining) (NP (NN acrylic)) (PP (IN with) (NP (JJ precious) (NNS metals))))))))))))))) (, ,) (CC but) (S (NP (PRP he)) (VP (VBD was) (PP (IN among) (NP (DT the) (JJ first))))) (. .)))" mmax_level="parse" />
<markable id="markable_23" span="word_673..word_686" tag="(ROOT (S (NP (DT The) (JJ first) (S (VP (TO to) (VP (VB do) (NP (DT that)))))) (VP (VBD were) (NP (NP (JJ German) (NNS jewellers)) (, ,) (PP (IN in) (NP (JJ particular) (NNP Klaus) (NNP Burie))))) (. .)))" mmax_level="parse" />
<markable id="markable_24" span="word_687..word_738" tag="(ROOT (S (CC And) (S (NP (NNP Morris)) (VP (VBD followed) (ADVP (RB very) (RB quickly)) (PP (IN after)) (, ,) (S (VP (VP (VBG using) (NP (RB essentially) (DT a) (JJ lacquetry) (NN technique)) (S (VP (TO to) (VP (VB make) (NP (DT the) (NN brooch)))))) (, ,) (CC and) (VP (VP (VBG using) (NP (NNS acrylics))) (, ,) (CC and) (VP (VBG exploring) (NP (NP (DT the) (NN use)) (PP (IN of) (NP (NN colour)))))))))) (, ,) (CC and) (S (NP (NN colour)) (VP (VBZ is) (NP (NP (NP (DT another) (NN thing)) (SBAR (WHNP (WDT that)) (S (VP (VBD was) (ADJP (JJ new)) (PP (IN at) (NP (DT that) (NN time))))))) (: -) (NP (NP (DT these) (ADJP (RB very) (RB very) (JJ bold)) (NNS colours)) (SBAR (WHNP (IN that)) (S (NP (PRP you)) (VP (MD can) (VP (VB get) (PP (IN with) (NP (NN acrylic))))))))))) (. .)))" mmax_level="parse" />
<markable id="markable_25" span="word_739..word_753" tag="(ROOT (S (NP (NNP JO:)) (ADVP (RB So)) (VP (VBZ is) (ADVP (RB there)) (NP (NP (DT any) (JJ other) (NN object)) (SBAR (WHNP (WDT which)) (S (VP (VBZ is) (ADJP (RB particularly) (JJ relevant) (PP (TO to) (NP (DT this) (CD one))))))))) (. ?)))" mmax_level="parse" />
<markable id="markable_26" span="word_754..word_800" tag="(ROOT (FRAG (NP (NN Case) (CD 7)) (, ,) (NP (NNP Object) (CD 16)) (: :) (NP (NNP Fritz) (NNP Maierhoffer) (NNP brooch) (NNP LG:)) (INTJ (UH Yes)) (: --) (S (ADVP (RB well)) (, ,) (NP (EX there)) (VP (VBP are) (NP (NP (CD two) (NNS objects)) (SBAR (WHNP (WDT which)) (S (VP (VBP are) (ADJP (JJ relevant) (PP (TO to) (NP (DT this) (CD one)))))))))) (: :) (NP (NP (DT the) (CD one)) (PP (ADVP (RB immediately)) (IN above) (NP (PRP it)))) (X (SYM [)) (NP (NN number) (CD 16)) (, ,) (NP (NP (NN case) (CD 7) (NNP ])) (, ,) (SBAR (WHNP (WDT which)) (S (VP (VBZ is) (NP (NP (DT a) (JJ large) (NN brooch)) (PP (IN by) (NP (NNP Fritz) (NNP Maierhoffer)))))))) (. .)))" mmax_level="parse" />
<markable id="markable_27" span="word_801..word_891" tag="(ROOT (S (S (S (S (NP (NP (NNP Fritz) (NNP Maierhoffer)) (CC and) (NP (NNP Klaus) (NNP Burie))) (VP (VBD were) (NP (NP (DT the) (CD two) (NNS originators)) (PP (IN of) (NP (NP (DT the) (NN use)) (PP (IN of) (NP (NN acrylic)))))) (PP (IN at) (NP (DT this) (NN time))))) (, ,) (CC and) (S (NP (DT that)) (VP (VBZ is) (PP (IN from) (NP (NP (NP (DT the) (NN artist) (POS 's)) (JJ own) (NN collection)) (, ,) (SBAR (WHNP (WDT which)) (S (NP (PRP he)) (VP (VBD sold) (PP (TO to) (NP (PRP us))) (ADVP (RB fairly) (RB recently))))))))) (: ;) (IN so) (S (NP (PRP it)) (VP (VBZ comes) (PP (IN from) (NP (NP (DT the) (NN dawn)) (PP (IN of) (NP (DT this) (NN period))))) (PP (IN of) (S (VP (VBG using) (NP (NNS acrylics)) (PP (IN with)))))))) (: ...) (S (NP (DT this)) (ADVP (RB actually)) (VP (VBZ has) (RB n't) (VP (VBN got) (NP (NP (JJ precious) (NN metal)) (PP (IN in) (NP (PRP it))))))) (, ,) (CC but) (S (NP (PRP it)) (VP (VBZ belongs) (PP (TO to) (NP (DT that) (NN time)))))) (: --) (CC and) (S (NP (PRP it)) (VP (VBD was) (NP (NP (NN work)) (PP (IN like) (NP (DT this))) (SBAR (WHNP (WDT which)) (S (VP (ADVP (RB directly)) (VBD inspired) (NP (NN work)) (PP (IN like) (NP (NP (DT the) (NNP Roger) (NNP Morris) (NN brooch)) (PP (IN on) (NP (NP (DT the) (NN stand)) (SBAR (WHNP (WDT which)) (S (NP (PRP we)) (VP (VBD looked) (ADVP (IN at) (RB earlier))))))))))))))) (. .)))" mmax_level="parse" />
<markable id="markable_28" span="word_892..word_942" tag="(ROOT (S (NP (NP (NNP Case) (CD 8)) (, ,) (NP (NP (NP (NNP Object) (CD 11)) (: :) (NP (NNS legs))) (PP (IN LG:) (NP (NP (DT The) (JJ other) (NN piece)) (SBAR (WHNP (WDT that)) (S (VP (VBZ links) (PRT (RP in)) (PP (IN with) (NP (PRP it))))))))) (, ,)) (VP (VBZ is) (PP (IN in) (NP (DT the) (JJ next) (NN case))) (, ,) (SBAR (WHNP (WDT which)) (S (VP (VBZ is) (NP (NN case) (CD 8))))) (, ,) (PP (NN number) (NP (CD 11))) (, ,) (SBAR (WHADVP (WRB where)) (S (NP (PRP we)) (VP (VBP have) (NP (NP (DT another) (NN example)) (PP (IN of) (NP (NN jewelry))) (SBAR (WHNP (WDT which)) (S (SBAR (WHADVP (WRB when)) (S (NP (PRP it)) (VP (VBZ 's) (RB not) (NP (NN jewelry))))) (VP (VBZ is) (ADVP (RB also)) (NP (NP (DT a) (NN piece)) (PP (IN of) (NP (NN sculpture)))))))))))) (. .)))" mmax_level="parse" />
<markable id="markable_29" span="word_943..word_955" tag="(ROOT (FRAG (NP (NN Case) (CD 7)) (, ,) (NP (NNP Object) (CD 1)) (: :) (NP (NNP Beatles) (NN brooch) (NNP JO:)) (INTJ (UH Okay) (, ,) (NN thankyou)) (. .)))" mmax_level="parse" />
<markable id="markable_30" span="word_956..word_973" tag="(ROOT (SQ (PP (VBG Returning) (PP (TO to) (NP (NN case) (CD 7)))) (, ,) (VP (VB object) (NP (NN number) (CD 1))) (, ,) (SQ (MD could) (NP (PRP you)) (VP (VB tell) (NP (PRP us)) (NP (NP (NN something)) (PP (IN about) (NP (DT this)))) (VB please))) (. ?)))" mmax_level="parse" />
<markable id="markable_31" span="word_974..word_979" tag="(ROOT (S (NP (DT That)) (VP (VBZ 's) (NP (DT the) (NNS beatles) (NN guitar))) (. .)))" mmax_level="parse" />
<markable id="markable_32" span="word_980..word_982" tag="(ROOT (NP (NNP LG:) (NNP Yea) (. .)))" mmax_level="parse" />
<markable id="markable_33" span="word_983..word_1010" tag="(ROOT (S (CC And) (SBAR (WHNP (WP what)) (S (NP (PRP I)) (VP (VBD wanted) (S (VP (TO to) (VP (VB do) (PP (IN with) (NP (DT that))))))))) (VP (VBZ is) (S (VP (TO to) (VP (VB demonstrate) (SBAR (IN that) (S (: --) (PP (ADVP (RB well)) (, ,) (ADVP (RB first)) (IN of) (NP (DT all))) (, ,) (NP (DT this) (NN gallery)) (VP (VBZ is) (RB not) (PP (RB just) (IN about) (NP (JJ one-off) (NNS pieces)))))))))) (. .)))" mmax_level="parse" />
<markable id="markable_34" span="word_1011..word_1020" tag="(ROOT (S (NP (PRP It)) (VP (VBZ 's) (ADVP (RB also)) (PP (IN about) (NP (JJ costume) (NN jewelry) (CC and) (NN production) (NNS pieces)))) (. .)))" mmax_level="parse" />
<markable id="markable_35" span="word_1021..word_1056" tag="(ROOT (S (S (CC And) (NP (PRP I)) (VP (VBP have) (ADVP (RB deliberately)) (RB not) (VP (VBN separated) (NP (NP (DT the) (NN mass-produced)) (PP (IN from) (NP (DT the) (NNS one-offs))))))) (, ,) (ADVP (RB because) (PP (TO to) (NP (PRP me)))) (S (NP (DT the) (NN story)) (VP (VBZ is) (NP (NP (DT the) (NN story)) (PP (IN of) (NP (NN jewelry))) (PP (IN in) (NP (NP (DT the) (JJ 20th) (NNP Century)) (, ,) (CC and) (RB not) (NP (NP (DT the) (NN story)) (PP (IN of) (NP (NP (NN designer) (NNS jewels)) (ADVP (RB alone)))))))))) (. .)))" mmax_level="parse" />
<markable id="markable_36" span="word_1057..word_1082" tag="(ROOT (S (NP (PRP I)) (VP (VBP 'm) (ADJP (JJ interested) (PP (IN in) (NP (NP (NP (DT the) (NN interplay)) (PP (IN of) (NP (JJ various) (NNS things)))) (VP (VBG going) (PRT (RP on)) (PP (IN in) (NP (DT the) (NN period)))) (: ;) (ADVP (RB partly)) (NP (NP (NN fashion)) (, ,) (ADVP (RB partly)) (NP (NP (NN development)) (PP (IN of) (NP (NP (NNS techniques)) (CC and) (NP (JJ new) (NNS materials)))))))))) (. .)))" mmax_level="parse" />
<markable id="markable_37" span="word_1083..word_1109" tag="(ROOT (S (CC So) (S (NP (DT this) (JJ particular) (NN piece)) (VP (VBZ is) (ADVP (RB obviously)) (NP (DT a) (JJ mass-produced) (NN piece)))) (: ;) (CC and) (S (NP (PRP it)) (VP (VBZ reflects) (NP (NP (NN fashion) (CC and) (JJ social) (NN history)) (, ,) (CC and) (SBAR (WHNP (WP what)) (S (VP (VBD was) (VP (VBG going) (PRT (RP on)) (PP (IN at) (NP (DT the) (NN time)))))))))) (. .)))" mmax_level="parse" />
<markable id="markable_38" span="word_1110..word_1146" tag="(ROOT (S (S (CC And) (PRN (: -) (S (VP (TO to) (VP (VB link) (NP (PRP it)) (PP (IN with) (NP (DT another) (NN object)))))) (: --)) (NP (NP (RB immediately)) (PP (IN above) (NP (DT this) (NNS Beatles) (NN brooch)))) (VP (VBZ is) (NP (NP (DT a) (NN set)) (PP (IN of) (NP (NP (NNS brooches)) (, ,) (SBAR (WHNP (WDT which)) (S (VP (VBP are) (NP (NP (NNS characters)) (PP (IN from) (NP (DT the) (NN film) (NNP Yellow) (NNP Submarine)))))))))))) (: ;) (S (NP (PRP they)) (VP (VBD were) (VP (VBN used) (S (VP (TO to) (VP (VB promote) (NP (DT the) (NN film)))))))) (. .)))" mmax_level="parse" />
<markable id="markable_39" span="word_1147..word_1157" tag="(ROOT (FRAG (NP (NN Case) (CD 18)) (, ,) (NP (NNP Object) (CD 3)) (: :) (NP (NNP Becker) (NN wristwatch) (NNP JO:)) (INTJ (UH Okay)) (. .)))" mmax_level="parse" />
<markable id="markable_40" span="word_1158..word_1164" tag="(ROOT (S (NP (DT That)) (VP (VBZ 's) (ADJP (RB very) (JJ interesting)) (: --) (INTJ (UH thankyou))) (. .)))" mmax_level="parse" />
<markable id="markable_41" span="word_1165..word_1176" tag="(ROOT (SQ (MD Can) (NP (PRP you)) (VP (VB say) (NP (NP (NN something)) (PP (IN about) (NP (NP (DT the) (JJ third) (NN object)) (PP (IN in) (NP (NN case) (CD 18))))))) (. ?)))" mmax_level="parse" />
<markable id="markable_42" span="word_1177..word_1181" tag="(ROOT (S (NP (PRP It)) (VP (VBZ 's) (NP (DT a) (NN wristwatch))) (. .)))" mmax_level="parse" />
<markable id="markable_43" span="word_1182..word_1216" tag="(ROOT (S (NP (NNP LG:)) (DT This) (VP (VP (VBZ is) (VP (VBG signaling) (ADVP (RP up)) (NP (NP (DT a) (NN direction)) (SBAR (S (NP (PRP I)) (VP (MD would) (VP (VB like) (S (VP (TO to) (VP (VB go) (ADVP (RB in)) (PP (IN in) (NP (DT this) (NN gallery))))))))))))) (, ,) (CC but) (VP (VBP have) (RB n't) (VP (VBN done) (ADVP (RB very) (RB much)) (PP (IN on) (NP (RB yet))))) (, ,) (SBAR (WHNP (WDT which)) (S (VP (VBZ is) (NP (NP (DT the) (NN idea)) (PP (IN of) (NP (NP (NNS timepieces)) (PP (IN as) (NP (NN jewelry)))))))))) (. .)))" mmax_level="parse" />
<markable id="markable_44" span="word_1217..word_1252" tag="(ROOT (S (S (NP (PRP I)) (VP (VBP 'm) (RB not) (ADJP (JJ interested) (PP (IN in) (SBAR (WHADVP (WRB how)) (S (NP (DT the) (NNS watches)) (VP (VBP work)))))))) (: --) (S (NP (PRP I)) (VP (VBP 'm) (ADJP (JJ interested) (PP (IN in) (SBAR (WHADVP (WRB how)) (S (NP (NNS people)) (VP (MD can) (VP (VB wear) (NP (NP (VBZ watches)) (SBAR (WHNP (WDT which)) (S (VP (VBP are) (ADVP (RB also)) (NP (NNS jewels)))))))))))))) (: ;) (CC and) (S (NP (PRP I)) (VP (VBD found) (S (NP (PRP it)) (ADJP (RB enormously) (JJ difficult)) (S (VP (TO to) (VP (VB find) (NP (NP (NNS examples)) (PP (IN of) (NP (DT that)))))))))) (. .)))" mmax_level="parse" />
<markable id="markable_45" span="word_1253..word_1279" tag="(ROOT (S (S (NP (DT This)) (VP (VBD was) (NP (NP (DT the) (JJ first) (CD one)) (SBAR (S (NP (PRP I)) (VP (VBD found))))))) (: ;) (S (NP (PRP it)) (VP (VBZ is) (ADVP (RB actually)) (NP (NP (DT a) (NN production) (NN watch)) (PP (IN from) (NP (NP (DT a) (JJ German) (NN company)) (VP (VBN called) (S (NP (NP (NNP Becker) (NNP Design)) (, ,) (VP (VBN made) (PP (IN in) (NP (JJ precious) (NNS materials)))))))))))) (. .)))" mmax_level="parse" />
<markable id="markable_46" span="word_1280..word_1290" tag="(ROOT (SBARQ (WHNP (RB CM:) (WP What)) (SQ (VBZ is) (NP (PRP it)) (VP (PP (IN about) (NP (NP (VBZ watches)) (SBAR (WHNP (WDT which)) (S (VP (VBZ is) (ADJP (RB especially) (JJ interesting))))))))) (. ?)))" mmax_level="parse" />
<markable id="markable_47" span="word_1291..word_1311" tag="(ROOT (S (NP (NP (NNP LG:)) (SBAR (WHNP (WP What)) (S (NP (PRP it)) (VP (VBZ is) (VP (IN about) (S (VP (VBZ watches)))))))) (VP (VBZ is) (SBAR (IN that) (S (NP (PRP I)) (VP (VBP see) (S (NP (NNS people)) (VP (VBG wearing) (NP (ADJP (ADJP (JJ beautiful) (NN jewelry)) (, ,) (CC and) (ADJP (RB then) (RB very) (JJ functional))) (NNS watches)))))))) (. .)))" mmax_level="parse" />
<markable id="markable_48" span="word_1312..word_1331" tag="(ROOT (S (CC And) (NP (PRP I)) (ADVP (RB can't)) (VP (VBP understand) (SBAR (WHADVP (WRB why)) (S (NP (EX there)) (VP (VBZ is) (RB n't) (NP (NP (DT an) (NN interest)) (PP (IN in) (S (VP (VBG making) (NP (NP (DT a) (NN watch)) (ADJP (ADJP (RB as) (JJ beautiful)) (PP (IN as) (NP (DT a) (NN jewel))))))))))))) (. .)))" mmax_level="parse" />
<markable id="markable_49" span="word_1332..word_1372" tag="(ROOT (S (CC And) (S (: ...) (S (NP (DT this)) (VP (VBZ is) (NP (NP (CD one)) (SBAR (S (NP (PRP I)) (VP (VBN prepared) (ADVP (RB earlier)))))))) (: ...) (S (S (X (X (SYM [)) (NP (NP (NNS shows)) (JJ own) (NN wristwatch))) (X (SYM ])) (NP (EX there)) (VP (VBZ 's) (NP (NP (CD one)) (PP (IN like) (NP (PRP it)))) (PP (IN in) (NP (DT a) (NN case))))) (, ,) (CC but) (S (NP (PRP it)) (VP (VBZ 's) (NP (DT a) (JJ recent) (NNS additions) (NN case)))))) (, ,) (IN so) (S (NP (PRP I)) (VP (MD 'd) (ADVP (RB better)) (RB not) (VP (VB talk) (PP (IN about) (NP (DT that) (CD one)))))) (. .)))" mmax_level="parse" />
<markable id="markable_50" span="word_1373..word_1385" tag="(ROOT (FRAG (NP (NN Case) (CD 17)) (, ,) (NP (NNP Object) (CD 9)) (: :) (NP (NNP Shillitoe) (NN violin) (NNP JO:)) (INTJ (UH Okay)) (: --) (INTJ (UH thankyou)) (. .)))" mmax_level="parse" />
<markable id="markable_51" span="word_1386..word_1403" tag="(ROOT (SQ (MD Could) (NP (PRP you)) (VP (VB tell) (NP (PRP us)) (NP (NP (NN something)) (PP (IN about) (NP (NNP object) (CD 9) (, ,) (PP (IN in) (NP (NN case) (CD 17) (, ,) (ADVP (RB just)))) (PP (JJ next) (PP (TO to) (NP (PRP it)))))))) (. ?)))" mmax_level="parse" />
<markable id="markable_52" span="word_1404..word_1408" tag="(ROOT (SBARQ (WHADVP (WRB Why)) (SQ (VBZ is) (NP (DT that)) (NP (EX there)) (. ?))))" mmax_level="parse" />
<markable id="markable_53" span="word_1409..word_1414" tag="(ROOT (SBARQ (INTJ (UH LG:)) (WHADVP (WRB Why)) (SQ (VBZ is) (NP (DT that)) (NP (EX there))) (. ?)))" mmax_level="parse" />
<markable id="markable_54" span="word_1415..word_1512" tag="(ROOT (S (NP (DT That)) (VP (VBZ 's) (SBAR (ADVP (RB there)) (IN because) (S (S (NP (PRP I)) (VP (VBP 'm) (ADJP (RB quite) (JJ interested) (PP (IN in) (NP (NP (JJ refractory) (NNS metals)) (, ,) (SBAR (WHNP (WDT which)) (S (VP (VBP include) (NP (NP (NN titanium)) (, ,) (NP (NN niobium)) (, ,) (S (NP (NP (NN tantalum)) (PRN (: --) (S (NP (EX there)) (VP (VBZ 's) (NP (DT another) (NN example)) (PP (IN in) (NP (DT the) (JJ same) (NN case))) (FRAG (X (SYM [)) (VP (VB object) (NP (CD 2))) (X (SYM ])) (PP (IN of) (NP (NP (DT the) (NN use)) (PP (IN of) (NP (NN niobium)))))))) (: --)) (PP (IN by) (NP (DT the) (NN time) (NN number) (CD 9)))) (VP (VBD was) (VP (VBN made)))) (, ,) (SBAR (WHNP (WDT which)) (S (VP (VBD was) (NP (CD 1991)))))))))))))) (, ,) (S (NP (NP (DT the) (NN use)) (PP (IN of) (NP (NN titanium)))) (VP (VBD had) (ADVP (RB really)) (VP (VBN come) (ADVP (RB quite)) (NP (NP (DT a) (JJ long) (NN way)) (PP (IN from) (NP (NP (PRP$ its) (JJ early) (NNS beginnings)) (, ,) (SBAR (WHNP (WDT which)) (S (NP (PRP you)) (VP (MD can) (VP (VB see) (PP (IN in) (NP (DT another) (NN case))))))))))))) (: ;) (S (NP (DT this) (NN violin)) (VP (VBD was) (VP (VBN made) (PP (IN by) (NP (NP (NP (CD one)) (PP (IN of) (NP (NP (DT the) (JJS best) (NNS jewellers)) (VP (VBG working) (PP (IN in) (NP (DT this) (NN medium))))))) (, ,) (NP (NP (NNP Anne-Marie) (NNP Shillitoe)) (, ,) (SBAR (WHNP (WP who)) (S (VP (VBZ 's) (NP (DT an) (JJ Edinburgh) (NN jeweller)))))))))))))) (. .)))" mmax_level="parse" />
<markable id="markable_55" span="word_1513..word_1556" tag="(ROOT (S (CC And) (S (NP (PRP she)) (VP (VBZ 's) (VP (VBN got) (NP (ADJP (RB very) (JJ sophisticated)) (JJ colour) (NN control)) (ADVP (RB there)) (PRN (: --) (S (NP (PRP it)) (VP (VBZ 's) (NP (NP (DT a) (ADJP (RB very) (JJ painterly)) (NN sort)) (PP (IN of) (NP (NN piece)))))) (: --))))) (CC and) (S (ADVP (RB also)) (, ,) (NP (PRP I)) (VP (VBD was) (ADJP (RB really) (JJ interested) (PP (IN in) (NP (DT the) (NN fact) (SBAR (IN that) (S (NP (DT these)) (VP (VBD were) (VP (ADVP (RB actually)) (VBN commissioned) (PP (IN by) (NP (DT a) (JJ commercial) (NN firm))) (, ,) (PP (IN for) (NP (DT a) (JJ particular) (NN event)))))))))))) (. .)))" mmax_level="parse" />
<markable id="markable_56" span="word_1557..word_1582" tag="(ROOT (S (S (NP (PRP They)) (VP (VBD did) (RB n't) (ADVP (RB just)) (VP (VP (VB go) (ADVP (RB out))) (CC and) (VP (VB buy) (NP (NP (NN production) (NNS brooches)) (CC or) (NP (NN something))))))) (: ;) (S (NP (PRP they)) (ADVP (RB actually)) (VP (VBD commissioned) (S (NP (DT a) (NN craft) (NN jeweller)) (VP (TO to) (VP (VB make) (NP (NP (DT a) (NN series)) (PP (IN of) (NP (DT these))))))))) (. .)))" mmax_level="parse" />
<markable id="markable_57" span="word_1583..word_1603" tag="(ROOT (FRAG (NP (NN Case) (CD 19)) (, ,) (NP (NNP Object) (CD 1)) (: :) (NP (NNP Suffragette) (NN brooch) (NNP JO:)) (PRN (SINV (MD Could) (NP (PRP we)) (VP (ADVP (RB now)) (VB go) (PP (TO to) (NP (NN case) (NN number)))))) (NP (CD 19)) (, ,) (NP (NN object) (CD 1)) (. ?)))" mmax_level="parse" />
<markable id="markable_58" span="word_1604..word_1609" tag="(ROOT (S (NP (PRP It)) (VP (VBZ 's) (NP (DT the) (JJ suffragette) (NN brooch))) (. .)))" mmax_level="parse" />
<markable id="markable_59" span="word_1610..word_1617" tag="(ROOT (SQ (MD Could) (NP (PRP you)) (VP (VB tell) (NP (PRP us)) (NP (NP (NN something)) (PP (IN about) (NP (DT that))))) (. ?)))" mmax_level="parse" />
<markable id="markable_60" span="word_1618..word_1636" tag="(ROOT (S (S (NP (NNP LG:) (NNP Suffragette) (NNP jewelry)) (VP (VBZ is) (NP (NP (DT a) (NN subject)) (SBAR (WHNP (WDT which)) (S (NP (ADJP (RB very) (JJ few)) (NNS people)) (VP (VBP know) (PP (IN about)))))))) (CC and) (S (NP (PRP I)) (VP (VBP 'm) (NP (NP (CD one)) (PP (IN of) (NP (PRP them)))))) (. .)))" mmax_level="parse" />
<markable id="markable_61" span="word_1637..word_1642" tag="(ROOT (FRAG (X (SYM [)) (VP (VBZ Loud) (NP (NN laughter)) (PP (IN from) (NP (NN everyone)))) (. .)))" mmax_level="parse" />
<markable id="markable_62" span="word_1643..word_1651" tag="(ROOT (S (ADVP (NP (SYM ])) (IN So)) (NP (PRP you)) (VP (MD 'll) (VP (VB have) (S (VP (TO to) (VP (VB trust) (NP (PRP me))))))) (. .)))" mmax_level="parse" />
<markable id="markable_63" span="word_1652..word_1709" tag="(ROOT (S (NP (PRP I)) (VP (VBD discovered) (ADVP (RB quite) (RB fortuitously)) (SBAR (S (NP (EX there)) (VP (VBD was) (NP (NP (DT a) (NN class)) (PP (IN of) (NP (NN jewelry))) (SBAR (WHNP (WDT which)) (S (VP (VBD was) (ADJP (ADJP (JJ specific) (PP (PP (TO to) (NP (DT the) (NN suffragette) (NN movement))) (: ;) (CC and) (PP (IN in) (NP (NN fact))))) (SBAR (IN that) (S (NP (NP (JJ particular) (NN brooch)) (CC and) (NP (NP (JJS most)) (PP (IN of) (NP (DT the) (NN jewelry) (SBAR (IN that) (S (NP (PRP you)) (VP (VBP see)))))))) (VP (VBZ is) (ADJP (ADJP (ADVP (RB not) (RB just)) (JJ specific)) (PP (PP (TO to) (NP (DT the) (NN suffragette) (NN movement))) (, ,) (CC but) (PP (TO to) (NP (NP (CD one) (JJ particular) (NN suffragist) (NN group)) (, ,) (SBAR (WHNP (WDT which)) (S (VP (VBZ is) (NP (NP (DT the) (NNP Women) (POS 's)) (ADJP (JJ social) (CC and) (JJ political)) (NN movement))))))))))))))))))))) (. .)))" mmax_level="parse" />
<markable id="markable_64" span="word_1710..word_1719" tag="(ROOT (S (CC And) (NP (DT the) (NN reason)) (NP (PRP I)) (VP (VBP know) (SBAR (S (NP (DT that)) (VP (VBZ is) (NP (DT the) (NNS colours)))))) (. .)))" mmax_level="parse" />
<markable id="markable_65" span="word_1720..word_1787" tag="(ROOT (S (S (S (NP (NP (DT The) (NNS colours)) (PP (IN of) (NP (DT the) (NNP WSPU)))) (VP (VBD were) (ADJP (JJ purple) (, ,) (JJ white) (CC and) (JJ green)))) (: --) (CC and) (S (NP (NP (DT the) (NNS members)) (PP (IN of) (NP (DT that) (NN union)))) (VP (VBD had) (NP (NP (ADVP (RB not) (RB just)) (NN jewelry)) (PP (IN in) (NP (DT the) (NNS colours))))))) (, ,) (S (NP (PRP they)) (VP (VBD had) (NP (NP (NN costume)) (PP (IN in) (NP (DT the) (NNS colours)))))) (, ,) (S (NP (PRP they)) (VP (VBD had) (VP (VBN sliced) (NP (NP (NN bread)) (VP (VBN wrapped) (PP (IN in) (NP (DT the) (NNS colours)))))))) (, ,) (S (NP (PRP they)) (VP (VBD had) (NP (NP (NNS teacups)) (VP (VBN painted) (PP (IN in) (NP (DT the) (NNS colours))))))) (: --) (S (NP (EX there)) (VP (VBD was) (NP (NP (DT a) (JJ whole) (NN industry)) (VP (VBN devoted) (PP (TO to) (S (VP (VBG promoting) (NP (NP (DT the) (NN suffragette) (NN movement)) (PP (IN through) (NP (NP (DT the) (NN use)) (PP (IN of) (NP (PRP$ its) (NNS colours))))))))))))) (. .)))" mmax_level="parse" />
<markable id="markable_66" span="word_1788..word_1826" tag="(ROOT (S (S (NP (DT That)) (VP (VBZ is) (NP (NP (DT a) (ADJP (RB mass) (VBN produced)) (NN brooch)) (PRN (, ,) (ADVP (RB probably)) (VP (VBN made) (PP (IN in) (NP (NNP Birmingham)))) (: --) (S (NP (PRP I)) (VP (VBP do) (RB n't) (VP (VB think) (SBAR (IN that) (S (NP (PRP one)) (VP (VBZ 's) (VP (VBN marked)))))))) (: --)) (VP (ADVP (RB probably)) (VBN made) (PP (IN in) (NP (NNP Birmingham))))))) (, ,) (CC and) (S (NP (PRP it)) (VP (MD would) (VP (VB have) (VP (VBN been) (VP (VBN produced) (PP (IN in) (NP (PRP$ its) (NNS hundreds))) (SBAR (IN if) (FRAG (RB not) (NP (NNS thousands))))))))) (. .)))" mmax_level="parse" />
<markable id="markable_67" span="word_1827..word_1844" tag="(ROOT (S (CC But) (NP (PRP they)) (VP (VBP are) (RB not) (VP (VBN recognised) (NP (NN today)) (, ,) (SBAR (IN because) (S (NP (ADJP (RB very) (JJ few)) (NNS people)) (VP (VBP know) (NP (NP (DT the) (NN significance)) (PP (IN of) (NP (DT the) (NNS colours))))))))) (. .)))" mmax_level="parse" />
<markable id="markable_68" span="word_1845..word_1846" tag="(ROOT (NP (NNP JO:) (NNP Hmm.)))" mmax_level="parse" />
<markable id="markable_69" span="word_1847..word_1859" tag="(ROOT (FRAG (ADVP (RB CM:)) (SBAR (IN So) (S (NP (NP (DT the) (NN point)) (PP (IN of) (NP (DT that)))) (VP (VBD was) (PP (IN as) (NP (NP (NN advertising)) (PP (IN of) (NP (DT the) (NN movement)))))))) (. ?)))" mmax_level="parse" />
<markable id="markable_70" span="word_1860..word_1878" tag="(ROOT (FRAG (INTJ (UH LG:) (UH Yes)) (, ,) (CC and) (SBAR (IN if) (S (NP (PRP you)) (VP (VBD 'd) (VP (VBN worn) (SBAR (IN that) (S (PP (IN in) (NP (CD 1910))) (, ,) (NP (PRP you)) (VP (MD 'd) (ADVP (RB probably)) (VP (VB have) (VP (VBN got) (VP (VBN lynched))))))))))) (. !)))" mmax_level="parse" />
<markable id="markable_71" span="word_1879..word_1886" tag="(ROOT (S (NP (NN Everybody)) (VP (VBD knew) (SBAR (WHNP (WP what)) (S (NP (DT that)) (VP (VBD meant) (PP (IN in) (NP (CD 1910))))))) (. .)))" mmax_level="parse" />
<markable id="markable_72" span="word_1887..word_1895" tag="(ROOT (S (PP (IN In) (NP (CD 1995))) (, ,) (NP (NP (QP (IN about) (CD 3))) (PP (IN of) (NP (PRP us)))) (VP (VBP do)) (. !)))" mmax_level="parse" />
<markable id="markable_73" span="word_1896..word_1900" tag="(ROOT (FRAG (ADVP (RB Actually)) (, ,) (NP (NP (CD 4)) (ADVP (RB now))) (. !)))" mmax_level="parse" />
<markable id="markable_74" span="word_1901..word_1912" tag="(ROOT (SQ (SBAR (IN AK:) (S (NP (PRP It)) (VP (VBD was) (RB n't) (PP (IN like) (NP (NP (DT a) (NN freemason) (POS 's)) (NN handshake)))))) (, ,) (ADVP (RB then)) (. ?)))" mmax_level="parse" />
<markable id="markable_75" span="word_1913..word_1920" tag="(ROOT (S (S (NP (NNP LG:)) (NP (INTJ (UH No)))) (: ;) (S (NP (PRP it)) (VP (VBD was) (VP (VBN worn) (ADVP (RB overtly))))) (. .)))" mmax_level="parse" />
<markable id="markable_76" span="word_1921..word_1925" tag="(ROOT (FRAG (PP (IN As) (NP (DT a) (JJ political) (NN statement))) (. .)))" mmax_level="parse" />
<markable id="markable_77" span="word_1926..word_1956" tag="(ROOT (S (S (NP (PRP It)) (VP (VBZ 's) (PP (IN like) (S (VP (VBG going) (PRT (RP out)) (PP (IN with) (NP (DT a) (NNP CND) (NN badge)))))))) (: --) (S (PP (IN in) (NP (NN fact))) (, ,) (SBAR (WHADVP (WRB when)) (S (NP (PRP I)) (VP (VBP do) (NP (NP (DT a) (NN lecture)) (PP (IN on) (NP (JJ suffragette) (NN jewelry))))))) (, ,) (NP (PRP I)) (ADVP (RB always)) (VP (VBP start) (PRT (RP off)) (PP (IN with) (NP (DT the) (NNP CND) (NN sign))))) (. .)))" mmax_level="parse" />
<markable id="markable_78" span="word_1957..word_1976" tag="(ROOT (FRAG (NP (NN Case) (CD 5)) (, ,) (NP (NNP Object) (CD 6)) (: :) (NP (NP (NNP Costume) (NN jewelry) (NNS buttons)) (CC and) (NP (NN dress) (NN clip) (NNP JO:) (NNP JO))) (: :) (S (NP (DT That)) (VP (VBZ 's) (ADJP (RB quite) (JJ interesting)))) (. .)))" mmax_level="parse" />
<markable id="markable_79" span="word_1977..word_2010" tag="(ROOT (SQ (SQ (MD Can) (NP (PRP we)) (ADVP (RB now)) (VP (VB look) (PP (IN at) (NP (NP (NN case) (NN number)) (NP (CD 5)) (: --))))) (SQ (MD can) (NP (PRP you)) (VP (VB tell) (NP (PRP us)) (PP (IN about)))) (VP (VB object) (SBAR (S (NP (NP (NN number) (CD 6)) (, ,) (SBAR (WHNP (WDT which)) (S (VP (VBZ is) (NP (NP (DT this) (NN group)) (PP (IN of) (NP (NNS objects)))))))) (: ...) (VP (VB LG:) (NP (NP (DT The) (CD two) (NNS buttons)) (CC and) (NP (DT a) (NN dress) (NN clip))))))) (. .)))" mmax_level="parse" />
<markable id="markable_80" span="word_2011..word_2021" tag="(ROOT (S (NP (NP (DT This) (JJ particular) (NN case)) (PP (IN of) (NP (NN jewelry)))) (VP (VBZ is) (ADVP (RB almost) (RB exclusively)) (NP (VBG costume) (NN jewelry))) (. .)))" mmax_level="parse" />
<markable id="markable_81" span="word_2022..word_2036" tag="(ROOT (S (CC And) (SBAR (WHNP (WP what)) (S (NP (PRP I)) (VP (VBP 'm) (VP (VBN interested) (PRT (RP in)))))) (VP (VBZ is) (NP (NP (DT the) (NN development)) (PP (IN of) (NP (NNS plastics)))) (PP (IN at) (NP (DT this) (NN period)))) (. .)))" mmax_level="parse" />
<markable id="markable_82" span="word_2037..word_2087" tag="(ROOT (S (NP (DT These)) (VP (VBP are) (NP (NP (NP (NP (CD three) (ADJP (RB very) (JJ nice)) (NNS examples)) (PP (IN of) (NP (NP (NNS 1930s) (NN plastic)) (, ,) (CC and) (NP (NP (DT the) (NN use)) (SBAR (WHNP (WDT that)) (S (VP (VBD was) (VP (VBN made) (PP (IN of) (NP (PRP it))))))))))) (PRN (: --) (INTJ (DT that) (VBZ is)) (, ,) (NP (DT the) (JJ particular) (NNS shapes)) (, ,) (NP (DT the) (JJ particular) (NNS colours)) (: --))) (CC and) (NP (NP (CD one) (JJ particular) (NN type)) (PP (IN of) (S (VP (VB object) (SBAR (WHNP (IN that)) (S (NP (PRP you)) (ADVP (RB really)) (VP (VBP do) (RB n't) (VP (VB see) (ADVP (DT any) (JJR more))))))))) (, ,) (SBAR (WHNP (WDT which)) (S (VP (VBZ is) (NP (DT the) (NN dress) (NN clip)))))))) (. .)))" mmax_level="parse" />
<markable id="markable_83" span="word_2088..word_2108" tag="(ROOT (S (PP (IN In) (NP (NN fact))) (, ,) (NP (DT those)) (VP (VBD were) (ADVP (RB normally)) (ADJP (JJ worn) (PP (IN in) (NP (NNS pairs)))) (, ,) (PP (IN at) (NP (DT either) (NN shoulder))) (, ,) (PP (IN on) (NP (NP (DT the) (NN neckline)) (PP (IN of) (NP (DT a) (NN dress)))))) (. .)))" mmax_level="parse" />
<markable id="markable_84" span="word_2109..word_2117" tag="(ROOT (SBARQ (WHNP (JJ JO:)) (SQ (MD Could) (NP (PRP you)) (VP (VB say) (ADVP (ADVP (RBR more)) (PP (IN about) (NP (DT those) (NNS objects)))))) (. ?)))" mmax_level="parse" />
<markable id="markable_85" span="word_2118..word_2190" tag="(ROOT (S (S (SBAR (IN LG:) (S (S (NP (PRP They)) (VP (VBP 're) (ADVP (RB actually)) (VP (ADVP (RB quite) (RB beautifully)) (VBN made)))) (: ;) (S (NP (PRP they)) (VP (VBP feel) (ADJP (JJ lovely)) (SBAR (WHADVP (WRB when)) (S (NP (PRP you)) (VP (VBP handle) (NP (PRP them))))))) (: ;) (S (NP (PRP they)) (VP (VBP do) (RB n't) (VP (VB have) (NP (NP (DT any)) (PP (IN of) (NP (NP (DT the) (NN feel)) (SBAR (WHNP (IN that)) (S (NP (NNS people)) (VP (VBP associate) (PP (IN with) (NP (NP (DT the) (NN word)) (`` `) (NP (NN plastic))))))))))))) (&quot; ') (: ;) (S (NP (PRP they)) (VP (VBP feel) (PP (IN like) (NP (NP (NN quality) (NNS objects)) (, ,) (CC and) (NP (NP (DT the) (NN reason)) (SBAR (IN for) (S (NP (DT that)) (VP (VBD was))))))))))) (, ,) (NP (DT that) (NN plastic)) (VP (VBD was) (NP (DT an) (ADJP (RB immensely) (JJ exciting)) (NN material)) (PP (IN at) (NP (DT that) (NN time))))) (, ,) (CC and) (S (NP (PRP it)) (VP (VBD was) (VP (VBN treated) (PP (IN as) (NP (DT an) (NN art) (NN material))) (, ,) (PP (RB not) (IN as) (NP (DT a) (JJ throw-away) (NN material)))))) (. .)))" mmax_level="parse" />
<markable id="markable_86" span="word_2191..word_2201" tag="(ROOT (NP (NP (NNP CM:) (NNP Sorry)) (, ,) (SBARQ (WHNP (WP what)) (SQ (VBP do) (NP (PRP you)) (VP (VB mean) (PP (IN by) (NP (JJ costume) (NN jewelry))))) (. ?))))" mmax_level="parse" />
<markable id="markable_87" span="word_2202..word_2238" tag="(ROOT (S (S (NP (NP (NNP LG:)) (SBAR (WHNP (WP What)) (S (NP (PRP I)) (VP (VB mean) (PP (IN by) (NP (JJ costume) (NN jewelry))))))) (VP (VBZ is) (NP (NP (JJ mass-produced) (NN jewelry)) (, ,) (VP (VBN produced) (PP (IN in) (NP (NP (JJ large) (NNS quantities)) (, ,) (ADVP (RB usually) (RB intrinsically)) (NP (NP (JJ low-value) (NN material)) (, ,) (ADVP (RB typically)) (NP (NN glass) (CC or) (NNS plastics))))))))) (: ;) (CC but) (ADVP (RB also)) (S (NP (NP (DT a) (NN lot)) (PP (IN of) (NP (NN silver) (NN jewelry)))) (VP (VBZ is) (NP (JJ costume) (NN jewelry)))) (. .)))" mmax_level="parse" />
<markable id="markable_88" span="word_2239..word_2259" tag="(ROOT (S (CC And) (NP (EX there)) (VP (VBZ 's) (ADVP (RB quite)) (NP (NP (DT a) (NN lot)) (PP (IN of) (NP (NP (JJ costume) (NN jewelry)) (PP (IN on) (NP (DT this) (NN gallery))))) (: ;) (PP (IN in) (NP (NN particular))) (PP (IN in) (NP (DT the) (NNP Miss) (NNP Crowford) (NNS cases))))) (. .)))" mmax_level="parse" />
<markable id="markable_89" span="word_2260..word_2282" tag="(ROOT (FRAG (NP (NN Case) (CD 5)) (, ,) (NP (NNP Object) (CD 13)) (: :) (NP (NN flower) (NN brooch) (NNP JO:) (NNP Could)) (PRN (S (NP (PRP you)) (VP (VBP say)))) (NP (NN something)) (IN about) (VP (VBP object) (NP (CD 13)) (PP (IN in) (NP (DT this) (NN case)))) (, ,) (NP (NN number) (CD 5)) (. ?)))" mmax_level="parse" />
<markable id="markable_90" span="word_2283..word_2326" tag="(ROOT (S (ADVP (NNP LG:)) (NP (PRP You)) (VP (MD could) (VP (VB substitute) (NP (NP (DT the) (NN word) (`` `) (JJ costume) (NN jewelry) (&quot; ') (PRN (, ,) (S (NP (PRP I)) (VP (VBP suppose))) (, ,) (PP (IN for) (NP (`` `) (JJ popular) (NN jewelry))) (&quot; ') (: --))) (SBAR (WHNP (WDT that)) (S (VP (VBZ 's) (NP (NP (DT the) (NN sort)) (PP (IN of) (NP (NN jewelry) (SBAR (IN that) (S (NP (PRP you)) (VP (MD might) (VP (VP (VBP associate) (PP (IN with) (NP (PRP$ your) (NN granny)))) (, ,) (CC or) (: --) (VP (VBN pinned))))))))))))) (PP (TO to) (NP (NP (DT the) (NN collar)) (PP (IN of) (NP (DT a) (NN coat))))))) (. .)))" mmax_level="parse" />
<markable id="markable_91" span="word_2327..word_2337" tag="(ROOT (S (NP (PRP It)) (VP (VBZ 's) (NP (NP (DT the) (NN sort)) (PP (IN of) (NP (NN thing))) (SBAR (IN that) (S (NP (NN everybody)) (VP (VBZ has) (VP (VBN seen))))))) (. .)))" mmax_level="parse" />
<markable id="markable_92" span="word_2338..word_2362" tag="(ROOT (FRAG (CC But) (, ,) (PP (IN at) (NP (DT the) (NN time))) (: ...) (S (NP (DT The) (NN colour)) (, ,) (PP (IN for) (NP (NN instance))) (, ,) (VP (VBZ is) (ADJP (RB absolutely) (JJ redolent) (PP (IN of) (NP (PRP$ its) (NN period)))))) (: ;) (NP (DT the) (NN shape)) (, ,) (NP (DT the) (NNS forms)) (. .)))" mmax_level="parse" />
<markable id="markable_93" span="word_2363..word_2371" tag="(ROOT (S (NP (PRP It)) (VP (VBZ 's) (SBAR (WHNP (WP what)) (S (NP (NNS people)) (, ,) (ADVP (RB really)) (, ,) (VP (VBD wore))))) (. .)))" mmax_level="parse" />
<markable id="markable_94" span="word_2372..word_2394" tag="(ROOT (FRAG (NP (NN Case) (CD 3)) (, ,) (NP (NNP Object) (CD 1)) (: :) (NP (NNP Jessie) (NNP King) (NNP necklace) (NNP JO:) (SQ (MD Could) (NP (PRP we)) (ADVP (RB now)) (VP (VB look) (PP (IN at) (NP (NP (DT the) (JJ first) (NN object)) (PP (IN in) (NP (NN case) (NN number))))) (NP (CD 3))) (. ?)))))" mmax_level="parse" />
<markable id="markable_95" span="word_2395..word_2397" tag="(ROOT (FRAG (NP (DT This) (CD one)) (. ?)))" mmax_level="parse" />
<markable id="markable_96" span="word_2398..word_2404" tag="(ROOT (FRAG (PP (IN LG:) (NP (WP What))) (, ,) (NP (DT the) (NNP Jessie) (NNP King)) (. ?)))" mmax_level="parse" />
<markable id="markable_97" span="word_2405..word_2406" tag="(ROOT (NP (FW Yea) (. .)))" mmax_level="parse" />
<markable id="markable_98" span="word_2407..word_2451" tag="(ROOT (S (NP (DT This)) (VP (VBZ is) (NP (NP (CD one)) (PP (IN of) (NP (NP (DT the) (NNS necklaces)) (PP (IN in) (NP (DT this) (NN case))) (SBAR (WHNP (WHNP (WDT which)) (S (VP (VBD was) (VP (VBN made) (PP (IN for) (NP (NNP Liberty) (CC &amp;amp;) (NNP Co.))))))) (S (NP (NNP Liberty)) (VP (VBP are) (NP (NP (NP (DT a) (NN company)) (VP (VBN based) (PP (IN in) (NP (NNP London))))) (, ,) (PP (IN in) (NP (NP (NNP Regent) (NNP St)) (, ,) (SBAR (WHNP (WP who)) (S (VP (VBD were) (ADVP (RB really)) (PP (IN at) (NP (NP (DT the) (NN interface)) (PP (IN between) (NP (NP (JJ mass-produced) (NN jewelry)) (CC and) (`` `) (NP (VB craft) (&quot; ') (NN jewelry))))))))))) (: ;) (NP (NNS one-offs)))))))))) (. .)))" mmax_level="parse" />
<markable id="markable_99" span="word_2452..word_2480" tag="(ROOT (S (NP (PRP They)) (VP (VBD used) (NP (DT the) (ADJP (RB very) (JJS best)) (NNS designers)) (S (VP (TO to) (VP (VP (VB design) (NP (NNS jewels)) (PP (IN for) (NP (PRP them)))) (, ,) (SBAR (WHNP (WDT which)) (S (VP (VBD were) (ADVP (RB then)) (VP (VBN produced) (PP (PP (IN in) (NP (ADJP (RB fairly) (JJ limited)) (NN quantity))) (, ,) (CC but) (PP (IN in) (NP (NN quantity))) (CONJP (RB rather) (IN than)) (PP (IN as) (NP (NNS one-offs)))))))))))) (. .)))" mmax_level="parse" />
<markable id="markable_100" span="word_2481..word_2523" tag="(ROOT (S (CC And) (S (NP (NNP Jessie) (NNP King)) (VP (VBD was) (NP (NP (CD one)) (PP (IN of) (NP (PRP$ their) (JJS best) (NNS designers)))))) (: --) (S (S (ADVP (RB incidentally)) (, ,) (NP (PRP$ their) (NNS designers)) (VP (VBD were) (VP (ADVP (RB never)) (VBN credited) (, ,) (SBAR (IN so) (S (NP (PRP it)) (VP (VBD was) (RB n't) (VP (VBN sold) (PP (IN as) (`` `) (NP (DT a) (NAC (NAC (NNP Jessie) (NNP King) (, ,)) (PP (IN for) (NP (NNP Liberty)))) (&quot; ') (NN necklace)))))))))) (: ;) (S (NP (PRP it)) (VP (VBD was) (VP (ADVP (RB simply)) (VBN sold) (PP (IN as) (NP (DT a) (NNP Liberty) (NN necklace))))))) (. .)))" mmax_level="parse" />
<markable id="markable_101" span="word_2524..word_2540" tag="(ROOT (S (CC But) (S (NP (DT the) (NN design) (NNS books)) (VP (VBP survive))) (, ,) (CC and) (S (NP (PRP we)) (VP (VBP have) (NP (NP (DT a) (ADJP (RB pretty) (JJ good)) (NN idea)) (SBAR (WHNP (WP who)) (S (VP (VBD designed) (NP (WP what)))))))) (. .)))" mmax_level="parse" />
<markable id="markable_102" span="word_2541..word_2573" tag="(ROOT (S (S (NP (NNP Jessie) (NNP King)) (VP (VBD was) (ADJP (JJ Scottish)))) (: --) (S (NP (PRP she)) (VP (VBD was) (RB not) (NP (RB just) (DT a) (NN jewelry) (NN designer)))) (, ,) (CC but) (S (NP (PRP she)) (VP (VBD was) (ADVP (RB also)) (NP (DT an) (NN illustrator)))) (: ;) (CC and) (S (NP (PRP she)) (VP (VBD did) (ADVP (RB quite)) (NP (NP (DT a) (NN lot)) (PP (IN of) (NP (NP (JJ different) (NNS types)) (PP (IN of) (NP (JJ creative) (NN work)))))))) (. .)))" mmax_level="parse" />
<markable id="markable_103" span="word_2574..word_2580" tag="(ROOT (S (NP (NN jewelry)) (VP (VBZ 's) (ADVP (RB just)) (NP (NP (NN part)) (PP (IN of) (NP (PRP it))))) (. .)))" mmax_level="parse" />
<markable id="markable_104" span="word_2581..word_2621" tag="(ROOT (S (S (NP (EX There)) (VP (VBZ is) (: --) (S (VP (TO to) (VP (VB link) (NP (PRP it)) (PP (IN with) (NP (NP (JJ other) (NNS objects)) (PP (IN in) (NP (DT this) (NN case)))))))))) (: --) (S (NP (EX there)) (VP (VBP are) (ADVP (RB actually)) (NP (NP (CD four) (NNP Jessie) (NNP King) (NNS pieces)) (PP (IN in) (NP (DT this) (NN case)))))) (: ;) (S (NP (NP (CD three)) (PP (IN of) (NP (PRP them)))) (VP (VBP are) (NP (NP (NNS necklaces)) (VP (VBN designed) (PP (IN for) (NP (NNP Liberty))))))) (, ,) (CC and) (S (NP (DT the) (JJ fourth)) (VP (VBZ is) (NP (DT a) (JJ waist) (NN buckle)))) (. .)))" mmax_level="parse" />
<markable id="markable_105" span="word_2622..word_2632" tag="(ROOT (SBARQ (INTJ (UH CM:)) (WHADVP (RB So) (WRB why)) (SQ (VBP have) (NP (PRP you)) (VP (VBD included) (NP (DT these) (NNP Jessie) (NNP King) (NNS objects)))) (. ?)))" mmax_level="parse" />
<markable id="markable_106" span="word_2633..word_2687" tag="(ROOT (S (S (ADVP (NNP LG:)) (NP (PRP I)) (VP (VBP 've) (VP (VBN included) (NP (PRP them)) (SBAR (ADVP (RB partly)) (IN because) (S (NP (PRP they)) (VP (VBP 're) (ADJP (JJ Scottish)))))))) (: ;) (FRAG (ADVP (RB partly)) (SBAR (IN because) (S (NP (DT the) (NNP Liberty) (NN phenomenon)) (VP (VBZ is) (NP (DT an) (JJ interesting) (CD one))))) (PRN (-LRB- -LRB-) (NP (NP (DT this) (NN idea)) (PP (IN of) (NP (NP (VB craft) (NN jewelry)) (SBAR (WHNP (WDT which)) (S (VP (VBZ is) (RB n't) (ADVP (RB quite)) (VP (VB craft) (NP (NN jewelry))))))))) (-RRB- -RRB-)) (: ;) (SBAR (ADVP (RB partly)) (IN because) (S (NP (PRP they)) (VP (VBP 're) (ADVP (RB very) (RB much)) (PP (IN of) (NP (NP (DT that) (ADJP (RB almost) (JJ Bohemiam)) (NN style)) (SBAR (WHNP (WDT which)) (S (VP (VBD was) (ADJP (JJ popular)) (PP (IN amongst) (NP (JJ certain) (NNS classes))) (PP (IN at) (NP (DT that) (NN time)))))))))))) (. .)))" mmax_level="parse" />
<markable id="markable_107" span="word_2688..word_2708" tag="(ROOT (S (CC And) (NP (PRP I)) (VP (VBP think) (SBAR (IN that) (S (NP (NP (DT the) (CD four) (NNS pieces)) (ADVP (RB here))) (ADVP (RB actually)) (VP (VBP show) (NP (NP (CD four) (ADJP (RB quite) (JJ distinct)) (NNS aspects)) (PP (IN of) (NP (NP (NNP Jessie) (NNP King) (POS 's)) (NN jewelry) (NN work)))))))) (. .)))" mmax_level="parse" />
<markable id="markable_108" span="word_2709..word_2749" tag="(ROOT (FRAG (PP (IN For) (NP (NN instance))) (, ,) (NP (NN number) (CD 3)) (: :) (NP (NP (DT the) (ADJP (RB very) (JJ strong)) (JJ blue) (NN enamel) (NN colour)) (, ,) (CC and) (NP (DT the) (JJ cloud) (NNS forms))) (: ;) (NP (NP (DT the) (NNS festoons)) (PP (IN on) (NP (NN number) (CD 1)))) (, ,) (SBAR (IN that) (S (NP (NP (RB very) (JJ feminine) (NN style)) (PP (IN of) (NP (NN jewelry))) (, ,) (SBAR (WHNP (WDT that)) (S (VP (VBZ 's) (ADJP (JJ beautiful) (NN work)))))) (: ...) (VP (VBP AK:) (SBAR (WHNP (WP What)) (S (VP (VBP are) (NP (NNS festoons)))))))) (. ?)))" mmax_level="parse" />
<markable id="markable_109" span="word_2750..word_2759" tag="(ROOT (S (NP (NNP LG:) (NNP Festoons)) (VP (VBP are) (NP (NP (DT the) (VBG hanging) (NNS chains)) (, ,) (NP (DT the) (NNS loops)))) (. .)))" mmax_level="parse" />
<markable id="markable_110" span="word_2760..word_2845" tag="(ROOT (S (CC And) (NP (NN number) (CD 2)) (, ,) (NP (NP (DT the) (ADJP (RB very) (JJ subtle)) (NNS colourings)) (PRN (, ,) (CC but) (S (S (ADVP (RB again)) (, ,) (NP (PRP it)) (VP (VBZ 's) (NP (NP (DT a) (NN piece)) (SBAR (WHNP (WDT which)) (S (VP (VBZ looks) (ADJP (JJ lovely)) (SBAR (WHADVP (WRB when)) (S (NP (PRP you)) (VP (VBP wear) (NP (PRP it))))))))))) (: ;) (S (NP (NP (DT the) (NN designer)) (PP (IN of) (NP (DT that) (NN piece)))) (VP (VBZ has) (ADVP (RB really)) (VP (VBN thought) (PP (IN about) (SBAR (WHADVP (WRB how)) (S (NP (PRP it)) (VP (VBZ 's) (VP (VBG going) (S (VP (TO to) (VP (VB look))))))))) (, ,) (PP (IN on) (NP (NP (DT a) (NN skin)) (PRN (: --) (CC and) (PP (TO to) (NP (PRP me)))) (SBAR (WHNP (WDT that)) (S (VP (VBZ 's) (ADVP (RB very) (RB much)) (NP (NP (DT a) (JJ feminine) (NN style)) (PP (IN of) (NP (NN jewelry)))))))))))) (: ...) (S (NP (PRP I)) (VP (VBP 'm) (ADJP (JJ interested) (PP (IN in) (NP (NP (NNS women) (NNS jewellers)) (, ,) (SBAR (WHNP (WDT that)) (S (VP (VBZ 's) (NP (DT another))))))))))) (: --))) (VP (VBP JO:) (SBAR (S (NP (DT That)) (VP (VBZ 's) (NP (NP (NN something)) (SBAR (S (NP (PRP we)) (VP (MD might) (VP (VB like) (S (VP (TO to) (VP (VB come) (ADVP (RB back) (PP (TO to) (SBAR (IN once) (S (NP (PRP we)) (VP (VBP 've) (VP (VBN finished) (NP (DT this) (NN tour)))))))))))))))))))) (. .)))" mmax_level="parse" />
<markable id="markable_111" span="word_2846..word_2850" tag="(ROOT (FRAG (NP (NN Case) (CD 20)) (, ,) (NP (NNP Object)) (. ?)))" mmax_level="parse" />
<markable id="markable_112" span="word_2851" tag="(FRAG (X ?))" mmax_level="parse" />
<markable id="markable_113" span="word_2852..word_2870" tag="(ROOT (S (: :) (SBAR (IN Pair) (S (PP (IN of) (NP (NNS crucifixes) (NNP JO:) (NNP Could))) (NP (PRP we)) (VP (VB go) (PRT (RP over)) (PP (TO to) (NP (NN case) (NN number)))))) (NP (CD 20)) (, ,) (NP (DT this)) (VP (VBZ is) (NP (NNP Miss) (NNP Crowford))) (. .)))" mmax_level="parse" />
<markable id="markable_114" span="word_2871..word_2901" tag="(ROOT (S (S (SBAR (WHNP (WP What)) (S (NP (PRP we)) (VP (VBP 're) (VP (VBG going) (S (VP (TO to) (VP (VB do)))))))) (VP (VBZ is) (VP (VB ask) (NP (PRP you)) (S (VP (TO to) (VP (VB talk) (PP (IN about) (NP (NP (CD one) (JJ particular) (CD one)) (ADJP (JJ first) (PP (IN of) (NP (DT all)))))))))))) (, ,) (CC but) (S (NP (PRP you)) (VP (MD can) (VP (VB talk) (PP (IN about) (NP (NP (NN anything) (RB else)) (SBAR (S (NP (PRP you)) (VP (VBP like)))))) (PP (IN after) (NP (DT that)))))) (. .)))" mmax_level="parse" />
<markable id="markable_115" span="word_2902..word_2932" tag="(ROOT (FRAG (RB Perhaps) (RB not) (NP (DT a) (ADJP (RB completely) (JJ representative)) (NN piece)) (PRN (: --) (S (NP (EX there)) (VP (VBP are) (NP (NP (CD two) (NNS crucifixes)) (, ,) (PP (IN towards) (NP (NP (DT the) (NN centre)) (PP (IN of) (NP (DT the) (NN case)))))))) (: --)) (S (NP (PRP I)) (VP (VBP wonder) (SBAR (IN if) (S (NP (PRP you)) (VP (MD 'd) (VP (VB like) (S (VP (TO to) (VP (VB tell) (NP (PRP us)) (PP (IN about) (NP (DT those)))))))))))) (. ?)))" mmax_level="parse" />
<markable id="markable_116" span="word_2933..word_2954" tag="(ROOT (S (S (NP (NNP LG:) (NNP Yea)) (PRN (: --) (S (NP (DT these) (NNS ones)) (VP (VBP are) (ADJP (JJ paste)))) (: --)) (PP (IN in) (NP (JJ other) (NNS words))) (, ,) (NP (PRP they)) (VP (VBP 're) (RB not) (NP (JJ precious) (NNS stones)))) (, ,) (S (NP (PRP they)) (VP (VBP 're) (NP (NN glass)))) (. .)))" mmax_level="parse" />
<markable id="markable_117" span="word_2955..word_2973" tag="(ROOT (S (CC And) (S (NP (PRP you)) (VP (MD 'll) (VP (VB see) (PRN (, ,) (SBAR (IN if) (S (NP (PRP you)) (VP (VBP look)))) (, ,)) (SBAR (IN that) (S (NP (PRP they)) (VP (VBP 're) (VP (VBN grouped)))))))) (: ...) (RB no) (S (NP (PRP they)) (VP (VBP 're) (RB not))) (. !)))" mmax_level="parse" />
<markable id="markable_118" span="word_2974..word_2995" tag="(ROOT (S (: ...) (S (NP (DT this)) (VP (VBD was) (VP (VBN supposed) (S (VP (TO to) (VP (VB be) (NP (NP (NN part)) (PP (IN of) (NP (NP (DT a) (NN group)) (PP (IN of) (NP (JJ religious) (NNS jewels)))))))))))) (, ,) (CC but) (S (NP (PRP we)) (VP (VBP seem) (S (VP (TO to) (VP (VB have) (VP (VBN lost) (NP (PRP them)))))))) (. .)))" mmax_level="parse" />
<markable id="markable_119" span="word_2996..word_3005" tag="(ROOT (S (INTJ (UH No)) (, ,) (S (ADJP (JJ okay))) (: ;) (S (NP (PRP we)) (VP (MD 'll) (VP (VB skip) (NP (DT that) (NN bit))))) (. .)))" mmax_level="parse" />
<markable id="markable_120" span="word_3006..word_3011" tag="(ROOT (S (NP (NNP Miss) (NNP Crowford)) (VP (VBD collected) (PP (IN in) (NP (NNS themes)))) (. .)))" mmax_level="parse" />
<markable id="markable_121" span="word_3012..word_3028" tag="(ROOT (S (CC And) (NP (DT the) (JJ whole) (NN case)) (VP (VBZ is) (VP (VBN intended) (S (VP (TO to) (VP (VB give) (NP (NP (DT a) (NN taste)) (PP (IN of) (NP (NP (DT the) (NN way)) (SBAR (WHNP (IN that)) (S (NP (PRP she)) (VP (VBD collected)))))))))))) (. .)))" mmax_level="parse" />
<markable id="markable_122" span="word_3029..word_3086" tag="(ROOT (S (S (PP (IN For) (NP (NN instance))) (, ,) (NP (PRP you)) (VP (MD 'll) (VP (VB see) (SBAR (IN that) (S (NP (EX there)) (VP (VBZ 's) (NP (NP (DT a) (NN group)) (PP (IN down) (NP (NP (DT the) (JJ bottom) (JJ left-hand) (NN corner)) (PP (IN of) (NP (DT this) (NN case))) (, ,) (SBAR (WHNP (WDT which)) (S (VP (VBZ is) (ADJP (JJ Egyptian)))))))))))))) (: ;) (S (NP (EX there)) (VP (VBZ 's) (NP (NP (DT a) (NN group)) (PP (IN of) (NP (NP (NN sea) (NNS creatures)) (: --) (NP (NP (NNS shells)) (, ,) (NP (NN sea) (NNS horses)))))))) (: ;) (S (NP (EX there)) (VP (VBZ 's) (NP (NNS butterflies)))) (: ;) (S (NP (PRP she)) (VP (VBD did) (ADVP (RB also)) (VP (VB collect) (NP (JJ religious) (NN jewelry)) (PP (IN as) (NP (DT another) (NN group)))))) (, ,) (CC and) (S (NP (DT this)) (VP (VBZ is) (NP (NP (NN part)) (PP (IN of) (NP (DT that)))))) (. .)))" mmax_level="parse" />
<markable id="markable_123" span="word_3087..word_3098" tag="(ROOT (FRAG (NP (NN Case) (CD 4)) (, ,) (NP (NNP Object) (CD 3)) (: :) (NP (NNP Sibyl) (NNP Dunlop) (FW crucifix) (NNP JO:)) (INTJ (UH Okay)) (. .)))" mmax_level="parse" />
<markable id="markable_124" span="word_3099..word_3121" tag="(ROOT (SQ (VBP Are) (NP (EX there)) (NP (NP (DT any) (JJ other) (NNS jewels)) (PP (IN with) (NP (NP (JJ religious) (NN significance)) (PP (IN in) (NP (NP (DT the) (NN rest)) (PP (IN of) (NP (DT this) (NN gallery)))))))) (SBAR (IN that) (S (NP (PRP you)) (VP (MD 'd) (VP (VB like) (S (VP (TO to) (VP (VB say) (NP (NN something)) (PP (IN about))))))))) (. ?)))" mmax_level="parse" />
<markable id="markable_125" span="word_3122..word_3127" tag="(ROOT (S (NP (NNP LG:) (NNP [)) (ADVP (RB emphatically)) (VP (SYM ]) (NP (NNP Yes))) (. .)))" mmax_level="parse" />
<markable id="markable_126" span="word_3128..word_3130" tag="(ROOT (NP (DT Another) (JJ crucifix) (. .)))" mmax_level="parse" />
<markable id="markable_127" span="word_3131..word_3142" tag="(ROOT (S (NP (NNP JO:)) (DT That) (VP (VBZ 's) (PP (IN in) (NP (NN case))) (NP (NN number) (CD 4)) (, ,) (VP (VB object) (NP (NN number) (CD 3)))) (. .)))" mmax_level="parse" />
<markable id="markable_128" span="word_3143..word_3168" tag="(ROOT (SBARQ (WHNP (JJ CM:)) (SQ (VBZ Is) (NP (EX there)) (NP (NP (NN anything) (RB else)) (SBAR (S (NP (PRP you)) (VP (MD could) (VP (VB say) (PP (PP (IN about) (NP (NP (DT this)) (SBAR (WHNP (WDT which)) (S (VP (MD would) (VP (VB relate) (NP (PRP it)) (PP (TO to) (NP (DT the) (JJ other) (CD one))))))))) (, ,) (CC or) (PP (TO to) (NP (NP (DT the) (JJ other) (NNS things)) (ADVP (RB around))))))))))) (. ?)))" mmax_level="parse" />
<markable id="markable_129" span="word_3169..word_3171" tag="(ROOT (S (NP (NNP LG:)) (ADVP (RB Yes)) (. .)))" mmax_level="parse" />
<markable id="markable_130" span="word_3172..word_3226" tag="(ROOT (S (S (NP (PRP I)) (VP (MD would) (VP (VB like) (S (VP (TO to) (VP (VB be) (ADJP (JJ able) (S (VP (TO to) (VP (VB demonstrate) (PRN (-LRB- -LRB-) (CC but) (S (NP (PRP I)) (ADVP (RB cannot)) (VP (VBP do) (RB so))) (-RRB- -RRB-)))))) (SBAR (IN that) (S (NP (DT this)) (VP (VBD was) (NP (NP (DT a) (NX (VBN commissioned) (NN jewel) (PP (IN from) (NP (NP (DT the) (NN jeweller)) (, ,) (SBAR (WHNP (WP who)) (S (VP (VBZ is) (NP (NNP Sibyl) (NNP Dunlop))))) (, ,))))) (PP (IN with) (NP (DT a) (ADJP (RB particularly) (JJ religious)) (NN connection))))))))))))) (: ;) (S (NP (PRP I)) (VP (VBP think) (SBAR (S (NP (PRP it)) (VP (MD must) (VP (VB have) (VP (VBN been) (VP (VBN commissioned) (PP (IN for) (NP (NP (NN somebody)) (SBAR (WHNP (WP who)) (S (VP (VBD was) (VP (VBN connected) (PP (IN with) (NP (DT the) (NN church))))))))) (PP (IN in) (NP (DT some) (NN way))))))))))) (. .)))" mmax_level="parse" />
<markable id="markable_131" span="word_3227..word_3259" tag="(ROOT (S (SBAR (IN Because) (S (NP (PRP it)) (VP (VBZ is) (NP (NP (NP (DT a) (ADJP (RB very) (JJ showy)) (NN piece)) (SBAR (WHADVP (WRB when)) (S (NP (PRP you)) (VP (VBP wear) (NP (PRP it)))))) (: --) (CC and) (NP (NP (DT the) (JJ original) (NN colouring)) (PP (IN of) (NP (NP (DT the) (JJ silk) (NN braid)) (, ,) (SBAR (WHNP (WDT which)) (S (VP (VBZ has) (VP (VBN faded) (ADVP (RB slightly))))))))))))) (: ...) (NP (PRP it)) (VP (VBZ 's) (NP (DT a) (ADJP (RB very) (JJ strong)) (NN piece))) (. .)))" mmax_level="parse" />
<markable id="markable_132" span="word_3260..word_3276" tag="(ROOT (S (S (NP (PRP It)) (VP (VBZ 's) (ADJP (ADJP (JJR more)) (PP (IN than) (NP (NP (RB just) (DT a) (NN piece)) (PP (IN of) (NP (NN jewelry)))))))) (: ;) (S (NP (PRP it)) (VP (VBZ 's) (ADVP (RB also)) (VP (VBG conveying) (NP (DT a) (NN message))))) (. .)))" mmax_level="parse" />
<markable id="markable_133" span="word_3277..word_3279" tag="(ROOT (NP (NNP CM:) (NNP Thankyou) (. .)))" mmax_level="parse" />
<markable id="markable_134" span="word_3280..word_3300" tag="(ROOT (S (INTJ (UH JO:)) (INTJ (UH Okay)) (: ;) (S (ADVP (RB well)) (NP (PRP I)) (VP (VBP think) (SBAR (S (NP (DT that)) (VP (VBZ 's) (ADJP (ADJP (RB as) (RB much)) (SBAR (IN as) (S (NP (PRP we)) (VP (VBP want) (S (VP (TO to)))))))))))) (: ...) (S (NP (PRP You)) (VP (MD can) (VP (VB stop) (S (VP (VBG talking) (ADVP (RB now))))))) (. .)))" mmax_level="parse" />
<markable id="markable_135" span="word_3301..word_3309" tag="(ROOT (SBARQ (WHNP (JJ LG:)) (SQ (VBP Do) (NP (PRP I)) (VP (VB get) (NP (NP (PRP$ my) (NN cup)) (PP (IN of) (NP (NN tea)))))) (. ?)))" mmax_level="parse" />
</markables>
