<?xml version="1.0" encoding="MacRoman"?>
<!DOCTYPE markables SYSTEM "markables.dtd">
<markables xmlns="www.eml.org/NameSpaces/sentence">
<markable id="markable_0" span="word_1..word_42" orderid="0" mmax_level="sentence" />
<markable id="markable_1" span="word_43..word_78" orderid="1" mmax_level="sentence" />
<markable id="markable_2" span="word_79..word_120" orderid="2" mmax_level="sentence" />
<markable id="markable_3" span="word_121..word_175" orderid="3" mmax_level="sentence" />
<markable id="markable_4" span="word_176..word_185" orderid="4" mmax_level="sentence" />
<markable id="markable_5" span="word_186..word_196" orderid="5" mmax_level="sentence" />
<markable id="markable_6" span="word_197..word_210" orderid="6" mmax_level="sentence" />
<markable id="markable_7" span="word_211..word_219" orderid="7" mmax_level="sentence" />
<markable id="markable_8" span="word_220..word_222" orderid="8" mmax_level="sentence" />
<markable id="markable_9" span="word_223..word_240" orderid="9" mmax_level="sentence" />
<markable id="markable_10" span="word_241..word_310" orderid="10" mmax_level="sentence" />
<markable id="markable_11" span="word_311..word_377" orderid="11" mmax_level="sentence" />
<markable id="markable_12" span="word_378..word_390" orderid="12" mmax_level="sentence" />
<markable id="markable_13" span="word_391..word_406" orderid="13" mmax_level="sentence" />
<markable id="markable_14" span="word_407..word_477" orderid="14" mmax_level="sentence" />
<markable id="markable_15" span="word_478..word_490" orderid="15" mmax_level="sentence" />
<markable id="markable_16" span="word_491..word_500" orderid="16" mmax_level="sentence" />
<markable id="markable_17" span="word_501..word_523" orderid="17" mmax_level="sentence" />
<markable id="markable_18" span="word_524..word_611" orderid="18" mmax_level="sentence" />
<markable id="markable_19" span="word_612..word_615" orderid="19" mmax_level="sentence" />
<markable id="markable_20" span="word_616..word_624" orderid="20" mmax_level="sentence" />
<markable id="markable_21" span="word_625..word_627" orderid="21" mmax_level="sentence" />
<markable id="markable_22" span="word_628..word_672" orderid="22" mmax_level="sentence" />
<markable id="markable_23" span="word_673..word_686" orderid="23" mmax_level="sentence" />
<markable id="markable_24" span="word_687..word_738" orderid="24" mmax_level="sentence" />
<markable id="markable_25" span="word_739..word_753" orderid="25" mmax_level="sentence" />
<markable id="markable_26" span="word_754..word_800" orderid="26" mmax_level="sentence" />
<markable id="markable_27" span="word_801..word_891" orderid="27" mmax_level="sentence" />
<markable id="markable_28" span="word_892..word_942" orderid="28" mmax_level="sentence" />
<markable id="markable_29" span="word_943..word_955" orderid="29" mmax_level="sentence" />
<markable id="markable_30" span="word_956..word_973" orderid="30" mmax_level="sentence" />
<markable id="markable_31" span="word_974..word_979" orderid="31" mmax_level="sentence" />
<markable id="markable_32" span="word_980..word_982" orderid="32" mmax_level="sentence" />
<markable id="markable_33" span="word_983..word_1010" orderid="33" mmax_level="sentence" />
<markable id="markable_34" span="word_1011..word_1020" orderid="34" mmax_level="sentence" />
<markable id="markable_35" span="word_1021..word_1056" orderid="35" mmax_level="sentence" />
<markable id="markable_36" span="word_1057..word_1082" orderid="36" mmax_level="sentence" />
<markable id="markable_37" span="word_1083..word_1109" orderid="37" mmax_level="sentence" />
<markable id="markable_38" span="word_1110..word_1146" orderid="38" mmax_level="sentence" />
<markable id="markable_39" span="word_1147..word_1157" orderid="39" mmax_level="sentence" />
<markable id="markable_40" span="word_1158..word_1164" orderid="40" mmax_level="sentence" />
<markable id="markable_41" span="word_1165..word_1176" orderid="41" mmax_level="sentence" />
<markable id="markable_42" span="word_1177..word_1181" orderid="42" mmax_level="sentence" />
<markable id="markable_43" span="word_1182..word_1216" orderid="43" mmax_level="sentence" />
<markable id="markable_44" span="word_1217..word_1252" orderid="44" mmax_level="sentence" />
<markable id="markable_45" span="word_1253..word_1279" orderid="45" mmax_level="sentence" />
<markable id="markable_46" span="word_1280..word_1290" orderid="46" mmax_level="sentence" />
<markable id="markable_47" span="word_1291..word_1311" orderid="47" mmax_level="sentence" />
<markable id="markable_48" span="word_1312..word_1331" orderid="48" mmax_level="sentence" />
<markable id="markable_49" span="word_1332..word_1372" orderid="49" mmax_level="sentence" />
<markable id="markable_50" span="word_1373..word_1385" orderid="50" mmax_level="sentence" />
<markable id="markable_51" span="word_1386..word_1403" orderid="51" mmax_level="sentence" />
<markable id="markable_52" span="word_1404..word_1408" orderid="52" mmax_level="sentence" />
<markable id="markable_53" span="word_1409..word_1414" orderid="53" mmax_level="sentence" />
<markable id="markable_54" span="word_1415..word_1512" orderid="54" mmax_level="sentence" />
<markable id="markable_55" span="word_1513..word_1556" orderid="55" mmax_level="sentence" />
<markable id="markable_56" span="word_1557..word_1582" orderid="56" mmax_level="sentence" />
<markable id="markable_57" span="word_1583..word_1603" orderid="57" mmax_level="sentence" />
<markable id="markable_58" span="word_1604..word_1609" orderid="58" mmax_level="sentence" />
<markable id="markable_59" span="word_1610..word_1617" orderid="59" mmax_level="sentence" />
<markable id="markable_60" span="word_1618..word_1636" orderid="60" mmax_level="sentence" />
<markable id="markable_61" span="word_1637..word_1642" orderid="61" mmax_level="sentence" />
<markable id="markable_62" span="word_1643..word_1651" orderid="62" mmax_level="sentence" />
<markable id="markable_63" span="word_1652..word_1709" orderid="63" mmax_level="sentence" />
<markable id="markable_64" span="word_1710..word_1719" orderid="64" mmax_level="sentence" />
<markable id="markable_65" span="word_1720..word_1787" orderid="65" mmax_level="sentence" />
<markable id="markable_66" span="word_1788..word_1826" orderid="66" mmax_level="sentence" />
<markable id="markable_67" span="word_1827..word_1844" orderid="67" mmax_level="sentence" />
<markable id="markable_68" span="word_1845..word_1846" orderid="68" mmax_level="sentence" />
<markable id="markable_69" span="word_1847..word_1859" orderid="69" mmax_level="sentence" />
<markable id="markable_70" span="word_1860..word_1878" orderid="70" mmax_level="sentence" />
<markable id="markable_71" span="word_1879..word_1886" orderid="71" mmax_level="sentence" />
<markable id="markable_72" span="word_1887..word_1895" orderid="72" mmax_level="sentence" />
<markable id="markable_73" span="word_1896..word_1900" orderid="73" mmax_level="sentence" />
<markable id="markable_74" span="word_1901..word_1912" orderid="74" mmax_level="sentence" />
<markable id="markable_75" span="word_1913..word_1920" orderid="75" mmax_level="sentence" />
<markable id="markable_76" span="word_1921..word_1925" orderid="76" mmax_level="sentence" />
<markable id="markable_77" span="word_1926..word_1956" orderid="77" mmax_level="sentence" />
<markable id="markable_78" span="word_1957..word_1976" orderid="78" mmax_level="sentence" />
<markable id="markable_79" span="word_1977..word_2010" orderid="79" mmax_level="sentence" />
<markable id="markable_80" span="word_2011..word_2021" orderid="80" mmax_level="sentence" />
<markable id="markable_81" span="word_2022..word_2036" orderid="81" mmax_level="sentence" />
<markable id="markable_82" span="word_2037..word_2087" orderid="82" mmax_level="sentence" />
<markable id="markable_83" span="word_2088..word_2108" orderid="83" mmax_level="sentence" />
<markable id="markable_84" span="word_2109..word_2117" orderid="84" mmax_level="sentence" />
<markable id="markable_85" span="word_2118..word_2190" orderid="85" mmax_level="sentence" />
<markable id="markable_86" span="word_2191..word_2201" orderid="86" mmax_level="sentence" />
<markable id="markable_87" span="word_2202..word_2238" orderid="87" mmax_level="sentence" />
<markable id="markable_88" span="word_2239..word_2259" orderid="88" mmax_level="sentence" />
<markable id="markable_89" span="word_2260..word_2282" orderid="89" mmax_level="sentence" />
<markable id="markable_90" span="word_2283..word_2326" orderid="90" mmax_level="sentence" />
<markable id="markable_91" span="word_2327..word_2337" orderid="91" mmax_level="sentence" />
<markable id="markable_92" span="word_2338..word_2362" orderid="92" mmax_level="sentence" />
<markable id="markable_93" span="word_2363..word_2371" orderid="93" mmax_level="sentence" />
<markable id="markable_94" span="word_2372..word_2394" orderid="94" mmax_level="sentence" />
<markable id="markable_95" span="word_2395..word_2397" orderid="95" mmax_level="sentence" />
<markable id="markable_96" span="word_2398..word_2404" orderid="96" mmax_level="sentence" />
<markable id="markable_97" span="word_2405..word_2406" orderid="97" mmax_level="sentence" />
<markable id="markable_98" span="word_2407..word_2451" orderid="98" mmax_level="sentence" />
<markable id="markable_99" span="word_2452..word_2480" orderid="99" mmax_level="sentence" />
<markable id="markable_100" span="word_2481..word_2523" orderid="100" mmax_level="sentence" />
<markable id="markable_101" span="word_2524..word_2540" orderid="101" mmax_level="sentence" />
<markable id="markable_102" span="word_2541..word_2573" orderid="102" mmax_level="sentence" />
<markable id="markable_103" span="word_2574..word_2580" orderid="103" mmax_level="sentence" />
<markable id="markable_104" span="word_2581..word_2621" orderid="104" mmax_level="sentence" />
<markable id="markable_105" span="word_2622..word_2632" orderid="105" mmax_level="sentence" />
<markable id="markable_106" span="word_2633..word_2687" orderid="106" mmax_level="sentence" />
<markable id="markable_107" span="word_2688..word_2708" orderid="107" mmax_level="sentence" />
<markable id="markable_108" span="word_2709..word_2749" orderid="108" mmax_level="sentence" />
<markable id="markable_109" span="word_2750..word_2759" orderid="109" mmax_level="sentence" />
<markable id="markable_110" span="word_2760..word_2845" orderid="110" mmax_level="sentence" />
<markable id="markable_111" span="word_2846..word_2850" orderid="111" mmax_level="sentence" />
<markable id="markable_112" span="word_2851" orderid="112" mmax_level="sentence" />
<markable id="markable_113" span="word_2852..word_2870" orderid="113" mmax_level="sentence" />
<markable id="markable_114" span="word_2871..word_2901" orderid="114" mmax_level="sentence" />
<markable id="markable_115" span="word_2902..word_2932" orderid="115" mmax_level="sentence" />
<markable id="markable_116" span="word_2933..word_2954" orderid="116" mmax_level="sentence" />
<markable id="markable_117" span="word_2955..word_2973" orderid="117" mmax_level="sentence" />
<markable id="markable_118" span="word_2974..word_2995" orderid="118" mmax_level="sentence" />
<markable id="markable_119" span="word_2996..word_3005" orderid="119" mmax_level="sentence" />
<markable id="markable_120" span="word_3006..word_3011" orderid="120" mmax_level="sentence" />
<markable id="markable_121" span="word_3012..word_3028" orderid="121" mmax_level="sentence" />
<markable id="markable_122" span="word_3029..word_3086" orderid="122" mmax_level="sentence" />
<markable id="markable_123" span="word_3087..word_3098" orderid="123" mmax_level="sentence" />
<markable id="markable_124" span="word_3099..word_3121" orderid="124" mmax_level="sentence" />
<markable id="markable_125" span="word_3122..word_3127" orderid="125" mmax_level="sentence" />
<markable id="markable_126" span="word_3128..word_3130" orderid="126" mmax_level="sentence" />
<markable id="markable_127" span="word_3131..word_3142" orderid="127" mmax_level="sentence" />
<markable id="markable_128" span="word_3143..word_3168" orderid="128" mmax_level="sentence" />
<markable id="markable_129" span="word_3169..word_3171" orderid="129" mmax_level="sentence" />
<markable id="markable_130" span="word_3172..word_3226" orderid="130" mmax_level="sentence" />
<markable id="markable_131" span="word_3227..word_3259" orderid="131" mmax_level="sentence" />
<markable id="markable_132" span="word_3260..word_3276" orderid="132" mmax_level="sentence" />
<markable id="markable_133" span="word_3277..word_3279" orderid="133" mmax_level="sentence" />
<markable id="markable_134" span="word_3280..word_3300" orderid="134" mmax_level="sentence" />
<markable id="markable_135" span="word_3301..word_3309" orderid="135" mmax_level="sentence" />
</markables>
