<?xml version="1.0" encoding="MacRoman"?>
<!DOCTYPE markables SYSTEM "markables.dtd">
<markables xmlns="www.eml.org/NameSpaces/enamex">
<markable id="markable_0" span="word_397..word_398" tag="person" mmax_level="enamex" />
<markable id="markable_1" span="word_633..word_634" tag="person" mmax_level="enamex" />
<markable id="markable_2" span="word_641..word_644" tag="organization" mmax_level="enamex" />
<markable id="markable_3" span="word_646" tag="location" mmax_level="enamex" />
<markable id="markable_4" span="word_684..word_685" tag="person" mmax_level="enamex" />
<markable id="markable_5" span="word_688" tag="person" mmax_level="enamex" />
<markable id="markable_6" span="word_760..word_761" tag="person" mmax_level="enamex" />
<markable id="markable_7" span="word_798..word_799" tag="person" mmax_level="enamex" />
<markable id="markable_8" span="word_801..word_802" tag="person" mmax_level="enamex" />
<markable id="markable_9" span="word_804..word_805" tag="person" mmax_level="enamex" />
<markable id="markable_10" span="word_880..word_881" tag="person" mmax_level="enamex" />
<markable id="markable_11" span="word_1153" tag="person" mmax_level="enamex" />
<markable id="markable_12" span="word_1272..word_1273" tag="organization" mmax_level="enamex" />
<markable id="markable_13" span="word_1379" tag="person" mmax_level="enamex" />
<markable id="markable_14" span="word_1504..word_1505" tag="person" mmax_level="enamex" />
<markable id="markable_15" span="word_1510" tag="location" mmax_level="enamex" />
<markable id="markable_16" span="word_1589" tag="organization" mmax_level="enamex" />
<markable id="markable_17" span="word_1724" tag="organization" mmax_level="enamex" />
<markable id="markable_18" span="word_1798" tag="location" mmax_level="enamex" />
<markable id="markable_19" span="word_1812" tag="location" mmax_level="enamex" />
<markable id="markable_20" span="word_1954" tag="organization" mmax_level="enamex" />
<markable id="markable_21" span="word_2378..word_2379" tag="person" mmax_level="enamex" />
<markable id="markable_22" span="word_2402..word_2403" tag="person" mmax_level="enamex" />
<markable id="markable_23" span="word_2420..word_2423" tag="organization" mmax_level="enamex" />
<markable id="markable_24" span="word_2429" tag="location" mmax_level="enamex" />
<markable id="markable_25" span="word_2432..word_2433" tag="organization" mmax_level="enamex" />
<markable id="markable_26" span="word_2482..word_2483" tag="person" mmax_level="enamex" />
<markable id="markable_27" span="word_2521" tag="organization" mmax_level="enamex" />
<markable id="markable_28" span="word_2541..word_2542" tag="person" mmax_level="enamex" />
<markable id="markable_29" span="word_2598..word_2599" tag="person" mmax_level="enamex" />
<markable id="markable_30" span="word_2629..word_2630" tag="person" mmax_level="enamex" />
<markable id="markable_31" span="word_2647" tag="organization" mmax_level="enamex" />
<markable id="markable_32" span="word_2676" tag="person" mmax_level="enamex" />
<markable id="markable_33" span="word_2703..word_2704" tag="person" mmax_level="enamex" />
<markable id="markable_34" span="word_2868..word_2869" tag="person" mmax_level="enamex" />
<markable id="markable_35" span="word_3051" tag="location" mmax_level="enamex" />
<markable id="markable_36" span="word_3093..word_3094" tag="organization" mmax_level="enamex" />
<markable id="markable_37" span="word_3199..word_3200" tag="person" mmax_level="enamex" />
</markables>
