<?xml version="1.0" encoding="US-ASCII"?>
<!DOCTYPE markables SYSTEM "markables.dtd">
<markables xmlns="www.eml.org/NameSpaces/utterance">
<markable id="markable_102" span="word_1848..word_1859" mmax_level="utterance"  type="eol" />
<markable id="markable_101" span="word_1847" mmax_level="utterance"  type="eol" />
<markable id="markable_100" span="word_1846" mmax_level="utterance"  type="eol" />
<markable id="markable_66" span="word_1182" mmax_level="utterance"  type="eol" />
<markable id="markable_106" span="word_1887..word_1895" mmax_level="utterance"  type="eol" />
<markable id="markable_67" span="word_1183..word_1216" mmax_level="utterance"  type="eol" />
<markable id="markable_105" span="word_1879..word_1886" mmax_level="utterance"  type="eol" />
<markable id="markable_68" span="word_1217..word_1252" mmax_level="utterance"  type="eol" />
<markable id="markable_104" span="word_1861..word_1878" mmax_level="utterance"  type="eol" />
<markable id="markable_69" span="word_1253..word_1279" mmax_level="utterance"  type="eol" />
<markable id="markable_103" span="word_1860" mmax_level="utterance"  type="eol" />
<markable id="markable_62" span="word_1156..word_1157" mmax_level="utterance"  type="eol" />
<markable id="markable_63" span="word_1158..word_1164" mmax_level="utterance"  type="eol" />
<markable id="markable_64" span="word_1165..word_1176" mmax_level="utterance"  type="eol" />
<markable id="markable_65" span="word_1177..word_1181" mmax_level="utterance"  type="eol" />
<markable id="markable_60" span="word_1147..word_1154" mmax_level="utterance"  type="eol" />
<markable id="markable_61" span="word_1155" mmax_level="utterance"  type="eol" />
<markable id="markable_107" span="word_1896..word_1900" mmax_level="utterance"  type="eol" />
<markable id="markable_108" span="word_1901" mmax_level="utterance"  type="eol" />
<markable id="markable_109" span="word_1902..word_1912" mmax_level="utterance"  type="eol" />
<markable id="markable_111" span="word_1914..word_1920" mmax_level="utterance"  type="eol" />
<markable id="markable_110" span="word_1913" mmax_level="utterance"  type="eol" />
<markable id="markable_113" span="word_1926..word_1956" mmax_level="utterance"  type="eol" />
<markable id="markable_112" span="word_1921..word_1925" mmax_level="utterance"  type="eol" />
<markable id="markable_79" span="word_1386..word_1403" mmax_level="utterance"  type="eol" />
<markable id="markable_115" span="word_1969..word_1971" mmax_level="utterance"  type="eol" />
<markable id="markable_114" span="word_1957..word_1968" mmax_level="utterance"  type="eol" />
<markable id="markable_77" span="word_1381" mmax_level="utterance"  type="eol" />
<markable id="markable_117" span="word_1977..word_2001" mmax_level="utterance"  type="eol" />
<markable id="markable_78" span="word_1382..word_1385" mmax_level="utterance"  type="eol" />
<markable id="markable_116" span="word_1972..word_1976" mmax_level="utterance"  type="eol" />
<markable id="markable_75" span="word_1332..word_1372" mmax_level="utterance"  type="eol" />
<markable id="markable_76" span="word_1373..word_1380" mmax_level="utterance"  type="eol" />
<markable id="markable_73" span="word_1292..word_1311" mmax_level="utterance"  type="eol" />
<markable id="markable_74" span="word_1312..word_1331" mmax_level="utterance"  type="eol" />
<markable id="markable_71" span="word_1281..word_1290" mmax_level="utterance"  type="eol" />
<markable id="markable_72" span="word_1291" mmax_level="utterance"  type="eol" />
<markable id="markable_70" span="word_1280" mmax_level="utterance"  type="eol" />
<markable id="markable_44" span="word_892..word_898" mmax_level="utterance"  type="eol" />
<markable id="markable_45" span="word_899" mmax_level="utterance"  type="eol" />
<markable id="markable_46" span="word_900..word_942" mmax_level="utterance"  type="eol" />
<markable id="markable_47" span="word_943..word_950" mmax_level="utterance"  type="eol" />
<markable id="markable_48" span="word_951" mmax_level="utterance"  type="eol" />
<markable id="markable_49" span="word_952..word_955" mmax_level="utterance"  type="eol" />
<markable id="markable_40" span="word_754..word_762" mmax_level="utterance"  type="eol" />
<markable id="markable_41" span="word_763" mmax_level="utterance"  type="eol" />
<markable id="markable_42" span="word_764..word_800" mmax_level="utterance"  type="eol" />
<markable id="markable_43" span="word_801..word_891" mmax_level="utterance"  type="eol" />
<markable id="markable_57" span="word_1057..word_1082" mmax_level="utterance"  type="eol" />
<markable id="markable_58" span="word_1083..word_1109" mmax_level="utterance"  type="eol" />
<markable id="markable_55" span="word_1011..word_1020" mmax_level="utterance"  type="eol" />
<markable id="markable_56" span="word_1021..word_1056" mmax_level="utterance"  type="eol" />
<markable id="markable_59" span="word_1110..word_1146" mmax_level="utterance"  type="eol" />
<markable id="markable_50" span="word_956..word_973" mmax_level="utterance"  type="eol" />
<markable id="markable_53" span="word_981..word_982" mmax_level="utterance"  type="eol" />
<markable id="markable_54" span="word_983..word_1010" mmax_level="utterance"  type="eol" />
<markable id="markable_51" span="word_974..word_979" mmax_level="utterance"  type="eol" />
<markable id="markable_52" span="word_980" mmax_level="utterance"  type="eol" />
<markable id="markable_160" span="word_2634..word_2687" mmax_level="utterance"  type="eol" />
<markable id="markable_141" span="word_2363..word_2371" mmax_level="utterance"  type="eol" />
<markable id="markable_161" span="word_2688..word_2708" mmax_level="utterance"  type="eol" />
<markable id="markable_142" span="word_2372..word_2380" mmax_level="utterance"  type="eol" />
<markable id="markable_162" span="word_2709..word_2744" mmax_level="utterance"  type="eol" />
<markable id="markable_163" span="word_2745" mmax_level="utterance"  type="eol" />
<markable id="markable_140" span="word_2344..word_2362" mmax_level="utterance"  type="eol" />
<markable id="markable_164" span="word_2746..word_2749" mmax_level="utterance"  type="eol" />
<markable id="markable_145" span="word_2395..word_2397" mmax_level="utterance"  type="eol" />
<markable id="markable_165" span="word_2750" mmax_level="utterance"  type="eol" />
<markable id="markable_146" span="word_2398" mmax_level="utterance"  type="eol" />
<markable id="markable_166" span="word_2751..word_2759" mmax_level="utterance"  type="eol" />
<markable id="markable_143" span="word_2381" mmax_level="utterance"  type="eol" />
<markable id="markable_167" span="word_2760..word_2816" mmax_level="utterance"  type="eol" />
<markable id="markable_144" span="word_2382..word_2394" mmax_level="utterance"  type="eol" />
<markable id="markable_168" span="word_2817..word_2827" mmax_level="utterance"  type="eol" />
<markable id="markable_149" span="word_2407..word_2422" mmax_level="utterance"  type="eol" />
<markable id="markable_169" span="word_2828" mmax_level="utterance"  type="eol" />
<markable id="markable_147" span="word_2399..word_2404" mmax_level="utterance"  type="eol" />
<markable id="markable_148" span="word_2405..word_2406" mmax_level="utterance"  type="eol" />
<markable id="markable_170" span="word_2829..word_2845" mmax_level="utterance"  type="eol" />
<markable id="markable_171" span="word_2846..word_2855" mmax_level="utterance"  type="eol" />
<markable id="markable_150" span="word_2423..word_2451" mmax_level="utterance"  type="eol" />
<markable id="markable_174" span="word_2871..word_2901" mmax_level="utterance"  type="eol" />
<markable id="markable_151" span="word_2452..word_2480" mmax_level="utterance"  type="eol" />
<markable id="markable_175" span="word_2902..word_2932" mmax_level="utterance"  type="eol" />
<markable id="markable_152" span="word_2481..word_2523" mmax_level="utterance"  type="eol" />
<markable id="markable_172" span="word_2856" mmax_level="utterance"  type="eol" />
<markable id="markable_153" span="word_2524..word_2540" mmax_level="utterance"  type="eol" />
<markable id="markable_173" span="word_2857..word_2870" mmax_level="utterance"  type="eol" />
<markable id="markable_154" span="word_2541..word_2573" mmax_level="utterance"  type="eol" />
<markable id="markable_178" span="word_2955..word_2968" mmax_level="utterance"  type="eol" />
<markable id="markable_155" span="word_2574..word_2580" mmax_level="utterance"  type="eol" />
<markable id="markable_179" span="word_2969..word_2973" mmax_level="utterance"  type="eol" />
<markable id="markable_156" span="word_2581..word_2621" mmax_level="utterance"  type="eol" />
<markable id="markable_176" span="word_2933" mmax_level="utterance"  type="eol" />
<markable id="markable_157" span="word_2622" mmax_level="utterance"  type="eol" />
<markable id="markable_177" span="word_2934..word_2954" mmax_level="utterance"  type="eol" />
<markable id="markable_158" span="word_2623..word_2632" mmax_level="utterance"  type="eol" />
<markable id="markable_159" span="word_2633" mmax_level="utterance"  type="eol" />
<markable id="markable_119" span="word_2003..word_2010" mmax_level="utterance"  type="eol" />
<markable id="markable_118" span="word_2002" mmax_level="utterance"  type="eol" />
<markable id="markable_81" span="word_1409" mmax_level="utterance"  type="eol" />
<markable id="markable_183" span="word_3012..word_3028" mmax_level="utterance"  type="eol" />
<markable id="markable_80" span="word_1404..word_1408" mmax_level="utterance"  type="eol" />
<markable id="markable_120" span="word_2011..word_2021" mmax_level="utterance"  type="eol" />
<markable id="markable_184" span="word_3029..word_3086" mmax_level="utterance"  type="eol" />
<markable id="markable_83" span="word_1415..word_1512" mmax_level="utterance"  type="eol" />
<markable id="markable_185" span="word_3087..word_3095" mmax_level="utterance"  type="eol" />
<markable id="markable_82" span="word_1410..word_1414" mmax_level="utterance"  type="eol" />
<markable id="markable_186" span="word_3096" mmax_level="utterance"  type="eol" />
<markable id="markable_85" span="word_1557..word_1582" mmax_level="utterance"  type="eol" />
<markable id="markable_84" span="word_1513..word_1556" mmax_level="utterance"  type="eol" />
<markable id="markable_180" span="word_2974..word_2995" mmax_level="utterance"  type="eol" />
<markable id="markable_87" span="word_1591" mmax_level="utterance"  type="eol" />
<markable id="markable_181" span="word_2996..word_3005" mmax_level="utterance"  type="eol" />
<markable id="markable_86" span="word_1583..word_1590" mmax_level="utterance"  type="eol" />
<markable id="markable_182" span="word_3006..word_3011" mmax_level="utterance"  type="eol" />
<markable id="markable_89" span="word_1604..word_1609" mmax_level="utterance"  type="eol" />
<markable id="markable_127" span="word_2119..word_2190" mmax_level="utterance"  type="eol" />
<markable id="markable_88" span="word_1592..word_1603" mmax_level="utterance"  type="eol" />
<markable id="markable_128" span="word_2191" mmax_level="utterance"  type="eol" />
<markable id="markable_125" span="word_2110..word_2117" mmax_level="utterance"  type="eol" />
<markable id="markable_126" span="word_2118" mmax_level="utterance"  type="eol" />
<markable id="markable_123" span="word_2088..word_2108" mmax_level="utterance"  type="eol" />
<markable id="markable_187" span="word_3097..word_3098" mmax_level="utterance"  type="eol" />
<markable id="markable_124" span="word_2109" mmax_level="utterance"  type="eol" />
<markable id="markable_188" span="word_3099..word_3121" mmax_level="utterance"  type="eol" />
<markable id="markable_121" span="word_2022..word_2036" mmax_level="utterance"  type="eol" />
<markable id="markable_189" span="word_3122..word_3125" mmax_level="utterance"  type="eol" />
<markable id="markable_122" span="word_2037..word_2087" mmax_level="utterance"  type="eol" />
<markable id="markable_129" span="word_2192..word_2201" mmax_level="utterance"  type="eol" />
<markable id="markable_90" span="word_1610..word_1617" mmax_level="utterance"  type="eol" />
<markable id="markable_196" span="word_3169" mmax_level="utterance"  type="eol" />
<markable id="markable_94" span="word_1652..word_1709" mmax_level="utterance"  type="eol" />
<markable id="markable_197" span="word_3170..word_3171" mmax_level="utterance"  type="eol" />
<markable id="markable_93" span="word_1644..word_1651" mmax_level="utterance"  type="eol" />
<markable id="markable_194" span="word_3143" mmax_level="utterance"  type="eol" />
<markable id="markable_92" span="word_1619..word_1643" mmax_level="utterance"  type="eol" />
<markable id="markable_130" span="word_2202" mmax_level="utterance"  type="eol" />
<markable id="markable_195" span="word_3144..word_3168" mmax_level="utterance"  type="eol" />
<markable id="markable_91" span="word_1618" mmax_level="utterance"  type="eol" />
<markable id="markable_131" span="word_2203..word_2238" mmax_level="utterance"  type="eol" />
<markable id="markable_98" span="word_1827..word_1844" mmax_level="utterance"  type="eol" />
<markable id="markable_192" span="word_3131" mmax_level="utterance"  type="eol" />
<markable id="markable_97" span="word_1788..word_1826" mmax_level="utterance"  type="eol" />
<markable id="markable_193" span="word_3132..word_3142" mmax_level="utterance"  type="eol" />
<markable id="markable_96" span="word_1720..word_1787" mmax_level="utterance"  type="eol" />
<markable id="markable_190" span="word_3126..word_3127" mmax_level="utterance"  type="eol" />
<markable id="markable_95" span="word_1710..word_1719" mmax_level="utterance"  type="eol" />
<markable id="markable_191" span="word_3128..word_3130" mmax_level="utterance"  type="eol" />
<markable id="markable_136" span="word_2283" mmax_level="utterance"  type="eol" />
<markable id="markable_137" span="word_2284..word_2326" mmax_level="utterance"  type="eol" />
<markable id="markable_138" span="word_2327..word_2337" mmax_level="utterance"  type="eol" />
<markable id="markable_99" span="word_1845" mmax_level="utterance"  type="eol" />
<markable id="markable_139" span="word_2338..word_2343" mmax_level="utterance"  type="eol" />
<markable id="markable_132" span="word_2239..word_2259" mmax_level="utterance"  type="eol" />
<markable id="markable_133" span="word_2260..word_2267" mmax_level="utterance"  type="eol" />
<markable id="markable_198" span="word_3172..word_3226" mmax_level="utterance"  type="eol" />
<markable id="markable_134" span="word_2268" mmax_level="utterance"  type="eol" />
<markable id="markable_199" span="word_3227..word_3259" mmax_level="utterance"  type="eol" />
<markable id="markable_135" span="word_2269..word_2282" mmax_level="utterance"  type="eol" />
<markable id="markable_16" span="word_223..word_240" mmax_level="utterance"  type="eol" />
<markable id="markable_15" span="word_221..word_222" mmax_level="utterance"  type="eol" />
<markable id="markable_18" span="word_311..word_377" mmax_level="utterance"  type="eol" />
<markable id="markable_17" span="word_241..word_310" mmax_level="utterance"  type="eol" />
<markable id="markable_12" span="word_197..word_210" mmax_level="utterance"  type="eol" />
<markable id="markable_11" span="word_193..word_196" mmax_level="utterance"  type="eol" />
<markable id="markable_14" span="word_220" mmax_level="utterance"  type="eol" />
<markable id="markable_13" span="word_211..word_219" mmax_level="utterance"  type="eol" />
<markable id="markable_10" span="word_192" mmax_level="utterance"  type="eol" />
<markable id="markable_8" span="word_176..word_185" mmax_level="utterance"  type="eol" />
<markable id="markable_9" span="word_186..word_191" mmax_level="utterance"  type="eol" />
<markable id="markable_34" span="word_626..word_627" mmax_level="utterance"  type="eol" />
<markable id="markable_33" span="word_625" mmax_level="utterance"  type="eol" />
<markable id="markable_36" span="word_673..word_686" mmax_level="utterance"  type="eol" />
<markable id="markable_35" span="word_628..word_672" mmax_level="utterance"  type="eol" />
<markable id="markable_38" span="word_739" mmax_level="utterance"  type="eol" />
<markable id="markable_37" span="word_687..word_738" mmax_level="utterance"  type="eol" />
<markable id="markable_39" span="word_740..word_753" mmax_level="utterance"  type="eol" />
<markable id="markable_30" span="word_612..word_615" mmax_level="utterance"  type="eol" />
<markable id="markable_32" span="word_617..word_624" mmax_level="utterance"  type="eol" />
<markable id="markable_31" span="word_616" mmax_level="utterance"  type="eol" />
<markable id="markable_19" span="word_378..word_390" mmax_level="utterance"  type="eol" />
<markable id="markable_7" span="word_121..word_175" mmax_level="utterance"  type="eol" />
<markable id="markable_25" span="word_425..word_477" mmax_level="utterance"  type="eol" />
<markable id="markable_6" span="word_79..word_120" mmax_level="utterance"  type="eol" />
<markable id="markable_24" span="word_424" mmax_level="utterance"  type="eol" />
<markable id="markable_5" span="word_43..word_78" mmax_level="utterance"  type="eol" />
<markable id="markable_23" span="word_407..word_423" mmax_level="utterance"  type="eol" />
<markable id="markable_4" span="word_8..word_42" mmax_level="utterance"  type="eol" />
<markable id="markable_22" span="word_401..word_406" mmax_level="utterance"  type="eol" />
<markable id="markable_3" span="word_7" mmax_level="utterance"  type="eol" />
<markable id="markable_29" span="word_524..word_611" mmax_level="utterance"  type="eol" />
<markable id="markable_28" span="word_501..word_523" mmax_level="utterance"  type="eol" />
<markable id="markable_2" span="word_1..word_6" mmax_level="utterance"  type="eol" />
<markable id="markable_27" span="word_491..word_500" mmax_level="utterance"  type="eol" />
<markable id="markable_26" span="word_478..word_490" mmax_level="utterance"  type="eol" />
<markable id="markable_21" span="word_400" mmax_level="utterance"  type="eol" />
<markable id="markable_20" span="word_391..word_399" mmax_level="utterance"  type="eol" />
<markable id="markable_207" span="word_3302..word_3309" mmax_level="utterance"  type="eol" />
<markable id="markable_206" span="word_3301" mmax_level="utterance"  type="eol" />
<markable id="markable_204" span="word_3281..word_3294" mmax_level="utterance"  type="eol" />
<markable id="markable_205" span="word_3295..word_3300" mmax_level="utterance"  type="eol" />
<markable id="markable_202" span="word_3278..word_3279" mmax_level="utterance"  type="eol" />
<markable id="markable_203" span="word_3280" mmax_level="utterance"  type="eol" />
<markable id="markable_200" span="word_3260..word_3276" mmax_level="utterance"  type="eol" />
<markable id="markable_201" span="word_3277" mmax_level="utterance"  type="eol" />
</markables>
