<?xml version="1.0" encoding="US-ASCII"?>
<!DOCTYPE markables SYSTEM "markables.dtd">
<markables xmlns="www.eml.org/NameSpaces/unit">
<markable id="markable_1505" span="word_2927..word_2931" mmax_level="unit"  subject="no-subject"  verbed="verbed-yes"  utype="complement"  finite="finite-no" />
<markable id="markable_1504" span="word_2923..word_2931" mmax_level="unit"  subject="full-subject"  verbed="verbed-yes"  utype="complement"  finite="finite-yes" />
<markable id="markable_1507" span="word_2935..word_2940" mmax_level="unit"  subject="full-subject"  verbed="verbed-yes"  utype="main"  finite="finite-yes" />
<markable id="markable_1506" span="word_2934" mmax_level="unit"  subject="no-subject"  verbed="verbed-no"  utype="disc-marker"  finite="no-finite" />
<markable id="markable_1509" span="word_2941..word_2944" mmax_level="unit"  subject="no-subject"  verbed="verbed-no"  utype="preposed-pp"  finite="no-finite" />
<markable id="markable_1508" span="word_2941..word_2953" mmax_level="unit"  subject="full-subject"  verbed="verbed-yes"  utype="main"  finite="finite-yes" />
<markable id="markable_1510" span="word_2955..word_2968" mmax_level="unit"  subject="full-subject"  verbed="verbed-yes"  utype="main"  finite="finite-yes" />
<markable id="markable_1511" span="word_2960..word_2963" mmax_level="unit"  subject="no-subject"  verbed="verbed-yes"  utype="parenthetical"  finite="finite-yes" />
<markable id="markable_1512" span="word_2964..word_2968" mmax_level="unit"  subject="full-subject"  verbed="verbed-yes"  utype="complement"  finite="finite-yes" />
<markable id="markable_1513" span="word_2969..word_2972" mmax_level="unit"  subject="full-subject"  verbed="verbed-yes"  utype="main"  finite="finite-yes" />
<markable id="markable_1514" span="word_2974..word_2987" mmax_level="unit"  subject="full-subject"  verbed="verbed-yes"  utype="main"  finite="finite-yes" />
<markable id="markable_1518" span="word_2996..word_2997" mmax_level="unit"  subject="no-subject"  verbed="verbed-no"  utype="disc-marker"  finite="no-finite" />
<markable id="markable_1517" span="word_2991..word_2994" mmax_level="unit"  subject="no-subject"  verbed="verbed-yes"  utype="complement"  finite="finite-no" />
<markable id="markable_1516" span="word_2988..word_2994" mmax_level="unit"  subject="full-subject"  verbed="verbed-yes"  utype="main"  finite="finite-yes" />
<markable id="markable_1515" span="word_2978..word_2987" mmax_level="unit"  subject="no-subject"  verbed="verbed-yes"  utype="complement"  finite="finite-no" />
<markable id="markable_1519" span="word_2998..word_2999" mmax_level="unit"  subject="no-subject"  verbed="verbed-no"  utype="disc-marker"  finite="no-finite" />
<markable id="markable_1520" span="word_3000..word_3004" mmax_level="unit"  subject="full-subject"  verbed="verbed-yes"  utype="main"  finite="finite-yes" />
<markable id="markable_1521" span="word_3006..word_3010" mmax_level="unit"  subject="full-subject"  verbed="verbed-yes"  utype="main"  finite="finite-no" />
<markable id="markable_1524" span="word_3029..word_3069" mmax_level="unit"  subject="full-subject"  verbed="verbed-yes"  utype="main"  finite="finite-yes" />
<markable id="markable_1525" span="word_3035..word_3052" mmax_level="unit"  subject="empty-subject"  verbed="verbed-yes"  utype="complement"  finite="finite-yes" />
<markable id="markable_1522" span="word_3012..word_3027" mmax_level="unit"  subject="full-subject"  verbed="verbed-yes"  utype="main"  finite="finite-yes" />
<markable id="markable_1523" span="word_3018..word_3027" mmax_level="unit"  subject="no-subject"  verbed="verbed-yes"  utype="complement"  finite="finite-no" />
<markable id="markable_1502" span="word_2908..word_2920" mmax_level="unit"  subject="empty-subject"  verbed="verbed-yes"  utype="main"  finite="finite-yes" />
<markable id="markable_1503" span="word_2921..word_2931" mmax_level="unit"  subject="full-subject"  verbed="verbed-yes"  utype="main"  finite="finite-yes" />
<markable id="markable_1500" span="word_2890..word_2900" mmax_level="unit"  subject="full-subject"  verbed="verbed-yes"  utype="main"  finite="finite-yes" />
<markable id="markable_1501" span="word_2902..word_2907" mmax_level="unit"  subject="no-subject"  verbed="verbed-no"  utype="main"  finite="no-finite" />
<markable id="markable_1400" span="word_2126..word_2133" mmax_level="unit"  subject="full-subject"  verbed="verbed-yes"  utype="main"  finite="finite-yes" />
<markable id="markable_1403" span="word_2152..word_2157" mmax_level="unit"  subject="full-subject"  verbed="verbed-yes"  utype="main"  finite="finite-yes" />
<markable id="markable_1404" span="word_2158..word_2175" mmax_level="unit"  subject="full-subject"  verbed="verbed-yes"  utype="main"  finite="finite-yes" />
<markable id="markable_1401" span="word_2134..word_2151" mmax_level="unit"  subject="full-subject"  verbed="verbed-yes"  utype="main"  finite="finite-yes" />
<markable id="markable_1402" span="word_2142..word_2150" mmax_level="unit"  subject="relpro"  verbed="verbed-yes"  utype="relative"  finite="finite-yes" />
<markable id="markable_1308" span="word_1379..word_1380" mmax_level="unit"  subject="no-subject"  verbed="verbed-no"  utype="paren-app"  finite="no-finite" />
<markable id="markable_1450" span="word_2499..word_2514" mmax_level="unit"  subject="full-subject"  verbed="verbed-yes"  utype="adjunct"  finite="finite-yes" />
<markable id="markable_1309" span="word_1382" mmax_level="unit"  subject="no-subject"  verbed="verbed-no"  utype="disc-marker"  finite="no-finite" />
<markable id="markable_1451" span="word_2515..word_2522" mmax_level="unit"  subject="full-subject"  verbed="verbed-yes"  utype="main"  finite="finite-yes" />
<markable id="markable_1306" span="word_1363..word_1371" mmax_level="unit"  subject="full-subject"  verbed="verbed-yes"  utype="adjunct"  finite="finite-yes" />
<markable id="markable_1307" span="word_1373..word_1380" mmax_level="unit"  subject="no-subject"  verbed="verbed-no"  utype="title"  finite="no-finite" />
<markable id="markable_1458" span="word_2574..word_2579" mmax_level="unit"  subject="full-subject"  verbed="verbed-yes"  utype="main"  finite="finite-yes" />
<markable id="markable_1459" span="word_2581..word_2604" mmax_level="unit"  subject="full-subject"  verbed="verbed-yes"  utype="main"  finite="finite-yes" />
<markable id="markable_1456" span="word_2545..word_2560" mmax_level="unit"  subject="full-subject"  verbed="verbed-yes"  utype="main"  finite="finite-yes" />
<markable id="markable_1457" span="word_2561..word_2572" mmax_level="unit"  subject="full-subject"  verbed="verbed-yes"  utype="main"  finite="finite-yes" />
<markable id="markable_1454" span="word_2537..word_2539" mmax_level="unit"  subject="full-subject"  verbed="verbed-yes"  utype="relative"  finite="finite-no" />
<markable id="markable_1455" span="word_2541..word_2544" mmax_level="unit"  subject="full-subject"  verbed="verbed-yes"  utype="main"  finite="finite-yes" />
<markable id="markable_1452" span="word_2524..word_2529" mmax_level="unit"  subject="full-subject"  verbed="verbed-yes"  utype="main"  finite="finite-yes" />
<markable id="markable_1453" span="word_2530..word_2539" mmax_level="unit"  subject="full-subject"  verbed="verbed-yes"  utype="main"  finite="finite-yes" />
<markable id="markable_1449" span="word_2490..word_2514" mmax_level="unit"  subject="full-subject"  verbed="verbed-yes"  utype="main"  finite="finite-yes" />
<markable id="markable_1312" span="word_1399..word_1402" mmax_level="unit"  subject="no-subject"  verbed="verbed-no"  utype="parenthetical"  finite="no-finite" />
<markable id="markable_1311" span="word_1386..word_1402" mmax_level="unit"  subject="full-subject"  verbed="verbed-yes"  utype="main"  finite="finite-yes" />
<markable id="markable_1310" span="word_1383..word_1384" mmax_level="unit"  subject="no-subject"  verbed="verbed-no"  utype="disc-marker"  finite="no-finite" />
<markable id="markable_1316" span="word_1418..word_1433" mmax_level="unit"  subject="full-subject"  verbed="verbed-yes"  utype="adjunct"  finite="finite-yes" />
<markable id="markable_1315" span="word_1415..word_1433" mmax_level="unit"  subject="full-subject"  verbed="verbed-yes"  utype="main"  finite="finite-yes" />
<markable id="markable_1314" span="word_1410..word_1413" mmax_level="unit"  subject="full-subject"  verbed="verbed-yes"  utype="main"  finite="finite-yes" />
<markable id="markable_1313" span="word_1404..word_1407" mmax_level="unit"  subject="full-subject"  verbed="verbed-yes"  utype="main"  finite="finite-yes" />
<markable id="markable_1317" span="word_1427..word_1433" mmax_level="unit"  subject="relpro"  verbed="verbed-yes"  utype="paren-rel"  finite="finite-yes" />
<markable id="markable_1318" span="word_1434..word_1452" mmax_level="unit"  subject="empty-subject"  verbed="verbed-yes"  utype="main"  finite="finite-yes" />
<markable id="markable_1460" span="word_2583..word_2593" mmax_level="unit"  subject="no-subject"  verbed="verbed-yes"  utype="parenthetical"  finite="finite-no" />
<markable id="markable_1319" span="word_1443..word_1446" mmax_level="unit"  subject="no-subject"  verbed="verbed-no"  utype="parenthetical"  finite="no-finite" />
<markable id="markable_1461" span="word_2605..word_2613" mmax_level="unit"  subject="full-subject"  verbed="verbed-yes"  utype="main"  finite="finite-yes" />
<markable id="markable_1462" span="word_2610..word_2612" mmax_level="unit"  subject="no-subject"  verbed="verbed-yes"  utype="relative"  finite="finite-no" />
<markable id="markable_1467" span="word_2644..word_2666" mmax_level="unit"  subject="full-subject"  verbed="verbed-yes"  utype="adjunct"  finite="finite-yes" />
<markable id="markable_1468" span="word_2653..word_2665" mmax_level="unit"  subject="no-subject"  verbed="verbed-no"  utype="parenthetical"  finite="no-finite" />
<markable id="markable_1469" span="word_2659..word_2664" mmax_level="unit"  subject="relpro"  verbed="verbed-yes"  utype="relative"  finite="finite-yes" />
<markable id="markable_1463" span="word_2614..word_2620" mmax_level="unit"  subject="full-subject"  verbed="verbed-yes"  utype="main"  finite="finite-yes" />
<markable id="markable_1464" span="word_2623..word_2631" mmax_level="unit"  subject="full-subject"  verbed="verbed-yes"  utype="main"  finite="finite-yes" />
<markable id="markable_1465" span="word_2634..word_2686" mmax_level="unit"  subject="full-subject"  verbed="verbed-yes"  utype="main"  finite="finite-yes" />
<markable id="markable_1466" span="word_2638..word_2643" mmax_level="unit"  subject="full-subject"  verbed="verbed-yes"  utype="adjunct"  finite="finite-yes" />
<markable id="markable_1321" span="word_1453..word_1464" mmax_level="unit"  subject="full-subject"  verbed="verbed-yes"  utype="preposed-pp"  finite="finite-yes" />
<markable id="markable_1320" span="word_1453..word_1488" mmax_level="unit"  subject="full-subject"  verbed="verbed-yes"  utype="main"  finite="finite-yes" />
<markable id="markable_1323" span="word_1481..word_1488" mmax_level="unit"  subject="relpro"  verbed="verbed-yes"  utype="paren-rel"  finite="finite-yes" />
<markable id="markable_1322" span="word_1461..word_1463" mmax_level="unit"  subject="relpro"  verbed="verbed-yes"  utype="paren-rel"  finite="finite-yes" />
<markable id="markable_1325" span="word_1499..word_1503" mmax_level="unit"  subject="no-subject"  verbed="verbed-yes"  utype="relative"  finite="finite-no" />
<markable id="markable_1324" span="word_1489..word_1511" mmax_level="unit"  subject="full-subject"  verbed="verbed-yes"  utype="main"  finite="finite-yes" />
<markable id="markable_1327" span="word_1507..word_1511" mmax_level="unit"  subject="relpro"  verbed="verbed-yes"  utype="paren-app"  finite="finite-yes" />
<markable id="markable_1326" span="word_1504..word_1505" mmax_level="unit"  subject="no-subject"  verbed="verbed-no"  utype="paren-app"  finite="no-finite" />
<markable id="markable_1472" span="word_2688..word_2707" mmax_level="unit"  subject="full-subject"  verbed="verbed-yes"  utype="main"  finite="finite-yes" />
<markable id="markable_1473" span="word_2691..word_2707" mmax_level="unit"  subject="no-subject"  verbed="verbed-yes"  utype="complement"  finite="finite-yes" />
<markable id="markable_1470" span="word_2667..word_2686" mmax_level="unit"  subject="full-subject"  verbed="verbed-yes"  utype="adjunct"  finite="finite-yes" />
<markable id="markable_1471" span="word_2678..word_2686" mmax_level="unit"  subject="relpro"  verbed="verbed-yes"  utype="relative"  finite="finite-yes" />
<markable id="markable_1476" span="word_2715..word_2726" mmax_level="unit"  subject="no-subject"  verbed="verbed-no"  utype="parenthetical"  finite="no-finite" />
<markable id="markable_1477" span="word_2727..word_2744" mmax_level="unit"  subject="no-subject"  verbed="verbed-no"  utype="listitem"  finite="no-finite" />
<markable id="markable_1474" span="word_2709..word_2744" mmax_level="unit"  subject="no-subject"  verbed="verbed-no"  utype="main"  finite="no-finite" />
<markable id="markable_1475" span="word_2712..word_2726" mmax_level="unit"  subject="no-subject"  verbed="verbed-no"  utype="listitem"  finite="no-finite" />
<markable id="markable_1478" span="word_2733..word_2744" mmax_level="unit"  subject="no-subject"  verbed="verbed-no"  utype="parenthetical"  finite="no-finite" />
<markable id="markable_1479" span="word_2740..word_2744" mmax_level="unit"  subject="full-subject"  verbed="verbed-yes"  utype="paren-rel"  finite="finite-yes" />
<markable id="markable_1480" span="word_2746..word_2748" mmax_level="unit"  subject="full-subject"  verbed="verbed-yes"  utype="main"  finite="finite-yes" />
<markable id="markable_1481" span="word_2751..word_2758" mmax_level="unit"  subject="full-subject"  verbed="verbed-yes"  utype="main"  finite="finite-yes" />
<markable id="markable_1482" span="word_2757..word_2758" mmax_level="unit"  subject="no-subject"  verbed="verbed-no"  utype="parenthetical"  finite="no-finite" />
<markable id="markable_1483" span="word_2760..word_2768" mmax_level="unit"  subject="no-subject"  verbed="verbed-no"  utype="main"  finite="no-finite" />
<markable id="markable_1484" span="word_2764..word_2768" mmax_level="unit"  subject="no-subject"  verbed="verbed-no"  utype="parenthetical"  finite="no-finite" />
<markable id="markable_1485" span="word_2769..word_2783" mmax_level="unit"  subject="full-subject"  verbed="verbed-yes"  utype="main"  finite="finite-yes" />
<markable id="markable_1486" span="word_2779..word_2782" mmax_level="unit"  subject="no-subject"  verbed="verbed-yes"  utype="adjunct"  finite="finite-yes" />
<markable id="markable_1487" span="word_2784..word_2802" mmax_level="unit"  subject="full-subject"  verbed="verbed-yes"  utype="main"  finite="finite-yes" />
<markable id="markable_1488" span="word_2803..word_2816" mmax_level="unit"  subject="full-subject"  verbed="verbed-yes"  utype="main"  finite="finite-yes" />
<markable id="markable_1489" span="word_2817..word_2823" mmax_level="unit"  subject="full-subject"  verbed="verbed-yes"  utype="main"  finite="finite-yes" />
<markable id="markable_1200" span="word_566..word_572" mmax_level="unit"  subject="no-subject"  verbed="verbed-no"  utype="parenthetical"  finite="no-finite" />
<markable id="markable_1202" span="word_581..word_590" mmax_level="unit"  subject="no-subject"  verbed="verbed-yes"  utype="coord-vp"  finite="finite-no" />
<markable id="markable_1201" span="word_573..word_590" mmax_level="unit"  subject="relpro"  verbed="verbed-yes"  utype="paren-rel"  finite="finite-yes" />
<markable id="markable_1204" span="word_600..word_610" mmax_level="unit"  subject="full-subject"  verbed="verbed-yes"  utype="main"  finite="finite-no" />
<markable id="markable_1203" span="word_591..word_598" mmax_level="unit"  subject="no-subject"  verbed="verbed-yes"  utype="main"  finite="finite-yes" />
<markable id="markable_1206" span="word_612..word_614" mmax_level="unit"  subject="full-subject"  verbed="verbed-yes"  utype="main"  finite="finite-yes" />
<markable id="markable_1205" span="word_601..word_603" mmax_level="unit"  subject="no-subject"  verbed="verbed-no"  utype="preposed-pp"  finite="no-finite" />
<markable id="markable_1303" span="word_1332..word_1340" mmax_level="unit"  subject="full-subject"  verbed="verbed-yes"  utype="main"  finite="finite-yes" />
<markable id="markable_1302" span="word_1316..word_1330" mmax_level="unit"  subject="empty-subject"  verbed="verbed-yes"  utype="complement"  finite="finite-yes" />
<markable id="markable_1305" span="word_1355..word_1371" mmax_level="unit"  subject="full-subject"  verbed="verbed-yes"  utype="main"  finite="finite-yes" />
<markable id="markable_1304" span="word_1346..word_1354" mmax_level="unit"  subject="empty-subject"  verbed="verbed-yes"  utype="main"  finite="finite-yes" />
<markable id="markable_1301" span="word_1312..word_1330" mmax_level="unit"  subject="full-subject"  verbed="verbed-yes"  utype="main"  finite="finite-yes" />
<markable id="markable_1300" span="word_1302..word_1310" mmax_level="unit"  subject="no-subject"  verbed="verbed-yes"  utype="relative"  finite="finite-no" />
<markable id="markable_1415" span="word_2239..word_2258" mmax_level="unit"  subject="full-subject"  verbed="verbed-yes"  utype="main"  finite="finite-yes" />
<markable id="markable_1414" span="word_2228..word_2237" mmax_level="unit"  subject="full-subject"  verbed="verbed-yes"  utype="main"  finite="finite-yes" />
<markable id="markable_1413" span="word_2223..word_2226" mmax_level="unit"  subject="no-subject"  verbed="verbed-no"  utype="parenthetical"  finite="no-finite" />
<markable id="markable_1412" span="word_2218..word_2226" mmax_level="unit"  subject="no-subject"  verbed="verbed-no"  utype="parenthetical"  finite="no-finite" />
<markable id="markable_1550" span="word_3217..word_3225" mmax_level="unit"  subject="relpro"  verbed="verbed-yes"  utype="relative"  finite="finite-yes" />
<markable id="markable_1411" span="word_2213..word_2217" mmax_level="unit"  subject="no-subject"  verbed="verbed-yes"  utype="paren-rel"  finite="finite-no" />
<markable id="markable_1209" span="word_628..word_647" mmax_level="unit"  subject="full-subject"  verbed="verbed-yes"  utype="main"  finite="finite-yes" />
<markable id="markable_1410" span="word_2203..word_2208" mmax_level="unit"  subject="full-subject"  verbed="verbed-yes"  utype="subject"  finite="finite-yes" />
<markable id="markable_1208" span="word_626" mmax_level="unit"  subject="no-subject"  verbed="verbed-no"  utype="disc-marker"  finite="no-finite" />
<markable id="markable_1207" span="word_617..word_623" mmax_level="unit"  subject="full-subject"  verbed="verbed-yes"  utype="main"  finite="finite-yes" />
<markable id="markable_1554" span="word_3248..word_3251" mmax_level="unit"  subject="relpro"  verbed="verbed-yes"  utype="relative"  finite="finite-yes" />
<markable id="markable_1553" span="word_3238..word_3252" mmax_level="unit"  subject="full-subject"  verbed="verbed-yes"  utype="main"  finite="finite-yes" />
<markable id="markable_1552" span="word_3234..word_3237" mmax_level="unit"  subject="full-subject"  verbed="verbed-yes"  utype="adjunct"  finite="finite-yes" />
<markable id="markable_1551" span="word_3227..word_3237" mmax_level="unit"  subject="full-subject"  verbed="verbed-yes"  utype="main"  finite="finite-yes" />
<markable id="markable_1558" span="word_3278" mmax_level="unit"  subject="no-subject"  verbed="verbed-no"  utype="disc-marker"  finite="no-finite" />
<markable id="markable_1557" span="word_3270..word_3275" mmax_level="unit"  subject="full-subject"  verbed="verbed-yes"  utype="main"  finite="finite-yes" />
<markable id="markable_1556" span="word_3260..word_3269" mmax_level="unit"  subject="full-subject"  verbed="verbed-yes"  utype="main"  finite="finite-yes" />
<markable id="markable_1555" span="word_3253..word_3258" mmax_level="unit"  subject="full-subject"  verbed="verbed-yes"  utype="main"  finite="finite-yes" />
<markable id="markable_1355" span="word_1762..word_1768" mmax_level="unit"  subject="full-subject"  verbed="verbed-yes"  utype="main"  finite="finite-yes" />
<markable id="markable_1356" span="word_1765..word_1768" mmax_level="unit"  subject="no-subject"  verbed="verbed-yes"  utype="relative"  finite="finite-no" />
<markable id="markable_1548" span="word_3197..word_3201" mmax_level="unit"  subject="relpro"  verbed="verbed-yes"  utype="paren-rel"  finite="finite-yes" />
<markable id="markable_1353" span="word_1746..word_1752" mmax_level="unit"  subject="full-subject"  verbed="verbed-yes"  utype="main"  finite="finite-yes" />
<markable id="markable_1549" span="word_3208..word_3225" mmax_level="unit"  subject="full-subject"  verbed="verbed-yes"  utype="main"  finite="finite-yes" />
<markable id="markable_1354" span="word_1753..word_1761" mmax_level="unit"  subject="full-subject"  verbed="verbed-yes"  utype="main"  finite="finite-yes" />
<markable id="markable_1359" span="word_1788..word_1798" mmax_level="unit"  subject="full-subject"  verbed="verbed-yes"  utype="main"  finite="finite-yes" />
<markable id="markable_1357" span="word_1769..word_1786" mmax_level="unit"  subject="empty-subject"  verbed="verbed-yes"  utype="main"  finite="finite-yes" />
<markable id="markable_1358" span="word_1776..word_1780" mmax_level="unit"  subject="no-subject"  verbed="verbed-yes"  utype="complement"  finite="finite-no" />
<markable id="markable_1216" span="word_694..word_703" mmax_level="unit"  subject="no-subject"  verbed="verbed-yes"  utype="parenthetical"  finite="finite-no" />
<markable id="markable_1217" span="word_699..word_703" mmax_level="unit"  subject="no-subject"  verbed="verbed-yes"  utype="complement"  finite="finite-no" />
<markable id="markable_1214" span="word_682..word_685" mmax_level="unit"  subject="no-subject"  verbed="verbed-no"  utype="parenthetical"  finite="no-finite" />
<markable id="markable_1409" span="word_2203..word_2227" mmax_level="unit"  subject="full-subject"  verbed="verbed-yes"  utype="main"  finite="finite-yes" />
<markable id="markable_1215" span="word_687..word_714" mmax_level="unit"  subject="full-subject"  verbed="verbed-yes"  utype="main"  finite="finite-no" />
<markable id="markable_1212" span="word_666..word_671" mmax_level="unit"  subject="full-subject"  verbed="verbed-yes"  utype="main"  finite="finite-yes" />
<markable id="markable_1351" span="word_1720..word_1730" mmax_level="unit"  subject="full-subject"  verbed="verbed-yes"  utype="main"  finite="finite-yes" />
<markable id="markable_1407" span="word_2192..word_2193" mmax_level="unit"  subject="no-subject"  verbed="verbed-no"  utype="disc-marker"  finite="no-finite" />
<markable id="markable_1213" span="word_673..word_685" mmax_level="unit"  subject="full-subject"  verbed="verbed-yes"  utype="main"  finite="finite-yes" />
<markable id="markable_1352" span="word_1731..word_1745" mmax_level="unit"  subject="full-subject"  verbed="verbed-yes"  utype="main"  finite="finite-yes" />
<markable id="markable_1408" span="word_2194..word_2200" mmax_level="unit"  subject="full-subject"  verbed="verbed-yes"  utype="main"  finite="finite-yes" />
<markable id="markable_1210" span="word_636..word_646" mmax_level="unit"  subject="relpro"  verbed="verbed-yes"  utype="paren-rel"  finite="finite-yes" />
<markable id="markable_1405" span="word_2165..word_2175" mmax_level="unit"  subject="full-subject"  verbed="verbed-yes"  utype="complement"  finite="finite-yes" />
<markable id="markable_1211" span="word_648..word_665" mmax_level="unit"  subject="full-subject"  verbed="verbed-yes"  utype="main"  finite="finite-yes" />
<markable id="markable_1350" span="word_1710..word_1718" mmax_level="unit"  subject="full-subject"  verbed="verbed-yes"  utype="main"  finite="finite-yes" />
<markable id="markable_1406" span="word_2176..word_2189" mmax_level="unit"  subject="full-subject"  verbed="verbed-yes"  utype="main"  finite="finite-yes" />
<markable id="markable_1424" span="word_2319..word_2325" mmax_level="unit"  subject="no-subject"  verbed="verbed-yes"  utype="paren-rel"  finite="finite-no" />
<markable id="markable_1423" span="word_2309..word_2325" mmax_level="unit"  subject="relpro"  verbed="verbed-yes"  utype="relative"  finite="finite-yes" />
<markable id="markable_1426" span="word_2333..word_2336" mmax_level="unit"  subject="relpro"  verbed="verbed-yes"  utype="relative"  finite="finite-yes" />
<markable id="markable_1425" span="word_2327..word_2336" mmax_level="unit"  subject="full-subject"  verbed="verbed-yes"  utype="main"  finite="finite-yes" />
<markable id="markable_1219" span="word_708..word_714" mmax_level="unit"  subject="no-subject"  verbed="verbed-yes"  utype="parenthetical"  finite="finite-no" />
<markable id="markable_1420" span="word_2284..word_2301" mmax_level="unit"  subject="full-subject"  verbed="verbed-yes"  utype="main"  finite="finite-yes" />
<markable id="markable_1218" span="word_704..word_707" mmax_level="unit"  subject="no-subject"  verbed="verbed-yes"  utype="parenthetical"  finite="finite-no" />
<markable id="markable_1561" span="word_3295..word_3299" mmax_level="unit"  subject="full-subject"  verbed="verbed-yes"  utype="main"  finite="finite-yes" />
<markable id="markable_1422" span="word_2302..word_2325" mmax_level="unit"  subject="full-subject"  verbed="verbed-yes"  utype="main"  finite="finite-yes" />
<markable id="markable_1560" span="word_3283..word_3294" mmax_level="unit"  subject="full-subject"  verbed="verbed-yes"  utype="main"  finite="finite-yes" />
<markable id="markable_1421" span="word_2294..word_2296" mmax_level="unit"  subject="full-subject"  verbed="verbed-yes"  utype="parenthetical"  finite="finite-yes" />
<markable id="markable_1562" span="word_3302..word_3308" mmax_level="unit"  subject="full-subject"  verbed="verbed-yes"  utype="main"  finite="finite-yes" />
<markable id="markable_1559" span="word_3281..word_3282" mmax_level="unit"  subject="no-subject"  verbed="verbed-no"  utype="disc-marker"  finite="no-finite" />
<markable id="markable_1364" span="word_1827..word_1843" mmax_level="unit"  subject="full-subject"  verbed="verbed-yes"  utype="main"  finite="finite-yes" />
<markable id="markable_1365" span="word_1834..word_1843" mmax_level="unit"  subject="full-subject"  verbed="verbed-yes"  utype="adjunct"  finite="finite-yes" />
<markable id="markable_1366" span="word_1846" mmax_level="unit"  subject="no-subject"  verbed="verbed-no"  utype="disc-marker"  finite="no-finite" />
<markable id="markable_1220" span="word_715..word_737" mmax_level="unit"  subject="full-subject"  verbed="verbed-yes"  utype="main"  finite="finite-yes" />
<markable id="markable_1367" span="word_1848..word_1858" mmax_level="unit"  subject="full-subject"  verbed="verbed-yes"  utype="main"  finite="finite-yes" />
<markable id="markable_1368" span="word_1861..word_1862" mmax_level="unit"  subject="no-subject"  verbed="verbed-no"  utype="disc-marker"  finite="no-finite" />
<markable id="markable_1369" span="word_1863..word_1877" mmax_level="unit"  subject="full-subject"  verbed="verbed-yes"  utype="main"  finite="finite-yes" />
<markable id="markable_1225" span="word_754..word_762" mmax_level="unit"  subject="no-subject"  verbed="verbed-no"  utype="title"  finite="no-finite" />
<markable id="markable_1226" span="word_760..word_762" mmax_level="unit"  subject="no-subject"  verbed="verbed-no"  utype="paren-app"  finite="no-finite" />
<markable id="markable_1227" span="word_764" mmax_level="unit"  subject="no-subject"  verbed="verbed-no"  utype="disc-marker"  finite="no-finite" />
<markable id="markable_1228" span="word_765..word_799" mmax_level="unit"  subject="full-subject"  verbed="verbed-yes"  utype="main"  finite="finite-yes" />
<markable id="markable_1221" span="word_726..word_737" mmax_level="unit"  subject="no-subject"  verbed="verbed-no"  utype="paren-app"  finite="no-finite" />
<markable id="markable_1360" span="word_1795..word_1798" mmax_level="unit"  subject="no-subject"  verbed="verbed-yes"  utype="paren-rel"  finite="finite-yes" />
<markable id="markable_1416" span="word_2252..word_2258" mmax_level="unit"  subject="no-subject"  verbed="verbed-no"  utype="parenthetical"  finite="no-finite" />
<markable id="markable_1222" span="word_732..word_737" mmax_level="unit"  subject="relpro"  verbed="verbed-yes"  utype="relative"  finite="finite-yes" />
<markable id="markable_1361" span="word_1799..word_1813" mmax_level="unit"  subject="full-subject"  verbed="verbed-yes"  utype="main"  finite="finite-yes" />
<markable id="markable_1417" span="word_2260..word_2267" mmax_level="unit"  subject="no-subject"  verbed="verbed-no"  utype="title"  finite="no-finite" />
<markable id="markable_1223" span="word_740..word_752" mmax_level="unit"  subject="empty-subject"  verbed="verbed-yes"  utype="main"  finite="finite-yes" />
<markable id="markable_1362" span="word_1808..word_1813" mmax_level="unit"  subject="no-subject"  verbed="verbed-yes"  utype="paren-rel"  finite="finite-yes" />
<markable id="markable_1418" span="word_2266..word_2267" mmax_level="unit"  subject="no-subject"  verbed="verbed-no"  utype="paren-app"  finite="no-finite" />
<markable id="markable_1224" span="word_746..word_752" mmax_level="unit"  subject="relpro"  verbed="verbed-yes"  utype="relative"  finite="finite-yes" />
<markable id="markable_1363" span="word_1814..word_1825" mmax_level="unit"  subject="full-subject"  verbed="verbed-yes"  utype="main"  finite="finite-yes" />
<markable id="markable_1419" span="word_2269..word_2281" mmax_level="unit"  subject="full-subject"  verbed="verbed-yes"  utype="main"  finite="finite-yes" />
<markable id="markable_1433" span="word_2378..word_2380" mmax_level="unit"  subject="no-subject"  verbed="verbed-no"  utype="paren-app"  finite="no-finite" />
<markable id="markable_1432" span="word_2372..word_2380" mmax_level="unit"  subject="no-subject"  verbed="verbed-no"  utype="title"  finite="no-finite" />
<markable id="markable_1431" span="word_2365..word_2370" mmax_level="unit"  subject="full-subject"  verbed="verbed-yes"  utype="complement"  finite="finite-yes" />
<markable id="markable_1229" span="word_765..word_767" mmax_level="unit"  subject="no-subject"  verbed="verbed-no"  utype="disc-marker"  finite="no-finite" />
<markable id="markable_1430" span="word_2363..word_2370" mmax_level="unit"  subject="full-subject"  verbed="verbed-yes"  utype="main"  finite="finite-yes" />
<markable id="markable_1437" span="word_2405" mmax_level="unit"  subject="no-subject"  verbed="verbed-no"  utype="disc-marker"  finite="no-finite" />
<markable id="markable_1436" span="word_2399..word_2403" mmax_level="unit"  subject="no-subject"  verbed="verbed-no"  utype="main"  finite="no-finite" />
<markable id="markable_1435" span="word_2395..word_2396" mmax_level="unit"  subject="no-subject"  verbed="verbed-no"  utype="main"  finite="no-finite" />
<markable id="markable_1434" span="word_2382..word_2393" mmax_level="unit"  subject="full-subject"  verbed="verbed-yes"  utype="main"  finite="finite-yes" />
<markable id="markable_1536" span="word_3113..word_3120" mmax_level="unit"  subject="relpro"  verbed="verbed-yes"  utype="relative"  finite="finite-yes" />
<markable id="markable_1535" span="word_3099..word_3120" mmax_level="unit"  subject="full-subject"  verbed="verbed-yes"  utype="main"  finite="finite-yes" />
<markable id="markable_1534" span="word_3097" mmax_level="unit"  subject="no-subject"  verbed="verbed-no"  utype="disc-marker"  finite="no-finite" />
<markable id="markable_1533" span="word_3093..word_3095" mmax_level="unit"  subject="no-subject"  verbed="verbed-no"  utype="paren-app"  finite="no-finite" />
<markable id="markable_1532" span="word_3087..word_3095" mmax_level="unit"  subject="no-subject"  verbed="verbed-no"  utype="title"  finite="no-finite" />
<markable id="markable_1531" span="word_3080..word_3085" mmax_level="unit"  subject="full-subject"  verbed="verbed-yes"  utype="main"  finite="finite-yes" />
<markable id="markable_1530" span="word_3070..word_3079" mmax_level="unit"  subject="full-subject"  verbed="verbed-yes"  utype="main"  finite="finite-yes" />
<markable id="markable_1329" span="word_1522..word_1531" mmax_level="unit"  subject="full-subject"  verbed="verbed-yes"  utype="main"  finite="finite-yes" />
<markable id="markable_1328" span="word_1513..word_1521" mmax_level="unit"  subject="full-subject"  verbed="verbed-yes"  utype="main"  finite="finite-yes" />
<markable id="markable_1337" span="word_1592..word_1602" mmax_level="unit"  subject="full-subject"  verbed="verbed-yes"  utype="main"  finite="finite-yes" />
<markable id="markable_1338" span="word_1604..word_1608" mmax_level="unit"  subject="full-subject"  verbed="verbed-yes"  utype="main"  finite="finite-yes" />
<markable id="markable_1335" span="word_1583..word_1590" mmax_level="unit"  subject="no-subject"  verbed="verbed-no"  utype="title"  finite="no-finite" />
<markable id="markable_1336" span="word_1589..word_1590" mmax_level="unit"  subject="no-subject"  verbed="verbed-no"  utype="paren-app"  finite="no-finite" />
<markable id="markable_1528" span="word_3060..word_3064" mmax_level="unit"  subject="no-subject"  verbed="verbed-no"  utype="parenthetical"  finite="no-finite" />
<markable id="markable_1230" span="word_779..word_799" mmax_level="unit"  subject="no-subject"  verbed="verbed-no"  utype="paren-app"  finite="no-finite" />
<markable id="markable_1333" span="word_1570..word_1581" mmax_level="unit"  subject="full-subject"  verbed="verbed-yes"  utype="main"  finite="finite-yes" />
<markable id="markable_1529" span="word_3066..word_3069" mmax_level="unit"  subject="empty-subject"  verbed="verbed-yes"  utype="complement"  finite="finite-yes" />
<markable id="markable_1231" span="word_784..word_791" mmax_level="unit"  subject="no-subject"  verbed="verbed-no"  utype="parenthetical"  finite="no-finite" />
<markable id="markable_1334" span="word_1576..word_1581" mmax_level="unit"  subject="no-subject"  verbed="verbed-yes"  utype="complement"  finite="finite-no" />
<markable id="markable_1526" span="word_3049..word_3052" mmax_level="unit"  subject="relpro"  verbed="verbed-yes"  utype="relative"  finite="finite-yes" />
<markable id="markable_1331" span="word_1542..word_1550" mmax_level="unit"  subject="full-subject"  verbed="verbed-yes"  utype="appositive"  finite="finite-yes" />
<markable id="markable_1527" span="word_3053..word_3065" mmax_level="unit"  subject="empty-subject"  verbed="verbed-yes"  utype="complement"  finite="finite-yes" />
<markable id="markable_1332" span="word_1557..word_1568" mmax_level="unit"  subject="full-subject"  verbed="verbed-yes"  utype="main"  finite="finite-yes" />
<markable id="markable_1234" span="word_819..word_850" mmax_level="unit"  subject="full-subject"  verbed="verbed-yes"  utype="main"  finite="finite-yes" />
<markable id="markable_1429" span="word_2357..word_2361" mmax_level="unit"  subject="no-subject"  verbed="verbed-no"  utype="parenthetical"  finite="no-finite" />
<markable id="markable_1235" span="word_829..word_850" mmax_level="unit"  subject="relpro"  verbed="verbed-yes"  utype="relative"  finite="finite-yes" />
<markable id="markable_1330" span="word_1532..word_1555" mmax_level="unit"  subject="full-subject"  verbed="verbed-yes"  utype="main"  finite="finite-yes" />
<markable id="markable_1232" span="word_792..word_799" mmax_level="unit"  subject="relpro"  verbed="verbed-yes"  utype="relative"  finite="finite-yes" />
<markable id="markable_1427" span="word_2338..word_2343" mmax_level="unit"  subject="no-subject"  verbed="verbed-no"  utype="main"  finite="no-finite" />
<markable id="markable_1233" span="word_801..word_818" mmax_level="unit"  subject="full-subject"  verbed="verbed-yes"  utype="main"  finite="finite-yes" />
<markable id="markable_1428" span="word_2344..word_2361" mmax_level="unit"  subject="full-subject"  verbed="verbed-yes"  utype="main"  finite="finite-yes" />
<markable id="markable_1238" span="word_861..word_866" mmax_level="unit"  subject="full-subject"  verbed="verbed-yes"  utype="main"  finite="finite-yes" />
<markable id="markable_1239" span="word_867..word_890" mmax_level="unit"  subject="full-subject"  verbed="verbed-yes"  utype="main"  finite="finite-yes" />
<markable id="markable_1236" span="word_837..word_850" mmax_level="unit"  subject="full-subject"  verbed="verbed-yes"  utype="adjunct"  finite="finite-yes" />
<markable id="markable_1237" span="word_851..word_860" mmax_level="unit"  subject="full-subject"  verbed="verbed-yes"  utype="main"  finite="finite-yes" />
<markable id="markable_1442" span="word_2435..word_2450" mmax_level="unit"  subject="relpro"  verbed="verbed-yes"  utype="relative"  finite="finite-yes" />
<markable id="markable_1441" span="word_2431..word_2434" mmax_level="unit"  subject="no-subject"  verbed="verbed-no"  utype="parenthetical"  finite="no-finite" />
<markable id="markable_1444" span="word_2452..word_2479" mmax_level="unit"  subject="full-subject"  verbed="verbed-yes"  utype="main"  finite="finite-no" />
<markable id="markable_1443" span="word_2450" mmax_level="unit"  subject="no-subject"  verbed="verbed-no"  utype="parenthetical"  finite="no-finite" />
<markable id="markable_1446" span="word_2464..word_2479" mmax_level="unit"  subject="relpro"  verbed="verbed-yes"  utype="relative"  finite="finite-no" />
<markable id="markable_1445" span="word_2458..word_2479" mmax_level="unit"  subject="no-subject"  verbed="verbed-yes"  utype="complement"  finite="finite-no" />
<markable id="markable_1448" span="word_2481..word_2489" mmax_level="unit"  subject="full-subject"  verbed="verbed-yes"  utype="main"  finite="finite-yes" />
<markable id="markable_1447" span="word_2473..word_2479" mmax_level="unit"  subject="no-subject"  verbed="verbed-no"  utype="parenthetical"  finite="no-finite" />
<markable id="markable_1545" span="word_3175..word_3207" mmax_level="unit"  subject="no-subject"  verbed="verbed-yes"  utype="complement"  finite="finite-no" />
<markable id="markable_1544" span="word_3172..word_3207" mmax_level="unit"  subject="full-subject"  verbed="verbed-yes"  utype="main"  finite="finite-yes" />
<markable id="markable_1547" span="word_3187..word_3207" mmax_level="unit"  subject="no-subject"  verbed="verbed-yes"  utype="complement"  finite="finite-yes" />
<markable id="markable_1546" span="word_3180..word_3186" mmax_level="unit"  subject="full-subject"  verbed="verbed-yes"  utype="parenthetical"  finite="finite-yes" />
<markable id="markable_1541" span="word_3144..word_3167" mmax_level="unit"  subject="full-subject"  verbed="verbed-yes"  utype="main"  finite="finite-yes" />
<markable id="markable_1540" span="word_3132..word_3141" mmax_level="unit"  subject="full-subject"  verbed="verbed-yes"  utype="main"  finite="finite-yes" />
<markable id="markable_1339" span="word_1610..word_1616" mmax_level="unit"  subject="full-subject"  verbed="verbed-yes"  utype="main"  finite="finite-yes" />
<markable id="markable_1543" span="word_3170" mmax_level="unit"  subject="no-subject"  verbed="verbed-no"  utype="disc-marker"  finite="no-finite" />
<markable id="markable_1440" span="word_2423..word_2450" mmax_level="unit"  subject="full-subject"  verbed="verbed-yes"  utype="main"  finite="finite-yes" />
<markable id="markable_1542" span="word_3153..word_3167" mmax_level="unit"  subject="relpro"  verbed="verbed-yes"  utype="relative"  finite="finite-yes" />
<markable id="markable_1346" span="word_1662..word_1668" mmax_level="unit"  subject="relpro"  verbed="verbed-yes"  utype="relative"  finite="finite-yes" />
<markable id="markable_1347" span="word_1670..word_1708" mmax_level="unit"  subject="full-subject"  verbed="verbed-yes"  utype="main"  finite="finite-yes" />
<markable id="markable_1348" span="word_1681..word_1683" mmax_level="unit"  subject="relpro"  verbed="verbed-yes"  utype="relative"  finite="finite-yes" />
<markable id="markable_1349" span="word_1700..word_1708" mmax_level="unit"  subject="relpro"  verbed="verbed-yes"  utype="paren-app"  finite="finite-yes" />
<markable id="markable_1537" span="word_3117..word_3120" mmax_level="unit"  subject="no-subject"  verbed="verbed-yes"  utype="complement"  finite="finite-no" />
<markable id="markable_1342" span="word_1630..word_1635" mmax_level="unit"  subject="full-subject"  verbed="verbed-yes"  utype="main"  finite="finite-yes" />
<markable id="markable_1538" span="word_3126" mmax_level="unit"  subject="no-subject"  verbed="verbed-no"  utype="disc-marker"  finite="no-finite" />
<markable id="markable_1240" span="word_874..word_890" mmax_level="unit"  subject="relpro"  verbed="verbed-yes"  utype="relative"  finite="no-finite" />
<markable id="markable_1343" span="word_1644..word_1650" mmax_level="unit"  subject="full-subject"  verbed="verbed-yes"  utype="main"  finite="finite-yes" />
<markable id="markable_1539" span="word_3128..word_3129" mmax_level="unit"  subject="no-subject"  verbed="verbed-no"  utype="main"  finite="no-finite" />
<markable id="markable_1241" span="word_886..word_890" mmax_level="unit"  subject="relpro"  verbed="verbed-yes"  utype="relative"  finite="no-finite" />
<markable id="markable_1344" span="word_1652..word_1669" mmax_level="unit"  subject="full-subject"  verbed="verbed-yes"  utype="main"  finite="finite-no" />
<markable id="markable_1242" span="word_892..word_898" mmax_level="unit"  subject="no-subject"  verbed="verbed-no"  utype="title"  finite="no-finite" />
<markable id="markable_1345" span="word_1656..word_1669" mmax_level="unit"  subject="empty-subject"  verbed="verbed-yes"  utype="complement"  finite="finite-yes" />
<markable id="markable_1243" span="word_898" mmax_level="unit"  subject="no-subject"  verbed="verbed-no"  utype="paren-app"  finite="no-finite" />
<markable id="markable_1438" span="word_2407..word_2422" mmax_level="unit"  subject="full-subject"  verbed="verbed-yes"  utype="main"  finite="finite-yes" />
<markable id="markable_1244" span="word_900..word_941" mmax_level="unit"  subject="full-subject"  verbed="verbed-yes"  utype="main"  finite="finite-yes" />
<markable id="markable_1439" span="word_2416..word_2422" mmax_level="unit"  subject="relpro"  verbed="verbed-yes"  utype="relative"  finite="finite-yes" />
<markable id="markable_1245" span="word_903..word_907" mmax_level="unit"  subject="relpro"  verbed="verbed-yes"  utype="relative"  finite="finite-yes" />
<markable id="markable_1340" span="word_1619..word_1629" mmax_level="unit"  subject="full-subject"  verbed="verbed-yes"  utype="main"  finite="finite-yes" />
<markable id="markable_1246" span="word_915..word_918" mmax_level="unit"  subject="relpro"  verbed="verbed-yes"  utype="paren-rel"  finite="finite-yes" />
<markable id="markable_1341" span="word_1624..word_1629" mmax_level="unit"  subject="relpro"  verbed="verbed-yes"  utype="relative"  finite="finite-yes" />
<markable id="markable_1247" span="word_923..word_941" mmax_level="unit"  subject="full-subject"  verbed="verbed-yes"  utype="adjunct"  finite="finite-yes" />
<markable id="markable_1248" span="word_930..word_941" mmax_level="unit"  subject="relpro"  verbed="verbed-yes"  utype="relative"  finite="finite-yes" />
<markable id="markable_1249" span="word_943..word_950" mmax_level="unit"  subject="no-subject"  verbed="verbed-no"  utype="title"  finite="no-finite" />
<markable id="markable_1147" span="word_166..word_174" mmax_level="unit"  subject="full-subject"  verbed="verbed-yes"  utype="main"  finite="finite-yes" />
<markable id="markable_1286" span="word_1208..word_1215" mmax_level="unit"  subject="relpro"  verbed="verbed-yes"  utype="relative"  finite="finite-yes" />
<markable id="markable_1146" span="word_149..word_155" mmax_level="unit"  subject="full-subject"  verbed="verbed-yes"  utype="adjunct"  finite="finite-yes" />
<markable id="markable_1285" span="word_1199..word_1207" mmax_level="unit"  subject="no-subject"  verbed="verbed-yes"  utype="parenthetical"  finite="finite-yes" />
<markable id="markable_1145" span="word_148..word_165" mmax_level="unit"  subject="full-subject"  verbed="verbed-yes"  utype="main"  finite="finite-yes" />
<markable id="markable_1284" span="word_1192..word_1194" mmax_level="unit"  subject="no-subject"  verbed="verbed-yes"  utype="complement"  finite="finite-no" />
<markable id="markable_1144" span="word_144..word_146" mmax_level="unit"  subject="relpro"  verbed="verbed-yes"  utype="relative"  finite="finite-yes" />
<markable id="markable_1283" span="word_1189..word_1194" mmax_level="unit"  subject="full-subject"  verbed="verbed-yes"  utype="relative"  finite="finite-yes" />
<markable id="markable_1282" span="word_1183..word_1215" mmax_level="unit"  subject="full-subject"  verbed="verbed-yes"  utype="main"  finite="finite-yes" />
<markable id="markable_1281" span="word_1177..word_1180" mmax_level="unit"  subject="full-subject"  verbed="verbed-yes"  utype="main"  finite="finite-yes" />
<markable id="markable_1149" span="word_186..word_191" mmax_level="unit"  subject="no-subject"  verbed="verbed-no"  utype="title"  finite="no-finite" />
<markable id="markable_1280" span="word_1165..word_1175" mmax_level="unit"  subject="full-subject"  verbed="verbed-yes"  utype="main"  finite="finite-yes" />
<markable id="markable_1148" span="word_176..word_184" mmax_level="unit"  subject="full-subject"  verbed="verbed-yes"  utype="main"  finite="finite-yes" />
<markable id="markable_1143" span="word_140..word_147" mmax_level="unit"  subject="no-subject"  verbed="verbed-yes"  utype="coord-vp"  finite="finite-yes" />
<markable id="markable_1142" span="word_133..word_136" mmax_level="unit"  subject="no-subject"  verbed="verbed-no"  utype="paren-app"  finite="no-finite" />
<markable id="markable_1289" span="word_1236..word_1239" mmax_level="unit"  subject="relpro"  verbed="verbed-yes"  utype="relative"  finite="finite-yes" />
<markable id="markable_1141" span="word_131..word_136" mmax_level="unit"  subject="full-subject"  verbed="verbed-yes"  utype="main"  finite="finite-yes" />
<markable id="markable_1288" span="word_1226..word_1240" mmax_level="unit"  subject="full-subject"  verbed="verbed-yes"  utype="main"  finite="finite-yes" />
<markable id="markable_1140" span="word_121..word_130" mmax_level="unit"  subject="full-subject"  verbed="verbed-yes"  utype="main"  finite="finite-yes" />
<markable id="markable_1287" span="word_1217..word_1225" mmax_level="unit"  subject="full-subject"  verbed="verbed-yes"  utype="main"  finite="finite-yes" />
<markable id="markable_1134" span="word_79..word_119" mmax_level="unit"  subject="full-subject"  verbed="verbed-yes"  utype="main"  finite="finite-yes" />
<markable id="markable_1273" span="word_1130..word_1137" mmax_level="unit"  subject="relpro"  verbed="verbed-yes"  utype="relative"  finite="finite-yes" />
<markable id="markable_1133" span="word_72..word_77" mmax_level="unit"  subject="full-subject"  verbed="verbed-yes"  utype="adjunct"  finite="finite-yes" />
<markable id="markable_1272" span="word_1111..word_1118" mmax_level="unit"  subject="no-subject"  verbed="verbed-yes"  utype="parenthetical"  finite="finite-no" />
<markable id="markable_1136" span="word_89..word_119" mmax_level="unit"  subject="no-subject"  verbed="verbed-yes"  utype="complement"  finite="finite-no" />
<markable id="markable_1275" span="word_1147..word_1154" mmax_level="unit"  subject="no-subject"  verbed="verbed-no"  utype="title"  finite="no-finite" />
<markable id="markable_1135" span="word_81..word_85" mmax_level="unit"  subject="no-subject"  verbed="verbed-no"  utype="preposed-pp"  finite="no-finite" />
<markable id="markable_1274" span="word_1139..word_1145" mmax_level="unit"  subject="full-subject"  verbed="verbed-yes"  utype="main"  finite="finite-yes" />
<markable id="markable_1138" span="word_98..word_119" mmax_level="unit"  subject="full-subject"  verbed="verbed-yes"  utype="adjunct"  finite="finite-yes" />
<markable id="markable_1137" span="word_92..word_96" mmax_level="unit"  subject="no-subject"  verbed="verbed-yes"  utype="appositive"  finite="finite-no" />
<markable id="markable_1271" span="word_1110..word_1138" mmax_level="unit"  subject="full-subject"  verbed="verbed-yes"  utype="main"  finite="finite-yes" />
<markable id="markable_1139" span="word_114..word_119" mmax_level="unit"  subject="full-subject"  verbed="verbed-yes"  utype="adjunct"  finite="finite-yes" />
<markable id="markable_1270" span="word_1093..word_1108" mmax_level="unit"  subject="full-subject"  verbed="verbed-yes"  utype="main"  finite="finite-yes" />
<markable id="markable_1130" span="word_51..word_77" mmax_level="unit"  subject="full-subject"  verbed="verbed-yes"  utype="main"  finite="finite-yes" />
<markable id="markable_1277" span="word_1156" mmax_level="unit"  subject="no-subject"  verbed="verbed-no"  utype="disc-marker"  finite="no-finite" />
<markable id="markable_1276" span="word_1153..word_1154" mmax_level="unit"  subject="no-subject"  verbed="verbed-no"  utype="paren-app"  finite="no-finite" />
<markable id="markable_1132" span="word_65..word_77" mmax_level="unit"  subject="full-subject"  verbed="verbed-yes"  utype="complement"  finite="finite-yes" />
<markable id="markable_1279" span="word_1162..word_1163" mmax_level="unit"  subject="no-subject"  verbed="verbed-no"  utype="disc-marker"  finite="no-finite" />
<markable id="markable_1131" span="word_63..word_77" mmax_level="unit"  subject="no-subject"  verbed="verbed-yes"  utype="paren-rel"  finite="finite-yes" />
<markable id="markable_1278" span="word_1158..word_1161" mmax_level="unit"  subject="full-subject"  verbed="verbed-yes"  utype="main"  finite="finite-yes" />
<markable id="markable_1260" span="word_992..word_1009" mmax_level="unit"  subject="no-subject"  verbed="verbed-yes"  utype="complement"  finite="finite-no" />
<markable id="markable_1169" span="word_317..word_319" mmax_level="unit"  subject="no-subject"  verbed="verbed-no"  utype="parenthetical"  finite="no-finite" />
<markable id="markable_1264" span="word_1021..word_1055" mmax_level="unit"  subject="full-subject"  verbed="verbed-yes"  utype="main"  finite="finite-no" />
<markable id="markable_1168" span="word_311..word_333" mmax_level="unit"  subject="full-subject"  verbed="verbed-yes"  utype="adjunct"  finite="finite-yes" />
<markable id="markable_1263" span="word_1011..word_1019" mmax_level="unit"  subject="full-subject"  verbed="verbed-yes"  utype="main"  finite="finite-yes" />
<markable id="markable_1167" span="word_311..word_346" mmax_level="unit"  subject="no-subject"  verbed="verbed-yes"  utype="main"  finite="finite-yes" />
<markable id="markable_1262" span="word_995..word_997" mmax_level="unit"  subject="no-subject"  verbed="verbed-no"  utype="disc-marker"  finite="no-finite" />
<markable id="markable_1166" span="word_306..word_309" mmax_level="unit"  subject="relpro"  verbed="verbed-yes"  utype="relative"  finite="finite-yes" />
<markable id="markable_1261" span="word_995..word_1000" mmax_level="unit"  subject="no-subject"  verbed="verbed-no"  utype="parenthetical"  finite="no-finite" />
<markable id="markable_1165" span="word_288..word_295" mmax_level="unit"  subject="no-subject"  verbed="verbed-yes"  utype="relative"  finite="finite-no" />
<markable id="markable_1268" span="word_1072..word_1081" mmax_level="unit"  subject="no-subject"  verbed="verbed-no"  utype="paren-app"  finite="no-finite" />
<markable id="markable_1164" span="word_282..word_309" mmax_level="unit"  subject="full-subject"  verbed="verbed-yes"  utype="adjunct"  finite="finite-yes" />
<markable id="markable_1267" span="word_1066..word_1070" mmax_level="unit"  subject="no-subject"  verbed="verbed-yes"  utype="relative"  finite="finite-no" />
<markable id="markable_1163" span="word_269..word_309" mmax_level="unit"  subject="full-subject"  verbed="verbed-yes"  utype="main"  finite="finite-no" />
<markable id="markable_1266" span="word_1057..word_1081" mmax_level="unit"  subject="full-subject"  verbed="verbed-yes"  utype="main"  finite="finite-no" />
<markable id="markable_1162" span="word_260..word_264" mmax_level="unit"  subject="relpro"  verbed="verbed-yes"  utype="paren-rel"  finite="finite-yes" />
<markable id="markable_1265" span="word_1033..word_1055" mmax_level="unit"  subject="full-subject"  verbed="verbed-yes"  utype="adjunct"  finite="finite-yes" />
<markable id="markable_1161" span="word_258..word_268" mmax_level="unit"  subject="no-subject"  verbed="verbed-no"  utype="paren-rel"  finite="no-finite" />
<markable id="markable_1160" span="word_253..word_268" mmax_level="unit"  subject="no-subject"  verbed="verbed-yes"  utype="appositive"  finite="finite-no" />
<markable id="markable_1269" span="word_1083..word_1092" mmax_level="unit"  subject="full-subject"  verbed="verbed-yes"  utype="main"  finite="finite-yes" />
<markable id="markable_1159" span="word_243..word_246" mmax_level="unit"  subject="relpro"  verbed="verbed-yes"  utype="relative"  finite="finite-yes" />
<markable id="markable_1156" span="word_223..word_227" mmax_level="unit"  subject="full-subject"  verbed="verbed-yes"  utype="subject"  finite="finite-yes" />
<markable id="markable_1251" span="word_952..word_953" mmax_level="unit"  subject="no-subject"  verbed="verbed-no"  utype="disc-marker"  finite="no-finite" />
<markable id="markable_1155" span="word_223..word_239" mmax_level="unit"  subject="no-subject"  verbed="verbed-yes"  utype="main"  finite="finite-yes" />
<markable id="markable_1250" span="word_949..word_950" mmax_level="unit"  subject="no-subject"  verbed="verbed-no"  utype="paren-app"  finite="no-finite" />
<markable id="markable_1158" span="word_241..word_268" mmax_level="unit"  subject="full-subject"  verbed="verbed-yes"  utype="main"  finite="finite-yes" />
<markable id="markable_1253" span="word_956..word_972" mmax_level="unit"  subject="full-subject"  verbed="verbed-yes"  utype="main"  finite="finite-yes" />
<markable id="markable_1157" span="word_237..word_239" mmax_level="unit"  subject="relpro"  verbed="verbed-yes"  utype="relative"  finite="finite-yes" />
<markable id="markable_1252" span="word_954" mmax_level="unit"  subject="no-subject"  verbed="verbed-no"  utype="disc-marker"  finite="no-finite" />
<markable id="markable_1152" span="word_197..word_209" mmax_level="unit"  subject="full-subject"  verbed="verbed-yes"  utype="main"  finite="finite-yes" />
<markable id="markable_1255" span="word_974..word_978" mmax_level="unit"  subject="full-subject"  verbed="verbed-yes"  utype="main"  finite="finite-yes" />
<markable id="markable_1151" span="word_195" mmax_level="unit"  subject="no-subject"  verbed="verbed-no"  utype="disc-marker"  finite="no-finite" />
<markable id="markable_1254" span="word_956..word_964" mmax_level="unit"  subject="no-subject"  verbed="verbed-yes"  utype="preposed-pp"  finite="finite-no" />
<markable id="markable_1154" span="word_221" mmax_level="unit"  subject="no-subject"  verbed="verbed-no"  utype="disc-marker"  finite="no-finite" />
<markable id="markable_1257" span="word_983..word_1009" mmax_level="unit"  subject="full-subject"  verbed="verbed-yes"  utype="main"  finite="finite-yes" />
<markable id="markable_1153" span="word_211..word_218" mmax_level="unit"  subject="empty-subject"  verbed="verbed-yes"  utype="main"  finite="finite-yes" />
<markable id="markable_1256" span="word_981" mmax_level="unit"  subject="no-subject"  verbed="verbed-no"  utype="disc-marker"  finite="no-finite" />
<markable id="markable_1259" span="word_987..word_988" mmax_level="unit"  subject="no-subject"  verbed="verbed-yes"  utype="complement"  finite="finite-no" />
<markable id="markable_1258" span="word_984..word_990" mmax_level="unit"  subject="full-subject"  verbed="verbed-yes"  utype="subject"  finite="finite-yes" />
<markable id="markable_1150" span="word_193..word_194" mmax_level="unit"  subject="no-subject"  verbed="verbed-no"  utype="disc-marker"  finite="no-finite" />
<markable id="markable_1182" span="word_425..word_426" mmax_level="unit"  subject="no-subject"  verbed="verbed-no"  utype="disc-marker"  finite="no-finite" />
<markable id="markable_1183" span="word_427..word_476" mmax_level="unit"  subject="full-subject"  verbed="verbed-yes"  utype="main"  finite="finite-yes" />
<markable id="markable_1180" span="word_407..word_423" mmax_level="unit"  subject="full-subject"  verbed="verbed-yes"  utype="main"  finite="finite-yes" />
<markable id="markable_1181" span="word_420..word_422" mmax_level="unit"  subject="no-subject"  verbed="verbed-no"  utype="paren-app"  finite="no-finite" />
<markable id="markable_1186" span="word_448..word_476" mmax_level="unit"  subject="relpro"  verbed="verbed-yes"  utype="relative"  finite="finite-yes" />
<markable id="markable_1187" span="word_458..word_476" mmax_level="unit"  subject="no-subject"  verbed="verbed-yes"  utype="coord-vp"  finite="finite-yes" />
<markable id="markable_1184" span="word_436..word_439" mmax_level="unit"  subject="relpro"  verbed="verbed-yes"  utype="relative"  finite="finite-no" />
<markable id="markable_1185" span="word_441..word_476" mmax_level="unit"  subject="relpro"  verbed="verbed-yes"  utype="relative"  finite="finite-yes" />
<markable id="markable_1188" span="word_478..word_489" mmax_level="unit"  subject="full-subject"  verbed="verbed-yes"  utype="main"  finite="finite-yes" />
<markable id="markable_1189" span="word_491..word_499" mmax_level="unit"  subject="full-subject"  verbed="verbed-yes"  utype="main"  finite="finite-yes" />
<markable id="markable_1389" span="word_2003..word_2009" mmax_level="unit"  subject="no-subject"  verbed="verbed-no"  utype="main"  finite="no-finite" />
<markable id="markable_1388" span="word_1995..word_2000" mmax_level="unit"  subject="relpro"  verbed="verbed-yes"  utype="paren-app"  finite="finite-yes" />
<markable id="markable_1387" span="word_1985..word_2001" mmax_level="unit"  subject="full-subject"  verbed="verbed-yes"  utype="main"  finite="finite-yes" />
<markable id="markable_1386" span="word_1977..word_1984" mmax_level="unit"  subject="full-subject"  verbed="verbed-yes"  utype="main"  finite="finite-yes" />
<markable id="markable_1381" span="word_1935..word_1955" mmax_level="unit"  subject="full-subject"  verbed="verbed-yes"  utype="main"  finite="finite-yes" />
<markable id="markable_1380" span="word_1926..word_1934" mmax_level="unit"  subject="full-subject"  verbed="verbed-yes"  utype="main"  finite="finite-yes" />
<markable id="markable_1385" span="word_1972..word_1975" mmax_level="unit"  subject="full-subject"  verbed="verbed-yes"  utype="main"  finite="finite-yes" />
<markable id="markable_1384" span="word_1963..word_1967" mmax_level="unit"  subject="no-subject"  verbed="verbed-no"  utype="paren-app"  finite="no-finite" />
<markable id="markable_1383" span="word_1957..word_1968" mmax_level="unit"  subject="no-subject"  verbed="verbed-no"  utype="title"  finite="no-finite" />
<markable id="markable_1382" span="word_1939..word_1947" mmax_level="unit"  subject="full-subject"  verbed="verbed-yes"  utype="adjunct"  finite="finite-yes" />
<markable id="markable_1170" span="word_325..word_333" mmax_level="unit"  subject="full-subject"  verbed="verbed-yes"  utype="paren-rel"  finite="finite-yes" />
<markable id="markable_1171" span="word_334..word_341" mmax_level="unit"  subject="empty-subject"  verbed="verbed-yes"  utype="subject"  finite="finite-yes" />
<markable id="markable_1172" span="word_347..word_376" mmax_level="unit"  subject="full-subject"  verbed="verbed-yes"  utype="main"  finite="finite-yes" />
<markable id="markable_1173" span="word_360..word_366" mmax_level="unit"  subject="no-subject"  verbed="verbed-yes"  utype="paren-rel"  finite="finite-no" />
<markable id="markable_1174" span="word_368..word_376" mmax_level="unit"  subject="no-subject"  verbed="verbed-yes"  utype="complement"  finite="finite-yes" />
<markable id="markable_1175" span="word_378..word_389" mmax_level="unit"  subject="full-subject"  verbed="verbed-yes"  utype="main"  finite="finite-yes" />
<markable id="markable_1176" span="word_391..word_399" mmax_level="unit"  subject="no-subject"  verbed="verbed-no"  utype="title"  finite="no-finite" />
<markable id="markable_1177" span="word_397..word_399" mmax_level="unit"  subject="no-subject"  verbed="verbed-no"  utype="paren-app"  finite="no-finite" />
<markable id="markable_1178" span="word_401..word_402" mmax_level="unit"  subject="no-subject"  verbed="verbed-no"  utype="disc-marker"  finite="no-finite" />
<markable id="markable_1179" span="word_403..word_405" mmax_level="unit"  subject="full-subject"  verbed="verbed-yes"  utype="main"  finite="finite-yes" />
<markable id="markable_1376" span="word_1902..word_1911" mmax_level="unit"  subject="full-subject"  verbed="verbed-yes"  utype="main"  finite="finite-yes" />
<markable id="markable_1375" span="word_1896..word_1899" mmax_level="unit"  subject="no-subject"  verbed="verbed-no"  utype="main"  finite="no-finite" />
<markable id="markable_1378" span="word_1916..word_1919" mmax_level="unit"  subject="full-subject"  verbed="verbed-yes"  utype="main"  finite="finite-yes" />
<markable id="markable_1377" span="word_1914..word_1915" mmax_level="unit"  subject="no-subject"  verbed="verbed-no"  utype="disc-marker"  finite="no-finite" />
<markable id="markable_1379" span="word_1921..word_1924" mmax_level="unit"  subject="no-subject"  verbed="verbed-no"  utype="main"  finite="no-finite" />
<markable id="markable_1370" span="word_1863..word_1871" mmax_level="unit"  subject="full-subject"  verbed="verbed-yes"  utype="adjunct"  finite="finite-yes" />
<markable id="markable_1372" span="word_1881..word_1883" mmax_level="unit"  subject="full-subject"  verbed="verbed-yes"  utype="complement"  finite="finite-yes" />
<markable id="markable_1371" span="word_1879..word_1885" mmax_level="unit"  subject="full-subject"  verbed="verbed-yes"  utype="main"  finite="finite-yes" />
<markable id="markable_1374" span="word_1887..word_1889" mmax_level="unit"  subject="no-subject"  verbed="verbed-no"  utype="preposed-pp"  finite="no-finite" />
<markable id="markable_1373" span="word_1887..word_1894" mmax_level="unit"  subject="full-subject"  verbed="verbed-yes"  utype="main"  finite="finite-yes" />
<markable id="markable_1129" span="word_43..word_50" mmax_level="unit"  subject="full-subject"  verbed="verbed-yes"  utype="main"  finite="finite-yes" />
<markable id="markable_1128" span="word_30..word_34" mmax_level="unit"  subject="full-subject"  verbed="verbed-yes"  utype="subject"  finite="finite-yes" />
<markable id="markable_1127" span="word_29..word_41" mmax_level="unit"  subject="full-subject"  verbed="verbed-yes"  utype="complement"  finite="finite-yes" />
<markable id="markable_1126" span="word_17..word_27" mmax_level="unit"  subject="full-subject"  verbed="verbed-yes"  utype="parenthetical"  finite="finite-yes" />
<markable id="markable_1125" span="word_13..word_16" mmax_level="unit"  subject="no-subject"  verbed="verbed-yes"  utype="relative"  finite="finite-no" />
<markable id="markable_1124" span="word_8..word_41" mmax_level="unit"  subject="no-subject"  verbed="verbed-no"  utype="main"  finite="no-finite" />
<markable id="markable_1123" span="word_1..word_6" mmax_level="unit"  subject="no-subject"  verbed="verbed-no"  utype="title"  finite="no-finite" />
<markable id="markable_1195" span="word_531..word_534" mmax_level="unit"  subject="relpro"  verbed="verbed-yes"  utype="relative"  finite="finite-yes" />
<markable id="markable_1298" span="word_1292..word_1296" mmax_level="unit"  subject="empty-subject"  verbed="verbed-yes"  utype="subject"  finite="finite-yes" />
<markable id="markable_1196" span="word_536..word_590" mmax_level="unit"  subject="full-subject"  verbed="verbed-yes"  utype="main"  finite="finite-yes" />
<markable id="markable_1299" span="word_1298..word_1310" mmax_level="unit"  subject="full-subject"  verbed="verbed-yes"  utype="complement"  finite="finite-yes" />
<markable id="markable_1197" span="word_540..word_541" mmax_level="unit"  subject="full-subject"  verbed="verbed-yes"  utype="relative"  finite="finite-yes" />
<markable id="markable_1198" span="word_554..word_590" mmax_level="unit"  subject="no-subject"  verbed="verbed-yes"  utype="parenthetical"  finite="finite-no" />
<markable id="markable_1191" span="word_506..word_509" mmax_level="unit"  subject="relpro"  verbed="verbed-yes"  utype="relative"  finite="finite-yes" />
<markable id="markable_1192" span="word_510..word_522" mmax_level="unit"  subject="full-subject"  verbed="verbed-yes"  utype="main"  finite="finite-yes" />
<markable id="markable_1193" span="word_524..word_525" mmax_level="unit"  subject="no-subject"  verbed="verbed-no"  utype="disc-marker"  finite="no-finite" />
<markable id="markable_1194" span="word_526..word_535" mmax_level="unit"  subject="full-subject"  verbed="verbed-yes"  utype="main"  finite="finite-yes" />
<markable id="markable_1290" span="word_1241..word_1251" mmax_level="unit"  subject="full-subject"  verbed="verbed-yes"  utype="main"  finite="finite-no" />
<markable id="markable_1291" span="word_1247..word_1251" mmax_level="unit"  subject="no-subject"  verbed="verbed-yes"  utype="complement"  finite="finite-no" />
<markable id="markable_1292" span="word_1253..word_1260" mmax_level="unit"  subject="full-subject"  verbed="verbed-yes"  utype="main"  finite="finite-yes" />
<markable id="markable_1293" span="word_1261..word_1278" mmax_level="unit"  subject="full-subject"  verbed="verbed-yes"  utype="main"  finite="finite-yes" />
<markable id="markable_1199" span="word_560..word_590" mmax_level="unit"  subject="no-subject"  verbed="verbed-yes"  utype="complement"  finite="finite-no" />
<markable id="markable_1294" span="word_1275..word_1278" mmax_level="unit"  subject="no-subject"  verbed="verbed-yes"  utype="relative"  finite="finite-no" />
<markable id="markable_1295" span="word_1281..word_1289" mmax_level="unit"  subject="full-subject"  verbed="verbed-yes"  utype="main"  finite="finite-yes" />
<markable id="markable_1296" span="word_1286..word_1289" mmax_level="unit"  subject="relpro"  verbed="verbed-yes"  utype="relative"  finite="finite-yes" />
<markable id="markable_1297" span="word_1292..word_1310" mmax_level="unit"  subject="full-subject"  verbed="verbed-yes"  utype="main"  finite="finite-yes" />
<markable id="markable_1491" span="word_2829..word_2844" mmax_level="unit"  subject="full-subject"  verbed="verbed-yes"  utype="main"  finite="finite-yes" />
<markable id="markable_1490" span="word_2824..word_2827" mmax_level="unit"  subject="full-subject"  verbed="verbed-yes"  utype="main"  finite="finite-yes" />
<markable id="markable_1398" span="word_2110..word_2116" mmax_level="unit"  subject="full-subject"  verbed="verbed-yes"  utype="main"  finite="finite-yes" />
<markable id="markable_1493" span="word_2846..word_2855" mmax_level="unit"  subject="no-subject"  verbed="verbed-no"  utype="title"  finite="no-finite" />
<markable id="markable_1397" span="word_2088..word_2107" mmax_level="unit"  subject="full-subject"  verbed="verbed-yes"  utype="main"  finite="finite-yes" />
<markable id="markable_1492" span="word_2835..word_2838" mmax_level="unit"  subject="no-subject"  verbed="verbed-yes"  utype="complement"  finite="finite-no" />
<markable id="markable_1495" span="word_2857..word_2869" mmax_level="unit"  subject="full-subject"  verbed="verbed-yes"  utype="main"  finite="finite-yes" />
<markable id="markable_1399" span="word_2119..word_2125" mmax_level="unit"  subject="full-subject"  verbed="verbed-yes"  utype="main"  finite="finite-yes" />
<markable id="markable_1494" span="word_2853..word_2855" mmax_level="unit"  subject="no-subject"  verbed="verbed-no"  utype="paren-app"  finite="no-finite" />
<markable id="markable_1394" span="word_2055..word_2066" mmax_level="unit"  subject="no-subject"  verbed="verbed-no"  utype="paren-app"  finite="no-finite" />
<markable id="markable_1497" span="word_2871..word_2889" mmax_level="unit"  subject="full-subject"  verbed="verbed-yes"  utype="main"  finite="finite-yes" />
<markable id="markable_1393" span="word_2037..word_2086" mmax_level="unit"  subject="full-subject"  verbed="verbed-yes"  utype="main"  finite="finite-yes" />
<markable id="markable_1496" span="word_2866..word_2869" mmax_level="unit"  subject="full-subject"  verbed="verbed-yes"  utype="parenthetical"  finite="finite-yes" />
<markable id="markable_1190" span="word_501..word_509" mmax_level="unit"  subject="full-subject"  verbed="verbed-yes"  utype="main"  finite="finite-yes" />
<markable id="markable_1396" span="word_2082..word_2086" mmax_level="unit"  subject="relpro"  verbed="verbed-yes"  utype="paren-app"  finite="finite-yes" />
<markable id="markable_1499" span="word_2880..word_2889" mmax_level="unit"  subject="no-subject"  verbed="verbed-yes"  utype="complement"  finite="finite-no" />
<markable id="markable_1395" span="word_2073..word_2086" mmax_level="unit"  subject="relpro"  verbed="verbed-yes"  utype="relative"  finite="finite-yes" />
<markable id="markable_1498" span="word_2871..word_2876" mmax_level="unit"  subject="empty-subject"  verbed="verbed-yes"  utype="subject"  finite="finite-yes" />
<markable id="markable_1390" span="word_2011..word_2020" mmax_level="unit"  subject="full-subject"  verbed="verbed-yes"  utype="main"  finite="finite-yes" />
<markable id="markable_1392" span="word_2023..word_2027" mmax_level="unit"  subject="full-subject"  verbed="verbed-yes"  utype="subject"  finite="finite-yes" />
<markable id="markable_1391" span="word_2022..word_2035" mmax_level="unit"  subject="full-subject"  verbed="verbed-yes"  utype="main"  finite="finite-yes" />
</markables>
