<?xml version="1.0" encoding="MacRoman"?>
<!DOCTYPE markables SYSTEM "markables.dtd">
<markables xmlns="www.eml.org/NameSpaces/chunk">
<markable id="markable_0" span="word_1..word_2" tag="np" mmax_level="chunk" />
<markable id="markable_1" span="word_4..word_5" tag="np" mmax_level="chunk" />
<markable id="markable_2" span="word_7..word_8" tag="np" mmax_level="chunk" />
<markable id="markable_3" span="word_9..word_12" tag="np" mmax_level="chunk" />
<markable id="markable_4" span="word_16" tag="np" mmax_level="chunk" />
<markable id="markable_5" span="word_19" tag="np" mmax_level="chunk" />
<markable id="markable_6" span="word_22" tag="np" mmax_level="chunk" />
<markable id="markable_7" span="word_24..word_25" tag="np" mmax_level="chunk" />
<markable id="markable_8" span="word_31" tag="np" mmax_level="chunk" />
<markable id="markable_9" span="word_37..word_39" tag="np" mmax_level="chunk" />
<markable id="markable_10" span="word_41" tag="np" mmax_level="chunk" />
<markable id="markable_11" span="word_43" tag="np" mmax_level="chunk" />
<markable id="markable_12" span="word_45" tag="np" mmax_level="chunk" />
<markable id="markable_13" span="word_48..word_49" tag="np" mmax_level="chunk" />
<markable id="markable_14" span="word_52" tag="np" mmax_level="chunk" />
<markable id="markable_15" span="word_55..word_57" tag="np" mmax_level="chunk" />
<markable id="markable_16" span="word_59..word_61" tag="np" mmax_level="chunk" />
<markable id="markable_17" span="word_67" tag="np" mmax_level="chunk" />
<markable id="markable_18" span="word_70..word_71" tag="np" mmax_level="chunk" />
<markable id="markable_19" span="word_73" tag="np" mmax_level="chunk" />
<markable id="markable_20" span="word_77" tag="np" mmax_level="chunk" />
<markable id="markable_21" span="word_82..word_84" tag="np" mmax_level="chunk" />
<markable id="markable_22" span="word_86" tag="np" mmax_level="chunk" />
<markable id="markable_23" span="word_90..word_91" tag="np" mmax_level="chunk" />
<markable id="markable_24" span="word_93..word_94" tag="np" mmax_level="chunk" />
<markable id="markable_25" span="word_96" tag="np" mmax_level="chunk" />
<markable id="markable_26" span="word_100" tag="np" mmax_level="chunk" />
<markable id="markable_27" span="word_103" tag="np" mmax_level="chunk" />
<markable id="markable_28" span="word_105..word_106" tag="np" mmax_level="chunk" />
<markable id="markable_29" span="word_110" tag="np" mmax_level="chunk" />
<markable id="markable_30" span="word_112..word_113" tag="np" mmax_level="chunk" />
<markable id="markable_31" span="word_115" tag="np" mmax_level="chunk" />
<markable id="markable_32" span="word_119" tag="np" mmax_level="chunk" />
<markable id="markable_33" span="word_122" tag="np" mmax_level="chunk" />
<markable id="markable_34" span="word_125..word_127" tag="np" mmax_level="chunk" />
<markable id="markable_35" span="word_129" tag="np" mmax_level="chunk" />
<markable id="markable_36" span="word_131..word_132" tag="np" mmax_level="chunk" />
<markable id="markable_37" span="word_134..word_135" tag="np" mmax_level="chunk" />
<markable id="markable_38" span="word_142..word_143" tag="np" mmax_level="chunk" />
<markable id="markable_39" span="word_145" tag="np" mmax_level="chunk" />
<markable id="markable_40" span="word_150" tag="np" mmax_level="chunk" />
<markable id="markable_41" span="word_154" tag="np" mmax_level="chunk" />
<markable id="markable_42" span="word_156" tag="np" mmax_level="chunk" />
<markable id="markable_43" span="word_159..word_161" tag="np" mmax_level="chunk" />
<markable id="markable_44" span="word_163..word_164" tag="np" mmax_level="chunk" />
<markable id="markable_45" span="word_167" tag="np" mmax_level="chunk" />
<markable id="markable_46" span="word_170..word_174" tag="np" mmax_level="chunk" />
<markable id="markable_47" span="word_176..word_178" tag="np" mmax_level="chunk" />
<markable id="markable_48" span="word_181" tag="np" mmax_level="chunk" />
<markable id="markable_49" span="word_183..word_184" tag="np" mmax_level="chunk" />
<markable id="markable_50" span="word_186..word_187" tag="np" mmax_level="chunk" />
<markable id="markable_51" span="word_189..word_190" tag="np" mmax_level="chunk" />
<markable id="markable_52" span="word_198" tag="np" mmax_level="chunk" />
<markable id="markable_53" span="word_201..word_202" tag="np" mmax_level="chunk" />
<markable id="markable_54" span="word_204..word_205" tag="np" mmax_level="chunk" />
<markable id="markable_55" span="word_206" tag="np" mmax_level="chunk" />
<markable id="markable_56" span="word_208..word_209" tag="np" mmax_level="chunk" />
<markable id="markable_57" span="word_211" tag="np" mmax_level="chunk" />
<markable id="markable_58" span="word_213..word_214" tag="np" mmax_level="chunk" />
<markable id="markable_59" span="word_216..word_217" tag="np" mmax_level="chunk" />
<markable id="markable_60" span="word_220" tag="np" mmax_level="chunk" />
<markable id="markable_61" span="word_224" tag="np" mmax_level="chunk" />
<markable id="markable_62" span="word_227" tag="np" mmax_level="chunk" />
<markable id="markable_63" span="word_229" tag="np" mmax_level="chunk" />
<markable id="markable_64" span="word_231..word_232" tag="np" mmax_level="chunk" />
<markable id="markable_65" span="word_234..word_235" tag="np" mmax_level="chunk" />
<markable id="markable_66" span="word_241..word_242" tag="np" mmax_level="chunk" />
<markable id="markable_67" span="word_245..word_246" tag="np" mmax_level="chunk" />
<markable id="markable_68" span="word_251..word_252" tag="np" mmax_level="chunk" />
<markable id="markable_69" span="word_255..word_257" tag="np" mmax_level="chunk" />
<markable id="markable_70" span="word_259" tag="np" mmax_level="chunk" />
<markable id="markable_71" span="word_266..word_267" tag="np" mmax_level="chunk" />
<markable id="markable_72" span="word_270" tag="np" mmax_level="chunk" />
<markable id="markable_73" span="word_273..word_274" tag="np" mmax_level="chunk" />
<markable id="markable_74" span="word_275..word_280" tag="np" mmax_level="chunk" />
<markable id="markable_75" span="word_284..word_285" tag="np" mmax_level="chunk" />
<markable id="markable_76" span="word_287" tag="np" mmax_level="chunk" />
<markable id="markable_77" span="word_290..word_291" tag="np" mmax_level="chunk" />
<markable id="markable_78" span="word_294..word_295" tag="np" mmax_level="chunk" />
<markable id="markable_79" span="word_297..word_299" tag="np" mmax_level="chunk" />
<markable id="markable_80" span="word_301..word_302" tag="np" mmax_level="chunk" />
<markable id="markable_81" span="word_304..word_305" tag="np" mmax_level="chunk" />
<markable id="markable_82" span="word_307" tag="np" mmax_level="chunk" />
<markable id="markable_83" span="word_313" tag="np" mmax_level="chunk" />
<markable id="markable_84" span="word_318" tag="np" mmax_level="chunk" />
<markable id="markable_85" span="word_320..word_321" tag="np" mmax_level="chunk" />
<markable id="markable_86" span="word_323..word_324" tag="np" mmax_level="chunk" />
<markable id="markable_87" span="word_326" tag="np" mmax_level="chunk" />
<markable id="markable_88" span="word_328..word_332" tag="np" mmax_level="chunk" />
<markable id="markable_89" span="word_338" tag="np" mmax_level="chunk" />
<markable id="markable_90" span="word_340..word_341" tag="np" mmax_level="chunk" />
<markable id="markable_91" span="word_344" tag="np" mmax_level="chunk" />
<markable id="markable_92" span="word_347" tag="np" mmax_level="chunk" />
<markable id="markable_93" span="word_349" tag="np" mmax_level="chunk" />
<markable id="markable_94" span="word_351..word_353" tag="np" mmax_level="chunk" />
<markable id="markable_95" span="word_355" tag="np" mmax_level="chunk" />
<markable id="markable_96" span="word_357..word_358" tag="np" mmax_level="chunk" />
<markable id="markable_97" span="word_362" tag="np" mmax_level="chunk" />
<markable id="markable_98" span="word_364" tag="np" mmax_level="chunk" />
<markable id="markable_99" span="word_366" tag="np" mmax_level="chunk" />
<markable id="markable_100" span="word_372" tag="np" mmax_level="chunk" />
<markable id="markable_101" span="word_374..word_376" tag="np" mmax_level="chunk" />
<markable id="markable_102" span="word_379..word_381" tag="np" mmax_level="chunk" />
<markable id="markable_103" span="word_383" tag="np" mmax_level="chunk" />
<markable id="markable_104" span="word_384" tag="np" mmax_level="chunk" />
<markable id="markable_105" span="word_386..word_387" tag="np" mmax_level="chunk" />
<markable id="markable_106" span="word_389" tag="np" mmax_level="chunk" />
<markable id="markable_107" span="word_391..word_392" tag="np" mmax_level="chunk" />
<markable id="markable_108" span="word_394..word_395" tag="np" mmax_level="chunk" />
<markable id="markable_109" span="word_397..word_400" tag="np" mmax_level="chunk" />
<markable id="markable_110" span="word_403" tag="np" mmax_level="chunk" />
<markable id="markable_111" span="word_408" tag="np" mmax_level="chunk" />
<markable id="markable_112" span="word_411..word_413" tag="np" mmax_level="chunk" />
<markable id="markable_113" span="word_417..word_418" tag="np" mmax_level="chunk" />
<markable id="markable_114" span="word_420..word_421" tag="np" mmax_level="chunk" />
<markable id="markable_115" span="word_427" tag="np" mmax_level="chunk" />
<markable id="markable_116" span="word_430..word_431" tag="np" mmax_level="chunk" />
<markable id="markable_117" span="word_433..word_435" tag="np" mmax_level="chunk" />
<markable id="markable_118" span="word_437" tag="np" mmax_level="chunk" />
<markable id="markable_119" span="word_443..word_444" tag="np" mmax_level="chunk" />
<markable id="markable_120" span="word_446..word_447" tag="np" mmax_level="chunk" />
<markable id="markable_121" span="word_451..word_452" tag="np" mmax_level="chunk" />
<markable id="markable_122" span="word_454" tag="np" mmax_level="chunk" />
<markable id="markable_123" span="word_456..word_457" tag="np" mmax_level="chunk" />
<markable id="markable_124" span="word_467..word_468" tag="np" mmax_level="chunk" />
<markable id="markable_125" span="word_475..word_476" tag="np" mmax_level="chunk" />
<markable id="markable_126" span="word_478" tag="np" mmax_level="chunk" />
<markable id="markable_127" span="word_484..word_485" tag="np" mmax_level="chunk" />
<markable id="markable_128" span="word_488..word_489" tag="np" mmax_level="chunk" />
<markable id="markable_129" span="word_491" tag="np" mmax_level="chunk" />
<markable id="markable_130" span="word_494..word_496" tag="np" mmax_level="chunk" />
<markable id="markable_131" span="word_498..word_499" tag="np" mmax_level="chunk" />
<markable id="markable_132" span="word_501" tag="np" mmax_level="chunk" />
<markable id="markable_133" span="word_503..word_504" tag="np" mmax_level="chunk" />
<markable id="markable_134" span="word_511..word_514" tag="np" mmax_level="chunk" />
<markable id="markable_135" span="word_516..word_519" tag="np" mmax_level="chunk" />
<markable id="markable_136" span="word_521..word_522" tag="np" mmax_level="chunk" />
<markable id="markable_137" span="word_526" tag="np" mmax_level="chunk" />
<markable id="markable_138" span="word_528..word_530" tag="np" mmax_level="chunk" />
<markable id="markable_139" span="word_532..word_533" tag="np" mmax_level="chunk" />
<markable id="markable_140" span="word_537..word_539" tag="np" mmax_level="chunk" />
<markable id="markable_141" span="word_540" tag="np" mmax_level="chunk" />
<markable id="markable_142" span="word_543..word_544" tag="np" mmax_level="chunk" />
<markable id="markable_143" span="word_546..word_547" tag="np" mmax_level="chunk" />
<markable id="markable_144" span="word_549..word_550" tag="np" mmax_level="chunk" />
<markable id="markable_145" span="word_552" tag="np" mmax_level="chunk" />
<markable id="markable_146" span="word_558" tag="np" mmax_level="chunk" />
<markable id="markable_147" span="word_561" tag="np" mmax_level="chunk" />
<markable id="markable_148" span="word_563..word_564" tag="np" mmax_level="chunk" />
<markable id="markable_149" span="word_567..word_568" tag="np" mmax_level="chunk" />
<markable id="markable_150" span="word_569" tag="np" mmax_level="chunk" />
<markable id="markable_151" span="word_575..word_578" tag="np" mmax_level="chunk" />
<markable id="markable_152" span="word_583..word_585" tag="np" mmax_level="chunk" />
<markable id="markable_153" span="word_587" tag="np" mmax_level="chunk" />
<markable id="markable_154" span="word_589..word_590" tag="np" mmax_level="chunk" />
<markable id="markable_155" span="word_602..word_603" tag="np" mmax_level="chunk" />
<markable id="markable_156" span="word_604" tag="np" mmax_level="chunk" />
<markable id="markable_157" span="word_606..word_608" tag="np" mmax_level="chunk" />
<markable id="markable_158" span="word_610" tag="np" mmax_level="chunk" />
<markable id="markable_159" span="word_612" tag="np" mmax_level="chunk" />
<markable id="markable_160" span="word_618" tag="np" mmax_level="chunk" />
<markable id="markable_161" span="word_622..word_623" tag="np" mmax_level="chunk" />
<markable id="markable_162" span="word_625..word_627" tag="np" mmax_level="chunk" />
<markable id="markable_163" span="word_628..word_629" tag="np" mmax_level="chunk" />
<markable id="markable_164" span="word_633..word_634" tag="np" mmax_level="chunk" />
<markable id="markable_165" span="word_641" tag="np" mmax_level="chunk" />
<markable id="markable_166" span="word_643..word_644" tag="np" mmax_level="chunk" />
<markable id="markable_167" span="word_646" tag="np" mmax_level="chunk" />
<markable id="markable_168" span="word_649" tag="np" mmax_level="chunk" />
<markable id="markable_169" span="word_652..word_654" tag="np" mmax_level="chunk" />
<markable id="markable_170" span="word_657..word_658" tag="np" mmax_level="chunk" />
<markable id="markable_171" span="word_661" tag="np" mmax_level="chunk" />
<markable id="markable_172" span="word_663..word_664" tag="np" mmax_level="chunk" />
<markable id="markable_173" span="word_667" tag="np" mmax_level="chunk" />
<markable id="markable_174" span="word_670..word_671" tag="np" mmax_level="chunk" />
<markable id="markable_175" span="word_677" tag="np" mmax_level="chunk" />
<markable id="markable_176" span="word_679..word_680" tag="np" mmax_level="chunk" />
<markable id="markable_177" span="word_683..word_685" tag="np" mmax_level="chunk" />
<markable id="markable_178" span="word_688" tag="np" mmax_level="chunk" />
<markable id="markable_179" span="word_695..word_698" tag="np" mmax_level="chunk" />
<markable id="markable_180" span="word_701..word_702" tag="np" mmax_level="chunk" />
<markable id="markable_181" span="word_706" tag="np" mmax_level="chunk" />
<markable id="markable_182" span="word_710..word_711" tag="np" mmax_level="chunk" />
<markable id="markable_183" span="word_713" tag="np" mmax_level="chunk" />
<markable id="markable_184" span="word_716" tag="np" mmax_level="chunk" />
<markable id="markable_185" span="word_718..word_719" tag="np" mmax_level="chunk" />
<markable id="markable_186" span="word_724..word_725" tag="np" mmax_level="chunk" />
<markable id="markable_187" span="word_727..word_731" tag="np" mmax_level="chunk" />
<markable id="markable_188" span="word_733" tag="np" mmax_level="chunk" />
<markable id="markable_189" span="word_737" tag="np" mmax_level="chunk" />
<markable id="markable_190" span="word_739" tag="np" mmax_level="chunk" />
<markable id="markable_191" span="word_743..word_745" tag="np" mmax_level="chunk" />
<markable id="markable_192" span="word_751..word_752" tag="np" mmax_level="chunk" />
<markable id="markable_193" span="word_754..word_755" tag="np" mmax_level="chunk" />
<markable id="markable_194" span="word_757..word_758" tag="np" mmax_level="chunk" />
<markable id="markable_195" span="word_760..word_763" tag="np" mmax_level="chunk" />
<markable id="markable_196" span="word_768" tag="np" mmax_level="chunk" />
<markable id="markable_197" span="word_770..word_771" tag="np" mmax_level="chunk" />
<markable id="markable_198" span="word_776..word_777" tag="np" mmax_level="chunk" />
<markable id="markable_199" span="word_779..word_780" tag="np" mmax_level="chunk" />
<markable id="markable_200" span="word_783" tag="np" mmax_level="chunk" />
<markable id="markable_201" span="word_785..word_786" tag="np" mmax_level="chunk" />
<markable id="markable_202" span="word_788..word_790" tag="np" mmax_level="chunk" />
<markable id="markable_203" span="word_794..word_796" tag="np" mmax_level="chunk" />
<markable id="markable_204" span="word_798..word_799" tag="np" mmax_level="chunk" />
<markable id="markable_205" span="word_801..word_802" tag="np" mmax_level="chunk" />
<markable id="markable_206" span="word_804..word_805" tag="np" mmax_level="chunk" />
<markable id="markable_207" span="word_807..word_809" tag="np" mmax_level="chunk" />
<markable id="markable_208" span="word_811..word_812" tag="np" mmax_level="chunk" />
<markable id="markable_209" span="word_814" tag="np" mmax_level="chunk" />
<markable id="markable_210" span="word_816..word_817" tag="np" mmax_level="chunk" />
<markable id="markable_211" span="word_820" tag="np" mmax_level="chunk" />
<markable id="markable_212" span="word_823..word_825" tag="np" mmax_level="chunk" />
<markable id="markable_213" span="word_830" tag="np" mmax_level="chunk" />
<markable id="markable_214" span="word_833" tag="np" mmax_level="chunk" />
<markable id="markable_215" span="word_838" tag="np" mmax_level="chunk" />
<markable id="markable_216" span="word_841..word_842" tag="np" mmax_level="chunk" />
<markable id="markable_217" span="word_844..word_845" tag="np" mmax_level="chunk" />
<markable id="markable_218" span="word_848" tag="np" mmax_level="chunk" />
<markable id="markable_219" span="word_851" tag="np" mmax_level="chunk" />
<markable id="markable_220" span="word_856..word_857" tag="np" mmax_level="chunk" />
<markable id="markable_221" span="word_859" tag="np" mmax_level="chunk" />
<markable id="markable_222" span="word_862" tag="np" mmax_level="chunk" />
<markable id="markable_223" span="word_865..word_866" tag="np" mmax_level="chunk" />
<markable id="markable_224" span="word_869" tag="np" mmax_level="chunk" />
<markable id="markable_225" span="word_871" tag="np" mmax_level="chunk" />
<markable id="markable_226" span="word_873" tag="np" mmax_level="chunk" />
<markable id="markable_227" span="word_877" tag="np" mmax_level="chunk" />
<markable id="markable_228" span="word_879..word_882" tag="np" mmax_level="chunk" />
<markable id="markable_229" span="word_884..word_885" tag="np" mmax_level="chunk" />
<markable id="markable_230" span="word_887" tag="np" mmax_level="chunk" />
<markable id="markable_231" span="word_892..word_893" tag="np" mmax_level="chunk" />
<markable id="markable_232" span="word_895..word_896" tag="np" mmax_level="chunk" />
<markable id="markable_233" span="word_898" tag="np" mmax_level="chunk" />
<markable id="markable_234" span="word_900..word_902" tag="np" mmax_level="chunk" />
<markable id="markable_235" span="word_907" tag="np" mmax_level="chunk" />
<markable id="markable_236" span="word_911..word_913" tag="np" mmax_level="chunk" />
<markable id="markable_237" span="word_917..word_918" tag="np" mmax_level="chunk" />
<markable id="markable_238" span="word_921" tag="np" mmax_level="chunk" />
<markable id="markable_239" span="word_924" tag="np" mmax_level="chunk" />
<markable id="markable_240" span="word_926..word_927" tag="np" mmax_level="chunk" />
<markable id="markable_241" span="word_929" tag="np" mmax_level="chunk" />
<markable id="markable_242" span="word_932" tag="np" mmax_level="chunk" />
<markable id="markable_243" span="word_935" tag="np" mmax_level="chunk" />
<markable id="markable_244" span="word_938..word_939" tag="np" mmax_level="chunk" />
<markable id="markable_245" span="word_941" tag="np" mmax_level="chunk" />
<markable id="markable_246" span="word_943..word_944" tag="np" mmax_level="chunk" />
<markable id="markable_247" span="word_946..word_947" tag="np" mmax_level="chunk" />
<markable id="markable_248" span="word_949..word_951" tag="np" mmax_level="chunk" />
<markable id="markable_249" span="word_958..word_959" tag="np" mmax_level="chunk" />
<markable id="markable_250" span="word_962..word_963" tag="np" mmax_level="chunk" />
<markable id="markable_251" span="word_966" tag="np" mmax_level="chunk" />
<markable id="markable_252" span="word_968" tag="np" mmax_level="chunk" />
<markable id="markable_253" span="word_969" tag="np" mmax_level="chunk" />
<markable id="markable_254" span="word_971" tag="np" mmax_level="chunk" />
<markable id="markable_255" span="word_974" tag="np" mmax_level="chunk" />
<markable id="markable_256" span="word_976..word_978" tag="np" mmax_level="chunk" />
<markable id="markable_257" span="word_980..word_982" tag="np" mmax_level="chunk" />
<markable id="markable_258" span="word_985" tag="np" mmax_level="chunk" />
<markable id="markable_259" span="word_990" tag="np" mmax_level="chunk" />
<markable id="markable_260" span="word_1000" tag="np" mmax_level="chunk" />
<markable id="markable_261" span="word_1002..word_1003" tag="np" mmax_level="chunk" />
<markable id="markable_262" span="word_1008..word_1009" tag="np" mmax_level="chunk" />
<markable id="markable_263" span="word_1011" tag="np" mmax_level="chunk" />
<markable id="markable_264" span="word_1015..word_1019" tag="np" mmax_level="chunk" />
<markable id="markable_265" span="word_1022" tag="np" mmax_level="chunk" />
<markable id="markable_266" span="word_1027..word_1028" tag="np" mmax_level="chunk" />
<markable id="markable_267" span="word_1030..word_1031" tag="np" mmax_level="chunk" />
<markable id="markable_268" span="word_1035" tag="np" mmax_level="chunk" />
<markable id="markable_269" span="word_1036..word_1037" tag="np" mmax_level="chunk" />
<markable id="markable_270" span="word_1039..word_1040" tag="np" mmax_level="chunk" />
<markable id="markable_271" span="word_1042" tag="np" mmax_level="chunk" />
<markable id="markable_272" span="word_1044..word_1046" tag="np" mmax_level="chunk" />
<markable id="markable_273" span="word_1050..word_1051" tag="np" mmax_level="chunk" />
<markable id="markable_274" span="word_1053..word_1054" tag="np" mmax_level="chunk" />
<markable id="markable_275" span="word_1057" tag="np" mmax_level="chunk" />
<markable id="markable_276" span="word_1061..word_1062" tag="np" mmax_level="chunk" />
<markable id="markable_277" span="word_1064..word_1065" tag="np" mmax_level="chunk" />
<markable id="markable_278" span="word_1069..word_1070" tag="np" mmax_level="chunk" />
<markable id="markable_279" span="word_1073" tag="np" mmax_level="chunk" />
<markable id="markable_280" span="word_1076" tag="np" mmax_level="chunk" />
<markable id="markable_281" span="word_1078" tag="np" mmax_level="chunk" />
<markable id="markable_282" span="word_1080..word_1081" tag="np" mmax_level="chunk" />
<markable id="markable_283" span="word_1084..word_1086" tag="np" mmax_level="chunk" />
<markable id="markable_284" span="word_1089..word_1091" tag="np" mmax_level="chunk" />
<markable id="markable_285" span="word_1094" tag="np" mmax_level="chunk" />
<markable id="markable_286" span="word_1096..word_1099" tag="np" mmax_level="chunk" />
<markable id="markable_287" span="word_1107..word_1108" tag="np" mmax_level="chunk" />
<markable id="markable_288" span="word_1114" tag="np" mmax_level="chunk" />
<markable id="markable_289" span="word_1116..word_1117" tag="np" mmax_level="chunk" />
<markable id="markable_290" span="word_1119" tag="np" mmax_level="chunk" />
<markable id="markable_291" span="word_1121..word_1123" tag="np" mmax_level="chunk" />
<markable id="markable_292" span="word_1125..word_1126" tag="np" mmax_level="chunk" />
<markable id="markable_293" span="word_1128" tag="np" mmax_level="chunk" />
<markable id="markable_294" span="word_1132" tag="np" mmax_level="chunk" />
<markable id="markable_295" span="word_1134..word_1137" tag="np" mmax_level="chunk" />
<markable id="markable_296" span="word_1139" tag="np" mmax_level="chunk" />
<markable id="markable_297" span="word_1144..word_1145" tag="np" mmax_level="chunk" />
<markable id="markable_298" span="word_1147..word_1148" tag="np" mmax_level="chunk" />
<markable id="markable_299" span="word_1150..word_1151" tag="np" mmax_level="chunk" />
<markable id="markable_300" span="word_1153..word_1155" tag="np" mmax_level="chunk" />
<markable id="markable_301" span="word_1158" tag="np" mmax_level="chunk" />
<markable id="markable_302" span="word_1166" tag="np" mmax_level="chunk" />
<markable id="markable_303" span="word_1168" tag="np" mmax_level="chunk" />
<markable id="markable_304" span="word_1170..word_1172" tag="np" mmax_level="chunk" />
<markable id="markable_305" span="word_1174..word_1175" tag="np" mmax_level="chunk" />
<markable id="markable_306" span="word_1177" tag="np" mmax_level="chunk" />
<markable id="markable_307" span="word_1179..word_1180" tag="np" mmax_level="chunk" />
<markable id="markable_308" span="word_1182" tag="np" mmax_level="chunk" />
<markable id="markable_309" span="word_1187..word_1188" tag="np" mmax_level="chunk" />
<markable id="markable_310" span="word_1189" tag="np" mmax_level="chunk" />
<markable id="markable_311" span="word_1196..word_1197" tag="np" mmax_level="chunk" />
<markable id="markable_312" span="word_1206" tag="np" mmax_level="chunk" />
<markable id="markable_313" span="word_1210..word_1211" tag="np" mmax_level="chunk" />
<markable id="markable_314" span="word_1213" tag="np" mmax_level="chunk" />
<markable id="markable_315" span="word_1215" tag="np" mmax_level="chunk" />
<markable id="markable_316" span="word_1217" tag="np" mmax_level="chunk" />
<markable id="markable_317" span="word_1223..word_1224" tag="np" mmax_level="chunk" />
<markable id="markable_318" span="word_1227" tag="np" mmax_level="chunk" />
<markable id="markable_319" span="word_1232" tag="np" mmax_level="chunk" />
<markable id="markable_320" span="word_1235" tag="np" mmax_level="chunk" />
<markable id="markable_321" span="word_1239" tag="np" mmax_level="chunk" />
<markable id="markable_322" span="word_1242" tag="np" mmax_level="chunk" />
<markable id="markable_323" span="word_1244" tag="np" mmax_level="chunk" />
<markable id="markable_324" span="word_1249" tag="np" mmax_level="chunk" />
<markable id="markable_325" span="word_1251" tag="np" mmax_level="chunk" />
<markable id="markable_326" span="word_1253" tag="np" mmax_level="chunk" />
<markable id="markable_327" span="word_1255..word_1257" tag="np" mmax_level="chunk" />
<markable id="markable_328" span="word_1258" tag="np" mmax_level="chunk" />
<markable id="markable_329" span="word_1261" tag="np" mmax_level="chunk" />
<markable id="markable_330" span="word_1264..word_1266" tag="np" mmax_level="chunk" />
<markable id="markable_331" span="word_1268..word_1270" tag="np" mmax_level="chunk" />
<markable id="markable_332" span="word_1272..word_1273" tag="np" mmax_level="chunk" />
<markable id="markable_333" span="word_1277..word_1278" tag="np" mmax_level="chunk" />
<markable id="markable_334" span="word_1283" tag="np" mmax_level="chunk" />
<markable id="markable_335" span="word_1285" tag="np" mmax_level="chunk" />
<markable id="markable_336" span="word_1291" tag="np" mmax_level="chunk" />
<markable id="markable_337" span="word_1293" tag="np" mmax_level="chunk" />
<markable id="markable_338" span="word_1299" tag="np" mmax_level="chunk" />
<markable id="markable_339" span="word_1301" tag="np" mmax_level="chunk" />
<markable id="markable_340" span="word_1303..word_1310" tag="np" mmax_level="chunk" />
<markable id="markable_341" span="word_1313" tag="np" mmax_level="chunk" />
<markable id="markable_342" span="word_1317" tag="np" mmax_level="chunk" />
<markable id="markable_343" span="word_1320..word_1321" tag="np" mmax_level="chunk" />
<markable id="markable_344" span="word_1324..word_1325" tag="np" mmax_level="chunk" />
<markable id="markable_345" span="word_1329..word_1330" tag="np" mmax_level="chunk" />
<markable id="markable_346" span="word_1334" tag="np" mmax_level="chunk" />
<markable id="markable_347" span="word_1336" tag="np" mmax_level="chunk" />
<markable id="markable_348" span="word_1337" tag="np" mmax_level="chunk" />
<markable id="markable_349" span="word_1342" tag="np" mmax_level="chunk" />
<markable id="markable_350" span="word_1346" tag="np" mmax_level="chunk" />
<markable id="markable_351" span="word_1348" tag="np" mmax_level="chunk" />
<markable id="markable_352" span="word_1350" tag="np" mmax_level="chunk" />
<markable id="markable_353" span="word_1352..word_1353" tag="np" mmax_level="chunk" />
<markable id="markable_354" span="word_1356" tag="np" mmax_level="chunk" />
<markable id="markable_355" span="word_1358..word_1361" tag="np" mmax_level="chunk" />
<markable id="markable_356" span="word_1364" tag="np" mmax_level="chunk" />
<markable id="markable_357" span="word_1370..word_1371" tag="np" mmax_level="chunk" />
<markable id="markable_358" span="word_1373..word_1374" tag="np" mmax_level="chunk" />
<markable id="markable_359" span="word_1376..word_1377" tag="np" mmax_level="chunk" />
<markable id="markable_360" span="word_1379..word_1381" tag="np" mmax_level="chunk" />
<markable id="markable_361" span="word_1387" tag="np" mmax_level="chunk" />
<markable id="markable_362" span="word_1389" tag="np" mmax_level="chunk" />
<markable id="markable_363" span="word_1390" tag="np" mmax_level="chunk" />
<markable id="markable_364" span="word_1396..word_1399" tag="np" mmax_level="chunk" />
<markable id="markable_365" span="word_1402" tag="np" mmax_level="chunk" />
<markable id="markable_366" span="word_1406" tag="np" mmax_level="chunk" />
<markable id="markable_367" span="word_1407" tag="np" mmax_level="chunk" />
<markable id="markable_368" span="word_1412" tag="np" mmax_level="chunk" />
<markable id="markable_369" span="word_1413" tag="np" mmax_level="chunk" />
<markable id="markable_370" span="word_1415" tag="np" mmax_level="chunk" />
<markable id="markable_371" span="word_1419" tag="np" mmax_level="chunk" />
<markable id="markable_372" span="word_1424..word_1425" tag="np" mmax_level="chunk" />
<markable id="markable_373" span="word_1429" tag="np" mmax_level="chunk" />
<markable id="markable_374" span="word_1431" tag="np" mmax_level="chunk" />
<markable id="markable_375" span="word_1433" tag="np" mmax_level="chunk" />
<markable id="markable_376" span="word_1435" tag="np" mmax_level="chunk" />
<markable id="markable_377" span="word_1437..word_1438" tag="np" mmax_level="chunk" />
<markable id="markable_378" span="word_1440..word_1442" tag="np" mmax_level="chunk" />
<markable id="markable_379" span="word_1445" tag="np" mmax_level="chunk" />
<markable id="markable_380" span="word_1448..word_1449" tag="np" mmax_level="chunk" />
<markable id="markable_381" span="word_1451" tag="np" mmax_level="chunk" />
<markable id="markable_382" span="word_1454..word_1457" tag="np" mmax_level="chunk" />
<markable id="markable_383" span="word_1463" tag="np" mmax_level="chunk" />
<markable id="markable_384" span="word_1465..word_1466" tag="np" mmax_level="chunk" />
<markable id="markable_385" span="word_1468" tag="np" mmax_level="chunk" />
<markable id="markable_386" span="word_1473..word_1475" tag="np" mmax_level="chunk" />
<markable id="markable_387" span="word_1477..word_1479" tag="np" mmax_level="chunk" />
<markable id="markable_388" span="word_1482" tag="np" mmax_level="chunk" />
<markable id="markable_389" span="word_1486..word_1487" tag="np" mmax_level="chunk" />
<markable id="markable_390" span="word_1489..word_1490" tag="np" mmax_level="chunk" />
<markable id="markable_391" span="word_1494" tag="np" mmax_level="chunk" />
<markable id="markable_392" span="word_1496..word_1498" tag="np" mmax_level="chunk" />
<markable id="markable_393" span="word_1501..word_1502" tag="np" mmax_level="chunk" />
<markable id="markable_394" span="word_1504..word_1505" tag="np" mmax_level="chunk" />
<markable id="markable_395" span="word_1509..word_1511" tag="np" mmax_level="chunk" />
<markable id="markable_396" span="word_1514" tag="np" mmax_level="chunk" />
<markable id="markable_397" span="word_1517..word_1520" tag="np" mmax_level="chunk" />
<markable id="markable_398" span="word_1523" tag="np" mmax_level="chunk" />
<markable id="markable_399" span="word_1525..word_1528" tag="np" mmax_level="chunk" />
<markable id="markable_400" span="word_1530" tag="np" mmax_level="chunk" />
<markable id="markable_401" span="word_1535" tag="np" mmax_level="chunk" />
<markable id="markable_402" span="word_1543" tag="np" mmax_level="chunk" />
<markable id="markable_403" span="word_1548..word_1550" tag="np" mmax_level="chunk" />
<markable id="markable_404" span="word_1553..word_1555" tag="np" mmax_level="chunk" />
<markable id="markable_405" span="word_1557" tag="np" mmax_level="chunk" />
<markable id="markable_406" span="word_1565..word_1566" tag="np" mmax_level="chunk" />
<markable id="markable_407" span="word_1568" tag="np" mmax_level="chunk" />
<markable id="markable_408" span="word_1570" tag="np" mmax_level="chunk" />
<markable id="markable_409" span="word_1573..word_1575" tag="np" mmax_level="chunk" />
<markable id="markable_410" span="word_1578..word_1579" tag="np" mmax_level="chunk" />
<markable id="markable_411" span="word_1581" tag="np" mmax_level="chunk" />
<markable id="markable_412" span="word_1583..word_1584" tag="np" mmax_level="chunk" />
<markable id="markable_413" span="word_1586..word_1587" tag="np" mmax_level="chunk" />
<markable id="markable_414" span="word_1589..word_1591" tag="np" mmax_level="chunk" />
<markable id="markable_415" span="word_1593" tag="np" mmax_level="chunk" />
<markable id="markable_416" span="word_1597..word_1598" tag="np" mmax_level="chunk" />
<markable id="markable_417" span="word_1599" tag="np" mmax_level="chunk" />
<markable id="markable_418" span="word_1601..word_1602" tag="np" mmax_level="chunk" />
<markable id="markable_419" span="word_1604" tag="np" mmax_level="chunk" />
<markable id="markable_420" span="word_1606..word_1608" tag="np" mmax_level="chunk" />
<markable id="markable_421" span="word_1611" tag="np" mmax_level="chunk" />
<markable id="markable_422" span="word_1613" tag="np" mmax_level="chunk" />
<markable id="markable_423" span="word_1614" tag="np" mmax_level="chunk" />
<markable id="markable_424" span="word_1616" tag="np" mmax_level="chunk" />
<markable id="markable_425" span="word_1618..word_1620" tag="np" mmax_level="chunk" />
<markable id="markable_426" span="word_1622..word_1623" tag="np" mmax_level="chunk" />
<markable id="markable_427" span="word_1625..word_1627" tag="np" mmax_level="chunk" />
<markable id="markable_428" span="word_1631" tag="np" mmax_level="chunk" />
<markable id="markable_429" span="word_1633" tag="np" mmax_level="chunk" />
<markable id="markable_430" span="word_1635" tag="np" mmax_level="chunk" />
<markable id="markable_431" span="word_1639" tag="np" mmax_level="chunk" />
<markable id="markable_432" span="word_1641" tag="np" mmax_level="chunk" />
<markable id="markable_433" span="word_1643" tag="np" mmax_level="chunk" />
<markable id="markable_434" span="word_1645" tag="np" mmax_level="chunk" />
<markable id="markable_435" span="word_1650" tag="np" mmax_level="chunk" />
<markable id="markable_436" span="word_1652" tag="np" mmax_level="chunk" />
<markable id="markable_437" span="word_1656" tag="np" mmax_level="chunk" />
<markable id="markable_438" span="word_1658..word_1659" tag="np" mmax_level="chunk" />
<markable id="markable_439" span="word_1661" tag="np" mmax_level="chunk" />
<markable id="markable_440" span="word_1666..word_1668" tag="np" mmax_level="chunk" />
<markable id="markable_441" span="word_1672" tag="np" mmax_level="chunk" />
<markable id="markable_442" span="word_1674..word_1675" tag="np" mmax_level="chunk" />
<markable id="markable_443" span="word_1677" tag="np" mmax_level="chunk" />
<markable id="markable_444" span="word_1682" tag="np" mmax_level="chunk" />
<markable id="markable_445" span="word_1689..word_1691" tag="np" mmax_level="chunk" />
<markable id="markable_446" span="word_1695..word_1698" tag="np" mmax_level="chunk" />
<markable id="markable_447" span="word_1702..word_1704" tag="np" mmax_level="chunk" />
<markable id="markable_448" span="word_1711..word_1712" tag="np" mmax_level="chunk" />
<markable id="markable_449" span="word_1713" tag="np" mmax_level="chunk" />
<markable id="markable_450" span="word_1715" tag="np" mmax_level="chunk" />
<markable id="markable_451" span="word_1717..word_1718" tag="np" mmax_level="chunk" />
<markable id="markable_452" span="word_1720..word_1721" tag="np" mmax_level="chunk" />
<markable id="markable_453" span="word_1723..word_1724" tag="np" mmax_level="chunk" />
<markable id="markable_454" span="word_1733..word_1734" tag="np" mmax_level="chunk" />
<markable id="markable_455" span="word_1736..word_1737" tag="np" mmax_level="chunk" />
<markable id="markable_456" span="word_1739..word_1741" tag="np" mmax_level="chunk" />
<markable id="markable_457" span="word_1743..word_1744" tag="np" mmax_level="chunk" />
<markable id="markable_458" span="word_1746" tag="np" mmax_level="chunk" />
<markable id="markable_459" span="word_1748" tag="np" mmax_level="chunk" />
<markable id="markable_460" span="word_1750..word_1751" tag="np" mmax_level="chunk" />
<markable id="markable_461" span="word_1753" tag="np" mmax_level="chunk" />
<markable id="markable_462" span="word_1756" tag="np" mmax_level="chunk" />
<markable id="markable_463" span="word_1759..word_1760" tag="np" mmax_level="chunk" />
<markable id="markable_464" span="word_1762" tag="np" mmax_level="chunk" />
<markable id="markable_465" span="word_1764" tag="np" mmax_level="chunk" />
<markable id="markable_466" span="word_1767..word_1768" tag="np" mmax_level="chunk" />
<markable id="markable_467" span="word_1770" tag="np" mmax_level="chunk" />
<markable id="markable_468" span="word_1772..word_1774" tag="np" mmax_level="chunk" />
<markable id="markable_469" span="word_1778..word_1780" tag="np" mmax_level="chunk" />
<markable id="markable_470" span="word_1782..word_1783" tag="np" mmax_level="chunk" />
<markable id="markable_471" span="word_1785..word_1786" tag="np" mmax_level="chunk" />
<markable id="markable_472" span="word_1788" tag="np" mmax_level="chunk" />
<markable id="markable_473" span="word_1790..word_1793" tag="np" mmax_level="chunk" />
<markable id="markable_474" span="word_1798" tag="np" mmax_level="chunk" />
<markable id="markable_475" span="word_1800" tag="np" mmax_level="chunk" />
<markable id="markable_476" span="word_1805" tag="np" mmax_level="chunk" />
<markable id="markable_477" span="word_1812" tag="np" mmax_level="chunk" />
<markable id="markable_478" span="word_1815" tag="np" mmax_level="chunk" />
<markable id="markable_479" span="word_1821..word_1822" tag="np" mmax_level="chunk" />
<markable id="markable_480" span="word_1825" tag="np" mmax_level="chunk" />
<markable id="markable_481" span="word_1828" tag="np" mmax_level="chunk" />
<markable id="markable_482" span="word_1832" tag="np" mmax_level="chunk" />
<markable id="markable_483" span="word_1835..word_1837" tag="np" mmax_level="chunk" />
<markable id="markable_484" span="word_1839..word_1840" tag="np" mmax_level="chunk" />
<markable id="markable_485" span="word_1842..word_1843" tag="np" mmax_level="chunk" />
<markable id="markable_486" span="word_1845..word_1846" tag="np" mmax_level="chunk" />
<markable id="markable_487" span="word_1849..word_1850" tag="np" mmax_level="chunk" />
<markable id="markable_488" span="word_1852" tag="np" mmax_level="chunk" />
<markable id="markable_489" span="word_1855" tag="np" mmax_level="chunk" />
<markable id="markable_490" span="word_1857..word_1858" tag="np" mmax_level="chunk" />
<markable id="markable_491" span="word_1865" tag="np" mmax_level="chunk" />
<markable id="markable_492" span="word_1870" tag="np" mmax_level="chunk" />
<markable id="markable_493" span="word_1872" tag="np" mmax_level="chunk" />
<markable id="markable_494" span="word_1879" tag="np" mmax_level="chunk" />
<markable id="markable_495" span="word_1882" tag="np" mmax_level="chunk" />
<markable id="markable_496" span="word_1885" tag="np" mmax_level="chunk" />
<markable id="markable_497" span="word_1888" tag="np" mmax_level="chunk" />
<markable id="markable_498" span="word_1890..word_1891" tag="np" mmax_level="chunk" />
<markable id="markable_499" span="word_1893" tag="np" mmax_level="chunk" />
<markable id="markable_500" span="word_1898" tag="np" mmax_level="chunk" />
<markable id="markable_501" span="word_1902" tag="np" mmax_level="chunk" />
<markable id="markable_502" span="word_1906..word_1908" tag="np" mmax_level="chunk" />
<markable id="markable_503" span="word_1913" tag="np" mmax_level="chunk" />
<markable id="markable_504" span="word_1914" tag="np" mmax_level="chunk" />
<markable id="markable_505" span="word_1916" tag="np" mmax_level="chunk" />
<markable id="markable_506" span="word_1922..word_1924" tag="np" mmax_level="chunk" />
<markable id="markable_507" span="word_1926" tag="np" mmax_level="chunk" />
<markable id="markable_508" span="word_1932..word_1934" tag="np" mmax_level="chunk" />
<markable id="markable_509" span="word_1937" tag="np" mmax_level="chunk" />
<markable id="markable_510" span="word_1940" tag="np" mmax_level="chunk" />
<markable id="markable_511" span="word_1942..word_1943" tag="np" mmax_level="chunk" />
<markable id="markable_512" span="word_1945..word_1946" tag="np" mmax_level="chunk" />
<markable id="markable_513" span="word_1948" tag="np" mmax_level="chunk" />
<markable id="markable_514" span="word_1953..word_1955" tag="np" mmax_level="chunk" />
<markable id="markable_515" span="word_1957..word_1958" tag="np" mmax_level="chunk" />
<markable id="markable_516" span="word_1960..word_1961" tag="np" mmax_level="chunk" />
<markable id="markable_517" span="word_1963..word_1965" tag="np" mmax_level="chunk" />
<markable id="markable_518" span="word_1967..word_1970" tag="np" mmax_level="chunk" />
<markable id="markable_519" span="word_1972" tag="np" mmax_level="chunk" />
<markable id="markable_520" span="word_1978" tag="np" mmax_level="chunk" />
<markable id="markable_521" span="word_1982..word_1983" tag="np" mmax_level="chunk" />
<markable id="markable_522" span="word_1984" tag="np" mmax_level="chunk" />
<markable id="markable_523" span="word_1987" tag="np" mmax_level="chunk" />
<markable id="markable_524" span="word_1989" tag="np" mmax_level="chunk" />
<markable id="markable_525" span="word_1992..word_1993" tag="np" mmax_level="chunk" />
<markable id="markable_526" span="word_1997..word_1998" tag="np" mmax_level="chunk" />
<markable id="markable_527" span="word_2000" tag="np" mmax_level="chunk" />
<markable id="markable_528" span="word_2003..word_2005" tag="np" mmax_level="chunk" />
<markable id="markable_529" span="word_2007..word_2009" tag="np" mmax_level="chunk" />
<markable id="markable_530" span="word_2011..word_2013" tag="np" mmax_level="chunk" />
<markable id="markable_531" span="word_2015" tag="np" mmax_level="chunk" />
<markable id="markable_532" span="word_2019..word_2020" tag="np" mmax_level="chunk" />
<markable id="markable_533" span="word_2024" tag="np" mmax_level="chunk" />
<markable id="markable_534" span="word_2029..word_2030" tag="np" mmax_level="chunk" />
<markable id="markable_535" span="word_2032" tag="np" mmax_level="chunk" />
<markable id="markable_536" span="word_2034..word_2035" tag="np" mmax_level="chunk" />
<markable id="markable_537" span="word_2037" tag="np" mmax_level="chunk" />
<markable id="markable_538" span="word_2039..word_2042" tag="np" mmax_level="chunk" />
<markable id="markable_539" span="word_2044..word_2045" tag="np" mmax_level="chunk" />
<markable id="markable_540" span="word_2048..word_2049" tag="np" mmax_level="chunk" />
<markable id="markable_541" span="word_2054" tag="np" mmax_level="chunk" />
<markable id="markable_542" span="word_2059..word_2061" tag="np" mmax_level="chunk" />
<markable id="markable_543" span="word_2063..word_2065" tag="np" mmax_level="chunk" />
<markable id="markable_544" span="word_2068..word_2070" tag="np" mmax_level="chunk" />
<markable id="markable_545" span="word_2074" tag="np" mmax_level="chunk" />
<markable id="markable_546" span="word_2084..word_2086" tag="np" mmax_level="chunk" />
<markable id="markable_547" span="word_2089" tag="np" mmax_level="chunk" />
<markable id="markable_548" span="word_2091" tag="np" mmax_level="chunk" />
<markable id="markable_549" span="word_2096" tag="np" mmax_level="chunk" />
<markable id="markable_550" span="word_2099..word_2100" tag="np" mmax_level="chunk" />
<markable id="markable_551" span="word_2103..word_2104" tag="np" mmax_level="chunk" />
<markable id="markable_552" span="word_2106..word_2107" tag="np" mmax_level="chunk" />
<markable id="markable_553" span="word_2111" tag="np" mmax_level="chunk" />
<markable id="markable_554" span="word_2115..word_2116" tag="np" mmax_level="chunk" />
<markable id="markable_555" span="word_2119" tag="np" mmax_level="chunk" />
<markable id="markable_556" span="word_2126" tag="np" mmax_level="chunk" />
<markable id="markable_557" span="word_2130" tag="np" mmax_level="chunk" />
<markable id="markable_558" span="word_2132" tag="np" mmax_level="chunk" />
<markable id="markable_559" span="word_2134" tag="np" mmax_level="chunk" />
<markable id="markable_560" span="word_2138" tag="np" mmax_level="chunk" />
<markable id="markable_561" span="word_2140..word_2141" tag="np" mmax_level="chunk" />
<markable id="markable_562" span="word_2143" tag="np" mmax_level="chunk" />
<markable id="markable_563" span="word_2146..word_2147" tag="np" mmax_level="chunk" />
<markable id="markable_564" span="word_2149" tag="np" mmax_level="chunk" />
<markable id="markable_565" span="word_2152" tag="np" mmax_level="chunk" />
<markable id="markable_566" span="word_2155..word_2156" tag="np" mmax_level="chunk" />
<markable id="markable_567" span="word_2159..word_2160" tag="np" mmax_level="chunk" />
<markable id="markable_568" span="word_2162" tag="np" mmax_level="chunk" />
<markable id="markable_569" span="word_2165..word_2166" tag="np" mmax_level="chunk" />
<markable id="markable_570" span="word_2168..word_2171" tag="np" mmax_level="chunk" />
<markable id="markable_571" span="word_2173..word_2174" tag="np" mmax_level="chunk" />
<markable id="markable_572" span="word_2177" tag="np" mmax_level="chunk" />
<markable id="markable_573" span="word_2181..word_2183" tag="np" mmax_level="chunk" />
<markable id="markable_574" span="word_2187..word_2189" tag="np" mmax_level="chunk" />
<markable id="markable_575" span="word_2191..word_2192" tag="np" mmax_level="chunk" />
<markable id="markable_576" span="word_2196" tag="np" mmax_level="chunk" />
<markable id="markable_577" span="word_2199..word_2200" tag="np" mmax_level="chunk" />
<markable id="markable_578" span="word_2202" tag="np" mmax_level="chunk" />
<markable id="markable_579" span="word_2204" tag="np" mmax_level="chunk" />
<markable id="markable_580" span="word_2207..word_2208" tag="np" mmax_level="chunk" />
<markable id="markable_581" span="word_2210..word_2211" tag="np" mmax_level="chunk" />
<markable id="markable_582" span="word_2215..word_2216" tag="np" mmax_level="chunk" />
<markable id="markable_583" span="word_2220..word_2221" tag="np" mmax_level="chunk" />
<markable id="markable_584" span="word_2224..word_2226" tag="np" mmax_level="chunk" />
<markable id="markable_585" span="word_2230..word_2231" tag="np" mmax_level="chunk" />
<markable id="markable_586" span="word_2233..word_2234" tag="np" mmax_level="chunk" />
<markable id="markable_587" span="word_2236..word_2237" tag="np" mmax_level="chunk" />
<markable id="markable_588" span="word_2240" tag="np" mmax_level="chunk" />
<markable id="markable_589" span="word_2243..word_2244" tag="np" mmax_level="chunk" />
<markable id="markable_590" span="word_2246..word_2247" tag="np" mmax_level="chunk" />
<markable id="markable_591" span="word_2249..word_2250" tag="np" mmax_level="chunk" />
<markable id="markable_592" span="word_2253" tag="np" mmax_level="chunk" />
<markable id="markable_593" span="word_2255..word_2258" tag="np" mmax_level="chunk" />
<markable id="markable_594" span="word_2260..word_2261" tag="np" mmax_level="chunk" />
<markable id="markable_595" span="word_2263..word_2264" tag="np" mmax_level="chunk" />
<markable id="markable_596" span="word_2266..word_2269" tag="np" mmax_level="chunk" />
<markable id="markable_597" span="word_2270" tag="np" mmax_level="chunk" />
<markable id="markable_598" span="word_2272" tag="np" mmax_level="chunk" />
<markable id="markable_599" span="word_2275" tag="np" mmax_level="chunk" />
<markable id="markable_600" span="word_2277..word_2278" tag="np" mmax_level="chunk" />
<markable id="markable_601" span="word_2280..word_2281" tag="np" mmax_level="chunk" />
<markable id="markable_602" span="word_2284" tag="np" mmax_level="chunk" />
<markable id="markable_603" span="word_2294" tag="np" mmax_level="chunk" />
<markable id="markable_604" span="word_2298..word_2300" tag="np" mmax_level="chunk" />
<markable id="markable_605" span="word_2305..word_2306" tag="np" mmax_level="chunk" />
<markable id="markable_606" span="word_2310" tag="np" mmax_level="chunk" />
<markable id="markable_607" span="word_2314..word_2315" tag="np" mmax_level="chunk" />
<markable id="markable_608" span="word_2321..word_2322" tag="np" mmax_level="chunk" />
<markable id="markable_609" span="word_2324..word_2325" tag="np" mmax_level="chunk" />
<markable id="markable_610" span="word_2327" tag="np" mmax_level="chunk" />
<markable id="markable_611" span="word_2329..word_2330" tag="np" mmax_level="chunk" />
<markable id="markable_612" span="word_2332" tag="np" mmax_level="chunk" />
<markable id="markable_613" span="word_2334" tag="np" mmax_level="chunk" />
<markable id="markable_614" span="word_2341..word_2342" tag="np" mmax_level="chunk" />
<markable id="markable_615" span="word_2344..word_2345" tag="np" mmax_level="chunk" />
<markable id="markable_616" span="word_2348" tag="np" mmax_level="chunk" />
<markable id="markable_617" span="word_2354..word_2355" tag="np" mmax_level="chunk" />
<markable id="markable_618" span="word_2357..word_2358" tag="np" mmax_level="chunk" />
<markable id="markable_619" span="word_2360..word_2361" tag="np" mmax_level="chunk" />
<markable id="markable_620" span="word_2363" tag="np" mmax_level="chunk" />
<markable id="markable_621" span="word_2366" tag="np" mmax_level="chunk" />
<markable id="markable_622" span="word_2372..word_2373" tag="np" mmax_level="chunk" />
<markable id="markable_623" span="word_2375..word_2376" tag="np" mmax_level="chunk" />
<markable id="markable_624" span="word_2383" tag="np" mmax_level="chunk" />
<markable id="markable_625" span="word_2387..word_2389" tag="np" mmax_level="chunk" />
<markable id="markable_626" span="word_2391..word_2392" tag="np" mmax_level="chunk" />
<markable id="markable_627" span="word_2393" tag="np" mmax_level="chunk" />
<markable id="markable_628" span="word_2395..word_2396" tag="np" mmax_level="chunk" />
<markable id="markable_629" span="word_2399" tag="np" mmax_level="chunk" />
<markable id="markable_630" span="word_2401..word_2403" tag="np" mmax_level="chunk" />
<markable id="markable_631" span="word_2405..word_2406" tag="np" mmax_level="chunk" />
<markable id="markable_632" span="word_2407" tag="np" mmax_level="chunk" />
<markable id="markable_633" span="word_2409" tag="np" mmax_level="chunk" />
<markable id="markable_634" span="word_2411..word_2412" tag="np" mmax_level="chunk" />
<markable id="markable_635" span="word_2414..word_2415" tag="np" mmax_level="chunk" />
<markable id="markable_636" span="word_2420..word_2422" tag="np" mmax_level="chunk" />
<markable id="markable_637" span="word_2423" tag="np" mmax_level="chunk" />
<markable id="markable_638" span="word_2425..word_2426" tag="np" mmax_level="chunk" />
<markable id="markable_639" span="word_2429" tag="np" mmax_level="chunk" />
<markable id="markable_640" span="word_2432..word_2433" tag="np" mmax_level="chunk" />
<markable id="markable_641" span="word_2439..word_2440" tag="np" mmax_level="chunk" />
<markable id="markable_642" span="word_2442..word_2443" tag="np" mmax_level="chunk" />
<markable id="markable_643" span="word_2446..word_2448" tag="np" mmax_level="chunk" />
<markable id="markable_644" span="word_2450" tag="np" mmax_level="chunk" />
<markable id="markable_645" span="word_2452" tag="np" mmax_level="chunk" />
<markable id="markable_646" span="word_2454..word_2457" tag="np" mmax_level="chunk" />
<markable id="markable_647" span="word_2460" tag="np" mmax_level="chunk" />
<markable id="markable_648" span="word_2462" tag="np" mmax_level="chunk" />
<markable id="markable_649" span="word_2469..word_2471" tag="np" mmax_level="chunk" />
<markable id="markable_650" span="word_2475" tag="np" mmax_level="chunk" />
<markable id="markable_651" span="word_2479" tag="np" mmax_level="chunk" />
<markable id="markable_652" span="word_2482..word_2483" tag="np" mmax_level="chunk" />
<markable id="markable_653" span="word_2485" tag="np" mmax_level="chunk" />
<markable id="markable_654" span="word_2487..word_2489" tag="np" mmax_level="chunk" />
<markable id="markable_655" span="word_2493..word_2494" tag="np" mmax_level="chunk" />
<markable id="markable_656" span="word_2500" tag="np" mmax_level="chunk" />
<markable id="markable_657" span="word_2511" tag="np" mmax_level="chunk" />
<markable id="markable_658" span="word_2515" tag="np" mmax_level="chunk" />
<markable id="markable_659" span="word_2520..word_2522" tag="np" mmax_level="chunk" />
<markable id="markable_660" span="word_2525..word_2527" tag="np" mmax_level="chunk" />
<markable id="markable_661" span="word_2531" tag="np" mmax_level="chunk" />
<markable id="markable_662" span="word_2533..word_2536" tag="np" mmax_level="chunk" />
<markable id="markable_663" span="word_2539" tag="np" mmax_level="chunk" />
<markable id="markable_664" span="word_2541..word_2542" tag="np" mmax_level="chunk" />
<markable id="markable_665" span="word_2546" tag="np" mmax_level="chunk" />
<markable id="markable_666" span="word_2549..word_2552" tag="np" mmax_level="chunk" />
<markable id="markable_667" span="word_2555" tag="np" mmax_level="chunk" />
<markable id="markable_668" span="word_2558..word_2559" tag="np" mmax_level="chunk" />
<markable id="markable_669" span="word_2562" tag="np" mmax_level="chunk" />
<markable id="markable_670" span="word_2565..word_2566" tag="np" mmax_level="chunk" />
<markable id="markable_671" span="word_2568..word_2569" tag="np" mmax_level="chunk" />
<markable id="markable_672" span="word_2571..word_2572" tag="np" mmax_level="chunk" />
<markable id="markable_673" span="word_2574" tag="np" mmax_level="chunk" />
<markable id="markable_674" span="word_2577" tag="np" mmax_level="chunk" />
<markable id="markable_675" span="word_2579" tag="np" mmax_level="chunk" />
<markable id="markable_676" span="word_2581" tag="np" mmax_level="chunk" />
<markable id="markable_677" span="word_2586" tag="np" mmax_level="chunk" />
<markable id="markable_678" span="word_2588..word_2589" tag="np" mmax_level="chunk" />
<markable id="markable_679" span="word_2591..word_2592" tag="np" mmax_level="chunk" />
<markable id="markable_680" span="word_2594" tag="np" mmax_level="chunk" />
<markable id="markable_681" span="word_2597..word_2600" tag="np" mmax_level="chunk" />
<markable id="markable_682" span="word_2602..word_2603" tag="np" mmax_level="chunk" />
<markable id="markable_683" span="word_2605" tag="np" mmax_level="chunk" />
<markable id="markable_684" span="word_2607" tag="np" mmax_level="chunk" />
<markable id="markable_685" span="word_2609" tag="np" mmax_level="chunk" />
<markable id="markable_686" span="word_2612" tag="np" mmax_level="chunk" />
<markable id="markable_687" span="word_2615..word_2616" tag="np" mmax_level="chunk" />
<markable id="markable_688" span="word_2618..word_2620" tag="np" mmax_level="chunk" />
<markable id="markable_689" span="word_2626" tag="np" mmax_level="chunk" />
<markable id="markable_690" span="word_2628..word_2631" tag="np" mmax_level="chunk" />
<markable id="markable_691" span="word_2634" tag="np" mmax_level="chunk" />
<markable id="markable_692" span="word_2637" tag="np" mmax_level="chunk" />
<markable id="markable_693" span="word_2640" tag="np" mmax_level="chunk" />
<markable id="markable_694" span="word_2646..word_2648" tag="np" mmax_level="chunk" />
<markable id="markable_695" span="word_2650..word_2652" tag="np" mmax_level="chunk" />
<markable id="markable_696" span="word_2654..word_2655" tag="np" mmax_level="chunk" />
<markable id="markable_697" span="word_2657..word_2658" tag="np" mmax_level="chunk" />
<markable id="markable_698" span="word_2664" tag="np" mmax_level="chunk" />
<markable id="markable_699" span="word_2669" tag="np" mmax_level="chunk" />
<markable id="markable_700" span="word_2674..word_2677" tag="np" mmax_level="chunk" />
<markable id="markable_701" span="word_2682..word_2683" tag="np" mmax_level="chunk" />
<markable id="markable_702" span="word_2685..word_2686" tag="np" mmax_level="chunk" />
<markable id="markable_703" span="word_2689" tag="np" mmax_level="chunk" />
<markable id="markable_704" span="word_2692..word_2694" tag="np" mmax_level="chunk" />
<markable id="markable_705" span="word_2698..word_2701" tag="np" mmax_level="chunk" />
<markable id="markable_706" span="word_2703..word_2705" tag="np" mmax_level="chunk" />
<markable id="markable_707" span="word_2710" tag="np" mmax_level="chunk" />
<markable id="markable_708" span="word_2712..word_2713" tag="np" mmax_level="chunk" />
<markable id="markable_709" span="word_2715..word_2720" tag="np" mmax_level="chunk" />
<markable id="markable_710" span="word_2723..word_2725" tag="np" mmax_level="chunk" />
<markable id="markable_711" span="word_2727..word_2728" tag="np" mmax_level="chunk" />
<markable id="markable_712" span="word_2730..word_2731" tag="np" mmax_level="chunk" />
<markable id="markable_713" span="word_2734..word_2736" tag="np" mmax_level="chunk" />
<markable id="markable_714" span="word_2738" tag="np" mmax_level="chunk" />
<markable id="markable_715" span="word_2748" tag="np" mmax_level="chunk" />
<markable id="markable_716" span="word_2750..word_2751" tag="np" mmax_level="chunk" />
<markable id="markable_717" span="word_2753..word_2755" tag="np" mmax_level="chunk" />
<markable id="markable_718" span="word_2757..word_2758" tag="np" mmax_level="chunk" />
<markable id="markable_719" span="word_2761..word_2762" tag="np" mmax_level="chunk" />
<markable id="markable_720" span="word_2764..word_2767" tag="np" mmax_level="chunk" />
<markable id="markable_721" span="word_2772" tag="np" mmax_level="chunk" />
<markable id="markable_722" span="word_2774..word_2775" tag="np" mmax_level="chunk" />
<markable id="markable_723" span="word_2780" tag="np" mmax_level="chunk" />
<markable id="markable_724" span="word_2782" tag="np" mmax_level="chunk" />
<markable id="markable_725" span="word_2784..word_2785" tag="np" mmax_level="chunk" />
<markable id="markable_726" span="word_2787..word_2788" tag="np" mmax_level="chunk" />
<markable id="markable_727" span="word_2794" tag="np" mmax_level="chunk" />
<markable id="markable_728" span="word_2801..word_2802" tag="np" mmax_level="chunk" />
<markable id="markable_729" span="word_2806" tag="np" mmax_level="chunk" />
<markable id="markable_730" span="word_2811..word_2813" tag="np" mmax_level="chunk" />
<markable id="markable_731" span="word_2815" tag="np" mmax_level="chunk" />
<markable id="markable_732" span="word_2817" tag="np" mmax_level="chunk" />
<markable id="markable_733" span="word_2821..word_2822" tag="np" mmax_level="chunk" />
<markable id="markable_734" span="word_2826" tag="np" mmax_level="chunk" />
<markable id="markable_735" span="word_2829" tag="np" mmax_level="chunk" />
<markable id="markable_736" span="word_2831" tag="np" mmax_level="chunk" />
<markable id="markable_737" span="word_2832" tag="np" mmax_level="chunk" />
<markable id="markable_738" span="word_2840" tag="np" mmax_level="chunk" />
<markable id="markable_739" span="word_2843..word_2844" tag="np" mmax_level="chunk" />
<markable id="markable_740" span="word_2846..word_2847" tag="np" mmax_level="chunk" />
<markable id="markable_741" span="word_2849" tag="np" mmax_level="chunk" />
<markable id="markable_742" span="word_2855..word_2857" tag="np" mmax_level="chunk" />
<markable id="markable_743" span="word_2858" tag="np" mmax_level="chunk" />
<markable id="markable_744" span="word_2862..word_2863" tag="np" mmax_level="chunk" />
<markable id="markable_745" span="word_2864" tag="np" mmax_level="chunk" />
<markable id="markable_746" span="word_2866" tag="np" mmax_level="chunk" />
<markable id="markable_747" span="word_2868..word_2869" tag="np" mmax_level="chunk" />
<markable id="markable_748" span="word_2872" tag="np" mmax_level="chunk" />
<markable id="markable_749" span="word_2879" tag="np" mmax_level="chunk" />
<markable id="markable_750" span="word_2883..word_2885" tag="np" mmax_level="chunk" />
<markable id="markable_751" span="word_2888" tag="np" mmax_level="chunk" />
<markable id="markable_752" span="word_2891" tag="np" mmax_level="chunk" />
<markable id="markable_753" span="word_2895..word_2896" tag="np" mmax_level="chunk" />
<markable id="markable_754" span="word_2897" tag="np" mmax_level="chunk" />
<markable id="markable_755" span="word_2900" tag="np" mmax_level="chunk" />
<markable id="markable_756" span="word_2904..word_2907" tag="np" mmax_level="chunk" />
<markable id="markable_757" span="word_2909" tag="np" mmax_level="chunk" />
<markable id="markable_758" span="word_2911..word_2912" tag="np" mmax_level="chunk" />
<markable id="markable_759" span="word_2915..word_2916" tag="np" mmax_level="chunk" />
<markable id="markable_760" span="word_2918..word_2919" tag="np" mmax_level="chunk" />
<markable id="markable_761" span="word_2921" tag="np" mmax_level="chunk" />
<markable id="markable_762" span="word_2924" tag="np" mmax_level="chunk" />
<markable id="markable_763" span="word_2929" tag="np" mmax_level="chunk" />
<markable id="markable_764" span="word_2931" tag="np" mmax_level="chunk" />
<markable id="markable_765" span="word_2933..word_2934" tag="np" mmax_level="chunk" />
<markable id="markable_766" span="word_2936..word_2937" tag="np" mmax_level="chunk" />
<markable id="markable_767" span="word_2942..word_2943" tag="np" mmax_level="chunk" />
<markable id="markable_768" span="word_2945" tag="np" mmax_level="chunk" />
<markable id="markable_769" span="word_2948..word_2949" tag="np" mmax_level="chunk" />
<markable id="markable_770" span="word_2951" tag="np" mmax_level="chunk" />
<markable id="markable_771" span="word_2953" tag="np" mmax_level="chunk" />
<markable id="markable_772" span="word_2956" tag="np" mmax_level="chunk" />
<markable id="markable_773" span="word_2961" tag="np" mmax_level="chunk" />
<markable id="markable_774" span="word_2965" tag="np" mmax_level="chunk" />
<markable id="markable_775" span="word_2970" tag="np" mmax_level="chunk" />
<markable id="markable_776" span="word_2975" tag="np" mmax_level="chunk" />
<markable id="markable_777" span="word_2980" tag="np" mmax_level="chunk" />
<markable id="markable_778" span="word_2982..word_2983" tag="np" mmax_level="chunk" />
<markable id="markable_779" span="word_2985..word_2986" tag="np" mmax_level="chunk" />
<markable id="markable_780" span="word_2989" tag="np" mmax_level="chunk" />
<markable id="markable_781" span="word_2994" tag="np" mmax_level="chunk" />
<markable id="markable_782" span="word_3000" tag="np" mmax_level="chunk" />
<markable id="markable_783" span="word_3003..word_3004" tag="np" mmax_level="chunk" />
<markable id="markable_784" span="word_3006..word_3007" tag="np" mmax_level="chunk" />
<markable id="markable_785" span="word_3010" tag="np" mmax_level="chunk" />
<markable id="markable_786" span="word_3013..word_3015" tag="np" mmax_level="chunk" />
<markable id="markable_787" span="word_3020..word_3021" tag="np" mmax_level="chunk" />
<markable id="markable_788" span="word_3023..word_3024" tag="np" mmax_level="chunk" />
<markable id="markable_789" span="word_3026" tag="np" mmax_level="chunk" />
<markable id="markable_790" span="word_3030" tag="np" mmax_level="chunk" />
<markable id="markable_791" span="word_3032" tag="np" mmax_level="chunk" />
<markable id="markable_792" span="word_3036" tag="np" mmax_level="chunk" />
<markable id="markable_793" span="word_3038..word_3039" tag="np" mmax_level="chunk" />
<markable id="markable_794" span="word_3041..word_3044" tag="np" mmax_level="chunk" />
<markable id="markable_795" span="word_3046..word_3047" tag="np" mmax_level="chunk" />
<markable id="markable_796" span="word_3053" tag="np" mmax_level="chunk" />
<markable id="markable_797" span="word_3055..word_3056" tag="np" mmax_level="chunk" />
<markable id="markable_798" span="word_3058..word_3059" tag="np" mmax_level="chunk" />
<markable id="markable_799" span="word_3061" tag="np" mmax_level="chunk" />
<markable id="markable_800" span="word_3063..word_3064" tag="np" mmax_level="chunk" />
<markable id="markable_801" span="word_3066" tag="np" mmax_level="chunk" />
<markable id="markable_802" span="word_3068" tag="np" mmax_level="chunk" />
<markable id="markable_803" span="word_3070" tag="np" mmax_level="chunk" />
<markable id="markable_804" span="word_3074..word_3075" tag="np" mmax_level="chunk" />
<markable id="markable_805" span="word_3077..word_3078" tag="np" mmax_level="chunk" />
<markable id="markable_806" span="word_3081" tag="np" mmax_level="chunk" />
<markable id="markable_807" span="word_3083" tag="np" mmax_level="chunk" />
<markable id="markable_808" span="word_3085" tag="np" mmax_level="chunk" />
<markable id="markable_809" span="word_3087..word_3088" tag="np" mmax_level="chunk" />
<markable id="markable_810" span="word_3090..word_3091" tag="np" mmax_level="chunk" />
<markable id="markable_811" span="word_3093..word_3096" tag="np" mmax_level="chunk" />
<markable id="markable_812" span="word_3100" tag="np" mmax_level="chunk" />
<markable id="markable_813" span="word_3101..word_3103" tag="np" mmax_level="chunk" />
<markable id="markable_814" span="word_3105..word_3106" tag="np" mmax_level="chunk" />
<markable id="markable_815" span="word_3108..word_3109" tag="np" mmax_level="chunk" />
<markable id="markable_816" span="word_3111..word_3112" tag="np" mmax_level="chunk" />
<markable id="markable_817" span="word_3114" tag="np" mmax_level="chunk" />
<markable id="markable_818" span="word_3119" tag="np" mmax_level="chunk" />
<markable id="markable_819" span="word_3122..word_3123" tag="np" mmax_level="chunk" />
<markable id="markable_820" span="word_3126" tag="np" mmax_level="chunk" />
<markable id="markable_821" span="word_3128..word_3130" tag="np" mmax_level="chunk" />
<markable id="markable_822" span="word_3131" tag="np" mmax_level="chunk" />
<markable id="markable_823" span="word_3135" tag="np" mmax_level="chunk" />
<markable id="markable_824" span="word_3136..word_3137" tag="np" mmax_level="chunk" />
<markable id="markable_825" span="word_3140..word_3141" tag="np" mmax_level="chunk" />
<markable id="markable_826" span="word_3145" tag="np" mmax_level="chunk" />
<markable id="markable_827" span="word_3146..word_3147" tag="np" mmax_level="chunk" />
<markable id="markable_828" span="word_3148" tag="np" mmax_level="chunk" />
<markable id="markable_829" span="word_3152" tag="np" mmax_level="chunk" />
<markable id="markable_830" span="word_3156" tag="np" mmax_level="chunk" />
<markable id="markable_831" span="word_3158..word_3160" tag="np" mmax_level="chunk" />
<markable id="markable_832" span="word_3164..word_3166" tag="np" mmax_level="chunk" />
<markable id="markable_833" span="word_3169" tag="np" mmax_level="chunk" />
<markable id="markable_834" span="word_3172" tag="np" mmax_level="chunk" />
<markable id="markable_835" span="word_3182" tag="np" mmax_level="chunk" />
<markable id="markable_836" span="word_3188" tag="np" mmax_level="chunk" />
<markable id="markable_837" span="word_3194..word_3195" tag="np" mmax_level="chunk" />
<markable id="markable_838" span="word_3199..word_3200" tag="np" mmax_level="chunk" />
<markable id="markable_839" span="word_3203..word_3206" tag="np" mmax_level="chunk" />
<markable id="markable_840" span="word_3208" tag="np" mmax_level="chunk" />
<markable id="markable_841" span="word_3210" tag="np" mmax_level="chunk" />
<markable id="markable_842" span="word_3216" tag="np" mmax_level="chunk" />
<markable id="markable_843" span="word_3221..word_3222" tag="np" mmax_level="chunk" />
<markable id="markable_844" span="word_3224..word_3225" tag="np" mmax_level="chunk" />
<markable id="markable_845" span="word_3228" tag="np" mmax_level="chunk" />
<markable id="markable_846" span="word_3230..word_3233" tag="np" mmax_level="chunk" />
<markable id="markable_847" span="word_3235" tag="np" mmax_level="chunk" />
<markable id="markable_848" span="word_3237" tag="np" mmax_level="chunk" />
<markable id="markable_849" span="word_3240..word_3242" tag="np" mmax_level="chunk" />
<markable id="markable_850" span="word_3244..word_3246" tag="np" mmax_level="chunk" />
<markable id="markable_851" span="word_3253" tag="np" mmax_level="chunk" />
<markable id="markable_852" span="word_3255..word_3258" tag="np" mmax_level="chunk" />
<markable id="markable_853" span="word_3260" tag="np" mmax_level="chunk" />
<markable id="markable_854" span="word_3264..word_3266" tag="np" mmax_level="chunk" />
<markable id="markable_855" span="word_3268" tag="np" mmax_level="chunk" />
<markable id="markable_856" span="word_3270" tag="np" mmax_level="chunk" />
<markable id="markable_857" span="word_3274..word_3275" tag="np" mmax_level="chunk" />
<markable id="markable_858" span="word_3277..word_3279" tag="np" mmax_level="chunk" />
<markable id="markable_859" span="word_3284" tag="np" mmax_level="chunk" />
<markable id="markable_860" span="word_3286" tag="np" mmax_level="chunk" />
<markable id="markable_861" span="word_3291" tag="np" mmax_level="chunk" />
<markable id="markable_862" span="word_3295" tag="np" mmax_level="chunk" />
<markable id="markable_863" span="word_3303" tag="np" mmax_level="chunk" />
<markable id="markable_864" span="word_3305..word_3306" tag="np" mmax_level="chunk" />
<markable id="markable_865" span="word_3308" tag="np" mmax_level="chunk" />
</markables>
