<?xml version="1.0" encoding="UTF-8"?>
<annotationscheme>

<attribute id="comment" name="Comment" type="freetext">
<value id="comment" name="Comment"/> 
</attribute>


<attribute id="min_words" name="min_words" type="freetext">
<value id="mins_word" name="Mins"/> 
</attribute>


<attribute id="generic" name="generic" type="nominal_list">
               <!-- <value id="no_mark" name="unmarked"/> -->
               <value id="generic-no" name="generic-no"/>
               <value id="generic-yes" name="generic-yes"/>
               <value id="operator-instruction" name="operator-instruction"/>
               <value id="operator-modal" name="operator-modal"/>
               <value id="operator-tquant" name="operator-tquant"/>
               <value id="operator-question" name="operator-question"/>
               <value id="operator-conditional" name="operator-conditional"/>
               <value id="operator-iquant" name="operator-iquant"/>
               <value id="undersp-substance" name="undersp-substance"/>
               <value id="undersp-replicable" name="undersp-replicable"/>
               <value id="undersp-disease" name="undersp-disease"/>
               <value id="episodic-no" name="episodic-no"/>
               <value id="no-generic" name="no-generic"/>
               <value id="undersp-generic" name="undersp-generic"/>
               <value id="unsure-generic" name="unsure-generic"/>
</attribute>   



<attribute id="Type" name="Type" type="nominal_list">
<value id="no_mark" name="unmarked"/> 
<value id="another-np" name="another-np"/>
<value id="a-np" name="a-np"/>
<value id="bare-np" name="bare-np"/>
<value id="complementizer" name="complementizer"/>
<value id="coord-np" name="coord-np"/>
<value id="free-rel" name="free-rel"/>
<value id="gerund" name="gerund"/>
<value id="meas-np" name="meas-np"/>
<value id="null-ana" name="null-ana"/>
<value id="num-ana" name="num-ana"/>
<value id="num-np" name="num-np"/>
<value id="pers-pro" name="pers-pro"/>
<value id="pn" name="pn"/>
<value id="poss-np" name="poss-np"/>
<value id="poss-pro" name="poss-pro"/>
<value id="q-np" name="q-np"/>
<value id="q-pro" name="q-pro"/>
<value id="refl-pro" name="refl-pro"/>
<value id="such-np" name="such-np"/>
<value id="that-np" name="that-np"/>
<value id="that-pro" name="that-pro"/>
<value id="the-np" name="the-np"/>
<value id="the-pn" name="the-pn"/>
<value id="this-np" name="this-np"/>
<value id="this-pro" name="this-pro"/>
<value id="wh-np" name="wh-np"/>
<value id="wh-pro" name="wh-pro"/>
</attribute>



<attribute id="gender" name="Gender" type="nominal_button">
<value id="no_mark" name="unmarked"/> 
<value id="fem" name="fem"/>
<value id="masc" name="masc"/>
<value id="neut" name="neut"/>
<value id="undersp-gen" name="undersp-gen"/>
</attribute>

<attribute id="gram_fnc" name="Gram_fnc" type="nominal_list">
<value id="no_mark" name="unmarked"/> 
<value id="subj" name="subj"/>
<value id="obj" name="obj"/>
<value id="adjunct" name="adjunct"/>
<value id="np-mod" name="np-mod"/>
<value id="gen" name="gen"/>
<value id="predicate" name="predicate"/>
<value id="np-compl" name="np-compl"/>
<value id="adj-mod" name="adj-mod"/>
<value id="comp" name="comp"/>
<value id="no-gf" name="no-gf"/>
<value id="np-part" name="np-part"/>
<value id="there-obj" name="there-obj"/>
<value id="unsure-gf" name="unsure-gf"/>
</attribute>

<attribute id="number" name="Number" type="nominal_button">
<value id="no_mark" name="unmarked"/> 
<value id="plur" name="plur"/>
<value id="sing" name="sing"/>
<value id="mass" name="mass"/>
<value id="undersp-num" name="undersp-num"/>
<value id="unsure-num" name="unsure-num"/>
</attribute>

<attribute id="person" name="Person" type="nominal_button">
<value id="per3" name="per3"/>
<value id="no_mark" name="unmarked"/> 
<value id="per1" name="per1"/>
<value id="per2" name="per2"/>
</attribute>

<attribute id="category" name="Category" type="nominal_button">
<value id="no_mark" name="unmarked"/> 
<value id="person" name="person"/> 
<value id="animate" name="animate"/> 
<value id="concrete" name="concrete"/> 
<value id="organization" name="organization"/>
<value id="space" name="space"/> 
<value id="time" name="time"/> 
<value id="numerical" name="numerical"/>
<value id="plan" name="plan"/> 
<value id="abstract" name="abstract"/> 
<value id="unknown" name="unknown"/> 
</attribute>

<attribute id="reference" name="Reference" type="nominal_button">
<value id="no_mark" name="unmarked"/> 
<value id="new_obj" name="new" next="category,object,related_object"/> 
<value id="old_obj" name="old" next="category,ref_type,related_object,ambig_choice"/> 
<value id="non_ref" name="non_referring" next="non_ref_type"/> 
<value id="undef_ref" name="undef_reference"/> 
</attribute>

<attribute id="non_ref_type" name="non_ref_type" type="nominal_button">
<value id="unknown" name="unknown"/> 
<value id="expletive" name="expletive"/> 
<value id="predicate" name="predicate"/> 
<value id="quantifier" name="quantifier"/>
<value id="coordination" name="coordination"/> 
<value id="idiom" name="idiom"/> 
<value id="incomplete" name="incomplete"/> 
</attribute>

<attribute id="related_object" name="Related_object" type="nominal_button">
<value id="no" name="no"/> 
<value id="yes" name="yes" next="related_phrase"/> 
</attribute>

<attribute id="related_phrase" name="Related_phrase" type="markable_pointer"
color="orange" target_domain="phrase"
point_to_markable_text="Mark this phrase as related"
remove_pointer_to_markable_text="Remove related marking from this phrase">
<value id="mul_p_ante_not_set" name="not_set"/> 
<value id="mul_p_ante_set" name="set"/> 
</attribute>

<attribute id="object" name="Object" type="freetext">
<value id="object" name="Object"/> 
</attribute>

<attribute id="ref_type" name="Ref_type" type="nominal_button">
<value id="phrase" name="phrase" next="object,phrase_ante"/> 
<value id="segment" name="segment" next="object,segment_ante"/> 
</attribute>

<attribute id="phrase_ante" name="Phrase_Antecedent" type="nominal_button">
<value id="sgl_phr" name="single_phrase" next="sgl_p_ante"/> 
<value id="mul_phr" name="multiple_phrases" next="mul_p_ante"/> 
</attribute>

<attribute id="sgl_p_ante" name="Single_phrase_antecedent" 
type="markable_pointer"
color="green" target_domain="phrase"
max_size="1"
point_to_markable_text="Mark this phrase as antecedent"
remove_pointer_to_markable_text="Remove reference to this phrase">
<value id="sgl_p_ante_not_set" name="not_set"/> 
<value id="sgl_p_ante_set" name="set"/> 
</attribute>

<attribute id="mul_p_ante" name="Multiple_phrase_antecedents" 
type="markable_pointer"
color="green" target_domain="phrase"
point_to_markable_text="Add this phrase to antecedent list"
remove_pointer_to_markable_text="Remove this phrase from antecedent list">
<value id="mul_p_ante_not_set" name="not_set"/> 
<value id="mul_p_ante_set" name="set"/> 
</attribute>

<attribute id="segment_ante" name="Segment_antecedent" type="markable_pointer"
color="red" target_domain="unit"
point_to_markable_text="Add this segment to antecedent list"
remove_pointer_to_markable_text="Remove this segment from antecedent list">
<value id="mul_s_ante_not_set" name="not_set"/> 
<value id="mul_s_ante_set" name="set"/> 
</attribute>

<attribute id="ambig_choice" name="Ambiguity" type="nominal_button">
<value id="unambiguous" name="unambiguous"/> 
<value id="ambiguous" name="ambiguous" next="ref_type_2"/> 
<value id="ambiguous_antecedent" name="ambiguous_antecedent"/> 
</attribute>

<attribute id="ref_type_2" name="Ref_type_2" type="nominal_button">
<value id="phrase" name="phrase" next="category_2,object_2,phrase_ante_2,related_object_2"/> 
<value id="segment" name="segment" next="category_2,segment_ante_2,related_object_2"/> 
<value id="new" name="new" next="category_2,object_2,related_object_2"/> 
<value id="non_ref" name="non_referring" next="non_ref_type_2"/> 
</attribute>

<attribute id="category_2" name="Category_2" type="nominal_button">
<value id="no_mark" name="unmarked"/> 
<value id="person" name="person"/> 
<value id="animate" name="animate"/> 
<value id="concrete" name="concrete"/> 
<value id="organization" name="organization"/> 
<value id="space" name="space"/> 
<value id="time" name="time"/> 
<value id="numerical" name="numerical"/>
<value id="plan" name="plan"/> 
<value id="abstract" name="abstract"/> 
<value id="unknown" name="unknown"/> 
</attribute>

<attribute id="related_object_2" name="Related_object_2" type="nominal_button">
<value id="no" name="no"/> 
<value id="yes" name="yes" next="related_phrase_2"/> 
</attribute>

<attribute id="related_phrase_2" name="Related_phrase_2" type="markable_pointer"
color="orange" target_domain="phrase"
point_to_markable_text="Mark this phrase as related"
remove_pointer_to_markable_text="Remove related marking from this phrase">
<value id="mul_p_ante_not_set" name="not_set"/> 
<value id="mul_p_ante_set" name="set"/> 
</attribute>

<attribute id="non_ref_type_2" name="non_ref_type_2" type="nominal_button">
<value id="unknown" name="unknown"/> 
<value id="expletive" name="expletive"/> 
<value id="predicate" name="predicate"/> 
<value id="quantifier" name="quantifier"/> 
<value id="coordination" name="coordination"/> 
<value id="idiom" name="idiom"/> 
<value id="incomplete" name="incomplete"/> 
</attribute>

<attribute id="object_2" name="Object_2" type="freetext">
<value id="object_2" name="Object_2"/> 
</attribute>

<attribute id="phrase_ante_2" name="Phrase_Antecedent_2" type="nominal_button">
<value id="sgl_phr" name="single_phrase" next="sgl_p_ante_2"/> 
<value id="mul_phr" name="multiple_phrases" next="mul_p_ante_2"/> 
</attribute>

<attribute id="sgl_p_ante_2" name="Single_phrase_antecedent_2" 
type="markable_pointer"
color="x:008000" target_domain="phrase"
max_size="1"
point_to_markable_text="Mark this phrase as second antecedent"
remove_pointer_to_markable_text="Remove reference to this phrase">
<value id="sgl_p_ante_2_not_set" name="not_set"/> 
<value id="sgl_p_ante_2_set" name="set"/> 
</attribute>

<attribute id="mul_p_ante_2" name="Multiple_phrase_antecedents_2" 
type="markable_pointer"
color="x:008000" target_domain="phrase"
point_to_markable_text="Add this phrase to second antecedent list"
remove_pointer_to_markable_text="Remove this phrase from antecedent list">
<value id="mul_p_ante_2_not_set" name="not_set"/> 
<value id="mul_p_ante_2_set" name="set"/> 
</attribute>

<attribute id="segment_ante_2" name="Segment_Antecedent_2" 
type="markable_pointer"
color="x:800000" target_domain="unit"
point_to_markable_text="Add this segment to second antecedent list"
remove_pointer_to_markable_text="Remove this segment from antecedent list">
<value id="mul_s_ante_2_not_set" name="not_set"/> 
<value id="mul_s_ante_2_set" name="set"/> 
</attribute>

<attribute id="min_ids" name="min_ids" type="freetext">
<value id="mins_ids" name="Minids"/> 
</attribute>

</annotationscheme>
