<?xml version="1.0" encoding="MacRoman"?>
<!DOCTYPE markables SYSTEM "markables.dtd">
<markables xmlns="www.eml.org/NameSpaces/pos">
<markable id="markable_0" span="word_1" tag="nnp" mmax_level="pos" />
<markable id="markable_1" span="word_2" tag="cd" mmax_level="pos" />
<markable id="markable_2" span="word_3" tag="uh" mmax_level="pos" />
<markable id="markable_3" span="word_4" tag="uh" mmax_level="pos" />
<markable id="markable_4" span="word_5" tag="dt" mmax_level="pos" />
<markable id="markable_5" span="word_6" tag="nn" mmax_level="pos" />
<markable id="markable_6" span="word_7" tag="vbz" mmax_level="pos" />
<markable id="markable_7" span="word_8" tag="rb" mmax_level="pos" />
<markable id="markable_8" span="word_9" tag="in" mmax_level="pos" />
<markable id="markable_9" span="word_10" tag="uh" mmax_level="pos" />
<markable id="markable_10" span="word_11" tag="vb" mmax_level="pos" />
<markable id="markable_11" span="word_12" tag="dt" mmax_level="pos" />
<markable id="markable_12" span="word_13" tag="nn" mmax_level="pos" />
<markable id="markable_13" span="word_14" tag="in" mmax_level="pos" />
<markable id="markable_14" span="word_15" tag="nns" mmax_level="pos" />
<markable id="markable_15" span="word_16" tag="uh" mmax_level="pos" />
<markable id="markable_16" span="word_17" tag="dt" mmax_level="pos" />
<markable id="markable_17" span="word_18" tag="nn" mmax_level="pos" />
<markable id="markable_18" span="word_19" tag="wp" mmax_level="pos" />
<markable id="markable_19" span="word_20" tag="vbz" mmax_level="pos" />
<markable id="markable_20" span="word_21" tag="vbg" mmax_level="pos" />
<markable id="markable_21" span="word_22" tag="nns" mmax_level="pos" />
<markable id="markable_22" span="word_23" tag="jj" mmax_level="pos" />
<markable id="markable_23" span="word_24" tag="cc" mmax_level="pos" />
<markable id="markable_24" span="word_25" tag="dt" mmax_level="pos" />
<markable id="markable_25" span="word_26" tag="nn" mmax_level="pos" />
<markable id="markable_26" span="word_27" tag="in" mmax_level="pos" />
<markable id="markable_27" span="word_28" tag="dt" mmax_level="pos" />
<markable id="markable_28" span="word_29" tag="nn" mmax_level="pos" />
<markable id="markable_29" span="word_30" tag="rb" mmax_level="pos" />
<markable id="markable_30" span="word_31" tag="dt" mmax_level="pos" />
<markable id="markable_31" span="word_32" tag="vbp" mmax_level="pos" />
<markable id="markable_32" span="word_33" tag="dt" mmax_level="pos" />
<markable id="markable_33" span="word_34" tag="cd" mmax_level="pos" />
<markable id="markable_34" span="word_35" tag="nns" mmax_level="pos" />
<markable id="markable_35" span="word_36" tag="in" mmax_level="pos" />
<markable id="markable_36" span="word_37" tag="dt" mmax_level="pos" />
<markable id="markable_37" span="word_38" tag="cc" mmax_level="pos" />
<markable id="markable_38" span="word_39" tag="prp" mmax_level="pos" />
<markable id="markable_39" span="word_40" tag="dt" mmax_level="pos" />
<markable id="markable_40" span="word_41" tag="nn" mmax_level="pos" />
<markable id="markable_41" span="word_42" tag="wp" mmax_level="pos" />
<markable id="markable_42" span="word_43" tag="vbz" mmax_level="pos" />
<markable id="markable_43" span="word_44" tag="vbg" mmax_level="pos" />
<markable id="markable_44" span="word_45" tag="nns" mmax_level="pos" />
<markable id="markable_45" span="word_46" tag="nn" mmax_level="pos" />
<markable id="markable_46" span="word_47" tag="nn" mmax_level="pos" />
<markable id="markable_47" span="word_48" tag="vbz" mmax_level="pos" />
<markable id="markable_48" span="word_49" tag="dt" mmax_level="pos" />
<markable id="markable_49" span="word_50" tag="nns" mmax_level="pos" />
<markable id="markable_50" span="word_51" tag="cc" mmax_level="pos" />
<markable id="markable_51" span="word_52" tag="vbz" mmax_level="pos" />
<markable id="markable_52" span="word_53" tag="prp" mmax_level="pos" />
<markable id="markable_53" span="word_54" tag="in" mmax_level="pos" />
<markable id="markable_54" span="word_55" tag="dt" mmax_level="pos" />
<markable id="markable_55" span="word_56" tag="rb" mmax_level="pos" />
<markable id="markable_56" span="word_57" tag="nn" mmax_level="pos" />
<markable id="markable_57" span="word_58" tag="dt" mmax_level="pos" />
<markable id="markable_58" span="word_59" tag="nns" mmax_level="pos" />
<markable id="markable_59" span="word_60" tag="in" mmax_level="pos" />
<markable id="markable_60" span="word_61" tag="prp" mmax_level="pos" />
<markable id="markable_61" span="word_62" tag="vbz" mmax_level="pos" />
<markable id="markable_62" span="word_63" tag="nn" mmax_level="pos" />
<markable id="markable_63" span="word_64" tag="cc" mmax_level="pos" />
<markable id="markable_64" span="word_65" tag="prp" mmax_level="pos" />
<markable id="markable_65" span="word_66" tag="vbz" mmax_level="pos" />
<markable id="markable_66" span="word_67" tag="vbg" mmax_level="pos" />
<markable id="markable_67" span="word_68" tag="dt" mmax_level="pos" />
<markable id="markable_68" span="word_69" tag="nns" mmax_level="pos" />
<markable id="markable_69" span="word_70" tag="cc" mmax_level="pos" />
<markable id="markable_70" span="word_71" tag="cc" mmax_level="pos" />
<markable id="markable_71" span="word_72" tag="nn" mmax_level="pos" />
<markable id="markable_72" span="word_73" tag="rb" mmax_level="pos" />
<markable id="markable_73" span="word_74" tag="vbz" mmax_level="pos" />
<markable id="markable_74" span="word_75" tag="dt" mmax_level="pos" />
<markable id="markable_75" span="word_76" tag="nn" mmax_level="pos" />
<markable id="markable_76" span="word_77" tag="in" mmax_level="pos" />
<markable id="markable_77" span="word_78" tag="dt" mmax_level="pos" />
<markable id="markable_78" span="word_79" tag="nn" mmax_level="pos" />
<markable id="markable_79" span="word_80" tag="vbd" mmax_level="pos" />
<markable id="markable_80" span="word_81" tag="uh" mmax_level="pos" />
<markable id="markable_81" span="word_82" tag="dt" mmax_level="pos" />
<markable id="markable_82" span="word_83" tag="uh" mmax_level="pos" />
<markable id="markable_83" span="word_84" tag="uh" mmax_level="pos" />
<markable id="markable_84" span="word_85" tag="dt" mmax_level="pos" />
<markable id="markable_85" span="word_86" tag="nn" mmax_level="pos" />
<markable id="markable_86" span="word_87" tag="cc" mmax_level="pos" />
<markable id="markable_87" span="word_88" tag="prp" mmax_level="pos" />
<markable id="markable_88" span="word_89" tag="vbz" mmax_level="pos" />
<markable id="markable_89" span="word_90" tag="rp" mmax_level="pos" />
<markable id="markable_90" span="word_91" tag="in" mmax_level="pos" />
<markable id="markable_91" span="word_92" tag="prp" mmax_level="pos" />
<markable id="markable_92" span="word_93" tag="vbp" mmax_level="pos" />
<markable id="markable_93" span="word_94" tag="vbz" mmax_level="pos" />
<markable id="markable_94" span="word_95" tag="prp" mmax_level="pos" />
<markable id="markable_95" span="word_96" tag="cc" mmax_level="pos" />
<markable id="markable_96" span="word_97" tag="rb" mmax_level="pos" />
<markable id="markable_97" span="word_98" tag="dt" mmax_level="pos" />
<markable id="markable_98" span="word_99" tag="nn" mmax_level="pos" />
<markable id="markable_99" span="word_100" tag="vbz" mmax_level="pos" />
<markable id="markable_100" span="word_101" tag="rp" mmax_level="pos" />
<markable id="markable_101" span="word_102" tag="in" mmax_level="pos" />
<markable id="markable_102" span="word_103" tag="dt" mmax_level="pos" />
<markable id="markable_103" span="word_104" tag="nn" mmax_level="pos" />
<markable id="markable_104" span="word_105" tag="cc" mmax_level="pos" />
<markable id="markable_105" span="word_106" tag="prp" mmax_level="pos" />
<markable id="markable_106" span="word_107" tag="vbz" mmax_level="pos" />
<markable id="markable_107" span="word_108" tag="nn" mmax_level="pos" />
<markable id="markable_108" span="word_109" tag="in" mmax_level="pos" />
<markable id="markable_109" span="word_110" tag="dt" mmax_level="pos" />
<markable id="markable_110" span="word_111" tag="nns" mmax_level="pos" />
<markable id="markable_111" span="word_112" tag="in" mmax_level="pos" />
<markable id="markable_112" span="word_113" tag="in" mmax_level="pos" />
<markable id="markable_113" span="word_114" tag="nns" mmax_level="pos" />
<markable id="markable_114" span="word_115" tag="in" mmax_level="pos" />
<markable id="markable_115" span="word_116" tag="prp" mmax_level="pos" />
<markable id="markable_116" span="word_117" tag="vbz" mmax_level="pos" />
<markable id="markable_117" span="word_118" tag="in" mmax_level="pos" />
<markable id="markable_118" span="word_119" tag="dt" mmax_level="pos" />
<markable id="markable_119" span="word_120" tag="nnp" mmax_level="pos" />
<markable id="markable_120" span="word_121" tag="vbp" mmax_level="pos" />
<markable id="markable_121" span="word_122" tag="dt" mmax_level="pos" />
<markable id="markable_122" span="word_123" tag="nn" mmax_level="pos" />
<markable id="markable_123" span="word_124" tag="dt" mmax_level="pos" />
<markable id="markable_124" span="word_125" tag="nn" mmax_level="pos" />
<markable id="markable_125" span="word_126" tag="vbz" mmax_level="pos" />
<markable id="markable_126" span="word_127" tag="rp" mmax_level="pos" />
<markable id="markable_127" span="word_128" tag="cc" mmax_level="pos" />
<markable id="markable_128" span="word_129" tag="prp" mmax_level="pos" />
<markable id="markable_129" span="word_130" tag="vbz" mmax_level="pos" />
<markable id="markable_130" span="word_131" tag="vbn" mmax_level="pos" />
<markable id="markable_131" span="word_132" tag="prp" mmax_level="pos" />
<markable id="markable_132" span="word_133" tag="vbz" mmax_level="pos" />
<markable id="markable_133" span="word_134" tag="vbg" mmax_level="pos" />
<markable id="markable_134" span="word_135" tag="nn" mmax_level="pos" />
<markable id="markable_135" span="word_136" tag="cc" mmax_level="pos" />
<markable id="markable_136" span="word_137" tag="prp" mmax_level="pos" />
<markable id="markable_137" span="word_138" tag="vbz" mmax_level="pos" />
<markable id="markable_138" span="word_139" tag="in" mmax_level="pos" />
<markable id="markable_139" span="word_140" tag="dt" mmax_level="pos" />
<markable id="markable_140" span="word_141" tag="nn" mmax_level="pos" />
<markable id="markable_141" span="word_142" tag="wdt" mmax_level="pos" />
<markable id="markable_142" span="word_143" tag="vbd" mmax_level="pos" />
<markable id="markable_143" span="word_144" tag="vbg" mmax_level="pos" />
<markable id="markable_144" span="word_145" tag="dt" mmax_level="pos" />
<markable id="markable_145" span="word_146" tag="jj" mmax_level="pos" />
<markable id="markable_146" span="word_147" tag="nn" mmax_level="pos" />
<markable id="markable_147" span="word_148" tag="vbg" mmax_level="pos" />
<markable id="markable_148" span="word_149" tag="dt" mmax_level="pos" />
<markable id="markable_149" span="word_150" tag="nn" mmax_level="pos" />
<markable id="markable_150" span="word_151" tag="uh" mmax_level="pos" />
<markable id="markable_151" span="word_152" tag="prp" mmax_level="pos" />
<markable id="markable_152" span="word_153" tag="vbz" mmax_level="pos" />
<markable id="markable_153" span="word_154" tag="nn" mmax_level="pos" />
<markable id="markable_154" span="word_155" tag="cc" mmax_level="pos" />
<markable id="markable_155" span="word_156" tag="ex" mmax_level="pos" />
<markable id="markable_156" span="word_157" tag="vbz" mmax_level="pos" />
<markable id="markable_157" span="word_158" tag="dt" mmax_level="pos" />
<markable id="markable_158" span="word_159" tag="nn" mmax_level="pos" />
<markable id="markable_159" span="word_160" tag="in" mmax_level="pos" />
<markable id="markable_160" span="word_161" tag="dt" mmax_level="pos" />
<markable id="markable_161" span="word_162" tag="nn" mmax_level="pos" />
<markable id="markable_162" span="word_163" tag="in" mmax_level="pos" />
<markable id="markable_163" span="word_164" tag="nn" mmax_level="pos" />
<markable id="markable_164" span="word_165" tag="vbz" mmax_level="pos" />
<markable id="markable_165" span="word_166" tag="jj" mmax_level="pos" />
<markable id="markable_166" span="word_167" tag="cc" mmax_level="pos" />
<markable id="markable_167" span="word_168" tag="dt" mmax_level="pos" />
<markable id="markable_168" span="word_169" tag="nns" mmax_level="pos" />
<markable id="markable_169" span="word_170" tag="vb" mmax_level="pos" />
<markable id="markable_170" span="word_171" tag="nn" mmax_level="pos" />
<markable id="markable_171" span="word_172" tag="nn" mmax_level="pos" />
<markable id="markable_172" span="word_173" tag="vb" mmax_level="pos" />
<markable id="markable_173" span="word_174" tag="rp" mmax_level="pos" />
<markable id="markable_174" span="word_175" tag="in" mmax_level="pos" />
<markable id="markable_175" span="word_176" tag="dt" mmax_level="pos" />
<markable id="markable_176" span="word_177" tag="nn" mmax_level="pos" />
<markable id="markable_177" span="word_178" tag="nnp" mmax_level="pos" />
<markable id="markable_178" span="word_179" tag="vbp" mmax_level="pos" />
<markable id="markable_179" span="word_180" tag="ex" mmax_level="pos" />
<markable id="markable_180" span="word_181" tag="vbz" mmax_level="pos" />
<markable id="markable_181" span="word_182" tag="dt" mmax_level="pos" />
<markable id="markable_182" span="word_183" tag="nns" mmax_level="pos" />
<markable id="markable_183" span="word_184" tag="ex" mmax_level="pos" />
<markable id="markable_184" span="word_185" tag="vbp" mmax_level="pos" />
<markable id="markable_185" span="word_186" tag="cd" mmax_level="pos" />
<markable id="markable_186" span="word_187" tag="jj" mmax_level="pos" />
<markable id="markable_187" span="word_188" tag="nns" mmax_level="pos" />
<markable id="markable_188" span="word_189" tag="wp" mmax_level="pos" />
<markable id="markable_189" span="word_190" tag="vbp" mmax_level="pos" />
<markable id="markable_190" span="word_191" tag="rb" mmax_level="pos" />
<markable id="markable_191" span="word_192" tag="prp" mmax_level="pos" />
<markable id="markable_192" span="word_193" tag="vbp" mmax_level="pos" />
<markable id="markable_193" span="word_194" tag="prp" mmax_level="pos" />
<markable id="markable_194" span="word_195" tag="vb" mmax_level="pos" />
<markable id="markable_195" span="word_196" tag="vbn" mmax_level="pos" />
<markable id="markable_196" span="word_197" tag="rp" mmax_level="pos" />
<markable id="markable_197" span="word_198" tag="vb" mmax_level="pos" />
<markable id="markable_198" span="word_199" tag="dt" mmax_level="pos" />
<markable id="markable_199" span="word_200" tag="nns" mmax_level="pos" />
<markable id="markable_200" span="word_201" tag="rp" mmax_level="pos" />
<markable id="markable_201" span="word_202" tag="in" mmax_level="pos" />
<markable id="markable_202" span="word_203" tag="dt" mmax_level="pos" />
<markable id="markable_203" span="word_204" tag="nn" mmax_level="pos" />
<markable id="markable_204" span="word_205" tag="vb" mmax_level="pos" />
<markable id="markable_205" span="word_206" tag="rp" mmax_level="pos" />
<markable id="markable_206" span="word_207" tag="nn" mmax_level="pos" />
<markable id="markable_207" span="word_208" tag="cc" mmax_level="pos" />
<markable id="markable_208" span="word_209" tag="rb" mmax_level="pos" />
<markable id="markable_209" span="word_210" tag="rb" mmax_level="pos" />
<markable id="markable_210" span="word_211" tag="cc" mmax_level="pos" />
<markable id="markable_211" span="word_212" tag="prp" mmax_level="pos" />
<markable id="markable_212" span="word_213" tag="vbz" mmax_level="pos" />
<markable id="markable_213" span="word_214" tag="in" mmax_level="pos" />
<markable id="markable_214" span="word_215" tag="nn" mmax_level="pos" />
<markable id="markable_215" span="word_216" tag="nn" mmax_level="pos" />
<markable id="markable_216" span="word_217" tag="cc" mmax_level="pos" />
<markable id="markable_217" span="word_218" tag="rb" mmax_level="pos" />
<markable id="markable_218" span="word_219" tag="rb" mmax_level="pos" />
<markable id="markable_219" span="word_220" tag="dt" mmax_level="pos" />
<markable id="markable_220" span="word_221" tag="nns" mmax_level="pos" />
<markable id="markable_221" span="word_222" tag="vbp" mmax_level="pos" />
<markable id="markable_222" span="word_223" tag="in" mmax_level="pos" />
<markable id="markable_223" span="word_224" tag="prp" mmax_level="pos" />
<markable id="markable_224" span="word_225" tag="vbz" mmax_level="pos" />
<markable id="markable_225" span="word_226" tag="vbn" mmax_level="pos" />
<markable id="markable_226" span="word_227" tag="nn" mmax_level="pos" />
<markable id="markable_227" span="word_228" tag="in" mmax_level="pos" />
<markable id="markable_228" span="word_229" tag="cd" mmax_level="pos" />
<markable id="markable_229" span="word_230" tag="in" mmax_level="pos" />
<markable id="markable_230" span="word_231" tag="dt" mmax_level="pos" />
<markable id="markable_231" span="word_232" tag="nns" mmax_level="pos" />
<markable id="markable_232" span="word_233" tag="vbd" mmax_level="pos" />
<markable id="markable_233" span="word_234" tag="to" mmax_level="pos" />
<markable id="markable_234" span="word_235" tag="prp" mmax_level="pos" />
<markable id="markable_235" span="word_236" tag="cc" mmax_level="pos" />
<markable id="markable_236" span="word_237" tag="vbz" mmax_level="pos" />
<markable id="markable_237" span="word_238" tag="prp" mmax_level="pos" />
<markable id="markable_238" span="word_239" tag="cc" mmax_level="pos" />
<markable id="markable_239" span="word_240" tag="vbz" mmax_level="pos" />
<markable id="markable_240" span="word_241" tag="prp" mmax_level="pos" />
<markable id="markable_241" span="word_242" tag="nn" mmax_level="pos" />
<markable id="markable_242" span="word_243" tag="nn" mmax_level="pos" />
<markable id="markable_243" span="word_244" tag="cc" mmax_level="pos" />
<markable id="markable_244" span="word_245" tag="rb" mmax_level="pos" />
<markable id="markable_245" span="word_246" tag="nn" mmax_level="pos" />
<markable id="markable_246" span="word_247" tag="dt" mmax_level="pos" />
<markable id="markable_247" span="word_248" tag="nn" mmax_level="pos" />
<markable id="markable_248" span="word_249" tag="in" mmax_level="pos" />
<markable id="markable_249" span="word_250" tag="dt" mmax_level="pos" />
<markable id="markable_250" span="word_251" tag="nns" mmax_level="pos" />
<markable id="markable_251" span="word_252" tag="vbz" mmax_level="pos" />
<markable id="markable_252" span="word_253" tag="dt" mmax_level="pos" />
<markable id="markable_253" span="word_254" tag="nn" mmax_level="pos" />
<markable id="markable_254" span="word_255" tag="wp" mmax_level="pos" />
<markable id="markable_255" span="word_256" tag="rb" mmax_level="pos" />
<markable id="markable_256" span="word_257" tag="vbd" mmax_level="pos" />
<markable id="markable_257" span="word_258" tag="prp" mmax_level="pos" />
<markable id="markable_258" span="word_259" tag="nn" mmax_level="pos" />
<markable id="markable_259" span="word_260" tag="in" mmax_level="pos" />
<markable id="markable_260" span="word_261" tag="cd" mmax_level="pos" />
<markable id="markable_261" span="word_262" tag="nns" mmax_level="pos" />
<markable id="markable_262" span="word_263" tag="to" mmax_level="pos" />
<markable id="markable_263" span="word_264" tag="vb" mmax_level="pos" />
<markable id="markable_264" span="word_265" tag="in" mmax_level="pos" />
<markable id="markable_265" span="word_266" tag="nns" mmax_level="pos" />
<markable id="markable_266" span="word_267" tag="cc" mmax_level="pos" />
<markable id="markable_267" span="word_268" tag="rb" mmax_level="pos" />
<markable id="markable_268" span="word_269" tag="dt" mmax_level="pos" />
<markable id="markable_269" span="word_270" tag="nns" mmax_level="pos" />
<markable id="markable_270" span="word_271" tag="vbp" mmax_level="pos" />
<markable id="markable_271" span="word_272" tag="rb" mmax_level="pos" />
<markable id="markable_272" span="word_273" tag="vbg" mmax_level="pos" />
<markable id="markable_273" span="word_274" tag="rb" mmax_level="pos" />
<markable id="markable_274" span="word_275" tag="vbg" mmax_level="pos" />
<markable id="markable_275" span="word_276" tag="nns" mmax_level="pos" />
<markable id="markable_276" span="word_277" tag="cc" mmax_level="pos" />
<markable id="markable_277" span="word_278" tag="rb" mmax_level="pos" />
<markable id="markable_278" span="word_279" tag="rb" mmax_level="pos" />
<markable id="markable_279" span="word_280" tag="dt" mmax_level="pos" />
<markable id="markable_280" span="word_281" tag="nn" mmax_level="pos" />
<markable id="markable_281" span="word_282" tag="vbz" mmax_level="pos" />
<markable id="markable_282" span="word_283" tag="wp" mmax_level="pos" />
<markable id="markable_283" span="word_284" tag="vbd" mmax_level="pos" />
<markable id="markable_284" span="word_285" tag="vbg" mmax_level="pos" />
<markable id="markable_285" span="word_286" tag="nns" mmax_level="pos" />
<markable id="markable_286" span="word_287" tag="vbz" mmax_level="pos" />
<markable id="markable_287" span="word_288" tag="rp" mmax_level="pos" />
<markable id="markable_288" span="word_289" tag="in" mmax_level="pos" />
<markable id="markable_289" span="word_290" tag="nn" mmax_level="pos" />
<markable id="markable_290" span="word_291" tag="nns" mmax_level="pos" />
<markable id="markable_291" span="word_292" tag="wrb" mmax_level="pos" />
<markable id="markable_292" span="word_293" tag="prp" mmax_level="pos" />
<markable id="markable_293" span="word_294" tag="vbz" mmax_level="pos" />
<markable id="markable_294" span="word_295" tag="vbn" mmax_level="pos" />
<markable id="markable_295" span="word_296" tag="vbg" mmax_level="pos" />
<markable id="markable_296" span="word_297" tag="dt" mmax_level="pos" />
<markable id="markable_297" span="word_298" tag="nns" mmax_level="pos" />
<markable id="markable_298" span="word_299" tag="cc" mmax_level="pos" />
<markable id="markable_299" span="word_300" tag="prp" mmax_level="pos" />
<markable id="markable_300" span="word_301" tag="pos" mmax_level="pos" />
<markable id="markable_301" span="word_302" tag="vbz" mmax_level="pos" />
<markable id="markable_302" span="word_303" tag="to" mmax_level="pos" />
<markable id="markable_303" span="word_304" tag="vb" mmax_level="pos" />
<markable id="markable_304" span="word_305" tag="rp" mmax_level="pos" />
<markable id="markable_305" span="word_306" tag="dt" mmax_level="pos" />
<markable id="markable_306" span="word_307" tag="nns" mmax_level="pos" />
<markable id="markable_307" span="word_308" tag="in" mmax_level="pos" />
<markable id="markable_308" span="word_309" tag="prp" mmax_level="pos" />
<markable id="markable_309" span="word_310" tag="vbz" mmax_level="pos" />
<markable id="markable_310" span="word_311" tag="rb" mmax_level="pos" />
<markable id="markable_311" span="word_312" tag="vbn" mmax_level="pos" />
<markable id="markable_312" span="word_313" tag="cc" mmax_level="pos" />
<markable id="markable_313" span="word_314" tag="prp" mmax_level="pos" />
<markable id="markable_314" span="word_315" tag="vbz" mmax_level="pos" />
<markable id="markable_315" span="word_316" tag="dt" mmax_level="pos" />
<markable id="markable_316" span="word_317" tag="rb" mmax_level="pos" />
<markable id="markable_317" span="word_318" tag="in" mmax_level="pos" />
<markable id="markable_318" span="word_319" tag="dt" mmax_level="pos" />
<markable id="markable_319" span="word_320" tag="cd" mmax_level="pos" />
<markable id="markable_320" span="word_321" tag="nns" mmax_level="pos" />
<markable id="markable_321" span="word_322" tag="in" mmax_level="pos" />
<markable id="markable_322" span="word_323" tag="prp" mmax_level="pos" />
<markable id="markable_323" span="word_324" tag="vbd" mmax_level="pos" />
<markable id="markable_324" span="word_325" tag="rb" mmax_level="pos" />
<markable id="markable_325" span="word_326" tag="ex" mmax_level="pos" />
<markable id="markable_326" span="word_327" tag="vbp" mmax_level="pos" />
<markable id="markable_327" span="word_328" tag="rb" mmax_level="pos" />
<markable id="markable_328" span="word_329" tag="cd" mmax_level="pos" />
<markable id="markable_329" span="word_330" tag="cc" mmax_level="pos" />
<markable id="markable_330" span="word_331" tag="rb" mmax_level="pos" />
<markable id="markable_331" span="word_332" tag="prp" mmax_level="pos" />
<markable id="markable_332" span="word_333" tag="vbz" mmax_level="pos" />
<markable id="markable_333" span="word_334" tag="vbn" mmax_level="pos" />
<markable id="markable_334" span="word_335" tag="cc" mmax_level="pos" />
<markable id="markable_335" span="word_336" tag="rb" mmax_level="pos" />
<markable id="markable_336" span="word_337" tag="wrb" mmax_level="pos" />
<markable id="markable_337" span="word_338" tag="prp" mmax_level="pos" />
<markable id="markable_338" span="word_339" tag="vbz" mmax_level="pos" />
<markable id="markable_339" span="word_340" tag="in" mmax_level="pos" />
<markable id="markable_340" span="word_341" tag="cd" mmax_level="pos" />
<markable id="markable_341" span="word_342" tag="nn" mmax_level="pos" />
<markable id="markable_342" span="word_343" tag="vbz" mmax_level="pos" />
<markable id="markable_343" span="word_344" tag="vbn" mmax_level="pos" />
<markable id="markable_344" span="word_345" tag="dt" mmax_level="pos" />
<markable id="markable_345" span="word_346" tag="cd" mmax_level="pos" />
<markable id="markable_346" span="word_347" tag="nns" mmax_level="pos" />
<markable id="markable_347" span="word_348" tag="vbp" mmax_level="pos" />
<markable id="markable_348" span="word_349" tag="rb" mmax_level="pos" />
<markable id="markable_349" span="word_350" tag="jj" mmax_level="pos" />
<markable id="markable_350" span="word_351" tag="nns" mmax_level="pos" />
<markable id="markable_351" span="word_352" tag="cc" mmax_level="pos" />
<markable id="markable_352" span="word_353" tag="prp" mmax_level="pos" />
<markable id="markable_353" span="word_354" tag="vbp" mmax_level="pos" />
<markable id="markable_354" span="word_355" tag="vbn" mmax_level="pos" />
<markable id="markable_355" span="word_356" tag="in" mmax_level="pos" />
<markable id="markable_356" span="word_357" tag="dt" mmax_level="pos" />
<markable id="markable_357" span="word_358" tag="nn" mmax_level="pos" />
<markable id="markable_358" span="word_359" tag="wp" mmax_level="pos" />
<markable id="markable_359" span="word_360" tag="vbz" mmax_level="pos" />
<markable id="markable_360" span="word_361" tag="dt" mmax_level="pos" />
<markable id="markable_361" span="word_362" tag="nn" mmax_level="pos" />
<markable id="markable_362" span="word_363" tag="prp" mmax_level="pos" />
<markable id="markable_363" span="word_364" tag="vb" mmax_level="pos" />
<markable id="markable_364" span="word_365" tag="wp" mmax_level="pos" />
<markable id="markable_365" span="word_366" tag="vbz" mmax_level="pos" />
<markable id="markable_366" span="word_367" tag="dt" mmax_level="pos" />
<markable id="markable_367" span="word_368" tag="nn" mmax_level="pos" />
<markable id="markable_368" span="word_369" tag="rb" mmax_level="pos" />
<markable id="markable_369" span="word_370" tag="vb" mmax_level="pos" />
<markable id="markable_370" span="word_371" tag="prp" mmax_level="pos" />
<markable id="markable_371" span="word_372" tag="vbp" mmax_level="pos" />
<markable id="markable_372" span="word_373" tag="prp" mmax_level="pos" />
<markable id="markable_373" span="word_374" tag="vbz" mmax_level="pos" />
<markable id="markable_374" span="word_375" tag="in" mmax_level="pos" />
<markable id="markable_375" span="word_376" tag="prp" mmax_level="pos" />
<markable id="markable_376" span="word_377" tag="vbp" mmax_level="pos" />
<markable id="markable_377" span="word_378" tag="in" mmax_level="pos" />
<markable id="markable_378" span="word_379" tag="dt" mmax_level="pos" />
<markable id="markable_379" span="word_380" tag="nns" mmax_level="pos" />
<markable id="markable_380" span="word_381" tag="vbn" mmax_level="pos" />
<markable id="markable_381" span="word_382" tag="rp" mmax_level="pos" />
<markable id="markable_382" span="word_383" tag="in" mmax_level="pos" />
<markable id="markable_383" span="word_384" tag="nns" mmax_level="pos" />
<markable id="markable_384" span="word_385" tag="cc" mmax_level="pos" />
<markable id="markable_385" span="word_386" tag="wp" mmax_level="pos" />
<markable id="markable_386" span="word_387" tag="prp" mmax_level="pos" />
<markable id="markable_387" span="word_388" tag="rb" mmax_level="pos" />
<markable id="markable_388" span="word_389" tag="vbz" mmax_level="pos" />
<markable id="markable_389" span="word_390" tag="rb" mmax_level="pos" />
<markable id="markable_390" span="word_391" tag="vb" mmax_level="pos" />
<markable id="markable_391" span="word_392" tag="prp" mmax_level="pos" />
<markable id="markable_392" span="word_393" tag="vbd" mmax_level="pos" />
<markable id="markable_393" span="word_394" tag="rb" mmax_level="pos" />
<markable id="markable_394" span="word_395" tag="in" mmax_level="pos" />
<markable id="markable_395" span="word_396" tag="dt" mmax_level="pos" />
<markable id="markable_396" span="word_397" tag="nn" mmax_level="pos" />
<markable id="markable_397" span="word_398" tag="wrb" mmax_level="pos" />
<markable id="markable_398" span="word_399" tag="dt" mmax_level="pos" />
<markable id="markable_399" span="word_400" tag="nn" mmax_level="pos" />
<markable id="markable_400" span="word_401" tag="in" mmax_level="pos" />
<markable id="markable_401" span="word_402" tag="dt" mmax_level="pos" />
<markable id="markable_402" span="word_403" tag="nn" mmax_level="pos" />
<markable id="markable_403" span="word_404" tag="vbn" mmax_level="pos" />
<markable id="markable_404" span="word_405" tag="rp" mmax_level="pos" />
<markable id="markable_405" span="word_406" tag="dt" mmax_level="pos" />
<markable id="markable_406" span="word_407" tag="nn" mmax_level="pos" />
<markable id="markable_407" span="word_408" tag="vbz" mmax_level="pos" />
<markable id="markable_408" span="word_409" tag="dt" mmax_level="pos" />
<markable id="markable_409" span="word_410" tag="nns" mmax_level="pos" />
<markable id="markable_410" span="word_411" tag="uh" mmax_level="pos" />
</markables>
