<?xml version="1.0" encoding="US-ASCII"?>
<!DOCTYPE markables SYSTEM "markables.dtd">
<markables xmlns="www.eml.org/NameSpaces/utterance">
<markable id="markable_1" span="word_1..word_2" type="eol" mmax_level="utterance" />
<markable id="markable_2" span="word_3..word_3" type="eol" mmax_level="utterance" />
<markable id="markable_3" span="word_4..word_8" type="eol" mmax_level="utterance" />
<markable id="markable_4" span="word_9..word_10" type="eol" mmax_level="utterance" />
<markable id="markable_5" span="word_11..word_14" type="eol" mmax_level="utterance" />
<markable id="markable_6" span="word_15..word_19" type="eol" mmax_level="utterance" />
<markable id="markable_7" span="word_20..word_26" type="eol" mmax_level="utterance" />
<markable id="markable_8" span="word_27..word_28" type="eol" mmax_level="utterance" />
<markable id="markable_9" span="word_29..word_31" type="eol" mmax_level="utterance" />
<markable id="markable_10" span="word_32..word_33" type="eol" mmax_level="utterance" />
<markable id="markable_11" span="word_34..word_39" type="eol" mmax_level="utterance" />
<markable id="markable_12" span="word_40..word_44" type="eol" mmax_level="utterance" />
<markable id="markable_13" span="word_45..word_50" type="eol" mmax_level="utterance" />
<markable id="markable_14" span="word_51..word_53" type="eol" mmax_level="utterance" />
<markable id="markable_15" span="word_54..word_62" type="eol" mmax_level="utterance" />
<markable id="markable_16" span="word_63..word_72" type="eol" mmax_level="utterance" />
<markable id="markable_17" span="word_73..word_78" type="eol" mmax_level="utterance" />
<markable id="markable_18" span="word_79..word_81" type="eol" mmax_level="utterance" />
<markable id="markable_19" span="word_82..word_87" type="eol" mmax_level="utterance" />
<markable id="markable_20" span="word_88..word_94" type="eol" mmax_level="utterance" />
<markable id="markable_21" span="word_95..word_99" type="eol" mmax_level="utterance" />
<markable id="markable_22" span="word_100..word_106" type="eol" mmax_level="utterance" />
<markable id="markable_23" span="word_107..word_114" type="eol" mmax_level="utterance" />
<markable id="markable_24" span="word_115..word_123" type="eol" mmax_level="utterance" />
<markable id="markable_25" span="word_124..word_132" type="eol" mmax_level="utterance" />
<markable id="markable_26" span="word_133..word_136" type="eol" mmax_level="utterance" />
<markable id="markable_27" span="word_137..word_141" type="eol" mmax_level="utterance" />
<markable id="markable_28" span="word_142..word_146" type="eol" mmax_level="utterance" />
<markable id="markable_29" span="word_147..word_150" type="eol" mmax_level="utterance" />
<markable id="markable_30" span="word_151..word_153" type="eol" mmax_level="utterance" />
<markable id="markable_31" span="word_154..word_159" type="eol" mmax_level="utterance" />
<markable id="markable_32" span="word_160..word_162" type="eol" mmax_level="utterance" />
<markable id="markable_33" span="word_163..word_170" type="eol" mmax_level="utterance" />
<markable id="markable_34" span="word_171..word_175" type="eol" mmax_level="utterance" />
<markable id="markable_35" span="word_176..word_181" type="eol" mmax_level="utterance" />
<markable id="markable_36" span="word_182..word_186" type="eol" mmax_level="utterance" />
<markable id="markable_37" span="word_187..word_196" type="eol" mmax_level="utterance" />
<markable id="markable_38" span="word_197..word_200" type="eol" mmax_level="utterance" />
<markable id="markable_39" span="word_201..word_203" type="eol" mmax_level="utterance" />
<markable id="markable_40" span="word_204..word_209" type="eol" mmax_level="utterance" />
<markable id="markable_41" span="word_210..word_213" type="eol" mmax_level="utterance" />
<markable id="markable_42" span="word_214..word_216" type="eol" mmax_level="utterance" />
<markable id="markable_43" span="word_217..word_220" type="eol" mmax_level="utterance" />
<markable id="markable_44" span="word_221..word_236" type="eol" mmax_level="utterance" />
<markable id="markable_45" span="word_237..word_246" type="eol" mmax_level="utterance" />
<markable id="markable_46" span="word_247..word_249" type="eol" mmax_level="utterance" />
<markable id="markable_47" span="word_250..word_256" type="eol" mmax_level="utterance" />
<markable id="markable_48" span="word_257..word_263" type="eol" mmax_level="utterance" />
<markable id="markable_49" span="word_264..word_265" type="eol" mmax_level="utterance" />
<markable id="markable_50" span="word_266..word_267" type="eol" mmax_level="utterance" />
<markable id="markable_51" span="word_268..word_275" type="eol" mmax_level="utterance" />
<markable id="markable_52" span="word_276..word_282" type="eol" mmax_level="utterance" />
</markables>
