<?xml version="1.0" encoding="MacRoman"?>
<!DOCTYPE markables SYSTEM "markables.dtd">
<markables xmlns="www.eml.org/NameSpaces/markable">
<markable id="markable_0" span="word_1..word_2" sentenceid="0" label="np" min_ids="word_1..word_2" type="chunk" lemmata="speaker 13" isprenominal="false" pos="nnp cd" mmax_level="markable" />
<markable id="markable_1" span="word_7..word_8" sentenceid="3" label="np" min_ids="word_7..word_8" type="chunk" lemmata="a uh" isprenominal="false" pos="dt nn" mmax_level="markable" />
<markable id="markable_2" span="word_11..word_12" sentenceid="3" label="np" min_ids="word_11..word_12" type="chunk" lemmata="a man" isprenominal="false" pos="dt nn" mmax_level="markable" />
<markable id="markable_196" span="word_16" sentenceid="4" label="np" type="chunk" lemmata="latin" isprenominal="true" pos="nnp" mmax_level="markable" />
<markable id="markable_3" span="word_16..word_17" sentenceid="4" label="np" min_ids="word_16..word_17" type="chunk" lemmata="latin descent" isprenominal="false" pos="nnp nn" mmax_level="markable" />
<markable id="markable_4" span="word_19" sentenceid="5" label="np" min_ids="word_19..word_19" type="chunk" lemmata="he" isprenominal="false" pos="prp" mmax_level="markable" />
<markable id="markable_5" span="word_22..word_23" sentenceid="5" label="np" min_ids="word_22..word_23" type="chunk" lemmata="a ladder" isprenominal="false" pos="dt nn" mmax_level="markable" />
<markable id="markable_6" span="word_24" sentenceid="5" label="np" min_ids="word_24..word_24" type="chunk" lemmata="he" isprenominal="false" pos="prp" mmax_level="markable" />
<markable id="markable_7" span="word_30" sentenceid="6" label="np" min_ids="word_30..word_30" type="chunk" lemmata="he" isprenominal="false" pos="prp" mmax_level="markable" />
<markable id="markable_8" span="word_33..word_34" sentenceid="6" label="np" min_ids="word_33..word_34" type="chunk" lemmata="a ladder" isprenominal="false" pos="dt nn" mmax_level="markable" />
<markable id="markable_9" span="word_36" sentenceid="7" label="np" min_ids="word_36..word_36" type="chunk" lemmata="pear" isprenominal="false" pos="nns" mmax_level="markable" />
<markable id="markable_10" span="word_38..word_39" sentenceid="8" label="np" min_ids="word_38..word_39" type="chunk" lemmata="a tree" isprenominal="false" pos="dt nn" mmax_level="markable" />
<markable id="markable_11" span="word_42" sentenceid="9" label="np" min_ids="word_42..word_42" type="chunk" lemmata="it" isprenominal="false" pos="prp" mmax_level="markable" />
<markable id="markable_12" span="word_44" sentenceid="9" label="np" min_ids="word_44..word_44" type="chunk" lemmata="apron" isprenominal="false" pos="nn" mmax_level="markable" />
<markable id="markable_13" span="word_50" sentenceid="11" label="np" min_ids="word_50..word_50" type="chunk" lemmata="you" isprenominal="false" pos="prp" mmax_level="markable" />
<markable id="markable_14" span="word_52" sentenceid="11" label="np" min_ids="word_52..word_52" type="chunk" lemmata="he" isprenominal="false" pos="prp" mmax_level="markable" />
<markable id="markable_15" span="word_54..word_55" sentenceid="11" label="np" min_ids="word_54..word_55" type="chunk" lemmata="the sound" isprenominal="false" pos="dt nn" mmax_level="markable" />
<markable id="markable_16" span="word_65" sentenceid="11" label="np" min_ids="word_65..word_65" type="chunk" lemmata="it" isprenominal="false" pos="prp" mmax_level="markable" />
<markable id="markable_17" span="word_69" sentenceid="12" label="np" min_ids="word_69..word_69" type="chunk" lemmata="i" isprenominal="false" pos="prp" mmax_level="markable" />
<markable id="markable_18" span="word_73" sentenceid="13" label="np" min_ids="word_73..word_73" type="chunk" lemmata="it" isprenominal="false" pos="prp" mmax_level="markable" />
<markable id="markable_19" span="word_76" sentenceid="13" label="np" min_ids="word_76..word_76" type="chunk" lemmata="they" isprenominal="false" pos="prp" mmax_level="markable" />
<markable id="markable_20" span="word_78..word_80" sentenceid="13" label="np" min_ids="word_78..word_80" type="chunk" lemmata="a microphone right" isprenominal="false" pos="dt jj nn" mmax_level="markable" />
<markable id="markable_21" span="word_83..word_84" sentenceid="13" label="np" min_ids="word_83..word_84" type="chunk" lemmata="the branch" isprenominal="false" pos="dt nn" mmax_level="markable" />
<markable id="markable_22" span="word_86" sentenceid="13" label="np" min_ids="word_86..word_86" type="chunk" lemmata="you" isprenominal="false" pos="prp" mmax_level="markable" />
<markable id="markable_23" span="word_89" sentenceid="13" label="np" min_ids="word_89..word_89" type="chunk" lemmata="he" isprenominal="false" pos="prp" mmax_level="markable" />
<markable id="markable_24" span="word_92..word_94" sentenceid="13" label="np" min_ids="word_92..word_94" type="chunk" lemmata="the the pear" isprenominal="false" pos="dt dt nns" mmax_level="markable" />
<markable id="markable_25" span="word_108" sentenceid="15" label="np" min_ids="word_108..word_108" type="chunk" lemmata="you" isprenominal="false" pos="prp" mmax_level="markable" />
<markable id="markable_26" span="word_113..word_114" sentenceid="15" label="np" min_ids="word_113..word_114" type="chunk" lemmata="the film" isprenominal="false" pos="dt nn" mmax_level="markable" />
<markable id="markable_27" span="word_120" sentenceid="16" label="np" min_ids="word_120..word_120" type="chunk" lemmata="it" isprenominal="false" pos="prp" mmax_level="markable" />
<markable id="markable_28" span="word_124" sentenceid="16" label="np" min_ids="word_124..word_124" type="chunk" lemmata="sort" isprenominal="false" pos="nn" mmax_level="markable" />
<markable id="markable_29" span="word_128..word_129" sentenceid="16" label="np" min_ids="word_128..word_129" type="chunk" lemmata="the sound" isprenominal="false" pos="dt nn" mmax_level="markable" />
<markable id="markable_30" span="word_140..word_141" sentenceid="17" label="np" min_ids="word_140..word_141" type="chunk" lemmata="the pick" isprenominal="false" pos="dt vbg" mmax_level="markable" />
<markable id="markable_31" span="word_143..word_144" sentenceid="17" label="np" min_ids="word_143..word_144" type="chunk" lemmata="the pear" isprenominal="false" pos="dt nns" mmax_level="markable" />
<markable id="markable_32" span="word_146" sentenceid="18" label="np" min_ids="word_146..word_146" type="chunk" lemmata="whatever" isprenominal="false" pos="wdt" mmax_level="markable" />
<markable id="markable_33" span="word_148" sentenceid="19" label="np" min_ids="word_148..word_148" type="chunk" lemmata="it" isprenominal="false" pos="prp" mmax_level="markable" />
<markable id="markable_34" span="word_150" sentenceid="19" label="np" min_ids="word_150..word_150" type="chunk" lemmata="he" isprenominal="false" pos="prp" mmax_level="markable" />
<markable id="markable_35" span="word_154" sentenceid="19" label="np" min_ids="word_154..word_154" type="chunk" lemmata="they" isprenominal="false" pos="prp" mmax_level="markable" />
<markable id="markable_36" span="word_156..word_158" sentenceid="19" label="np" min_ids="word_156..word_158" type="chunk" lemmata="a in a" isprenominal="false" pos="dt fw fw" mmax_level="markable" />
<markable id="markable_37" span="word_160..word_161" sentenceid="19" label="np" min_ids="word_160..word_161" type="chunk" lemmata="a basket" isprenominal="false" pos="dt nn" mmax_level="markable" />
<markable id="markable_38" span="word_165..word_166" sentenceid="20" label="np" min_ids="word_165..word_166" type="chunk" lemmata="three basket" isprenominal="false" pos="cd nns" mmax_level="markable" />
<markable id="markable_39" span="word_168..word_169" sentenceid="20" label="np" min_ids="word_168..word_169" type="chunk" lemmata="the ground." isprenominal="false" pos="dt nn" mmax_level="markable" />
<markable id="markable_40" span="word_171" sentenceid="21" label="np" min_ids="word_171..word_171" type="chunk" lemmata="two" isprenominal="false" pos="cd" mmax_level="markable" />
<markable id="markable_41" span="word_184" sentenceid="22" label="np" min_ids="word_184..word_184" type="chunk" lemmata="he" isprenominal="false" pos="prp" mmax_level="markable" />
<markable id="markable_42" span="word_187" sentenceid="22" label="np" min_ids="word_187..word_187" type="chunk" lemmata="they" isprenominal="false" pos="prp" mmax_level="markable" />
<markable id="markable_43" span="word_191" sentenceid="23" label="np" min_ids="word_191..word_191" type="chunk" lemmata="he" isprenominal="false" pos="prp" mmax_level="markable" />
<markable id="markable_44" span="word_196" sentenceid="23" label="np" min_ids="word_196..word_196" type="chunk" lemmata="ladder" isprenominal="false" pos="cd" mmax_level="markable" />
<markable id="markable_197" span="word_198" sentenceid="24" label="np" type="chunk" lemmata="um" isprenominal="true" pos="nn" mmax_level="markable" />
<markable id="markable_45" span="word_200..word_201" sentenceid="25" label="np" min_ids="word_200..word_201" type="chunk" lemmata="the film" isprenominal="false" pos="dt nn" mmax_level="markable" />
<markable id="markable_46" span="word_205..word_206" sentenceid="26" label="np" min_ids="word_205..word_206" type="chunk" lemmata="just sort" isprenominal="false" pos="rb nn" mmax_level="markable" />
<markable id="markable_47" span="word_208..word_209" sentenceid="26" label="np" min_ids="word_208..word_209" type="chunk" lemmata="a scene" isprenominal="false" pos="dt nn" mmax_level="markable" />
<markable id="markable_48" span="word_211..word_212" sentenceid="26" label="np" min_ids="word_211..word_212" type="chunk" lemmata="the country" isprenominal="false" pos="dt nn" mmax_level="markable" />
<markable id="markable_49" span="word_213..word_215" sentenceid="27" label="np" min_ids="word_213..word_215" type="chunk" lemmata="and a path" isprenominal="false" pos="cc dt nn" mmax_level="markable" />
<markable id="markable_50" span="word_217" sentenceid="28" label="np" min_ids="word_217..word_217" type="chunk" lemmata="you" isprenominal="false" pos="prp" mmax_level="markable" />
<markable id="markable_51" span="word_219..word_220" sentenceid="28" label="np" min_ids="word_219..word_220" type="chunk" lemmata="a rooster" isprenominal="false" pos="dt nn" mmax_level="markable" />
<markable id="markable_52" span="word_224" sentenceid="29" label="np" min_ids="word_224..word_224" type="chunk" lemmata="it" isprenominal="false" pos="prp" mmax_level="markable" />
<markable id="markable_53" span="word_225" sentenceid="29" label="np" min_ids="word_225..word_225" type="chunk" lemmata="it" isprenominal="false" pos="prp" mmax_level="markable" />
<markable id="markable_54" span="word_228..word_229" sentenceid="29" label="np" min_ids="word_228..word_229" type="chunk" lemmata="this man" isprenominal="false" pos="dt nn" mmax_level="markable" />
<markable id="markable_55" span="word_234" sentenceid="30" label="np" min_ids="word_234..word_234" type="chunk" lemmata="you" isprenominal="false" pos="prp" mmax_level="markable" />
<markable id="markable_56" span="word_237" sentenceid="31" label="np" min_ids="word_237..word_237" type="chunk" lemmata="he" isprenominal="false" pos="prp" mmax_level="markable" />
<markable id="markable_57" span="word_240..word_241" sentenceid="31" label="np" min_ids="word_240..word_241" type="chunk" lemmata="the pear" isprenominal="false" pos="dt nns" mmax_level="markable" />
<markable id="markable_58" span="word_243..word_244" sentenceid="31" label="np" min_ids="word_243..word_244" type="chunk" lemmata="the basket" isprenominal="false" pos="dt nn" mmax_level="markable" />
<markable id="markable_59" span="word_246..word_247" sentenceid="32" label="np" min_ids="word_246..word_247" type="chunk" lemmata="a nous" isprenominal="false" pos="dt nn" mmax_level="markable" />
<markable id="markable_60" span="word_248..word_250" sentenceid="32" label="np" min_ids="word_248..word_250" type="chunk" lemmata="an animal noise" isprenominal="false" pos="dt nn nn" mmax_level="markable" />
<markable id="markable_198" span="word_249" sentenceid="32" label="np" type="chunk" lemmata="animal" isprenominal="true" pos="nn" mmax_level="markable" />
<markable id="markable_61" span="word_256..word_257" sentenceid="33" label="np" min_ids="word_256..word_257" type="chunk" lemmata="a goat" isprenominal="false" pos="dt nn" mmax_level="markable" />
<markable id="markable_62" span="word_260" sentenceid="34" label="np" min_ids="word_260..word_260" type="chunk" lemmata="he" isprenominal="false" pos="prp" mmax_level="markable" />
<markable id="markable_63" span="word_264..word_265" sentenceid="34" label="np" min_ids="word_264..word_265" type="chunk" lemmata="the ladder" isprenominal="false" pos="dt nn" mmax_level="markable" />
<markable id="markable_64" span="word_266" sentenceid="34" label="np" min_ids="word_266..word_266" type="chunk" lemmata="you" isprenominal="false" pos="prp" mmax_level="markable" />
<markable id="markable_65" span="word_268..word_269" sentenceid="34" label="np" min_ids="word_268..word_269" type="chunk" lemmata="this man" isprenominal="false" pos="dt nn" mmax_level="markable" />
<markable id="markable_66" span="word_271..word_272" sentenceid="35" label="np" min_ids="word_271..word_272" type="chunk" lemmata="this goat" isprenominal="false" pos="dt nn" mmax_level="markable" />
<markable id="markable_67" span="word_274" sentenceid="36" label="np" min_ids="word_274..word_274" type="chunk" lemmata="you" isprenominal="false" pos="prp" mmax_level="markable" />
<markable id="markable_68" span="word_277..word_278" sentenceid="36" label="np" min_ids="word_277..word_278" type="chunk" lemmata="the scene" isprenominal="false" pos="dt nn" mmax_level="markable" />
<markable id="markable_69" span="word_281" sentenceid="37" label="np" min_ids="word_281..word_281" type="chunk" lemmata="you" isprenominal="false" pos="prp" mmax_level="markable" />
<markable id="markable_70" span="word_284..word_287" sentenceid="37" label="np" min_ids="word_284..word_287" type="chunk" lemmata="this other intensify noise" isprenominal="false" pos="dt jj vbn nn" mmax_level="markable" />
<markable id="markable_71" span="word_293..word_294" sentenceid="38" label="np" min_ids="word_293..word_294" type="chunk" lemmata="a bicycle" isprenominal="false" pos="dt nn" mmax_level="markable" />
<markable id="markable_72" span="word_295..word_298" sentenceid="39" label="np" min_ids="word_295..word_298" type="chunk" lemmata="some a little boy" isprenominal="false" pos="rb dt jj nn" mmax_level="markable" />
<markable id="markable_73" span="word_300..word_301" sentenceid="40" label="np" min_ids="word_300..word_301" type="chunk" lemmata="a bicycle" isprenominal="false" pos="dt nn" mmax_level="markable" />
<markable id="markable_74" span="word_310" sentenceid="41" label="np" min_ids="word_310..word_310" type="chunk" lemmata="he" isprenominal="false" pos="prp" mmax_level="markable" />
<markable id="markable_75" span="word_315" sentenceid="42" label="np" min_ids="word_315..word_315" type="chunk" lemmata="he" isprenominal="false" pos="prp" mmax_level="markable" />
<markable id="markable_76" span="word_320..word_321" sentenceid="42" label="np" min_ids="word_320..word_321" type="chunk" lemmata="the pear" isprenominal="false" pos="dt nns" mmax_level="markable" />
<markable id="markable_77" span="word_323" sentenceid="43" label="np" min_ids="word_323..word_323" type="chunk" lemmata="and" isprenominal="false" pos="cc" mmax_level="markable" />
<markable id="markable_78" span="word_328..word_329" sentenceid="43" label="np" min_ids="word_328..word_329" type="chunk" lemmata="the man" isprenominal="false" pos="dt nn" mmax_level="markable" />
<markable id="markable_79" span="word_333..word_334" sentenceid="43" label="np" min_ids="word_333..word_334" type="chunk" lemmata="the ladder" isprenominal="false" pos="dt nn" mmax_level="markable" />
<markable id="markable_80" span="word_336..word_337" sentenceid="43" label="np" min_ids="word_336..word_337" type="chunk" lemmata="the man" isprenominal="false" pos="dt nn" mmax_level="markable" />
<markable id="markable_81" span="word_342..word_344" sentenceid="43" label="np" min_ids="word_342..word_344" type="chunk" lemmata="the little boy" isprenominal="false" pos="dt jj nn" mmax_level="markable" />
<markable id="markable_82" span="word_349" sentenceid="44" label="np" min_ids="word_349..word_349" type="chunk" lemmata="it" isprenominal="false" pos="prp" mmax_level="markable" />
<markable id="markable_83" span="word_355..word_356" sentenceid="45" label="np" min_ids="word_355..word_356" type="chunk" lemmata="certain part" isprenominal="false" pos="jj nns" mmax_level="markable" />
<markable id="markable_84" span="word_358..word_359" sentenceid="45" label="np" min_ids="word_358..word_359" type="chunk" lemmata="the movie" isprenominal="false" pos="dt nn" mmax_level="markable" />
<markable id="markable_85" span="word_360" sentenceid="45" label="np" min_ids="word_360..word_360" type="chunk" lemmata="it" isprenominal="false" pos="prp" mmax_level="markable" />
<markable id="markable_86" span="word_363" sentenceid="45" label="np" min_ids="word_363..word_363" type="chunk" lemmata="sound" isprenominal="false" pos="nns" mmax_level="markable" />
<markable id="markable_87" span="word_372..word_374" sentenceid="45" label="np" min_ids="word_372..word_374" type="chunk" lemmata="the the norm" isprenominal="false" pos="dt dt nn" mmax_level="markable" />
<markable id="markable_88" span="word_377..word_378" sentenceid="45" label="np" min_ids="word_377..word_378" type="chunk" lemmata="the movie" isprenominal="false" pos="dt nn" mmax_level="markable" />
<markable id="markable_89" span="word_381" sentenceid="46" label="np" min_ids="word_381..word_381" type="chunk" lemmata="it" isprenominal="false" pos="prp" mmax_level="markable" />
<markable id="markable_90" span="word_389..word_390" sentenceid="47" label="np" min_ids="word_389..word_390" type="chunk" lemmata="the man" isprenominal="false" pos="dt nn" mmax_level="markable" />
<markable id="markable_91" span="word_394..word_396" sentenceid="47" label="np" min_ids="word_394..word_396" type="chunk" lemmata="the little boy" isprenominal="false" pos="dt jj nn" mmax_level="markable" />
<markable id="markable_92" span="word_397" sentenceid="48" label="np" min_ids="word_397..word_397" type="chunk" lemmata="you" isprenominal="false" pos="prp" mmax_level="markable" />
<markable id="markable_93" span="word_399" sentenceid="48" label="np" min_ids="word_399..word_399" type="chunk" lemmata="being" isprenominal="false" pos="nn" mmax_level="markable" />
<markable id="markable_94" span="word_402" sentenceid="49" label="np" min_ids="word_402..word_402" type="chunk" lemmata="he" isprenominal="false" pos="prp" mmax_level="markable" />
<markable id="markable_95" span="word_409" sentenceid="49" label="np" min_ids="word_409..word_409" type="chunk" lemmata="basket" isprenominal="false" pos="nns" mmax_level="markable" />
<markable id="markable_96" span="word_411" sentenceid="49" label="np" min_ids="word_411..word_411" type="chunk" lemmata="pear" isprenominal="false" pos="nns" mmax_level="markable" />
<markable id="markable_97" span="word_414" sentenceid="50" label="np" min_ids="word_414..word_414" type="chunk" lemmata="it" isprenominal="false" pos="prp" mmax_level="markable" />
<markable id="markable_98" span="word_417" sentenceid="50" label="np" min_ids="word_417..word_417" type="chunk" lemmata="bicycle" isprenominal="false" pos="nn" mmax_level="markable" />
<markable id="markable_99" span="word_419..word_420" sentenceid="51" label="np" min_ids="word_419..word_420" type="chunk" lemmata="the front" isprenominal="false" pos="dt nn" mmax_level="markable" />
<markable id="markable_100" span="word_422" sentenceid="51" label="np" min_ids="word_422..word_422" type="chunk" lemmata="bicycle" isprenominal="false" pos="nn" mmax_level="markable" />
<markable id="markable_101" span="word_431" sentenceid="53" label="np" min_ids="word_431..word_431" type="chunk" lemmata="he" isprenominal="false" pos="prp" mmax_level="markable" />
<markable id="markable_102" span="word_437..word_438" sentenceid="54" label="np" min_ids="word_437..word_438" type="chunk" lemmata="a girl" isprenominal="false" pos="dt nn" mmax_level="markable" />
<markable id="markable_103" span="word_441..word_442" sentenceid="55" label="np" min_ids="word_441..word_442" type="chunk" lemmata="a bicycle" isprenominal="false" pos="dt nn" mmax_level="markable" />
<markable id="markable_104" span="word_444..word_446" sentenceid="55" label="np" min_ids="word_444..word_446" type="chunk" lemmata="the opposite direction" isprenominal="false" pos="dt jj nn" mmax_level="markable" />
<markable id="markable_105" span="word_448" sentenceid="56" label="np" min_ids="word_448..word_448" type="chunk" lemmata="they" isprenominal="false" pos="prp" mmax_level="markable" />
<markable id="markable_106" span="word_449" sentenceid="56" label="np" min_ids="word_449..word_449" type="chunk" lemmata="they" isprenominal="false" pos="prp" mmax_level="markable" />
<markable id="markable_107" span="word_453" sentenceid="56" label="np" min_ids="word_453..word_453" type="chunk" lemmata="you" isprenominal="false" pos="prp" mmax_level="markable" />
<markable id="markable_108" span="word_457" sentenceid="56" label="np" min_ids="word_457..word_457" type="chunk" lemmata="they" isprenominal="false" pos="prp" mmax_level="markable" />
<markable id="markable_109" span="word_462" sentenceid="56" label="np" min_ids="word_462..word_462" type="chunk" lemmata="ea" isprenominal="false" pos="nn" mmax_level="markable" />
<markable id="markable_110" span="word_463..word_464" sentenceid="56" label="np" min_ids="word_463..word_464" type="chunk" lemmata="each other" isprenominal="false" pos="dt jj" mmax_level="markable" />
<markable id="markable_111" span="word_466" sentenceid="57" label="np" min_ids="word_466..word_466" type="chunk" lemmata="she" isprenominal="false" pos="prp" mmax_level="markable" />
<markable id="markable_112" span="word_469..word_471" sentenceid="57" label="np" min_ids="word_469..word_471" type="chunk" lemmata="this little hat" isprenominal="false" pos="dt jj nn" mmax_level="markable" />
<markable id="markable_113" span="word_473" sentenceid="57" label="np" min_ids="word_473..word_473" type="chunk" lemmata="he" isprenominal="false" pos="prp" mmax_level="markable" />
<markable id="markable_114" span="word_476..word_478" sentenceid="58" label="np" min_ids="word_476..word_478" type="chunk" lemmata="and so hat" isprenominal="false" pos="cc rb nn" mmax_level="markable" />
<markable id="markable_115" span="word_483" sentenceid="59" label="np" min_ids="word_483..word_483" type="chunk" lemmata="he" isprenominal="false" pos="prp" mmax_level="markable" />
<markable id="markable_116" span="word_485" sentenceid="59" label="np" min_ids="word_485..word_485" type="chunk" lemmata="head" isprenominal="false" pos="nn" mmax_level="markable" />
<markable id="markable_117" span="word_489" sentenceid="59" label="np" min_ids="word_489..word_489" type="chunk" lemmata="it" isprenominal="false" pos="prp" mmax_level="markable" />
<markable id="markable_118" span="word_491" sentenceid="60" label="np" min_ids="word_491..word_491" type="chunk" lemmata="he" isprenominal="false" pos="prp" mmax_level="markable" />
<markable id="markable_119" span="word_496" sentenceid="60" label="np" min_ids="word_496..word_496" type="chunk" lemmata="he" isprenominal="false" pos="prp" mmax_level="markable" />
<markable id="markable_120" span="word_498..word_499" sentenceid="60" label="np" min_ids="word_498..word_499" type="chunk" lemmata="a rock." isprenominal="false" pos="dt nn" mmax_level="markable" />
<markable id="markable_121" span="word_504..word_505" sentenceid="61" label="np" min_ids="word_504..word_505" type="chunk" lemmata="the bike" isprenominal="false" pos="dt nn" mmax_level="markable" />
<markable id="markable_122" span="word_509..word_510" sentenceid="62" label="np" min_ids="word_509..word_510" type="chunk" lemmata="the pear" isprenominal="false" pos="dt nns" mmax_level="markable" />
<markable id="markable_123" span="word_521..word_522" sentenceid="64" label="np" min_ids="word_521..word_522" type="chunk" lemmata="a sudden" isprenominal="false" pos="dt jj" mmax_level="markable" />
<markable id="markable_124" span="word_523..word_524" sentenceid="65" label="np" min_ids="word_523..word_524" type="chunk" lemmata="three boy" isprenominal="false" pos="cd nns" mmax_level="markable" />
<markable id="markable_194" span="word_527" sentenceid="66" label="np" type="chunk" lemmata="tsk" isprenominal="false" pos="nn" mmax_level="markable" />
<markable id="markable_125" span="word_527..word_529" sentenceid="66" label="np" min_ids="word_527..word_529" type="chunk" lemmata="tsk and one" isprenominal="false" pos="nn cc nn" mmax_level="markable" />
<markable id="markable_195" span="word_529" sentenceid="66" label="np" type="chunk" lemmata="one" isprenominal="false" pos="nn" mmax_level="markable" />
<markable id="markable_126" span="word_533..word_534" sentenceid="66" label="np" min_ids="word_533..word_534" type="chunk" lemmata="those paddle" isprenominal="false" pos="dt nns" mmax_level="markable" />
<markable id="markable_127" span="word_536..word_538" sentenceid="66" label="np" min_ids="word_536..word_538" type="chunk" lemmata="a a ball" isprenominal="false" pos="dt fw nn" mmax_level="markable" />
<markable id="markable_128" span="word_540" sentenceid="66" label="np" min_ids="word_540..word_540" type="chunk" lemmata="it" isprenominal="false" pos="prp" mmax_level="markable" />
<markable id="markable_129" span="word_543" sentenceid="66" label="np" min_ids="word_543..word_543" type="chunk" lemmata="you" isprenominal="false" pos="prp" mmax_level="markable" />
<markable id="markable_130" span="word_547..word_548" sentenceid="67" label="np" min_ids="word_547..word_548" type="chunk" lemmata="those thing" isprenominal="false" pos="dt nns" mmax_level="markable" />
<markable id="markable_131" span="word_549" sentenceid="68" label="np" min_ids="word_549..word_549" type="chunk" lemmata="tsk" isprenominal="false" pos="nn" mmax_level="markable" />
<markable id="markable_132" span="word_553" sentenceid="69" label="np" min_ids="word_553..word_553" type="chunk" lemmata="m" isprenominal="false" pos="nn" mmax_level="markable" />
<markable id="markable_133" span="word_554" sentenceid="69" label="np" min_ids="word_554..word_554" type="chunk" lemmata="they" isprenominal="false" pos="prp" mmax_level="markable" />
<markable id="markable_134" span="word_556" sentenceid="69" label="np" min_ids="word_556..word_556" type="chunk" lemmata="he" isprenominal="false" pos="prp" mmax_level="markable" />
<markable id="markable_135" span="word_558" sentenceid="70" label="np" min_ids="word_558..word_558" type="chunk" lemmata="they" isprenominal="false" pos="prp" mmax_level="markable" />
<markable id="markable_136" span="word_560" sentenceid="70" label="np" min_ids="word_560..word_560" type="chunk" lemmata="he" isprenominal="false" pos="prp" mmax_level="markable" />
<markable id="markable_137" span="word_564..word_566" sentenceid="71" label="np" min_ids="word_564..word_566" type="chunk" lemmata="all the pear" isprenominal="false" pos="pdt dt nns" mmax_level="markable" />
<markable id="markable_138" span="word_569..word_570" sentenceid="71" label="np" min_ids="word_569..word_570" type="chunk" lemmata="the basket" isprenominal="false" pos="dt nn" mmax_level="markable" />
<markable id="markable_139" span="word_571" sentenceid="72" label="np" min_ids="word_571..word_571" type="chunk" lemmata="and" isprenominal="false" pos="cc" mmax_level="markable" />
<markable id="markable_140" span="word_573..word_574" sentenceid="72" label="np" min_ids="word_573..word_574" type="chunk" lemmata="the basket" isprenominal="false" pos="dt nn" mmax_level="markable" />
<markable id="markable_141" span="word_577..word_578" sentenceid="72" label="np" min_ids="word_577..word_578" type="chunk" lemmata="the bicycle" isprenominal="false" pos="dt nn" mmax_level="markable" />
<markable id="markable_142" span="word_580" sentenceid="73" label="np" min_ids="word_580..word_580" type="chunk" lemmata="he" isprenominal="false" pos="prp" mmax_level="markable" />
<markable id="markable_143" span="word_583..word_584" sentenceid="73" label="np" min_ids="word_583..word_584" type="chunk" lemmata="merry way" isprenominal="false" pos="jj nn" mmax_level="markable" />
<markable id="markable_144" span="word_587..word_588" sentenceid="74" label="np" min_ids="word_587..word_588" type="chunk" lemmata="the boy" isprenominal="false" pos="dt nns" mmax_level="markable" />
<markable id="markable_145" span="word_591..word_593" sentenceid="74" label="np" min_ids="word_591..word_593" type="chunk" lemmata="the opposite direction" isprenominal="false" pos="dt jj nn" mmax_level="markable" />
<markable id="markable_146" span="word_598..word_599" sentenceid="76" label="np" min_ids="word_598..word_599" type="chunk" lemmata="the boy" isprenominal="false" pos="dt nns" mmax_level="markable" />
<markable id="markable_147" span="word_602..word_603" sentenceid="77" label="np" min_ids="word_602..word_603" type="chunk" lemmata="the hat" isprenominal="false" pos="dt nn" mmax_level="markable" />
<markable id="markable_148" span="word_606..word_607" sentenceid="78" label="np" min_ids="word_606..word_607" type="chunk" lemmata="the road" isprenominal="false" pos="dt nn" mmax_level="markable" />
<markable id="markable_149" span="word_610" sentenceid="79" label="np" min_ids="word_610..word_610" type="chunk" lemmata="he" isprenominal="false" pos="prp" mmax_level="markable" />
<markable id="markable_150" span="word_613..word_614" sentenceid="79" label="np" min_ids="word_613..word_614" type="chunk" lemmata="the boy" isprenominal="false" pos="dt nn" mmax_level="markable" />
<markable id="markable_151" span="word_616..word_617" sentenceid="79" label="np" min_ids="word_616..word_617" type="chunk" lemmata="the bicycle" isprenominal="false" pos="dt nn" mmax_level="markable" />
<markable id="markable_152" span="word_619..word_620" sentenceid="80" label="np" min_ids="word_619..word_620" type="chunk" lemmata="the boy" isprenominal="false" pos="dt nn" mmax_level="markable" />
<markable id="markable_153" span="word_622..word_623" sentenceid="80" label="np" min_ids="word_622..word_623" type="chunk" lemmata="the bicycle" isprenominal="false" pos="dt nn" mmax_level="markable" />
<markable id="markable_154" span="word_625" sentenceid="80" label="np" min_ids="word_625..word_625" type="chunk" lemmata="stop" isprenominal="false" pos="nns" mmax_level="markable" />
<markable id="markable_155" span="word_628" sentenceid="81" label="np" min_ids="word_628..word_628" type="chunk" lemmata="he" isprenominal="false" pos="prp" mmax_level="markable" />
<markable id="markable_156" span="word_631" sentenceid="81" label="np" min_ids="word_631..word_631" type="chunk" lemmata="it" isprenominal="false" pos="prp" mmax_level="markable" />
<markable id="markable_157" span="word_635" sentenceid="82" label="np" min_ids="word_635..word_635" type="chunk" lemmata="he" isprenominal="false" pos="prp" mmax_level="markable" />
<markable id="markable_158" span="word_638" sentenceid="82" label="np" min_ids="word_638..word_638" type="chunk" lemmata="he" isprenominal="false" pos="prp" mmax_level="markable" />
<markable id="markable_159" span="word_642" sentenceid="82" label="np" min_ids="word_642..word_642" type="chunk" lemmata="it" isprenominal="false" pos="prp" mmax_level="markable" />
<markable id="markable_160" span="word_646" sentenceid="83" label="np" min_ids="word_646..word_646" type="chunk" lemmata="he" isprenominal="false" pos="prp" mmax_level="markable" />
<markable id="markable_161" span="word_650" sentenceid="83" label="np" min_ids="word_650..word_650" type="chunk" lemmata="he" isprenominal="false" pos="prp" mmax_level="markable" />
<markable id="markable_162" span="word_651" sentenceid="84" label="np" min_ids="word_651..word_651" type="chunk" lemmata="and" isprenominal="false" pos="cc" mmax_level="markable" />
<markable id="markable_163" span="word_653..word_654" sentenceid="84" label="np" min_ids="word_653..word_654" type="chunk" lemmata="the hat" isprenominal="false" pos="dt nn" mmax_level="markable" />
<markable id="markable_164" span="word_657" sentenceid="85" label="np" min_ids="word_657..word_657" type="chunk" lemmata="he" isprenominal="false" pos="prp" mmax_level="markable" />
<markable id="markable_165" span="word_660" sentenceid="86" label="np" min_ids="word_660..word_660" type="chunk" lemmata="exchange" isprenominal="false" pos="nn" mmax_level="markable" />
<markable id="markable_166" span="word_661..word_662" sentenceid="87" label="np" min_ids="word_661..word_662" type="chunk" lemmata="the boy" isprenominal="false" pos="dt nn" mmax_level="markable" />
<markable id="markable_167" span="word_664" sentenceid="87" label="np" min_ids="word_664..word_664" type="chunk" lemmata="he" isprenominal="false" pos="prp" mmax_level="markable" />
<markable id="markable_168" span="word_665..word_666" sentenceid="87" label="np" min_ids="word_665..word_666" type="chunk" lemmata="three pear" isprenominal="false" pos="cd nns" mmax_level="markable" />
<markable id="markable_169" span="word_669" sentenceid="88" label="np" min_ids="word_669..word_669" type="chunk" lemmata="each" isprenominal="false" pos="dt" mmax_level="markable" />
<markable id="markable_170" span="word_671..word_672" sentenceid="88" label="np" min_ids="word_671..word_672" type="chunk" lemmata="the boy" isprenominal="false" pos="dt nns" mmax_level="markable" />
<markable id="markable_171" span="word_675" sentenceid="90" label="np" min_ids="word_675..word_675" type="chunk" lemmata="he" isprenominal="false" pos="prp" mmax_level="markable" />
<markable id="markable_172" span="word_680..word_682" sentenceid="91" label="np" min_ids="word_680..word_682" type="chunk" lemmata="the three boy" isprenominal="false" pos="dt cd nns" mmax_level="markable" />
<markable id="markable_173" span="word_686..word_687" sentenceid="91" label="np" min_ids="word_686..word_687" type="chunk" lemmata="the path" isprenominal="false" pos="dt nn" mmax_level="markable" />
<markable id="markable_174" span="word_693..word_694" sentenceid="92" label="np" min_ids="word_693..word_694" type="chunk" lemmata="the man" isprenominal="false" pos="dt nn" mmax_level="markable" />
<markable id="markable_175" span="word_698..word_699" sentenceid="92" label="np" min_ids="word_698..word_699" type="chunk" lemmata="the pear" isprenominal="false" pos="dt nns" mmax_level="markable" />
<markable id="markable_176" span="word_703" sentenceid="94" label="np" min_ids="word_703..word_703" type="chunk" lemmata="he" isprenominal="false" pos="prp" mmax_level="markable" />
<markable id="markable_177" span="word_708" sentenceid="94" label="np" min_ids="word_708..word_708" type="chunk" lemmata="apron" isprenominal="false" pos="nn" mmax_level="markable" />
<markable id="markable_178" span="word_710" sentenceid="95" label="np" min_ids="word_710..word_710" type="chunk" lemmata="he" isprenominal="false" pos="prp" mmax_level="markable" />
<markable id="markable_179" span="word_714" sentenceid="95" label="np" min_ids="word_714..word_714" type="chunk" lemmata="basket" isprenominal="false" pos="nns" mmax_level="markable" />
<markable id="markable_180" span="word_717" sentenceid="96" label="np" min_ids="word_717..word_717" type="chunk" lemmata="he" isprenominal="false" pos="prp" mmax_level="markable" />
<markable id="markable_181" span="word_728" sentenceid="101" label="np" min_ids="word_728..word_728" type="chunk" lemmata="two" isprenominal="false" pos="cd" mmax_level="markable" />
<markable id="markable_182" span="word_730..word_732" sentenceid="102" label="np" min_ids="word_730..word_732" type="chunk" lemmata="the third one" isprenominal="false" pos="dt jj cd" mmax_level="markable" />
<markable id="markable_183" span="word_737" sentenceid="103" label="np" min_ids="word_737..word_737" type="chunk" lemmata="he" isprenominal="false" pos="prp" mmax_level="markable" />
<markable id="markable_184" span="word_739..word_740" sentenceid="103" label="np" min_ids="word_739..word_740" type="chunk" lemmata="these three" isprenominal="false" pos="dt cd" mmax_level="markable" />
<markable id="markable_185" span="word_745" sentenceid="104" label="np" min_ids="word_745..word_745" type="chunk" lemmata="pear" isprenominal="false" pos="nns" mmax_level="markable" />
<markable id="markable_186" span="word_747" sentenceid="105" label="np" min_ids="word_747..word_747" type="chunk" lemmata="he" isprenominal="false" pos="prp" mmax_level="markable" />
<markable id="markable_187" span="word_751" sentenceid="106" label="np" min_ids="word_751..word_751" type="chunk" lemmata="he" isprenominal="false" pos="prp" mmax_level="markable" />
<markable id="markable_188" span="word_752" sentenceid="106" label="np" min_ids="word_752..word_752" type="chunk" lemmata="sort" isprenominal="false" pos="nn" mmax_level="markable" />
<markable id="markable_199" span="word_757" sentenceid="106" label="np" type="chunk" lemmata="um" isprenominal="true" pos="nn" mmax_level="markable" />
<markable id="markable_189" span="word_764" sentenceid="107" label="np" min_ids="word_764..word_764" type="chunk" lemmata="it" isprenominal="false" pos="prp" mmax_level="markable" />
<markable id="markable_190" span="word_766" sentenceid="108" label="np" min_ids="word_766..word_766" type="chunk" lemmata="i" isprenominal="false" pos="prp" mmax_level="markable" />
<markable id="markable_191" span="word_769" sentenceid="108" label="np" min_ids="word_769..word_769" type="chunk" lemmata="i" isprenominal="false" pos="prp" mmax_level="markable" />
<markable id="markable_192" span="word_772" sentenceid="109" label="np" min_ids="word_772..word_772" type="chunk" lemmata="i" isprenominal="false" pos="prp" mmax_level="markable" />
<markable id="markable_193" span="word_777" sentenceid="109" label="np" min_ids="word_777..word_777" type="chunk" lemmata="it" isprenominal="false" pos="prp" mmax_level="markable" />
</markables>
