<?xml version="1.0" encoding="US-ASCII"?>
<!DOCTYPE markables SYSTEM "markables.dtd">
<markables xmlns="www.eml.org/NameSpaces/phrase">
<markable id="markable_102" span="word_124..word_125" generic="generic-no"  person="per3"  related_object="no"  ambiguity="unambiguous"  gram_fnc="subj"  number="sing"  object="kid"   reference="old"  phrase_antecedent="single_phrase"  category="person"  mmax_level="phrase"  ref_type="phrase"  gender="masc"  min_ids="word_125"  single_phrase_antecedent="markable_94"  min_words="boy" />
<markable id="markable_101" span="word_119..word_123" person="per3"  non_ref_type="incomplete"  mmax_level="phrase"  gram_fnc="subj"  gender="undersp-gen"  number="sing"  min_ids="word_120"   reference="non_referring"  min_words="ki" />
<markable id="markable_100" span="word_116" generic="generic-no"  person="per3"  related_object="no"  ambiguity="unambiguous"  gram_fnc="subj"  number="sing"  object="pear-guy"   reference="old"  phrase_antecedent="single_phrase"  category="person"  mmax_level="phrase"  ref_type="phrase"  gender="masc"  min_ids="word_116"  single_phrase_antecedent="markable_91"  min_words="he" />
<markable id="markable_106" span="word_137" generic="generic-no"  person="per3"  related_object="no"  ambiguity="unambiguous"  gram_fnc="subj"  number="sing"  object="kid"   reference="old"  phrase_antecedent="single_phrase"  category="person"  mmax_level="phrase"  ref_type="phrase"  gender="masc"  min_ids="word_137"  single_phrase_antecedent="markable_104"  min_words="he" />
<markable id="markable_67" span="word_28..word_29" generic="generic-no"  person="per3"  related_object="no"  gram_fnc="np-mod"  number="sing"  object="bicycle"   reference="new"  category="concrete"  mmax_level="phrase"  gender="neut"  min_ids="word_29"  min_words="bicycle" />
<markable id="markable_105" span="word_135" generic="generic-no"  person="per3"  related_object="no"  ambiguity="unambiguous"  gram_fnc="obj"  number="sing"  object="bicycle"   reference="old"  phrase_antecedent="single_phrase"  category="concrete"  mmax_level="phrase"  ref_type="phrase"  gender="neut"  min_ids="word_135"  single_phrase_antecedent="markable_93"  min_words="bicycle" />
<markable id="markable_104" span="word_132" generic="generic-no"  person="per3"  related_object="no"  ambiguity="unambiguous"  gram_fnc="subj"  number="sing"  object="kid"   reference="old"  phrase_antecedent="single_phrase"  category="person"  mmax_level="phrase"  ref_type="phrase"  gender="masc"  min_ids="word_132"  single_phrase_antecedent="markable_103"  min_words="he" />
<markable id="markable_68" span="word_31" generic="generic-no"  person="per3"  related_object="no"  ambiguity="unambiguous"  gram_fnc="subj"  number="plur"  object="pear-guy and kid"   reference="old"  phrase_antecedent="multiple_phrases"  category="person"  mmax_level="phrase"  multiple_phrase_antecedents="markable_271;markable_60"  ref_type="phrase"  gender="masc"  min_ids="word_31"  min_words="those" />
<markable id="markable_103" span="word_129" generic="generic-no"  person="per3"  related_object="no"  ambiguity="unambiguous"  gram_fnc="subj"  number="sing"  object="kid"   reference="old"  phrase_antecedent="single_phrase"  category="person"  mmax_level="phrase"  ref_type="phrase"  gender="masc"  min_ids="word_129"  single_phrase_antecedent="markable_102"  min_words="he" />
<markable id="markable_62" span="word_22" generic="generic-yes"  person="per3"  related_object="no"  gram_fnc="obj"  number="plur"  object="pears"   reference="new"  category="concrete"  mmax_level="phrase"  gender="neut"  min_ids="word_22"  min_words="pears" />
<markable id="markable_60" span="word_17..word_22" generic="generic-no"  person="per3"  related_object="yes"  gram_fnc="adjunct"  number="sing"  object="pear-guy"   reference="new"  category="person"  mmax_level="phrase"  related_phrase="markable_280"  gender="masc"  min_ids="word_18"  min_words="guy" />
<markable id="markable_107" span="word_140..word_150" generic="generic-no"  person="per3"  related_object="yes"  gram_fnc="obj"  number="sing"  object="girl"   reference="new"  category="person"  mmax_level="phrase"  related_phrase="markable_280"  gender="fem"  min_ids="word_141"  min_words="girl" />
<markable id="markable_111" span="word_149..word_150" generic="generic-no"  person="per3"  related_object="no"  gram_fnc="obj"  number="sing"  object="bicycle"   reference="new"  category="concrete"  mmax_level="phrase"  gender="neut"  min_ids="word_150"  min_words="bicycle" />
<markable id="markable_110" span="word_145..word_147" generic="generic-no"  person="per3"  related_object="no"  gram_fnc="adjunct"  number="sing"  object="direction"   reference="new"  category="abstract"  mmax_level="phrase"  gender="neut"  min_ids="word_147"  min_words="way" />
<markable id="markable_113" span="word_154" generic="generic-no"  person="per3"  related_object="no"  gram_fnc="obj"  number="sing"  object="hat"   reference="new"  category="concrete"  mmax_level="phrase"  gender="neut"  min_ids="word_154"  min_words="hat" />
<markable id="markable_112" span="word_152" generic="generic-no"  person="per3"  related_object="no"  ambiguity="unambiguous"  gram_fnc="subj"  number="sing"  object="kid"   reference="old"  phrase_antecedent="single_phrase"  category="person"  mmax_level="phrase"  ref_type="phrase"  gender="masc"  min_ids="word_152"  single_phrase_antecedent="markable_106"  min_words="he" />
<markable id="markable_115" span="word_158..word_162" generic="generic-no"  person="per3"  related_object="no"  gram_fnc="there-obj"  number="sing"  object="stone"   reference="new"  category="concrete"  mmax_level="phrase"  gender="neut"  min_ids="word_159"  min_words="stone" />
<markable id="markable_114" span="word_156" person="per3"  non_ref_type="expletive"  mmax_level="phrase"  gram_fnc="subj"  gender="neut"  number="sing"  min_ids="word_156"   reference="non_referring"  min_words="there" />
<markable id="markable_77" span="word_53" generic="generic-no"  person="per3"  related_object="no"  ambiguity="unambiguous"  gram_fnc="obj"  number="plur"  object="pears"   reference="old"  phrase_antecedent="single_phrase"  category="concrete"  mmax_level="phrase"  ref_type="phrase"  gender="neut"  min_ids="word_53"  single_phrase_antecedent="markable_76"  min_words="them" />
<markable id="markable_76" span="word_49..word_50" generic="generic-no"  person="per3"  related_object="no"  gram_fnc="obj"  number="plur"  object="pears"   reference="new"  category="concrete"  mmax_level="phrase"  gender="neut"  min_ids="word_50"  min_words="pears" />
<markable id="markable_74" span="word_45" generic="generic-yes"  person="per3"  related_object="no"  ambiguity="unambiguous"  gram_fnc="obj"  number="plur"  object="pears"   reference="old"  phrase_antecedent="single_phrase"  category="concrete"  mmax_level="phrase"  ref_type="phrase"  gender="neut"  min_ids="word_45"  single_phrase_antecedent="markable_62"  min_words="pears" />
<markable id="markable_71" span="word_37" generic="generic-no"  person="per3"  related_object="no"  ambiguity="unambiguous"  gram_fnc="adj-mod"  number="sing"  object="movie"   reference="old"  phrase_antecedent="single_phrase"  category="abstract"  mmax_level="phrase"  ref_type="phrase"  gender="neut"  min_ids="word_37"  single_phrase_antecedent="markable_55"  min_words="this" />
<markable id="markable_72" span="word_40..word_45" generic="generic-no"  person="per3"  related_object="no"  ambiguity="unambiguous"  gram_fnc="subj"  number="sing"  object="pear-guy"   reference="old"  phrase_antecedent="single_phrase"  category="person"  mmax_level="phrase"  ref_type="phrase"  gender="masc"  min_ids="word_41"  single_phrase_antecedent="markable_60"  min_words="guy" />
<markable id="markable_70" span="word_33..word_35" person="per3"  non_ref_type="predicate"  mmax_level="phrase"  gram_fnc="predicate"  gender="masc"  number="plur"  min_ids="word_35"   reference="non_referring"  min_words="protagonists" />
<markable id="markable_276" span="word_253..word_259" generic="generic-no"  person="per3"  related_object="no"  ambiguity="unambiguous"  gram_fnc="comp"  number="sing"  object="one of the three other boys"   reference="old"  phrase_antecedent="single_phrase"  category="person"  mmax_level="phrase"  ref_type="phrase"  gender="masc"  min_ids="word_254"  single_phrase_antecedent="markable_136"  min_words="boy" />
<markable id="markable_275" span="word_247..word_251" generic="generic-no"  person="per3"  related_object="no"  ambiguity="unambiguous"  gram_fnc="subj"  number="sing"  object="kid"   reference="old"  phrase_antecedent="single_phrase"  category="person"  mmax_level="phrase"  ref_type="phrase"  gender="masc"  min_ids="word_248"  single_phrase_antecedent="markable_141"  min_words="boy" />
<markable id="markable_278" span="word_180" person="per3"  non_ref_type="expletive"  mmax_level="phrase"  gram_fnc="subj"  gender="neut"  number="sing"  min_ids="word_180"   reference="non_referring"  min_words="there" />
<markable id="markable_277" span="word_114" generic="generic-no"  person="per3"  related_object="no"  ambiguity="unambiguous"  gram_fnc="np-compl"  number="plur"  object="pears"   reference="old"  phrase_antecedent="single_phrase"  category="concrete"  mmax_level="phrase"  ref_type="phrase"  gender="neut"  min_ids="word_114"  comment="added ambiguity"  single_phrase_antecedent="markable_74"  min_words="pears" />
<markable id="markable_279" span="word_300" generic="generic-no"  person="per3"  related_object="no"  ambiguity="unambiguous"  gram_fnc="subj"  number="sing"  object="pear-guy"   reference="old"  phrase_antecedent="single_phrase"  category="person"  mmax_level="phrase"  ref_type="phrase"  gender="masc"  min_ids="word_300"  single_phrase_antecedent="markable_160"  min_words="he" />
<markable id="markable_271" span="word_25..word_29" generic="generic-no"  person="per3"  related_object="yes"  gram_fnc="adjunct"  number="sing"  object="kid"   reference="new"  category="person"  mmax_level="phrase"  related_phrase="markable_280"  gender="masc"  min_ids="word_26"  min_words="kid" />
<markable id="markable_274" span="word_108..word_114" generic="undersp-replicable"  person="per3"  related_object="yes"  gram_fnc="obj"  number="sing"  object="one of the baskets"   reference="new"  category="concrete"  mmax_level="phrase"  related_phrase="markable_80"  gender="neut"  min_ids="word_108..word_114"  min_words="one" />
<markable id="markable_273" span="word_82..word_83" generic="generic-no"  person="per3"  related_object="no"  ambiguity="unambiguous"  gram_fnc="no-gf"  number="sing"   reference="old"  phrase_antecedent="single_phrase"  category="animate"  mmax_level="phrase"  ref_type="phrase"  gender="undersp-gen"  min_ids="word_83"  comment="supposedly donkey"  single_phrase_antecedent="markable_87"  min_words="don" />
<markable id="markable_57" span="word_12..word_15" person="per3"  non_ref_type="quantifier"  mmax_level="phrase"  gram_fnc="adjunct"  gender="neut"  number="sing"  min_ids="word_13"   reference="non_referring"  min_words="number" />
<markable id="markable_55" span="word_5..word_6" generic="generic-no"  person="per3"  related_object="no"  gram_fnc="subj"  number="sing"  object="the movie"   reference="new"  category="abstract"  mmax_level="phrase"  gender="neut"  min_ids="word_6"  min_words="movie" />
<markable id="markable_160" span="word_293" generic="generic-no"  person="per3"  related_object="no"  ambiguity="unambiguous"  gram_fnc="subj"  number="sing"  object="pear-guy"   reference="old"  phrase_antecedent="single_phrase"  category="person"  mmax_level="phrase"  ref_type="phrase"  gender="masc"  min_ids="word_293"  single_phrase_antecedent="markable_154"  min_words="he" />
<markable id="markable_161" span="word_297..word_298" generic="generic-no"  person="per3"  related_object="no"  ambiguity="unambiguous"  gram_fnc="obj"  number="plur"  object="pears"   reference="old"  phrase_antecedent="multiple_phrases"  category="concrete"  mmax_level="phrase"  multiple_phrase_antecedents="markable_149;markable_144"  ref_type="phrase"  gender="neut"  min_ids="word_298"  min_words="pears" />
<markable id="markable_141" span="word_241" generic="generic-no"  person="per3"  related_object="no"  ambiguity="unambiguous"  gram_fnc="comp"  number="sing"  object="kid"   reference="old"  phrase_antecedent="single_phrase"  category="person"  mmax_level="phrase"  ref_type="phrase"  gender="masc"  min_ids="word_241"  single_phrase_antecedent="markable_140"  min_words="him" />
<markable id="markable_142" span="word_242" generic="generic-no"  person="per3"  related_object="no"  ambiguity="unambiguous"  gram_fnc="obj"  number="sing"  object="hat"   reference="old"  phrase_antecedent="single_phrase"  category="concrete"  mmax_level="phrase"  ref_type="phrase"  gender="neut"  min_ids="word_242"  single_phrase_antecedent="markable_135"  min_words="hat" />
<markable id="markable_163" span="word_306..word_312" generic="generic-no"  person="per3"  related_object="yes"  gram_fnc="obj"  number="plur"  object="pears"   reference="new"  category="concrete"  mmax_level="phrase"  related_phrase="markable_161"  gender="neut"  min_ids="word_307"  comment="added ambiguity"  min_words="ones" />
<markable id="markable_140" span="word_238" generic="generic-no"  person="per3"  related_object="no"  ambiguity="unambiguous"  gram_fnc="obj"  number="sing"  object="kid"   reference="old"  phrase_antecedent="single_phrase"  category="person"  mmax_level="phrase"  ref_type="phrase"  gender="masc"  min_ids="word_238"  single_phrase_antecedent="markable_139"  min_words="him" />
<markable id="markable_165" span="word_309" generic="generic-no"  person="per3"  related_object="no"  ambiguity="unambiguous"  gram_fnc="subj"  number="sing"  object="pear-guy"   reference="old"  phrase_antecedent="single_phrase"  category="person"  mmax_level="phrase"  ref_type="phrase"  gender="masc"  min_ids="word_309"  single_phrase_antecedent="markable_279"  min_words="he" />
<markable id="markable_166" span="word_314" generic="generic-no"  person="per3"  related_object="no"  ambiguity="unambiguous"  gram_fnc="subj"  number="sing"  object="pear-guy"   reference="old"  phrase_antecedent="single_phrase"  category="person"  mmax_level="phrase"  ref_type="phrase"  gender="masc"  min_ids="word_314"  single_phrase_antecedent="markable_165"  min_words="he" />
<markable id="markable_167" span="word_319..word_325" generic="generic-no"  person="per3"  related_object="no"  ambiguity="unambiguous"  gram_fnc="adjunct"  number="plur"  object="baskets"   reference="old"  phrase_antecedent="single_phrase"  category="concrete"  mmax_level="phrase"  ref_type="phrase"  gender="neut"  min_ids="word_321"  single_phrase_antecedent="markable_98"  min_words="baskets" />
<markable id="markable_144" span="word_250..word_251" generic="generic-no"  person="per3"  related_object="no"  ambiguity="unambiguous"  gram_fnc="np-mod"  number="plur"  object="pears"   reference="old"  phrase_antecedent="single_phrase"  category="concrete"  mmax_level="phrase"  ref_type="phrase"  gender="neut"  min_ids="word_251"  single_phrase_antecedent="markable_128"  min_words="pears" />
<markable id="markable_168" span="word_323" generic="generic-no"  person="per3"  related_object="no"  ambiguity="unambiguous"  gram_fnc="subj"  number="sing"  object="pear-guy"   reference="old"  phrase_antecedent="single_phrase"  category="person"  mmax_level="phrase"  ref_type="phrase"  gender="masc"  min_ids="word_323"  single_phrase_antecedent="markable_166"  min_words="he" />
<markable id="markable_149" span="word_261..word_262" generic="generic-no"  person="per3"  related_object="yes"  gram_fnc="obj"  number="plur"  object="three of the pears"   reference="new"  category="concrete"  mmax_level="phrase"  related_phrase="markable_144"  gender="neut"  min_ids="word_262"  comment="bridge:subset"  min_words="pears" />
<markable id="markable_169" span="word_326" person="per3"  non_ref_type="expletive"  mmax_level="phrase"  gram_fnc="subj"  gender="neut"  number="sing"  min_ids="word_326"   reference="non_referring"  min_words="there" />
<markable id="markable_147" span="word_258" generic="generic-no"  person="per3"  related_object="no"  ambiguity="unambiguous"  gram_fnc="comp"  number="sing"  object="kid"   reference="old"  phrase_antecedent="single_phrase"  category="person"  mmax_level="phrase"  ref_type="phrase"  gender="masc"  min_ids="word_258"  single_phrase_antecedent="markable_275"  min_words="him" />
<markable id="markable_148" span="word_259" generic="generic-no"  person="per3"  related_object="no"  ambiguity="unambiguous"  gram_fnc="obj"  number="sing"  object="hat"   reference="old"  phrase_antecedent="single_phrase"  category="concrete"  mmax_level="phrase"  ref_type="phrase"  gender="neut"  min_ids="word_259"  single_phrase_antecedent="markable_142"  min_words="hat" />
<markable id="markable_170" span="word_328..word_329" generic="generic-no"  person="per3"  related_object="yes"  gram_fnc="there-obj"  number="plur"  object="two baskets"   reference="new"  category="concrete"  mmax_level="phrase"  related_phrase="markable_167"  gender="neut"  min_ids="word_329"  comment="bridge:subset"  min_words="two" />
<markable id="markable_171" span="word_332" generic="generic-no"  person="per3"  related_object="no"  ambiguity="unambiguous"  gram_fnc="subj"  number="sing"  object="pear-guy"   reference="old"  phrase_antecedent="single_phrase"  category="person"  mmax_level="phrase"  ref_type="phrase"  gender="masc"  min_ids="word_332"  single_phrase_antecedent="markable_168"  min_words="he" />
<markable id="markable_150" span="word_266" generic="undersp-replicable"  person="per3"  related_object="yes"  gram_fnc="adjunct"  number="plur"  object="three other boys"   reference="new"  category="person"  mmax_level="phrase"  related_phrase="markable_138"  gender="masc"  min_ids="word_266"  min_words="friends" />
<markable id="markable_174" span="word_345..word_347" generic="generic-no"  person="per3"  related_object="no"  ambiguity="unambiguous"  gram_fnc="subj"  number="plur"  object="three other boys"   reference="old"  phrase_antecedent="single_phrase"  category="person"  mmax_level="phrase"  ref_type="phrase"  gender="masc"  min_ids="word_347"  single_phrase_antecedent="markable_151"  min_words="boys" />
<markable id="markable_151" span="word_269..word_270" generic="generic-no"  person="per3"  related_object="no"  ambiguity="unambiguous"  gram_fnc="subj"  number="plur"  object="three other boys"   reference="old"  phrase_antecedent="single_phrase"  category="person"  mmax_level="phrase"  ref_type="phrase"  gender="masc"  min_ids="word_270"  single_phrase_antecedent="markable_138"  min_words="boys" />
<markable id="markable_175" span="word_351" generic="generic-yes"  person="per3"  related_object="no"  ambiguity="unambiguous"  gram_fnc="obj"  number="plur"  object="three pears"   reference="old"  phrase_antecedent="single_phrase"  category="concrete"  mmax_level="phrase"  ref_type="phrase"  gender="neut"  min_ids="word_351"  single_phrase_antecedent="markable_156"  min_words="pears" />
<markable id="markable_172" span="word_338" generic="generic-no"  person="per3"  related_object="no"  ambiguity="unambiguous"  gram_fnc="subj"  number="sing"  object="pear-guy"   reference="old"  phrase_antecedent="single_phrase"  category="person"  mmax_level="phrase"  ref_type="phrase"  gender="masc"  min_ids="word_338"  single_phrase_antecedent="markable_171"  min_words="he" />
<markable id="markable_173" span="word_341..word_342" generic="generic-no"  person="per3"  related_object="yes"  ambiguity="unambiguous"  gram_fnc="subj"  number="sing"  object="one of the baskets"   reference="old"  phrase_antecedent="single_phrase"  category="concrete"  mmax_level="phrase"  related_phrase="markable_167"  ref_type="phrase"  gender="neut"  min_ids="word_342"  single_phrase_antecedent="markable_129"  min_words="basket" />
<markable id="markable_153" span="word_276" generic="generic-no"  person="per3"  related_object="no"  ambiguity="unambiguous"  gram_fnc="obj"  number="plur"  object="pears"   reference="old"  phrase_antecedent="single_phrase"  category="concrete"  mmax_level="phrase"  ref_type="phrase"  gender="neut"  min_ids="word_276"  single_phrase_antecedent="markable_149"  min_words="pears" />
<markable id="markable_154" span="word_280..word_286" generic="generic-no"  person="per3"  related_object="no"  ambiguity="unambiguous"  gram_fnc="subj"  number="sing"  object="pear-guy"   reference="old"  phrase_antecedent="single_phrase"  category="person"  mmax_level="phrase"  ref_type="phrase"  gender="masc"  min_ids="word_281"  single_phrase_antecedent="markable_100"  min_words="man" />
<markable id="markable_179" span="word_361..word_362" generic="operator-question"  person="per3"  related_object="no"  ambiguity="unambiguous"  gram_fnc="subj"  number="sing"  object="pear-guy"   reference="old"  phrase_antecedent="single_phrase"  category="person"  mmax_level="phrase"  ref_type="phrase"  gender="masc"  min_ids="word_362"  single_phrase_antecedent="markable_172"  min_words="guy" />
<markable id="markable_176" span="word_353" person="per2"  non_ref_type="unknown"  mmax_level="phrase"  gram_fnc="subj"  gender="undersp-gen"  number="sing"  min_ids="word_353"   comment="impersonal you"  reference="non_referring"  min_words="you" />
<markable id="markable_156" span="word_286" generic="generic-yes"  person="per3"  related_object="no"  ambiguity="unambiguous"  gram_fnc="obj"  number="plur"  object="pears"   reference="old"  phrase_antecedent="single_phrase"  category="concrete"  mmax_level="phrase"  ref_type="phrase"  gender="neut"  min_ids="word_286"  single_phrase_antecedent="markable_277"  min_words="pears" />
<markable id="markable_177" span="word_357..word_358" generic="generic-no"  person="per3"  related_object="no"  gram_fnc="adjunct"  number="sing"  object="dilema"   reference="new"  category="abstract"  mmax_level="phrase"  gender="neut"  min_ids="word_358"  comment="forward anaphora"  min_words="dilemma" />
<markable id="markable_159" span="word_291" generic="generic-no"  person="per3"  related_object="no"  gram_fnc="adjunct"  number="sing"  object="ladder"   reference="new"  category="concrete"  mmax_level="phrase"  gender="neut"  min_ids="word_291"  min_words="1adder" />
<markable id="markable_119" span="word_168..word_169" generic="generic-no"  phrase_antecedent_2="single_phrase"  person="per3"  gram_fnc="subj"  ambiguity="ambiguous"  single_phrase_antecedent_2="markable_277"  object="pears"   related_object_2="no"  mmax_level="phrase"  ref_type="phrase"  gender="neut"  min_words="pears"  ref_type_2="phrase"  generic_2="generic-no"  related_object="no"  category_2="concrete"  number="plur"  phrase_antecedent="single_phrase"  reference="old"  category="concrete"  min_ids="word_169"  single_phrase_antecedent="markable_274" />
<markable id="markable_118" span="word_164" generic="generic-no"  person="per3"  related_object="no"  ambiguity="unambiguous"  gram_fnc="subj"  number="sing"  object="bicycle"   reference="old"  phrase_antecedent="single_phrase"  category="concrete"  mmax_level="phrase"  ref_type="phrase"  gender="neut"  min_ids="word_164"  single_phrase_antecedent="markable_105"  min_words="bicycle" />
<markable id="markable_183" span="word_373" generic="generic-no"  person="per3"  related_object="no"  ambiguity="unambiguous"  gram_fnc="subj"  number="sing"  object="pear-guy"   reference="old"  phrase_antecedent="single_phrase"  category="person"  mmax_level="phrase"  ref_type="phrase"  gender="masc"  min_ids="word_373"  single_phrase_antecedent="markable_181"  min_words="he" />
<markable id="markable_81" span="word_61" generic="generic-no"  person="per3"  related_object="no"  ambiguity="unambiguous"  gram_fnc="subj"  number="sing"  object="pear-guy"   reference="old"  phrase_antecedent="single_phrase"  category="person"  mmax_level="phrase"  ref_type="phrase"  gender="masc"  min_ids="word_61"  single_phrase_antecedent="markable_72"  min_words="he" />
<markable id="markable_80" span="word_58..word_62" generic="generic-no"  person="per3"  related_object="no"  gram_fnc="adjunct"  number="plur"  object="baskets"   reference="new"  category="concrete"  mmax_level="phrase"  gender="neut"  min_ids="word_59"  min_words="baskets" />
<markable id="markable_184" span="word_376" generic="generic-no"  person="per1"  related_object="no"  ambiguity="unambiguous"  gram_fnc="subj"  number="sing"  object="pear-guy"   reference="old"  phrase_antecedent="single_phrase"  category="person"  mmax_level="phrase"  ref_type="phrase"  gender="undersp-gen"  min_ids="word_376"  single_phrase_antecedent="markable_183"  min_words="i" />
<markable id="markable_83" span="word_68..word_69" generic="generic-no"  person="per3"  related_object="no"  ambiguity="unambiguous"  gram_fnc="obj"  number="plur"  object="pears"   reference="old"  phrase_antecedent="single_phrase"  category="concrete"  mmax_level="phrase"  ref_type="phrase"  gender="neut"  min_ids="word_69"  single_phrase_antecedent="markable_76"  min_words="pears" />
<markable id="markable_185" span="word_379..word_380" generic="operator-conditional"  person="per3"  related_object="no"  ambiguity="unambiguous"  gram_fnc="subj"  number="plur"  object="three other boys"   reference="old"  phrase_antecedent="single_phrase"  category="person"  mmax_level="phrase"  ref_type="phrase"  gender="masc"  min_ids="word_380"  single_phrase_antecedent="markable_174"  min_words="guys" />
<markable id="markable_82" span="word_65" generic="generic-no"  person="per3"  related_object="no"  ambiguity="unambiguous"  gram_fnc="subj"  number="sing"  object="pear-guy"   reference="old"  phrase_antecedent="single_phrase"  category="person"  mmax_level="phrase"  ref_type="phrase"  gender="masc"  min_ids="word_65"  single_phrase_antecedent="markable_81"  min_words="he" />
<markable id="markable_85" span="word_75..word_79" generic="generic-no"  person="per3"  related_object="yes"  gram_fnc="subj"  number="sing"  object="man"   reference="new"  category="person"  mmax_level="phrase"  related_phrase="markable_280"  gender="masc"  min_ids="word_76"  min_words="man" />
<markable id="markable_180" span="word_363" person="per2"  non_ref_type="unknown"  mmax_level="phrase"  gram_fnc="subj"  gender="undersp-gen"  number="sing"  min_ids="word_363"   comment="impersonal you"  reference="non_referring"  min_words="you" />
<markable id="markable_87" span="word_78..word_79" generic="generic-no"  person="per3"  related_object="no"  gram_fnc="np-mod"  number="sing"  object="donkey"   reference="new"  category="animate"  mmax_level="phrase"  gender="undersp-gen"  min_ids="word_79"  min_words="donkey" />
<markable id="markable_181" span="word_367..word_368" generic="operator-question"  person="per3"  related_object="no"  ambiguity="unambiguous"  gram_fnc="subj"  number="sing"  object="pear-guy"   reference="old"  phrase_antecedent="single_phrase"  category="person"  mmax_level="phrase"  ref_type="phrase"  gender="masc"  min_ids="word_368"  single_phrase_antecedent="markable_179"  min_words="guy" />
<markable id="markable_182" span="word_371" generic="generic-no"  person="per1"  related_object="no"  gram_fnc="subj"  number="sing"  object="speaker"   reference="new"  category="person"  mmax_level="phrase"  gender="undersp-gen"  min_ids="word_371"  min_words="i" />
<markable id="markable_89" span="word_88" generic="generic-no"  person="per3"  related_object="no"  ambiguity="unambiguous"  gram_fnc="subj"  number="sing"  object="man"   reference="old"  phrase_antecedent="single_phrase"  category="person"  mmax_level="phrase"  ref_type="phrase"  gender="masc"  min_ids="word_88"  single_phrase_antecedent="markable_85"  min_words="he" />
<markable id="markable_127" span="word_194" generic="generic-no"  person="per3"  related_object="no"  ambiguity="unambiguous"  gram_fnc="obj"  number="sing"  object="kid"   reference="old"  phrase_antecedent="single_phrase"  category="person"  mmax_level="phrase"  ref_type="phrase"  gender="masc"  min_ids="word_194"  single_phrase_antecedent="markable_112"  min_words="him" />
<markable id="markable_128" span="word_199..word_200" generic="generic-no"  person="per3"  related_object="no"  ambiguity="unambiguous"  gram_fnc="obj"  number="plur"  object="pears"   reference="old"  phrase_antecedent="single_phrase"  category="concrete"  mmax_level="phrase"  ref_type="phrase"  gender="neut"  min_ids="word_200"  single_phrase_antecedent="markable_119"  min_words="pears" />
<markable id="markable_88" span="word_85..word_86" generic="generic-no"  person="per3"  related_object="no"  gram_fnc="no-gf"  number="sing"  object="goat"   reference="new"  category="animate"  mmax_level="phrase"  gender="undersp-gen"  min_ids="word_86"  min_words="goat" />
<markable id="markable_280" span="word_15" min_ids="word_15" generic="generic-no"  person="per3"  related_object="no"  gram_fnc="np-part"  number="plur"   reference="new"  category="person"  mmax_level="phrase"  gender="undersp-gen"  min_words="individuals" />
<markable id="markable_125" span="word_186..word_188" generic="generic-no"  person="per3"  related_object="yes"  gram_fnc="there-obj"  number="plur"  object="three other boys"   reference="new"  category="person"  mmax_level="phrase"  related_phrase="markable_112;markable_280"  gender="masc"  min_ids="word_188"  min_words="boys" />
<markable id="markable_281" span="word_17..word_29" person="per3"  non_ref_type="coordination"  mmax_level="phrase"  gram_fnc="adjunct"  gender="masc"  number="sing"   comment="coord"  reference="non_referring" />
<markable id="markable_126" span="word_192" generic="generic-no"  person="per3"  related_object="no"  ambiguity="unambiguous"  gram_fnc="subj"  number="plur"  object="three other boys"   reference="old"  phrase_antecedent="single_phrase"  category="person"  mmax_level="phrase"  ref_type="phrase"  gender="masc"  min_ids="word_192"  single_phrase_antecedent="markable_125"  min_words="they" />
<markable id="markable_282" span="word_161..word_162" min_ids="word_162" person="per3"  non_ref_type="idiom"  mmax_level="phrase"  gram_fnc="np-mod"  gender="neut"  number="sing"   reference="non_referring"  min_words="way" />
<markable id="markable_123" span="word_182..word_183" generic="generic-no"  person="per3"  related_object="no"  gram_fnc="there-obj"  number="plur"  object="other kids"   reference="new"  category="person"  mmax_level="phrase"  gender="undersp-gen"  min_ids="word_183"  min_words="kids" />
<markable id="markable_187" span="word_384" generic="generic-no"  person="per3"  related_object="no"  ambiguity="unambiguous"  gram_fnc="adjunct"  number="plur"  object="pears"   reference="old"  phrase_antecedent="single_phrase"  category="concrete"  mmax_level="phrase"  ref_type="phrase"  gender="neut"  min_ids="word_384"  single_phrase_antecedent="markable_144"  min_words="pears" />
<markable id="markable_124" span="word_184" person="per3"  non_ref_type="expletive"  mmax_level="phrase"  gram_fnc="subj"  gender="neut"  number="sing"  min_ids="word_184"   reference="non_referring"  min_words="there" />
<markable id="markable_188" span="word_386" person="per3"  non_ref_type="quantifier"  mmax_level="phrase"  gram_fnc="adjunct"  gender="neut"  number="undersp-num"  min_ids="word_386"   reference="non_referring"  min_words="what" />
<markable id="markable_121" span="word_176..word_177" generic="generic-no"  person="per3"  related_object="no"  gram_fnc="adjunct"  number="sing"  object="ground"   reference="new"  category="concrete"  mmax_level="phrase"  gender="neut"  min_ids="word_177"  min_words="ground" />
<markable id="markable_189" span="word_387" generic="generic-no"  person="per3"  related_object="no"  ambiguity="unambiguous"  gram_fnc="subj"  number="sing"  object="pear-guy"   reference="old"  phrase_antecedent="single_phrase"  category="person"  mmax_level="phrase"  ref_type="phrase"  gender="masc"  min_ids="word_387"  single_phrase_antecedent="markable_183"  min_words="he" />
<markable id="markable_129" span="word_203..word_204" generic="generic-no"  person="per3"  related_object="no"  ambiguity="unambiguous"  gram_fnc="adjunct"  number="sing"  object="basket"   reference="old"  phrase_antecedent="single_phrase"  category="concrete"  mmax_level="phrase"  ref_type="phrase"  gender="neut"  min_ids="word_204"  single_phrase_antecedent="markable_274"  min_words="basket" />
<markable id="markable_90" span="word_92" person="per2"  non_ref_type="unknown"  mmax_level="phrase"  gram_fnc="subj"  gender="undersp-gen"  number="unsure-num"  min_ids="word_92"   comment="impersonal you"  reference="non_referring"  min_words="you" />
<markable id="markable_94" span="word_106" generic="generic-no"  person="per3"  related_object="no"  ambiguity="unambiguous"  gram_fnc="subj"  number="sing"  object="kid"   reference="old"  phrase_antecedent="single_phrase"  category="person"  mmax_level="phrase"  ref_type="phrase"  gender="masc"  min_ids="word_106"  single_phrase_antecedent="markable_92"  min_words="he" />
<markable id="markable_196" span="word_409..word_410" generic="generic-no"  person="per3"  related_object="no"  ambiguity="unambiguous"  gram_fnc="obj"  number="plur"  object="pears"   reference="old"  phrase_antecedent="single_phrase"  category="concrete"  mmax_level="phrase"  ref_type="phrase"  gender="neut"  min_ids="word_410"  single_phrase_antecedent="markable_187"  min_words="pears" />
<markable id="markable_93" span="word_103..word_104" generic="generic-no"  person="per3"  related_object="no"  ambiguity="unambiguous"  gram_fnc="adjunct"  number="sing"  object="bicycle"   reference="old"  phrase_antecedent="single_phrase"  category="concrete"  mmax_level="phrase"  ref_type="phrase"  gender="neut"  min_ids="word_104"  single_phrase_antecedent="markable_67"  min_words="bicycle" />
<markable id="markable_194" span="word_402..word_403" generic="generic-no"  person="per3"  related_object="no"  ambiguity="unambiguous"  gram_fnc="np-mod"  number="sing"  object="bicycle"   reference="old"  phrase_antecedent="single_phrase"  category="concrete"  mmax_level="phrase"  ref_type="phrase"  gender="neut"  min_ids="word_403"  single_phrase_antecedent="markable_130"  min_words="bicycle" />
<markable id="markable_130" span="word_207" generic="generic-no"  person="per3"  related_object="no"  ambiguity="unambiguous"  gram_fnc="obj"  number="sing"  object="bicycle"   reference="old"  phrase_antecedent="single_phrase"  category="concrete"  mmax_level="phrase"  ref_type="phrase"  gender="neut"  min_ids="word_207"  single_phrase_antecedent="markable_118"  min_words="bicycle" />
<markable id="markable_92" span="word_98..word_99" generic="generic-no"  person="per3"  related_object="no"  ambiguity="unambiguous"  gram_fnc="subj"  number="sing"  object="kid"   reference="old"  phrase_antecedent="single_phrase"  category="person"  mmax_level="phrase"  ref_type="phrase"  gender="masc"  min_ids="word_99"  single_phrase_antecedent="markable_271"  min_words="kid" />
<markable id="markable_195" span="word_406..word_407" person="per3"  non_ref_type="incomplete"  mmax_level="phrase"  gram_fnc="obj"  gender="neut"  number="sing"  min_ids="word_407"   reference="non_referring"  min_words="uh" />
<markable id="markable_91" span="word_95" generic="generic-no"  person="per3"  related_object="no"  ambiguity="unambiguous"  gram_fnc="obj"  number="sing"  object="pear-guy"   reference="old"  phrase_antecedent="single_phrase"  category="person"  mmax_level="phrase"  ref_type="phrase"  gender="masc"  min_ids="word_95"  single_phrase_antecedent="markable_82"  min_words="him" />
<markable id="markable_131" span="word_212" generic="generic-no"  person="per3"  related_object="no"  ambiguity="unambiguous"  gram_fnc="subj"  number="sing"  object="kid"   reference="old"  phrase_antecedent="single_phrase"  category="person"  mmax_level="phrase"  ref_type="phrase"  gender="masc"  min_ids="word_212"  single_phrase_antecedent="markable_127"  min_words="he" />
<markable id="markable_192" span="word_399..word_403" generic="generic-no"  person="per3"  related_object="no"  ambiguity="unambiguous"  gram_fnc="subj"  number="sing"  object="kid"   reference="old"  phrase_antecedent="single_phrase"  category="person"  mmax_level="phrase"  ref_type="phrase"  gender="masc"  min_ids="word_400"  single_phrase_antecedent="markable_131"  min_words="boy" />
<markable id="markable_98" span="word_110..word_117" generic="generic-no"  person="per3"  related_object="no"  ambiguity="unambiguous"  gram_fnc="np-compl"  number="plur"  object="baskets"   reference="old"  phrase_antecedent="single_phrase"  category="concrete"  mmax_level="phrase"  ref_type="phrase"  gender="neut"  min_ids="word_111"  single_phrase_antecedent="markable_80"  min_words="baskets" />
<markable id="markable_190" span="word_392" generic="generic-no"  person="per3"  related_object="no"  ambiguity="unambiguous"  gram_fnc="subj"  number="sing"  object="pear-guy"   reference="old"  phrase_antecedent="single_phrase"  category="person"  mmax_level="phrase"  ref_type="phrase"  gender="masc"  min_ids="word_392"  single_phrase_antecedent="markable_189"  min_words="he" />
<markable id="markable_191" span="word_396..word_397" generic="generic-no"  person="per3"  related_object="yes"  gram_fnc="adjunct"  number="sing"  object="tree"   reference="new"  category="concrete"  mmax_level="phrase"  related_phrase="markable_187"  gender="neut"  min_ids="word_397"  min_words="tree" />
<markable id="markable_136" span="word_229..word_232" generic="undersp-replicable"  person="per3"  related_object="yes"  gram_fnc="subj"  number="sing"  object="one of the three other boys"   reference="new"  category="person"  mmax_level="phrase"  related_phrase="markable_133"  gender="masc"  min_ids="word_229"  min_words="one" />
<markable id="markable_138" span="word_231..word_232" generic="generic-no"  person="per3"  related_object="no"  ambiguity="unambiguous"  gram_fnc="np-part"  number="plur"  object="three other boys"   reference="old"  phrase_antecedent="single_phrase"  category="person"  mmax_level="phrase"  ref_type="phrase"  gender="masc"  min_ids="word_232"  single_phrase_antecedent="markable_133"  min_words="boys" />
<markable id="markable_139" span="word_235" generic="generic-no"  person="per3"  related_object="no"  ambiguity="unambiguous"  gram_fnc="adjunct"  number="sing"  object="kid"   reference="old"  phrase_antecedent="single_phrase"  category="person"  mmax_level="phrase"  ref_type="phrase"  gender="masc"  min_ids="word_235"  single_phrase_antecedent="markable_134"  min_words="him" />
<markable id="markable_132" span="word_215..word_216" person="per3"  non_ref_type="idiom"  mmax_level="phrase"  gram_fnc="adjunct"  gender="neut"  number="sing"  min_ids="word_216"   reference="non_referring"  min_words="way" />
<markable id="markable_133" span="word_220..word_221" generic="generic-no"  person="per3"  related_object="no"  ambiguity="unambiguous"  gram_fnc="subj"  number="plur"  object="three other boys"   reference="old"  phrase_antecedent="single_phrase"  category="person"  mmax_level="phrase"  ref_type="phrase"  gender="masc"  min_ids="word_221"  single_phrase_antecedent="markable_126"  min_words="boys" />
<markable id="markable_134" span="word_224" generic="generic-no"  person="per3"  related_object="no"  ambiguity="unambiguous"  gram_fnc="subj"  number="sing"  object="kid"   reference="old"  phrase_antecedent="single_phrase"  category="person"  mmax_level="phrase"  ref_type="phrase"  gender="masc"  min_ids="word_224"  single_phrase_antecedent="markable_131"  min_words="he" />
<markable id="markable_135" span="word_227" generic="generic-no"  person="per3"  related_object="no"  ambiguity="unambiguous"  gram_fnc="obj"  number="sing"  object="hat"   reference="old"  phrase_antecedent="single_phrase"  category="concrete"  mmax_level="phrase"  ref_type="phrase"  gender="neut"  min_ids="word_227"  single_phrase_antecedent="markable_113"  min_words="hat" />
</markables>