<?xml version="1.0" encoding="MacRoman"?>
<!DOCTYPE markables SYSTEM "markables.dtd">
<markables xmlns="www.eml.org/NameSpaces/chunk">
<markable id="markable_0" span="word_1..word_2" tag="np" mmax_level="chunk" />
<markable id="markable_1" span="word_4" tag="np" mmax_level="chunk" />
<markable id="markable_2" span="word_5..word_7" tag="np" mmax_level="chunk" />
<markable id="markable_3" span="word_10..word_11" tag="np" mmax_level="chunk" />
<markable id="markable_4" span="word_13..word_14" tag="np" mmax_level="chunk" />
<markable id="markable_5" span="word_16" tag="np" mmax_level="chunk" />
<markable id="markable_6" span="word_19" tag="np" mmax_level="chunk" />
<markable id="markable_7" span="word_25..word_26" tag="np" mmax_level="chunk" />
<markable id="markable_8" span="word_29..word_30" tag="np" mmax_level="chunk" />
<markable id="markable_9" span="word_34" tag="np" mmax_level="chunk" />
<markable id="markable_10" span="word_36..word_37" tag="np" mmax_level="chunk" />
<markable id="markable_11" span="word_39" tag="np" mmax_level="chunk" />
<markable id="markable_12" span="word_41..word_42" tag="np" mmax_level="chunk" />
<markable id="markable_13" span="word_44..word_45" tag="np" mmax_level="chunk" />
<markable id="markable_14" span="word_46" tag="np" mmax_level="chunk" />
<markable id="markable_15" span="word_48" tag="np" mmax_level="chunk" />
<markable id="markable_16" span="word_51" tag="np" mmax_level="chunk" />
<markable id="markable_17" span="word_56" tag="np" mmax_level="chunk" />
<markable id="markable_18" span="word_60" tag="np" mmax_level="chunk" />
<markable id="markable_19" span="word_62..word_63" tag="np" mmax_level="chunk" />
<markable id="markable_20" span="word_66..word_67" tag="np" mmax_level="chunk" />
<markable id="markable_21" span="word_69" tag="np" mmax_level="chunk" />
<markable id="markable_22" span="word_71..word_72" tag="np" mmax_level="chunk" />
<markable id="markable_23" span="word_75..word_76" tag="np" mmax_level="chunk" />
<markable id="markable_24" span="word_78" tag="np" mmax_level="chunk" />
<markable id="markable_25" span="word_83" tag="np" mmax_level="chunk" />
<markable id="markable_26" span="word_85" tag="np" mmax_level="chunk" />
<markable id="markable_27" span="word_88" tag="np" mmax_level="chunk" />
<markable id="markable_28" span="word_92" tag="np" mmax_level="chunk" />
<markable id="markable_29" span="word_93..word_95" tag="np" mmax_level="chunk" />
<markable id="markable_30" span="word_99" tag="np" mmax_level="chunk" />
<markable id="markable_31" span="word_104" tag="np" mmax_level="chunk" />
<markable id="markable_32" span="word_108" tag="np" mmax_level="chunk" />
<markable id="markable_33" span="word_114" tag="np" mmax_level="chunk" />
<markable id="markable_34" span="word_119" tag="np" mmax_level="chunk" />
<markable id="markable_35" span="word_122" tag="np" mmax_level="chunk" />
<markable id="markable_36" span="word_127" tag="np" mmax_level="chunk" />
<markable id="markable_37" span="word_129" tag="np" mmax_level="chunk" />
<markable id="markable_38" span="word_132" tag="np" mmax_level="chunk" />
<markable id="markable_39" span="word_135..word_136" tag="np" mmax_level="chunk" />
<markable id="markable_40" span="word_138..word_139" tag="np" mmax_level="chunk" />
<markable id="markable_41" span="word_143..word_144" tag="np" mmax_level="chunk" />
<markable id="markable_42" span="word_146" tag="np" mmax_level="chunk" />
<markable id="markable_43" span="word_148" tag="np" mmax_level="chunk" />
<markable id="markable_44" span="word_150..word_151" tag="np" mmax_level="chunk" />
<markable id="markable_45" span="word_153" tag="np" mmax_level="chunk" />
<markable id="markable_46" span="word_155..word_157" tag="np" mmax_level="chunk" />
<markable id="markable_47" span="word_158" tag="np" mmax_level="chunk" />
<markable id="markable_48" span="word_160" tag="np" mmax_level="chunk" />
<markable id="markable_49" span="word_163..word_164" tag="np" mmax_level="chunk" />
<markable id="markable_50" span="word_166" tag="np" mmax_level="chunk" />
<markable id="markable_51" span="word_167" tag="np" mmax_level="chunk" />
<markable id="markable_52" span="word_169" tag="np" mmax_level="chunk" />
<markable id="markable_53" span="word_171..word_172" tag="np" mmax_level="chunk" />
<markable id="markable_54" span="word_173" tag="np" mmax_level="chunk" />
<markable id="markable_55" span="word_175" tag="np" mmax_level="chunk" />
<markable id="markable_56" span="word_180" tag="np" mmax_level="chunk" />
<markable id="markable_57" span="word_184" tag="np" mmax_level="chunk" />
<markable id="markable_58" span="word_186" tag="np" mmax_level="chunk" />
<markable id="markable_59" span="word_191" tag="np" mmax_level="chunk" />
<markable id="markable_60" span="word_193" tag="np" mmax_level="chunk" />
<markable id="markable_61" span="word_195" tag="np" mmax_level="chunk" />
<markable id="markable_62" span="word_197..word_198" tag="np" mmax_level="chunk" />
<markable id="markable_63" span="word_199..word_200" tag="np" mmax_level="chunk" />
<markable id="markable_64" span="word_202..word_203" tag="np" mmax_level="chunk" />
<markable id="markable_65" span="word_206..word_207" tag="np" mmax_level="chunk" />
<markable id="markable_66" span="word_211" tag="np" mmax_level="chunk" />
<markable id="markable_67" span="word_212..word_213" tag="np" mmax_level="chunk" />
<markable id="markable_68" span="word_215" tag="np" mmax_level="chunk" />
<markable id="markable_69" span="word_220" tag="np" mmax_level="chunk" />
<markable id="markable_70" span="word_222..word_223" tag="np" mmax_level="chunk" />
<markable id="markable_71" span="word_228" tag="np" mmax_level="chunk" />
<markable id="markable_72" span="word_234" tag="np" mmax_level="chunk" />
<markable id="markable_73" span="word_238" tag="np" mmax_level="chunk" />
<markable id="markable_74" span="word_240..word_241" tag="np" mmax_level="chunk" />
<markable id="markable_75" span="word_243..word_245" tag="np" mmax_level="chunk" />
<markable id="markable_76" span="word_247..word_250" tag="np" mmax_level="chunk" />
<markable id="markable_77" span="word_252" tag="np" mmax_level="chunk" />
<markable id="markable_78" span="word_254..word_255" tag="np" mmax_level="chunk" />
<markable id="markable_79" span="word_258..word_259" tag="np" mmax_level="chunk" />
<markable id="markable_80" span="word_261..word_262" tag="np" mmax_level="chunk" />
<markable id="markable_81" span="word_267..word_269" tag="np" mmax_level="chunk" />
<markable id="markable_82" span="word_270" tag="np" mmax_level="chunk" />
<markable id="markable_83" span="word_275..word_277" tag="np" mmax_level="chunk" />
<markable id="markable_84" span="word_281" tag="np" mmax_level="chunk" />
<markable id="markable_85" span="word_283" tag="np" mmax_level="chunk" />
<markable id="markable_86" span="word_285" tag="np" mmax_level="chunk" />
<markable id="markable_87" span="word_288..word_289" tag="np" mmax_level="chunk" />
<markable id="markable_88" span="word_291" tag="np" mmax_level="chunk" />
<markable id="markable_89" span="word_295..word_296" tag="np" mmax_level="chunk" />
<markable id="markable_90" span="word_297..word_298" tag="np" mmax_level="chunk" />
<markable id="markable_91" span="word_300..word_301" tag="np" mmax_level="chunk" />
<markable id="markable_92" span="word_302" tag="np" mmax_level="chunk" />
<markable id="markable_93" span="word_304..word_305" tag="np" mmax_level="chunk" />
<markable id="markable_94" span="word_311..word_312" tag="np" mmax_level="chunk" />
<markable id="markable_95" span="word_316..word_317" tag="np" mmax_level="chunk" />
<markable id="markable_96" span="word_318..word_319" tag="np" mmax_level="chunk" />
<markable id="markable_97" span="word_321..word_322" tag="np" mmax_level="chunk" />
<markable id="markable_98" span="word_324..word_325" tag="np" mmax_level="chunk" />
<markable id="markable_99" span="word_327..word_329" tag="np" mmax_level="chunk" />
<markable id="markable_100" span="word_330" tag="np" mmax_level="chunk" />
<markable id="markable_101" span="word_335..word_336" tag="np" mmax_level="chunk" />
<markable id="markable_102" span="word_340" tag="np" mmax_level="chunk" />
<markable id="markable_103" span="word_343..word_344" tag="np" mmax_level="chunk" />
<markable id="markable_104" span="word_347..word_348" tag="np" mmax_level="chunk" />
<markable id="markable_105" span="word_350" tag="np" mmax_level="chunk" />
<markable id="markable_106" span="word_353" tag="np" mmax_level="chunk" />
<markable id="markable_107" span="word_355" tag="np" mmax_level="chunk" />
<markable id="markable_108" span="word_360" tag="np" mmax_level="chunk" />
<markable id="markable_109" span="word_365" tag="np" mmax_level="chunk" />
<markable id="markable_110" span="word_371" tag="np" mmax_level="chunk" />
<markable id="markable_111" span="word_372..word_373" tag="np" mmax_level="chunk" />
<markable id="markable_112" span="word_375..word_377" tag="np" mmax_level="chunk" />
<markable id="markable_113" span="word_378..word_380" tag="np" mmax_level="chunk" />
<markable id="markable_114" span="word_382..word_383" tag="np" mmax_level="chunk" />
<markable id="markable_115" span="word_384" tag="np" mmax_level="chunk" />
<markable id="markable_116" span="word_390" tag="np" mmax_level="chunk" />
<markable id="markable_117" span="word_392" tag="np" mmax_level="chunk" />
<markable id="markable_118" span="word_394..word_395" tag="np" mmax_level="chunk" />
<markable id="markable_119" span="word_398..word_400" tag="np" mmax_level="chunk" />
<markable id="markable_120" span="word_404..word_405" tag="np" mmax_level="chunk" />
<markable id="markable_121" span="word_407..word_410" tag="np" mmax_level="chunk" />
<markable id="markable_122" span="word_412" tag="np" mmax_level="chunk" />
<markable id="markable_123" span="word_414..word_415" tag="np" mmax_level="chunk" />
<markable id="markable_124" span="word_417..word_418" tag="np" mmax_level="chunk" />
<markable id="markable_125" span="word_421" tag="np" mmax_level="chunk" />
<markable id="markable_126" span="word_425..word_426" tag="np" mmax_level="chunk" />
<markable id="markable_127" span="word_427..word_428" tag="np" mmax_level="chunk" />
<markable id="markable_128" span="word_431..word_432" tag="np" mmax_level="chunk" />
<markable id="markable_129" span="word_434..word_435" tag="np" mmax_level="chunk" />
<markable id="markable_130" span="word_437" tag="np" mmax_level="chunk" />
<markable id="markable_131" span="word_442..word_443" tag="np" mmax_level="chunk" />
<markable id="markable_132" span="word_446..word_447" tag="np" mmax_level="chunk" />
<markable id="markable_133" span="word_448" tag="np" mmax_level="chunk" />
<markable id="markable_134" span="word_453..word_454" tag="np" mmax_level="chunk" />
<markable id="markable_135" span="word_459..word_460" tag="np" mmax_level="chunk" />
<markable id="markable_136" span="word_464" tag="np" mmax_level="chunk" />
<markable id="markable_137" span="word_468..word_469" tag="np" mmax_level="chunk" />
<markable id="markable_138" span="word_472..word_473" tag="np" mmax_level="chunk" />
<markable id="markable_139" span="word_475" tag="np" mmax_level="chunk" />
<markable id="markable_140" span="word_478" tag="np" mmax_level="chunk" />
<markable id="markable_141" span="word_484..word_485" tag="np" mmax_level="chunk" />
<markable id="markable_142" span="word_487" tag="np" mmax_level="chunk" />
<markable id="markable_143" span="word_493" tag="np" mmax_level="chunk" />
<markable id="markable_144" span="word_496..word_500" tag="np" mmax_level="chunk" />
<markable id="markable_145" span="word_502..word_503" tag="np" mmax_level="chunk" />
<markable id="markable_146" span="word_505" tag="np" mmax_level="chunk" />
<markable id="markable_147" span="word_509" tag="np" mmax_level="chunk" />
<markable id="markable_148" span="word_512..word_513" tag="np" mmax_level="chunk" />
<markable id="markable_149" span="word_515..word_516" tag="np" mmax_level="chunk" />
<markable id="markable_150" span="word_518..word_519" tag="np" mmax_level="chunk" />
<markable id="markable_151" span="word_524..word_526" tag="np" mmax_level="chunk" />
<markable id="markable_152" span="word_528" tag="np" mmax_level="chunk" />
<markable id="markable_153" span="word_529" tag="np" mmax_level="chunk" />
<markable id="markable_154" span="word_531..word_532" tag="np" mmax_level="chunk" />
<markable id="markable_155" span="word_533..word_535" tag="np" mmax_level="chunk" />
<markable id="markable_156" span="word_540" tag="np" mmax_level="chunk" />
<markable id="markable_157" span="word_544" tag="np" mmax_level="chunk" />
<markable id="markable_158" span="word_545" tag="np" mmax_level="chunk" />
<markable id="markable_159" span="word_547..word_548" tag="np" mmax_level="chunk" />
<markable id="markable_160" span="word_555..word_556" tag="np" mmax_level="chunk" />
<markable id="markable_161" span="word_560" tag="np" mmax_level="chunk" />
<markable id="markable_162" span="word_566" tag="np" mmax_level="chunk" />
<markable id="markable_163" span="word_570" tag="np" mmax_level="chunk" />
<markable id="markable_164" span="word_572" tag="np" mmax_level="chunk" />
<markable id="markable_165" span="word_574" tag="np" mmax_level="chunk" />
<markable id="markable_166" span="word_580..word_581" tag="np" mmax_level="chunk" />
<markable id="markable_167" span="word_583..word_585" tag="np" mmax_level="chunk" />
<markable id="markable_168" span="word_588..word_589" tag="np" mmax_level="chunk" />
<markable id="markable_169" span="word_591..word_593" tag="np" mmax_level="chunk" />
<markable id="markable_170" span="word_595" tag="np" mmax_level="chunk" />
<markable id="markable_171" span="word_598" tag="np" mmax_level="chunk" />
<markable id="markable_172" span="word_601" tag="np" mmax_level="chunk" />
<markable id="markable_173" span="word_602..word_603" tag="np" mmax_level="chunk" />
<markable id="markable_174" span="word_609" tag="np" mmax_level="chunk" />
<markable id="markable_175" span="word_611..word_612" tag="np" mmax_level="chunk" />
<markable id="markable_176" span="word_613" tag="np" mmax_level="chunk" />
<markable id="markable_177" span="word_614..word_615" tag="np" mmax_level="chunk" />
<markable id="markable_178" span="word_621" tag="np" mmax_level="chunk" />
<markable id="markable_179" span="word_624" tag="np" mmax_level="chunk" />
<markable id="markable_180" span="word_628" tag="np" mmax_level="chunk" />
<markable id="markable_181" span="word_629..word_630" tag="np" mmax_level="chunk" />
<markable id="markable_182" span="word_633..word_634" tag="np" mmax_level="chunk" />
<markable id="markable_183" span="word_639" tag="np" mmax_level="chunk" />
<markable id="markable_184" span="word_640" tag="np" mmax_level="chunk" />
<markable id="markable_185" span="word_642..word_643" tag="np" mmax_level="chunk" />
<markable id="markable_186" span="word_644..word_646" tag="np" mmax_level="chunk" />
<markable id="markable_187" span="word_647..word_648" tag="np" mmax_level="chunk" />
<markable id="markable_188" span="word_650..word_651" tag="np" mmax_level="chunk" />
<markable id="markable_189" span="word_652" tag="np" mmax_level="chunk" />
<markable id="markable_190" span="word_655" tag="np" mmax_level="chunk" />
<markable id="markable_191" span="word_657" tag="np" mmax_level="chunk" />
<markable id="markable_192" span="word_659" tag="np" mmax_level="chunk" />
<markable id="markable_193" span="word_664..word_665" tag="np" mmax_level="chunk" />
<markable id="markable_194" span="word_667" tag="np" mmax_level="chunk" />
<markable id="markable_195" span="word_669..word_670" tag="np" mmax_level="chunk" />
<markable id="markable_196" span="word_671..word_673" tag="np" mmax_level="chunk" />
<markable id="markable_197" span="word_676..word_677" tag="np" mmax_level="chunk" />
<markable id="markable_198" span="word_680" tag="np" mmax_level="chunk" />
<markable id="markable_199" span="word_683..word_684" tag="np" mmax_level="chunk" />
<markable id="markable_200" span="word_685" tag="np" mmax_level="chunk" />
<markable id="markable_201" span="word_688" tag="np" mmax_level="chunk" />
<markable id="markable_202" span="word_690..word_692" tag="np" mmax_level="chunk" />
<markable id="markable_203" span="word_695..word_697" tag="np" mmax_level="chunk" />
<markable id="markable_204" span="word_701" tag="np" mmax_level="chunk" />
<markable id="markable_205" span="word_704..word_705" tag="np" mmax_level="chunk" />
<markable id="markable_206" span="word_708" tag="np" mmax_level="chunk" />
<markable id="markable_207" span="word_709..word_712" tag="np" mmax_level="chunk" />
<markable id="markable_208" span="word_713..word_714" tag="np" mmax_level="chunk" />
<markable id="markable_209" span="word_715..word_717" tag="np" mmax_level="chunk" />
<markable id="markable_210" span="word_720" tag="np" mmax_level="chunk" />
<markable id="markable_211" span="word_722" tag="np" mmax_level="chunk" />
<markable id="markable_212" span="word_725..word_727" tag="np" mmax_level="chunk" />
<markable id="markable_213" span="word_733" tag="np" mmax_level="chunk" />
<markable id="markable_214" span="word_736" tag="np" mmax_level="chunk" />
<markable id="markable_215" span="word_738" tag="np" mmax_level="chunk" />
<markable id="markable_216" span="word_740" tag="np" mmax_level="chunk" />
<markable id="markable_217" span="word_745..word_746" tag="np" mmax_level="chunk" />
<markable id="markable_218" span="word_747" tag="np" mmax_level="chunk" />
<markable id="markable_219" span="word_751" tag="np" mmax_level="chunk" />
<markable id="markable_220" span="word_753" tag="np" mmax_level="chunk" />
<markable id="markable_221" span="word_755..word_756" tag="np" mmax_level="chunk" />
<markable id="markable_222" span="word_757" tag="np" mmax_level="chunk" />
<markable id="markable_223" span="word_763" tag="np" mmax_level="chunk" />
<markable id="markable_224" span="word_765" tag="np" mmax_level="chunk" />
<markable id="markable_225" span="word_768..word_769" tag="np" mmax_level="chunk" />
<markable id="markable_226" span="word_771" tag="np" mmax_level="chunk" />
<markable id="markable_227" span="word_775" tag="np" mmax_level="chunk" />
<markable id="markable_228" span="word_778..word_779" tag="np" mmax_level="chunk" />
<markable id="markable_229" span="word_781" tag="np" mmax_level="chunk" />
<markable id="markable_230" span="word_783" tag="np" mmax_level="chunk" />
<markable id="markable_231" span="word_785" tag="np" mmax_level="chunk" />
<markable id="markable_232" span="word_788..word_789" tag="np" mmax_level="chunk" />
<markable id="markable_233" span="word_790" tag="np" mmax_level="chunk" />
<markable id="markable_234" span="word_792..word_793" tag="np" mmax_level="chunk" />
<markable id="markable_235" span="word_797" tag="np" mmax_level="chunk" />
<markable id="markable_236" span="word_799" tag="np" mmax_level="chunk" />
<markable id="markable_237" span="word_802" tag="np" mmax_level="chunk" />
<markable id="markable_238" span="word_804..word_805" tag="np" mmax_level="chunk" />
<markable id="markable_239" span="word_807" tag="np" mmax_level="chunk" />
<markable id="markable_240" span="word_809..word_812" tag="np" mmax_level="chunk" />
<markable id="markable_241" span="word_813..word_814" tag="np" mmax_level="chunk" />
<markable id="markable_242" span="word_816" tag="np" mmax_level="chunk" />
<markable id="markable_243" span="word_822" tag="np" mmax_level="chunk" />
<markable id="markable_244" span="word_825" tag="np" mmax_level="chunk" />
<markable id="markable_245" span="word_826" tag="np" mmax_level="chunk" />
<markable id="markable_246" span="word_828..word_830" tag="np" mmax_level="chunk" />
<markable id="markable_247" span="word_832" tag="np" mmax_level="chunk" />
<markable id="markable_248" span="word_835..word_837" tag="np" mmax_level="chunk" />
<markable id="markable_249" span="word_840" tag="np" mmax_level="chunk" />
<markable id="markable_250" span="word_842..word_843" tag="np" mmax_level="chunk" />
<markable id="markable_251" span="word_844..word_846" tag="np" mmax_level="chunk" />
<markable id="markable_252" span="word_848..word_849" tag="np" mmax_level="chunk" />
<markable id="markable_253" span="word_850..word_852" tag="np" mmax_level="chunk" />
<markable id="markable_254" span="word_854..word_856" tag="np" mmax_level="chunk" />
<markable id="markable_255" span="word_857" tag="np" mmax_level="chunk" />
<markable id="markable_256" span="word_858..word_859" tag="np" mmax_level="chunk" />
<markable id="markable_257" span="word_860" tag="np" mmax_level="chunk" />
<markable id="markable_258" span="word_861..word_863" tag="np" mmax_level="chunk" />
<markable id="markable_259" span="word_867..word_868" tag="np" mmax_level="chunk" />
<markable id="markable_260" span="word_869..word_870" tag="np" mmax_level="chunk" />
<markable id="markable_261" span="word_873" tag="np" mmax_level="chunk" />
<markable id="markable_262" span="word_876" tag="np" mmax_level="chunk" />
<markable id="markable_263" span="word_879" tag="np" mmax_level="chunk" />
<markable id="markable_264" span="word_881..word_882" tag="np" mmax_level="chunk" />
<markable id="markable_265" span="word_885" tag="np" mmax_level="chunk" />
<markable id="markable_266" span="word_888..word_889" tag="np" mmax_level="chunk" />
<markable id="markable_267" span="word_891..word_892" tag="np" mmax_level="chunk" />
<markable id="markable_268" span="word_894..word_895" tag="np" mmax_level="chunk" />
<markable id="markable_269" span="word_900..word_901" tag="np" mmax_level="chunk" />
<markable id="markable_270" span="word_904" tag="np" mmax_level="chunk" />
<markable id="markable_271" span="word_910" tag="np" mmax_level="chunk" />
<markable id="markable_272" span="word_915..word_916" tag="np" mmax_level="chunk" />
<markable id="markable_273" span="word_918..word_920" tag="np" mmax_level="chunk" />
<markable id="markable_274" span="word_922..word_923" tag="np" mmax_level="chunk" />
<markable id="markable_275" span="word_925..word_927" tag="np" mmax_level="chunk" />
<markable id="markable_276" span="word_930" tag="np" mmax_level="chunk" />
<markable id="markable_277" span="word_931..word_932" tag="np" mmax_level="chunk" />
<markable id="markable_278" span="word_939..word_940" tag="np" mmax_level="chunk" />
<markable id="markable_279" span="word_943" tag="np" mmax_level="chunk" />
<markable id="markable_280" span="word_945..word_946" tag="np" mmax_level="chunk" />
<markable id="markable_281" span="word_947" tag="np" mmax_level="chunk" />
<markable id="markable_282" span="word_950..word_952" tag="np" mmax_level="chunk" />
<markable id="markable_283" span="word_955..word_957" tag="np" mmax_level="chunk" />
<markable id="markable_284" span="word_962..word_963" tag="np" mmax_level="chunk" />
<markable id="markable_285" span="word_969" tag="np" mmax_level="chunk" />
<markable id="markable_286" span="word_974..word_977" tag="np" mmax_level="chunk" />
<markable id="markable_287" span="word_982" tag="np" mmax_level="chunk" />
<markable id="markable_288" span="word_985" tag="np" mmax_level="chunk" />
<markable id="markable_289" span="word_988..word_990" tag="np" mmax_level="chunk" />
<markable id="markable_290" span="word_991" tag="np" mmax_level="chunk" />
<markable id="markable_291" span="word_993..word_994" tag="np" mmax_level="chunk" />
<markable id="markable_292" span="word_996" tag="np" mmax_level="chunk" />
<markable id="markable_293" span="word_998" tag="np" mmax_level="chunk" />
<markable id="markable_294" span="word_1002" tag="np" mmax_level="chunk" />
<markable id="markable_295" span="word_1008" tag="np" mmax_level="chunk" />
<markable id="markable_296" span="word_1010" tag="np" mmax_level="chunk" />
<markable id="markable_297" span="word_1012..word_1014" tag="np" mmax_level="chunk" />
<markable id="markable_298" span="word_1019" tag="np" mmax_level="chunk" />
<markable id="markable_299" span="word_1020" tag="np" mmax_level="chunk" />
<markable id="markable_300" span="word_1022..word_1024" tag="np" mmax_level="chunk" />
<markable id="markable_301" span="word_1028" tag="np" mmax_level="chunk" />
<markable id="markable_302" span="word_1030..word_1034" tag="np" mmax_level="chunk" />
<markable id="markable_303" span="word_1036" tag="np" mmax_level="chunk" />
<markable id="markable_304" span="word_1038" tag="np" mmax_level="chunk" />
<markable id="markable_305" span="word_1042" tag="np" mmax_level="chunk" />
<markable id="markable_306" span="word_1044" tag="np" mmax_level="chunk" />
<markable id="markable_307" span="word_1049" tag="np" mmax_level="chunk" />
<markable id="markable_308" span="word_1053..word_1054" tag="np" mmax_level="chunk" />
<markable id="markable_309" span="word_1056" tag="np" mmax_level="chunk" />
<markable id="markable_310" span="word_1058" tag="np" mmax_level="chunk" />
</markables>
