<?xml version="1.0" encoding="US-ASCII"?>
<!DOCTYPE markables SYSTEM "markables.dtd">
<markables xmlns="www.eml.org/NameSpaces/utterance">
<markable id="markable_1" span="word_1..word_2" type="eol" mmax_level="utterance" />
<markable id="markable_2" span="word_3..word_3" type="eol" mmax_level="utterance" />
<markable id="markable_3" span="word_4..word_4" type="eol" mmax_level="utterance" />
<markable id="markable_4" span="word_5..word_20" type="eol" mmax_level="utterance" />
<markable id="markable_5" span="word_21..word_24" type="eol" mmax_level="utterance" />
<markable id="markable_6" span="word_25..word_28" type="eol" mmax_level="utterance" />
<markable id="markable_7" span="word_29..word_35" type="eol" mmax_level="utterance" />
<markable id="markable_8" span="word_36..word_43" type="eol" mmax_level="utterance" />
<markable id="markable_9" span="word_44..word_48" type="eol" mmax_level="utterance" />
<markable id="markable_10" span="word_49..word_59" type="eol" mmax_level="utterance" />
<markable id="markable_11" span="word_60..word_68" type="eol" mmax_level="utterance" />
<markable id="markable_12" span="word_69..word_76" type="eol" mmax_level="utterance" />
<markable id="markable_13" span="word_77..word_83" type="eol" mmax_level="utterance" />
<markable id="markable_14" span="word_84..word_92" type="eol" mmax_level="utterance" />
<markable id="markable_15" span="word_93..word_102" type="eol" mmax_level="utterance" />
<markable id="markable_16" span="word_103..word_107" type="eol" mmax_level="utterance" />
<markable id="markable_17" span="word_108..word_114" type="eol" mmax_level="utterance" />
<markable id="markable_18" span="word_115..word_124" type="eol" mmax_level="utterance" />
<markable id="markable_19" span="word_125..word_129" type="eol" mmax_level="utterance" />
<markable id="markable_20" span="word_130..word_134" type="eol" mmax_level="utterance" />
<markable id="markable_21" span="word_135..word_138" type="eol" mmax_level="utterance" />
<markable id="markable_22" span="word_139..word_143" type="eol" mmax_level="utterance" />
<markable id="markable_23" span="word_144..word_146" type="eol" mmax_level="utterance" />
<markable id="markable_24" span="word_147..word_147" type="eol" mmax_level="utterance" />
<markable id="markable_25" span="word_148..word_152" type="eol" mmax_level="utterance" />
<markable id="markable_26" span="word_153..word_153" type="eol" mmax_level="utterance" />
<markable id="markable_27" span="word_154..word_158" type="eol" mmax_level="utterance" />
<markable id="markable_28" span="word_159..word_165" type="eol" mmax_level="utterance" />
<markable id="markable_29" span="word_166..word_170" type="eol" mmax_level="utterance" />
<markable id="markable_30" span="word_171..word_172" type="eol" mmax_level="utterance" />
<markable id="markable_31" span="word_173..word_175" type="eol" mmax_level="utterance" />
<markable id="markable_32" span="word_176..word_184" type="eol" mmax_level="utterance" />
<markable id="markable_33" span="word_185..word_190" type="eol" mmax_level="utterance" />
<markable id="markable_34" span="word_191..word_192" type="eol" mmax_level="utterance" />
<markable id="markable_35" span="word_193..word_201" type="eol" mmax_level="utterance" />
<markable id="markable_36" span="word_202..word_209" type="eol" mmax_level="utterance" />
<markable id="markable_37" span="word_210..word_212" type="eol" mmax_level="utterance" />
<markable id="markable_38" span="word_213..word_219" type="eol" mmax_level="utterance" />
<markable id="markable_39" span="word_220..word_227" type="eol" mmax_level="utterance" />
<markable id="markable_40" span="word_228..word_239" type="eol" mmax_level="utterance" />
<markable id="markable_41" span="word_240..word_242" type="eol" mmax_level="utterance" />
<markable id="markable_42" span="word_243..word_246" type="eol" mmax_level="utterance" />
<markable id="markable_43" span="word_247..word_256" type="eol" mmax_level="utterance" />
<markable id="markable_44" span="word_257..word_268" type="eol" mmax_level="utterance" />
<markable id="markable_45" span="word_269..word_270" type="eol" mmax_level="utterance" />
<markable id="markable_46" span="word_271..word_274" type="eol" mmax_level="utterance" />
<markable id="markable_47" span="word_275..word_280" type="eol" mmax_level="utterance" />
<markable id="markable_48" span="word_281..word_285" type="eol" mmax_level="utterance" />
<markable id="markable_49" span="word_286..word_291" type="eol" mmax_level="utterance" />
<markable id="markable_50" span="word_292..word_297" type="eol" mmax_level="utterance" />
<markable id="markable_51" span="word_298..word_306" type="eol" mmax_level="utterance" />
<markable id="markable_52" span="word_307..word_311" type="eol" mmax_level="utterance" />
<markable id="markable_53" span="word_312..word_316" type="eol" mmax_level="utterance" />
<markable id="markable_54" span="word_317..word_319" type="eol" mmax_level="utterance" />
<markable id="markable_55" span="word_320..word_327" type="eol" mmax_level="utterance" />
<markable id="markable_56" span="word_328..word_345" type="eol" mmax_level="utterance" />
<markable id="markable_57" span="word_346..word_350" type="eol" mmax_level="utterance" />
<markable id="markable_58" span="word_351..word_354" type="eol" mmax_level="utterance" />
<markable id="markable_59" span="word_355..word_361" type="eol" mmax_level="utterance" />
<markable id="markable_60" span="word_362..word_366" type="eol" mmax_level="utterance" />
<markable id="markable_61" span="word_367..word_371" type="eol" mmax_level="utterance" />
<markable id="markable_62" span="word_372..word_381" type="eol" mmax_level="utterance" />
<markable id="markable_63" span="word_382..word_397" type="eol" mmax_level="utterance" />
<markable id="markable_64" span="word_398..word_411" type="eol" mmax_level="utterance" />
<markable id="markable_65" span="word_412..word_416" type="eol" mmax_level="utterance" />
<markable id="markable_66" span="word_417..word_420" type="eol" mmax_level="utterance" />
<markable id="markable_67" span="word_421..word_423" type="eol" mmax_level="utterance" />
<markable id="markable_68" span="word_424..word_428" type="eol" mmax_level="utterance" />
<markable id="markable_69" span="word_429..word_434" type="eol" mmax_level="utterance" />
<markable id="markable_70" span="word_435..word_437" type="eol" mmax_level="utterance" />
</markables>
