<?xml version="1.0" encoding="MacRoman"?>
<!DOCTYPE markables SYSTEM "markables.dtd">
<markables xmlns="www.eml.org/NameSpaces/morph">
<markable id="markable_0" span="word_1" lemma="speaker" mmax_level="morph" />
<markable id="markable_1" span="word_2" lemma="18" mmax_level="morph" />
<markable id="markable_2" span="word_3" lemma="okay" mmax_level="morph" />
<markable id="markable_3" span="word_4" lemma="um" mmax_level="morph" />
<markable id="markable_4" span="word_5" lemma="let" mmax_level="morph" />
<markable id="markable_5" span="word_6" lemma="'s" mmax_level="morph" />
<markable id="markable_6" span="word_7" lemma="see" mmax_level="morph" />
<markable id="markable_7" span="word_8" lemma="tsk" mmax_level="morph" />
<markable id="markable_8" span="word_9" lemma="uh" mmax_level="morph" />
<markable id="markable_9" span="word_10" lemma="the" mmax_level="morph" />
<markable id="markable_10" span="word_11" lemma="first" mmax_level="morph" />
<markable id="markable_11" span="word_12" lemma="part" mmax_level="morph" />
<markable id="markable_12" span="word_13" lemma="of" mmax_level="morph" />
<markable id="markable_13" span="word_14" lemma="the" mmax_level="morph" />
<markable id="markable_14" span="word_15" lemma="m" mmax_level="morph" />
<markable id="markable_15" span="word_16" lemma="movie" mmax_level="morph" />
<markable id="markable_16" span="word_17" lemma="uh" mmax_level="morph" />
<markable id="markable_17" span="word_18" lemma="well" mmax_level="morph" />
<markable id="markable_18" span="word_19" lemma="the" mmax_level="morph" />
<markable id="markable_19" span="word_20" lemma="the" mmax_level="morph" />
<markable id="markable_20" span="word_21" lemma="the" mmax_level="morph" />
<markable id="markable_21" span="word_22" lemma="basic" mmax_level="morph" />
<markable id="markable_22" span="word_23" lemma="action" mmax_level="morph" />
<markable id="markable_23" span="word_24" lemma="be" mmax_level="morph" />
<markable id="markable_24" span="word_25" lemma="that" mmax_level="morph" />
<markable id="markable_25" span="word_26" lemma="there" mmax_level="morph" />
<markable id="markable_26" span="word_27" lemma="be" mmax_level="morph" />
<markable id="markable_27" span="word_28" lemma="a" mmax_level="morph" />
<markable id="markable_28" span="word_29" lemma="rnan" mmax_level="morph" />
<markable id="markable_29" span="word_30" lemma="uhon" mmax_level="morph" />
<markable id="markable_30" span="word_31" lemma="a" mmax_level="morph" />
<markable id="markable_31" span="word_32" lemma="ladder" mmax_level="morph" />
<markable id="markable_32" span="word_33" lemma="uh" mmax_level="morph" />
<markable id="markable_33" span="word_34" lemma="pick" mmax_level="morph" />
<markable id="markable_34" span="word_35" lemma="pear" mmax_level="morph" />
<markable id="markable_35" span="word_36" lemma="from" mmax_level="morph" />
<markable id="markable_36" span="word_37" lemma="a" mmax_level="morph" />
<markable id="markable_37" span="word_38" lemma="pear" mmax_level="morph" />
<markable id="markable_38" span="word_39" lemma="tree" mmax_level="morph" />
<markable id="markable_39" span="word_40" lemma="and" mmax_level="morph" />
<markable id="markable_40" span="word_41" lemma="he" mmax_level="morph" />
<markable id="markable_41" span="word_42" lemma="be" mmax_level="morph" />
<markable id="markable_42" span="word_43" lemma="uh" mmax_level="morph" />
<markable id="markable_43" span="word_44" lemma="y" mmax_level="morph" />
<markable id="markable_44" span="word_45" lemma="you" mmax_level="morph" />
<markable id="markable_45" span="word_46" lemma="get" mmax_level="morph" />
<markable id="markable_46" span="word_47" lemma="this" mmax_level="morph" />
<markable id="markable_47" span="word_48" lemma="idea" mmax_level="morph" />
<markable id="markable_48" span="word_49" lemma="that" mmax_level="morph" />
<markable id="markable_49" span="word_50" lemma="he" mmax_level="morph" />
<markable id="markable_50" span="word_51" lemma="be" mmax_level="morph" />
<markable id="markable_51" span="word_52" lemma="he" mmax_level="morph" />
<markable id="markable_52" span="word_53" lemma="be" mmax_level="morph" />
<markable id="markable_53" span="word_54" lemma="sort" mmax_level="morph" />
<markable id="markable_54" span="word_55" lemma="of" mmax_level="morph" />
<markable id="markable_55" span="word_56" lemma="chubby" mmax_level="morph" />
<markable id="markable_56" span="word_57" lemma="and" mmax_level="morph" />
<markable id="markable_57" span="word_58" lemma="uh" mmax_level="morph" />
<markable id="markable_58" span="word_59" lemma="sort" mmax_level="morph" />
<markable id="markable_59" span="word_60" lemma="of" mmax_level="morph" />
<markable id="markable_60" span="word_61" lemma="4" mmax_level="morph" />
<markable id="markable_61" span="word_62" lemma="not" mmax_level="morph" />
<markable id="markable_62" span="word_63" lemma="inclined" mmax_level="morph" />
<markable id="markable_63" span="word_64" lemma="to" mmax_level="morph" />
<markable id="markable_64" span="word_65" lemma="to" mmax_level="morph" />
<markable id="markable_65" span="word_66" lemma="do" mmax_level="morph" />
<markable id="markable_66" span="word_67" lemma="a" mmax_level="morph" />
<markable id="markable_67" span="word_68" lemma="lot" mmax_level="morph" />
<markable id="markable_68" span="word_69" lemma="of" mmax_level="morph" />
<markable id="markable_69" span="word_70" lemma="work" mmax_level="morph" />
<markable id="markable_70" span="word_71" lemma="and" mmax_level="morph" />
<markable id="markable_71" span="word_72" lemma="uh" mmax_level="morph" />
<markable id="markable_72" span="word_73" lemma="sort" mmax_level="morph" />
<markable id="markable_73" span="word_74" lemma="of" mmax_level="morph" />
<markable id="markable_74" span="word_75" lemma="4" mmax_level="morph" />
<markable id="markable_75" span="word_76" lemma="a" mmax_level="morph" />
<markable id="markable_76" span="word_77" lemma="little" mmax_level="morph" />
<markable id="markable_77" span="word_78" lemma="bit" mmax_level="morph" />
<markable id="markable_78" span="word_79" lemma="slow" mmax_level="morph" />
<markable id="markable_79" span="word_80" lemma="mentally" mmax_level="morph" />
<markable id="markable_80" span="word_81" lemma="4" mmax_level="morph" />
<markable id="markable_81" span="word_82" lemma="he" mmax_level="morph" />
<markable id="markable_82" span="word_83" lemma="be" mmax_level="morph" />
<markable id="markable_83" span="word_84" lemma="very" mmax_level="morph" />
<markable id="markable_84" span="word_85" lemma="deliberately" mmax_level="morph" />
<markable id="markable_85" span="word_86" lemma="pluck" mmax_level="morph" />
<markable id="markable_86" span="word_87" lemma="the" mmax_level="morph" />
<markable id="markable_87" span="word_88" lemma="the" mmax_level="morph" />
<markable id="markable_88" span="word_89" lemma="um" mmax_level="morph" />
<markable id="markable_89" span="word_90" lemma="the" mmax_level="morph" />
<markable id="markable_90" span="word_91" lemma="pear" mmax_level="morph" />
<markable id="markable_91" span="word_92" lemma="off" mmax_level="morph" />
<markable id="markable_92" span="word_93" lemma="the" mmax_level="morph" />
<markable id="markable_93" span="word_94" lemma="tree" mmax_level="morph" />
<markable id="markable_94" span="word_95" lemma="and" mmax_level="morph" />
<markable id="markable_95" span="word_96" lemma="you" mmax_level="morph" />
<markable id="markable_96" span="word_97" lemma="know" mmax_level="morph" />
<markable id="markable_97" span="word_98" lemma="you" mmax_level="morph" />
<markable id="markable_98" span="word_99" lemma="hear" mmax_level="morph" />
<markable id="markable_99" span="word_100" lemma="this" mmax_level="morph" />
<markable id="markable_100" span="word_101" lemma="ssharp" mmax_level="morph" />
<markable id="markable_101" span="word_102" lemma="little" mmax_level="morph" />
<markable id="markable_102" span="word_103" lemma="crunch" mmax_level="morph" />
<markable id="markable_103" span="word_104" lemma="as" mmax_level="morph" />
<markable id="markable_104" span="word_105" lemma="as" mmax_level="morph" />
<markable id="markable_105" span="word_106" lemma="he" mmax_level="morph" />
<markable id="markable_106" span="word_107" lemma="pull" mmax_level="morph" />
<markable id="markable_107" span="word_108" lemma="each" mmax_level="morph" />
<markable id="markable_108" span="word_109" lemma="one" mmax_level="morph" />
<markable id="markable_109" span="word_110" lemma="off" mmax_level="morph" />
<markable id="markable_110" span="word_111" lemma="and" mmax_level="morph" />
<markable id="markable_111" span="word_112" lemma="he" mmax_level="morph" />
<markable id="markable_112" span="word_113" lemma="be" mmax_level="morph" />
<markable id="markable_113" span="word_114" lemma="do" mmax_level="morph" />
<markable id="markable_114" span="word_115" lemma="it" mmax_level="morph" />
<markable id="markable_115" span="word_116" lemma="very" mmax_level="morph" />
<markable id="markable_116" span="word_117" lemma="slowly" mmax_level="morph" />
<markable id="markable_117" span="word_118" lemma="and" mmax_level="morph" />
<markable id="markable_118" span="word_119" lemma="put" mmax_level="morph" />
<markable id="markable_119" span="word_120" lemma="they" mmax_level="morph" />
<markable id="markable_120" span="word_121" lemma="in" mmax_level="morph" />
<markable id="markable_121" span="word_122" lemma="apron" mmax_level="morph" />
<markable id="markable_122" span="word_123" lemma="tsk" mmax_level="morph" />
<markable id="markable_123" span="word_124" lemma="and" mmax_level="morph" />
<markable id="markable_124" span="word_125" lemma="then" mmax_level="morph" />
<markable id="markable_125" span="word_126" lemma="climb" mmax_level="morph" />
<markable id="markable_126" span="word_127" lemma="very" mmax_level="morph" />
<markable id="markable_127" span="word_128" lemma="carefully" mmax_level="morph" />
<markable id="markable_128" span="word_129" lemma="down" mmax_level="morph" />
<markable id="markable_129" span="word_130" lemma="the" mmax_level="morph" />
<markable id="markable_130" span="word_131" lemma="the" mmax_level="morph" />
<markable id="markable_131" span="word_132" lemma="ladder" mmax_level="morph" />
<markable id="markable_132" span="word_133" lemma="and" mmax_level="morph" />
<markable id="markable_133" span="word_134" lemma="place" mmax_level="morph" />
<markable id="markable_134" span="word_135" lemma="they" mmax_level="morph" />
<markable id="markable_135" span="word_136" lemma="in" mmax_level="morph" />
<markable id="markable_136" span="word_137" lemma="basket" mmax_level="morph" />
<markable id="markable_137" span="word_138" lemma="and" mmax_level="morph" />
<markable id="markable_138" span="word_139" lemma="he" mmax_level="morph" />
<markable id="markable_139" span="word_140" lemma="would" mmax_level="morph" />
<markable id="markable_140" span="word_141" lemma="never" mmax_level="morph" />
<markable id="markable_141" span="word_142" lemma="make" mmax_level="morph" />
<markable id="markable_142" span="word_143" lemma="it" mmax_level="morph" />
<markable id="markable_143" span="word_144" lemma="as" mmax_level="morph" />
<markable id="markable_144" span="word_145" lemma="a" mmax_level="morph" />
<markable id="markable_145" span="word_146" lemma="fruit" mmax_level="morph" />
<markable id="markable_146" span="word_147" lemma="picker" mmax_level="morph" />
<markable id="markable_147" span="word_148" lemma="he" mmax_level="morph" />
<markable id="markable_148" span="word_149" lemma="wou1d" mmax_level="morph" />
<markable id="markable_149" span="word_150" lemma="starve" mmax_level="morph" />
<markable id="markable_150" span="word_151" lemma="and" mmax_level="morph" />
<markable id="markable_151" span="word_152" lemma="uh" mmax_level="morph" />
<markable id="markable_152" span="word_153" lemma="different" mmax_level="morph" />
<markable id="markable_153" span="word_154" lemma="people" mmax_level="morph" />
<markable id="markable_154" span="word_155" lemma="go" mmax_level="morph" />
<markable id="markable_155" span="word_156" lemma="past" mmax_level="morph" />
<markable id="markable_156" span="word_157" lemma="he" mmax_level="morph" />
<markable id="markable_157" span="word_158" lemma="and" mmax_level="morph" />
<markable id="markable_158" span="word_159" lemma="um" mmax_level="morph" />
<markable id="markable_159" span="word_160" lemma="4" mmax_level="morph" />
<markable id="markable_160" span="word_161" lemma="i" mmax_level="morph" />
<markable id="markable_161" span="word_162" lemma="do" mmax_level="morph" />
<markable id="markable_162" span="word_163" lemma="not" mmax_level="morph" />
<markable id="markable_163" span="word_164" lemma="know" mmax_level="morph" />
<markable id="markable_164" span="word_165" lemma="oh" mmax_level="morph" />
<markable id="markable_165" span="word_166" lemma="somebody" mmax_level="morph" />
<markable id="markable_166" span="word_167" lemma="go" mmax_level="morph" />
<markable id="markable_167" span="word_168" lemma="past" mmax_level="morph" />
<markable id="markable_168" span="word_169" lemma="he" mmax_level="morph" />
<markable id="markable_169" span="word_170" lemma="with" mmax_level="morph" />
<markable id="markable_170" span="word_171" lemma="a" mmax_level="morph" />
<markable id="markable_171" span="word_172" lemma="goat" mmax_level="morph" />
<markable id="markable_172" span="word_173" lemma="i" mmax_level="morph" />
<markable id="markable_173" span="word_174" lemma="do" mmax_level="morph" />
<markable id="markable_174" span="word_175" lemma="not" mmax_level="morph" />
<markable id="markable_175" span="word_176" lemma="know" mmax_level="morph" />
<markable id="markable_176" span="word_177" lemma="why" mmax_level="morph" />
<markable id="markable_177" span="word_178" lemma="you" mmax_level="morph" />
<markable id="markable_178" span="word_179" lemma="know" mmax_level="morph" />
<markable id="markable_179" span="word_180" lemma="but" mmax_level="morph" />
<markable id="markable_180" span="word_181" lemma="i" mmax_level="morph" />
<markable id="markable_181" span="word_182" lemma="guess" mmax_level="morph" />
<markable id="markable_182" span="word_183" lemma="4" mmax_level="morph" />
<markable id="markable_183" span="word_184" lemma="an" mmax_level="morph" />
<markable id="markable_184" span="word_185" lemma="sort" mmax_level="morph" />
<markable id="markable_185" span="word_186" lemma="of" mmax_level="morph" />
<markable id="markable_186" span="word_187" lemma="audience" mmax_level="morph" />
<markable id="markable_187" span="word_188" lemma="anticipation" mmax_level="morph" />
<markable id="markable_188" span="word_189" lemma="of" mmax_level="morph" />
<markable id="markable_189" span="word_190" lemma="well" mmax_level="morph" />
<markable id="markable_190" span="word_191" lemma="this" mmax_level="morph" />
<markable id="markable_191" span="word_192" lemma="guy" mmax_level="morph" />
<markable id="markable_192" span="word_193" lemma="be" mmax_level="morph" />
<markable id="markable_193" span="word_194" lemma="go" mmax_level="morph" />
<markable id="markable_194" span="word_195" lemma="to" mmax_level="morph" />
<markable id="markable_195" span="word_196" lemma="go" mmax_level="morph" />
<markable id="markable_196" span="word_197" lemma="past" mmax_level="morph" />
<markable id="markable_197" span="word_198" lemma="with" mmax_level="morph" />
<markable id="markable_198" span="word_199" lemma="the" mmax_level="morph" />
<markable id="markable_199" span="word_200" lemma="goat" mmax_level="morph" />
<markable id="markable_200" span="word_201" lemma="and" mmax_level="morph" />
<markable id="markable_201" span="word_202" lemma="the" mmax_level="morph" />
<markable id="markable_202" span="word_203" lemma="goat" mmax_level="morph" />
<markable id="markable_203" span="word_204" lemma="be" mmax_level="morph" />
<markable id="markable_204" span="word_205" lemma="go" mmax_level="morph" />
<markable id="markable_205" span="word_206" lemma="to" mmax_level="morph" />
<markable id="markable_206" span="word_207" lemma="break" mmax_level="morph" />
<markable id="markable_207" span="word_208" lemma="off" mmax_level="morph" />
<markable id="markable_208" span="word_209" lemma="the" mmax_level="morph" />
<markable id="markable_209" span="word_210" lemma="leash" mmax_level="morph" />
<markable id="markable_210" span="word_211" lemma="and" mmax_level="morph" />
<markable id="markable_211" span="word_212" lemma="eat" mmax_level="morph" />
<markable id="markable_212" span="word_213" lemma="all" mmax_level="morph" />
<markable id="markable_213" span="word_214" lemma="the" mmax_level="morph" />
<markable id="markable_214" span="word_215" lemma="apple" mmax_level="morph" />
<markable id="markable_215" span="word_216" lemma="but" mmax_level="morph" />
<markable id="markable_216" span="word_217" lemma="what" mmax_level="morph" />
<markable id="markable_217" span="word_218" lemma="do" mmax_level="morph" />
<markable id="markable_218" span="word_219" lemma="happen" mmax_level="morph" />
<markable id="markable_219" span="word_220" lemma="be" mmax_level="morph" />
<markable id="markable_220" span="word_221" lemma="this" mmax_level="morph" />
<markable id="markable_221" span="word_222" lemma="little" mmax_level="morph" />
<markable id="markable_222" span="word_223" lemma="boy" mmax_level="morph" />
<markable id="markable_223" span="word_224" lemma="go" mmax_level="morph" />
<markable id="markable_224" span="word_225" lemma="past" mmax_level="morph" />
<markable id="markable_225" span="word_226" lemma="on" mmax_level="morph" />
<markable id="markable_226" span="word_227" lemma="the" mmax_level="morph" />
<markable id="markable_227" span="word_228" lemma="bicycle" mmax_level="morph" />
<markable id="markable_228" span="word_229" lemma="that" mmax_level="morph" />
<markable id="markable_229" span="word_230" lemma="be" mmax_level="morph" />
<markable id="markable_230" span="word_231" lemma="almost" mmax_level="morph" />
<markable id="markable_231" span="word_232" lemma="too" mmax_level="morph" />
<markable id="markable_232" span="word_233" lemma="big" mmax_level="morph" />
<markable id="markable_233" span="word_234" lemma="for" mmax_level="morph" />
<markable id="markable_234" span="word_235" lemma="he" mmax_level="morph" />
<markable id="markable_235" span="word_236" lemma="to" mmax_level="morph" />
<markable id="markable_236" span="word_237" lemma="handle" mmax_level="morph" />
<markable id="markable_237" span="word_238" lemma="and" mmax_level="morph" />
<markable id="markable_238" span="word_239" lemma="he" mmax_level="morph" />
<markable id="markable_239" span="word_240" lemma="pick" mmax_level="morph" />
<markable id="markable_240" span="word_241" lemma="up" mmax_level="morph" />
<markable id="markable_241" span="word_242" lemma="not" mmax_level="morph" />
<markable id="markable_242" span="word_243" lemma="just" mmax_level="morph" />
<markable id="markable_243" span="word_244" lemma="one" mmax_level="morph" />
<markable id="markable_244" span="word_245" lemma="or" mmax_level="morph" />
<markable id="markable_245" span="word_246" lemma="two" mmax_level="morph" />
<markable id="markable_246" span="word_247" lemma="pear" mmax_level="morph" />
<markable id="markable_247" span="word_248" lemma="but" mmax_level="morph" />
<markable id="markable_248" span="word_249" lemma="the" mmax_level="morph" />
<markable id="markable_249" span="word_250" lemma="whole" mmax_level="morph" />
<markable id="markable_250" span="word_251" lemma="basket" mmax_level="morph" />
<markable id="markable_251" span="word_252" lemma="of" mmax_level="morph" />
<markable id="markable_252" span="word_253" lemma="pear" mmax_level="morph" />
<markable id="markable_253" span="word_254" lemma="and" mmax_level="morph" />
<markable id="markable_254" span="word_255" lemma="drive" mmax_level="morph" />
<markable id="markable_255" span="word_256" lemma="off" mmax_level="morph" />
<markable id="markable_256" span="word_257" lemma="down" mmax_level="morph" />
<markable id="markable_257" span="word_258" lemma="the" mmax_level="morph" />
<markable id="markable_258" span="word_259" lemma="the" mmax_level="morph" />
<markable id="markable_259" span="word_260" lemma="road" mmax_level="morph" />
<markable id="markable_260" span="word_261" lemma="with" mmax_level="morph" />
<markable id="markable_261" span="word_262" lemma="the" mmax_level="morph" />
<markable id="markable_262" span="word_263" lemma="uh" mmax_level="morph" />
<markable id="markable_263" span="word_264" lemma="with" mmax_level="morph" />
<markable id="markable_264" span="word_265" lemma="the" mmax_level="morph" />
<markable id="markable_265" span="word_266" lemma="pear" mmax_level="morph" />
<markable id="markable_266" span="word_267" lemma="and" mmax_level="morph" />
<markable id="markable_267" span="word_268" lemma="on" mmax_level="morph" />
<markable id="markable_268" span="word_269" lemma="the" mmax_level="morph" />
<markable id="markable_269" span="word_270" lemma="road" mmax_level="morph" />
<markable id="markable_270" span="word_271" lemma="he" mmax_level="morph" />
<markable id="markable_271" span="word_272" lemma="meet" mmax_level="morph" />
<markable id="markable_272" span="word_273" lemma="uh" mmax_level="morph" />
<markable id="markable_273" span="word_274" lemma="a" mmax_level="morph" />
<markable id="markable_274" span="word_275" lemma="44" mmax_level="morph" />
<markable id="markable_275" span="word_276" lemma="girl" mmax_level="morph" />
<markable id="markable_276" span="word_277" lemma="come" mmax_level="morph" />
<markable id="markable_277" span="word_278" lemma="on" mmax_level="morph" />
<markable id="markable_278" span="word_279" lemma="a" mmax_level="morph" />
<markable id="markable_279" span="word_280" lemma="bicycle" mmax_level="morph" />
<markable id="markable_280" span="word_281" lemma="in" mmax_level="morph" />
<markable id="markable_281" span="word_282" lemma="the" mmax_level="morph" />
<markable id="markable_282" span="word_283" lemma="opposite" mmax_level="morph" />
<markable id="markable_283" span="word_284" lemma="direction" mmax_level="morph" />
<markable id="markable_284" span="word_285" lemma="and" mmax_level="morph" />
<markable id="markable_285" span="word_286" lemma="um" mmax_level="morph" />
<markable id="markable_286" span="word_287" lemma="they" mmax_level="morph" />
<markable id="markable_287" span="word_288" lemma="go" mmax_level="morph" />
<markable id="markable_288" span="word_289" lemma="very" mmax_level="morph" />
<markable id="markable_289" span="word_290" lemma="close" mmax_level="morph" />
<markable id="markable_290" span="word_291" lemma="past" mmax_level="morph" />
<markable id="markable_291" span="word_292" lemma="each" mmax_level="morph" />
<markable id="markable_292" span="word_293" lemma="other" mmax_level="morph" />
<markable id="markable_293" span="word_294" lemma="so" mmax_level="morph" />
<markable id="markable_294" span="word_295" lemma="that" mmax_level="morph" />
<markable id="markable_295" span="word_296" lemma="hat" mmax_level="morph" />
<markable id="markable_296" span="word_297" lemma="fly" mmax_level="morph" />
<markable id="markable_297" span="word_298" lemma="off." mmax_level="morph" />
<markable id="markable_298" span="word_299" lemma="and" mmax_level="morph" />
<markable id="markable_299" span="word_300" lemma="helooks" mmax_level="morph" />
<markable id="markable_300" span="word_301" lemma="around" mmax_level="morph" />
<markable id="markable_301" span="word_302" lemma="for" mmax_level="morph" />
<markable id="markable_302" span="word_303" lemma="the" mmax_level="morph" />
<markable id="markable_303" span="word_304" lemma="hat" mmax_level="morph" />
<markable id="markable_304" span="word_305" lemma="do" mmax_level="morph" />
<markable id="markable_305" span="word_306" lemma="not" mmax_level="morph" />
<markable id="markable_306" span="word_307" lemma="watch" mmax_level="morph" />
<markable id="markable_307" span="word_308" lemma="where" mmax_level="morph" />
<markable id="markable_308" span="word_309" lemma="he" mmax_level="morph" />
<markable id="markable_309" span="word_310" lemma="be" mmax_level="morph" />
<markable id="markable_310" span="word_311" lemma="go" mmax_level="morph" />
<markable id="markable_311" span="word_312" lemma="and" mmax_level="morph" />
<markable id="markable_312" span="word_313" lemma="um" mmax_level="morph" />
<markable id="markable_313" span="word_314" lemma="hit" mmax_level="morph" />
<markable id="markable_314" span="word_315" lemma="a" mmax_level="morph" />
<markable id="markable_315" span="word_316" lemma="big" mmax_level="morph" />
<markable id="markable_316" span="word_317" lemma="rock" mmax_level="morph" />
<markable id="markable_317" span="word_318" lemma="in" mmax_level="morph" />
<markable id="markable_318" span="word_319" lemma="the" mmax_level="morph" />
<markable id="markable_319" span="word_320" lemma="road" mmax_level="morph" />
<markable id="markable_320" span="word_321" lemma="and" mmax_level="morph" />
<markable id="markable_321" span="word_322" lemma="all" mmax_level="morph" />
<markable id="markable_322" span="word_323" lemma="the" mmax_level="morph" />
<markable id="markable_323" span="word_324" lemma="pear" mmax_level="morph" />
<markable id="markable_324" span="word_325" lemma="fall" mmax_level="morph" />
<markable id="markable_325" span="word_326" lemma="down" mmax_level="morph" />
<markable id="markable_326" span="word_327" lemma="and" mmax_level="morph" />
<markable id="markable_327" span="word_328" lemma="then" mmax_level="morph" />
<markable id="markable_328" span="word_329" lemma="there" mmax_level="morph" />
<markable id="markable_329" span="word_330" lemma="be" mmax_level="morph" />
<markable id="markable_330" span="word_331" lemma="a" mmax_level="morph" />
<markable id="markable_331" span="word_332" lemma="shot" mmax_level="morph" />
<markable id="markable_332" span="word_333" lemma="of" mmax_level="morph" />
<markable id="markable_333" span="word_334" lemma="um" mmax_level="morph" />
<markable id="markable_334" span="word_335" lemma="uh" mmax_level="morph" />
<markable id="markable_335" span="word_336" lemma="three" mmax_level="morph" />
<markable id="markable_336" span="word_337" lemma="kid" mmax_level="morph" />
<markable id="markable_337" span="word_338" lemma="sort" mmax_level="morph" />
<markable id="markable_338" span="word_339" lemma="of" mmax_level="morph" />
<markable id="markable_339" span="word_340" lemma="uh" mmax_level="morph" />
<markable id="markable_340" span="word_341" lemma="standing" mmax_level="morph" />
<markable id="markable_341" span="word_342" lemma="by" mmax_level="morph" />
<markable id="markable_342" span="word_343" lemma="the" mmax_level="morph" />
<markable id="markable_343" span="word_344" lemma="roadside" mmax_level="morph" />
<markable id="markable_344" span="word_345" lemma="and" mmax_level="morph" />
<markable id="markable_345" span="word_346" lemma="you" mmax_level="morph" />
<markable id="markable_346" span="word_347" lemma="do" mmax_level="morph" />
<markable id="markable_347" span="word_348" lemma="not" mmax_level="morph" />
<markable id="markable_348" span="word_349" lemma="know" mmax_level="morph" />
<markable id="markable_349" span="word_350" lemma="at" mmax_level="morph" />
<markable id="markable_350" span="word_351" lemma="first" mmax_level="morph" />
<markable id="markable_351" span="word_352" lemma="whether" mmax_level="morph" />
<markable id="markable_352" span="word_353" lemma="they" mmax_level="morph" />
<markable id="markable_353" span="word_354" lemma="be" mmax_level="morph" />
<markable id="markable_354" span="word_355" lemma="hostile" mmax_level="morph" />
<markable id="markable_355" span="word_356" lemma="or" mmax_level="morph" />
<markable id="markable_356" span="word_357" lemma="not" mmax_level="morph" />
<markable id="markable_357" span="word_358" lemma="and" mmax_level="morph" />
<markable id="markable_358" span="word_359" lemma="you" mmax_level="morph" />
<markable id="markable_359" span="word_360" lemma="get" mmax_level="morph" />
<markable id="markable_360" span="word_361" lemma="a" mmax_level="morph" />
<markable id="markable_361" span="word_362" lemma="shot" mmax_level="morph" />
<markable id="markable_362" span="word_363" lemma="then" mmax_level="morph" />
<markable id="markable_363" span="word_364" lemma="um" mmax_level="morph" />
<markable id="markable_364" span="word_365" lemma="they" mmax_level="morph" />
<markable id="markable_365" span="word_366" lemma="be" mmax_level="morph" />
<markable id="markable_366" span="word_367" lemma="sort" mmax_level="morph" />
<markable id="markable_367" span="word_368" lemma="of" mmax_level="morph" />
<markable id="markable_368" span="word_369" lemma="stand" mmax_level="morph" />
<markable id="markable_369" span="word_370" lemma="there" mmax_level="morph" />
<markable id="markable_370" span="word_371" lemma="grinning" mmax_level="morph" />
<markable id="markable_371" span="word_372" lemma="and" mmax_level="morph" />
<markable id="markable_372" span="word_373" lemma="uh" mmax_level="morph" />
<markable id="markable_373" span="word_374" lemma="tsk" mmax_level="morph" />
<markable id="markable_374" span="word_375" lemma="uh" mmax_level="morph" />
<markable id="markable_375" span="word_376" lemma="it" mmax_level="morph" />
<markable id="markable_376" span="word_377" lemma="could" mmax_level="morph" />
<markable id="markable_377" span="word_378" lemma="4" mmax_level="morph" />
<markable id="markable_378" span="word_379" lemma="that" mmax_level="morph" />
<markable id="markable_379" span="word_380" lemma="look" mmax_level="morph" />
<markable id="markable_380" span="word_381" lemma="could" mmax_level="morph" />
<markable id="markable_381" span="word_382" lemma="be" mmax_level="morph" />
<markable id="markable_382" span="word_383" lemma="interpret" mmax_level="morph" />
<markable id="markable_383" span="word_384" lemma="as" mmax_level="morph" />
<markable id="markable_384" span="word_385" lemma="a" mmax_level="morph" />
<markable id="markable_385" span="word_386" lemma="menacing" mmax_level="morph" />
<markable id="markable_386" span="word_387" lemma="grin" mmax_level="morph" />
<markable id="markable_387" span="word_388" lemma="or" mmax_level="morph" />
<markable id="markable_388" span="word_389" lemma="a" mmax_level="morph" />
<markable id="markable_389" span="word_390" lemma="4" mmax_level="morph" />
<markable id="markable_390" span="word_391" lemma="or" mmax_level="morph" />
<markable id="markable_391" span="word_392" lemma="a" mmax_level="morph" />
<markable id="markable_392" span="word_393" lemma="friendly" mmax_level="morph" />
<markable id="markable_393" span="word_394" lemma="grin" mmax_level="morph" />
<markable id="markable_394" span="word_395" lemma="or" mmax_level="morph" />
<markable id="markable_395" span="word_396" lemma="just" mmax_level="morph" />
<markable id="markable_396" span="word_397" lemma="the" mmax_level="morph" />
<markable id="markable_397" span="word_398" lemma="way" mmax_level="morph" />
<markable id="markable_398" span="word_399" lemma="kid" mmax_level="morph" />
<markable id="markable_399" span="word_400" lemma="be" mmax_level="morph" />
<markable id="markable_400" span="word_401" lemma="and" mmax_level="morph" />
<markable id="markable_401" span="word_402" lemma="uh" mmax_level="morph" />
<markable id="markable_402" span="word_403" lemma="they" mmax_level="morph" />
<markable id="markable_403" span="word_404" lemma="go" mmax_level="morph" />
<markable id="markable_404" span="word_405" lemma="over" mmax_level="morph" />
<markable id="markable_405" span="word_406" lemma="to" mmax_level="morph" />
<markable id="markable_406" span="word_407" lemma="he" mmax_level="morph" />
<markable id="markable_407" span="word_408" lemma="and" mmax_level="morph" />
<markable id="markable_408" span="word_409" lemma="they" mmax_level="morph" />
<markable id="markable_409" span="word_410" lemma="the-y" mmax_level="morph" />
<markable id="markable_410" span="word_411" lemma="uh" mmax_level="morph" />
<markable id="markable_411" span="word_412" lemma="help" mmax_level="morph" />
<markable id="markable_412" span="word_413" lemma="he" mmax_level="morph" />
<markable id="markable_413" span="word_414" lemma="they" mmax_level="morph" />
<markable id="markable_414" span="word_415" lemma="start" mmax_level="morph" />
<markable id="markable_415" span="word_416" lemma="brush" mmax_level="morph" />
<markable id="markable_416" span="word_417" lemma="he" mmax_level="morph" />
<markable id="markable_417" span="word_418" lemma="off" mmax_level="morph" />
<markable id="markable_418" span="word_419" lemma="and" mmax_level="morph" />
<markable id="markable_419" span="word_420" lemma="pick" mmax_level="morph" />
<markable id="markable_420" span="word_421" lemma="up" mmax_level="morph" />
<markable id="markable_421" span="word_422" lemma="the" mmax_level="morph" />
<markable id="markable_422" span="word_423" lemma="pear" mmax_level="morph" />
<markable id="markable_423" span="word_424" lemma="for" mmax_level="morph" />
<markable id="markable_424" span="word_425" lemma="he" mmax_level="morph" />
<markable id="markable_425" span="word_426" lemma="and" mmax_level="morph" />
<markable id="markable_426" span="word_427" lemma="hold" mmax_level="morph" />
<markable id="markable_427" span="word_428" lemma="the" mmax_level="morph" />
<markable id="markable_428" span="word_429" lemma="basket" mmax_level="morph" />
<markable id="markable_429" span="word_430" lemma="while" mmax_level="morph" />
<markable id="markable_430" span="word_431" lemma="he" mmax_level="morph" />
<markable id="markable_431" span="word_432" lemma="get" mmax_level="morph" />
<markable id="markable_432" span="word_433" lemma="on" mmax_level="morph" />
<markable id="markable_433" span="word_434" lemma="onto" mmax_level="morph" />
<markable id="markable_434" span="word_435" lemma="the" mmax_level="morph" />
<markable id="markable_435" span="word_436" lemma="bicycle" mmax_level="morph" />
<markable id="markable_436" span="word_437" lemma="and" mmax_level="morph" />
<markable id="markable_437" span="word_438" lemma="be" mmax_level="morph" />
<markable id="markable_438" span="word_439" lemma="generally" mmax_level="morph" />
<markable id="markable_439" span="word_440" lemma="very" mmax_level="morph" />
<markable id="markable_440" span="word_441" lemma="helpful" mmax_level="morph" />
<markable id="markable_441" span="word_442" lemma="they" mmax_level="morph" />
<markable id="markable_442" span="word_443" lemma="walk" mmax_level="morph" />
<markable id="markable_443" span="word_444" lemma="down" mmax_level="morph" />
<markable id="markable_444" span="word_445" lemma="the" mmax_level="morph" />
<markable id="markable_445" span="word_446" lemma="r" mmax_level="morph" />
<markable id="markable_446" span="word_447" lemma="he" mmax_level="morph" />
<markable id="markable_447" span="word_448" lemma="get" mmax_level="morph" />
<markable id="markable_448" span="word_449" lemma="back" mmax_level="morph" />
<markable id="markable_449" span="word_450" lemma="on" mmax_level="morph" />
<markable id="markable_450" span="word_451" lemma="the" mmax_level="morph" />
<markable id="markable_451" span="word_452" lemma="bicycle" mmax_level="morph" />
<markable id="markable_452" span="word_453" lemma="ride" mmax_level="morph" />
<markable id="markable_453" span="word_454" lemma="off" mmax_level="morph" />
<markable id="markable_454" span="word_455" lemma="get" mmax_level="morph" />
<markable id="markable_455" span="word_456" lemma="um" mmax_level="morph" />
<markable id="markable_456" span="word_457" lemma="and" mmax_level="morph" />
<markable id="markable_457" span="word_458" lemma="they" mmax_level="morph" />
<markable id="markable_458" span="word_459" lemma="walk" mmax_level="morph" />
<markable id="markable_459" span="word_460" lemma="down" mmax_level="morph" />
<markable id="markable_460" span="word_461" lemma="the" mmax_level="morph" />
<markable id="markable_461" span="word_462" lemma="road" mmax_level="morph" />
<markable id="markable_462" span="word_463" lemma="and" mmax_level="morph" />
<markable id="markable_463" span="word_464" lemma="um" mmax_level="morph" />
<markable id="markable_464" span="word_465" lemma="tsk" mmax_level="morph" />
<markable id="markable_465" span="word_466" lemma="they" mmax_level="morph" />
<markable id="markable_466" span="word_467" lemma="find" mmax_level="morph" />
<markable id="markable_467" span="word_468" lemma="hat" mmax_level="morph" />
<markable id="markable_468" span="word_469" lemma="farther" mmax_level="morph" />
<markable id="markable_469" span="word_470" lemma="m" mmax_level="morph" />
<markable id="markable_470" span="word_471" lemma="farther" mmax_level="morph" />
<markable id="markable_471" span="word_472" lemma="down" mmax_level="morph" />
<markable id="markable_472" span="word_473" lemma="the" mmax_level="morph" />
<markable id="markable_473" span="word_474" lemma="road" mmax_level="morph" />
<markable id="markable_474" span="word_475" lemma="in" mmax_level="morph" />
<markable id="markable_475" span="word_476" lemma="the" mmax_level="morph" />
<markable id="markable_476" span="word_477" lemma="direction" mmax_level="morph" />
<markable id="markable_477" span="word_478" lemma="they" mmax_level="morph" />
<markable id="markable_478" span="word_479" lemma="be" mmax_level="morph" />
<markable id="markable_479" span="word_480" lemma="go" mmax_level="morph" />
<markable id="markable_480" span="word_481" lemma="and" mmax_level="morph" />
<markable id="markable_481" span="word_482" lemma="he" mmax_level="morph" />
<markable id="markable_482" span="word_483" lemma="be" mmax_level="morph" />
<markable id="markable_483" span="word_484" lemma="go" mmax_level="morph" />
<markable id="markable_484" span="word_485" lemma="in" mmax_level="morph" />
<markable id="markable_485" span="word_486" lemma="the" mmax_level="morph" />
<markable id="markable_486" span="word_487" lemma="opposite" mmax_level="morph" />
<markable id="markable_487" span="word_488" lemma="direction" mmax_level="morph" />
<markable id="markable_488" span="word_489" lemma="so" mmax_level="morph" />
<markable id="markable_489" span="word_490" lemma="one" mmax_level="morph" />
<markable id="markable_490" span="word_491" lemma="of" mmax_level="morph" />
<markable id="markable_491" span="word_492" lemma="they" mmax_level="morph" />
<markable id="markable_492" span="word_493" lemma="go" mmax_level="morph" />
<markable id="markable_493" span="word_494" lemma="back" mmax_level="morph" />
<markable id="markable_494" span="word_495" lemma="with" mmax_level="morph" />
<markable id="markable_495" span="word_496" lemma="the" mmax_level="morph" />
<markable id="markable_496" span="word_497" lemma="hat" mmax_level="morph" />
<markable id="markable_497" span="word_498" lemma="and" mmax_level="morph" />
<markable id="markable_498" span="word_499" lemma="say" mmax_level="morph" />
<markable id="markable_499" span="word_500" lemma="uh" mmax_level="morph" />
<markable id="markable_500" span="word_501" lemma="uh" mmax_level="morph" />
<markable id="markable_501" span="word_502" lemma="do" mmax_level="morph" />
<markable id="markable_502" span="word_503" lemma="not" mmax_level="morph" />
<markable id="markable_503" span="word_504" lemma="say" mmax_level="morph" />
<markable id="markable_504" span="word_505" lemma="anything" mmax_level="morph" />
<markable id="markable_505" span="word_506" lemma="but" mmax_level="morph" />
<markable id="markable_506" span="word_507" lemma="give" mmax_level="morph" />
<markable id="markable_507" span="word_508" lemma="he" mmax_level="morph" />
<markable id="markable_508" span="word_509" lemma="back" mmax_level="morph" />
<markable id="markable_509" span="word_510" lemma="the" mmax_level="morph" />
<markable id="markable_510" span="word_511" lemma="hat" mmax_level="morph" />
<markable id="markable_511" span="word_512" lemma="so" mmax_level="morph" />
<markable id="markable_512" span="word_513" lemma="she" mmax_level="morph" />
<markable id="markable_513" span="word_514" lemma="reach" mmax_level="morph" />
<markable id="markable_514" span="word_515" lemma="into" mmax_level="morph" />
<markable id="markable_515" span="word_516" lemma="the" mmax_level="morph" />
<markable id="markable_516" span="word_517" lemma="basket" mmax_level="morph" />
<markable id="markable_517" span="word_518" lemma="take" mmax_level="morph" />
<markable id="markable_518" span="word_519" lemma="out" mmax_level="morph" />
<markable id="markable_519" span="word_520" lemma="three" mmax_level="morph" />
<markable id="markable_520" span="word_521" lemma="pear" mmax_level="morph" />
<markable id="markable_521" span="word_522" lemma="and" mmax_level="morph" />
<markable id="markable_522" span="word_523" lemma="uh" mmax_level="morph" />
<markable id="markable_523" span="word_524" lemma="give" mmax_level="morph" />
<markable id="markable_524" span="word_525" lemma="they" mmax_level="morph" />
<markable id="markable_525" span="word_526" lemma="to" mmax_level="morph" />
<markable id="markable_526" span="word_527" lemma="the" mmax_level="morph" />
<markable id="markable_527" span="word_528" lemma="theother" mmax_level="morph" />
<markable id="markable_528" span="word_529" lemma="kid" mmax_level="morph" />
<markable id="markable_529" span="word_530" lemma="and" mmax_level="morph" />
<markable id="markable_530" span="word_531" lemma="so" mmax_level="morph" />
<markable id="markable_531" span="word_532" lemma="these" mmax_level="morph" />
<markable id="markable_532" span="word_533" lemma="kid" mmax_level="morph" />
<markable id="markable_533" span="word_534" lemma="be" mmax_level="morph" />
<markable id="markable_534" span="word_535" lemma="walk" mmax_level="morph" />
<markable id="markable_535" span="word_536" lemma="in" mmax_level="morph" />
<markable id="markable_536" span="word_537" lemma="the" mmax_level="morph" />
<markable id="markable_537" span="word_538" lemma="direction" mmax_level="morph" />
<markable id="markable_538" span="word_539" lemma="from" mmax_level="morph" />
<markable id="markable_539" span="word_540" lemma="which" mmax_level="morph" />
<markable id="markable_540" span="word_541" lemma="the" mmax_level="morph" />
<markable id="markable_541" span="word_542" lemma="boy" mmax_level="morph" />
<markable id="markable_542" span="word_543" lemma="come" mmax_level="morph" />
<markable id="markable_543" span="word_544" lemma="so" mmax_level="morph" />
<markable id="markable_544" span="word_545" lemma="that" mmax_level="morph" />
<markable id="markable_545" span="word_546" lemma="eventually" mmax_level="morph" />
<markable id="markable_546" span="word_547" lemma="they" mmax_level="morph" />
<markable id="markable_547" span="word_548" lemma="will" mmax_level="morph" />
<markable id="markable_548" span="word_549" lemma="go" mmax_level="morph" />
<markable id="markable_549" span="word_550" lemma="past" mmax_level="morph" />
<markable id="markable_550" span="word_551" lemma="the" mmax_level="morph" />
<markable id="markable_551" span="word_552" lemma="the" mmax_level="morph" />
<markable id="markable_552" span="word_553" lemma="man" mmax_level="morph" />
<markable id="markable_553" span="word_554" lemma="who" mmax_level="morph" />
<markable id="markable_554" span="word_555" lemma="be" mmax_level="morph" />
<markable id="markable_555" span="word_556" lemma="be" mmax_level="morph" />
<markable id="markable_556" span="word_557" lemma="pick" mmax_level="morph" />
<markable id="markable_557" span="word_558" lemma="the" mmax_level="morph" />
<markable id="markable_558" span="word_559" lemma="pear" mmax_level="morph" />
<markable id="markable_559" span="word_560" lemma="who" mmax_level="morph" />
<markable id="markable_560" span="word_561" lemma="in" mmax_level="morph" />
<markable id="markable_561" span="word_562" lemma="the" mmax_level="morph" />
<markable id="markable_562" span="word_563" lemma="meantime" mmax_level="morph" />
<markable id="markable_563" span="word_564" lemma="have" mmax_level="morph" />
<markable id="markable_564" span="word_565" lemma="come" mmax_level="morph" />
<markable id="markable_565" span="word_566" lemma="down" mmax_level="morph" />
<markable id="markable_566" span="word_567" lemma="from" mmax_level="morph" />
<markable id="markable_567" span="word_568" lemma="the" mmax_level="morph" />
<markable id="markable_568" span="word_569" lemma="ladder" mmax_level="morph" />
<markable id="markable_569" span="word_570" lemma="and" mmax_level="morph" />
<markable id="markable_570" span="word_571" lemma="look" mmax_level="morph" />
<markable id="markable_571" span="word_572" lemma="and" mmax_level="morph" />
<markable id="markable_572" span="word_573" lemma="see" mmax_level="morph" />
<markable id="markable_573" span="word_574" lemma="that" mmax_level="morph" />
<markable id="markable_574" span="word_575" lemma="he" mmax_level="morph" />
<markable id="markable_575" span="word_576" lemma="be" mmax_level="morph" />
<markable id="markable_576" span="word_577" lemma="uh" mmax_level="morph" />
<markable id="markable_577" span="word_578" lemma="he" mmax_level="morph" />
<markable id="markable_578" span="word_579" lemma="be" mmax_level="morph" />
<markable id="markable_579" span="word_580" lemma="miss" mmax_level="morph" />
<markable id="markable_580" span="word_581" lemma="a" mmax_level="morph" />
<markable id="markable_581" span="word_582" lemma="basket" mmax_level="morph" />
<markable id="markable_582" span="word_583" lemma="of" mmax_level="morph" />
<markable id="markable_583" span="word_584" lemma="pear" mmax_level="morph" />
<markable id="markable_584" span="word_585" lemma="and" mmax_level="morph" />
<markable id="markable_585" span="word_586" lemma="these" mmax_level="morph" />
<markable id="markable_586" span="word_587" lemma="uh" mmax_level="morph" />
<markable id="markable_587" span="word_588" lemma="three" mmax_level="morph" />
<markable id="markable_588" span="word_589" lemma="kid" mmax_level="morph" />
<markable id="markable_589" span="word_590" lemma="come" mmax_level="morph" />
<markable id="markable_590" span="word_591" lemma="past" mmax_level="morph" />
<markable id="markable_591" span="word_592" lemma="in" mmax_level="morph" />
<markable id="markable_592" span="word_593" lemma="the" mmax_level="morph" />
<markable id="markable_593" span="word_594" lemma="opposite" mmax_level="morph" />
<markable id="markable_594" span="word_595" lemma="direction" mmax_level="morph" />
<markable id="markable_595" span="word_596" lemma="eating" mmax_level="morph" />
<markable id="markable_596" span="word_597" lemma="pear" mmax_level="morph" />
<markable id="markable_597" span="word_598" lemma="and" mmax_level="morph" />
<markable id="markable_598" span="word_599" lemma="he" mmax_level="morph" />
<markable id="markable_599" span="word_600" lemma="be" mmax_level="morph" />
<markable id="markable_600" span="word_601" lemma="try" mmax_level="morph" />
<markable id="markable_601" span="word_602" lemma="to" mmax_level="morph" />
<markable id="markable_602" span="word_603" lemma="figure" mmax_level="morph" />
<markable id="markable_603" span="word_604" lemma="out" mmax_level="morph" />
<markable id="markable_604" span="word_605" lemma="well" mmax_level="morph" />
<markable id="markable_605" span="word_606" lemma="how" mmax_level="morph" />
<markable id="markable_606" span="word_607" lemma="how" mmax_level="morph" />
<markable id="markable_607" span="word_608" lemma="do" mmax_level="morph" />
<markable id="markable_608" span="word_609" lemma="that" mmax_level="morph" />
<markable id="markable_609" span="word_610" lemma="happen" mmax_level="morph" />
<markable id="markable_610" span="word_611" lemma="it" mmax_level="morph" />
<markable id="markable_611" span="word_612" lemma="'" mmax_level="morph" />
<markable id="markable_612" span="word_613" lemma="sa" mmax_level="morph" />
<markable id="markable_613" span="word_614" lemma="there" mmax_level="morph" />
<markable id="markable_614" span="word_615" lemma="be" mmax_level="morph" />
<markable id="markable_615" span="word_616" lemma="just" mmax_level="morph" />
<markable id="markable_616" span="word_617" lemma="this" mmax_level="morph" />
<markable id="markable_617" span="word_618" lemma="look" mmax_level="morph" />
<markable id="markable_618" span="word_619" lemma="on" mmax_level="morph" />
<markable id="markable_619" span="word_620" lemma="face" mmax_level="morph" />
<markable id="markable_620" span="word_621" lemma="of" mmax_level="morph" />
<markable id="markable_621" span="word_622" lemma="bewilderment" mmax_level="morph" />
<markable id="markable_622" span="word_623" lemma="and" mmax_level="morph" />
<markable id="markable_623" span="word_624" lemma="at" mmax_level="morph" />
<markable id="markable_624" span="word_625" lemma="first" mmax_level="morph" />
<markable id="markable_625" span="word_626" lemma="you" mmax_level="morph" />
<markable id="markable_626" span="word_627" lemma="you" mmax_level="morph" />
<markable id="markable_627" span="word_628" lemma="sort" mmax_level="morph" />
<markable id="markable_628" span="word_629" lemma="of" mmax_level="morph" />
<markable id="markable_629" span="word_630" lemma="think" mmax_level="morph" />
<markable id="markable_630" span="word_631" lemma="well-you" mmax_level="morph" />
<markable id="markable_631" span="word_632" lemma="know" mmax_level="morph" />
<markable id="markable_632" span="word_633" lemma="um" mmax_level="morph" />
<markable id="markable_633" span="word_634" lemma="he" mmax_level="morph" />
<markable id="markable_634" span="word_635" lemma="be" mmax_level="morph" />
<markable id="markable_635" span="word_636" lemma="go" mmax_level="morph" />
<markable id="markable_636" span="word_637" lemma="to" mmax_level="morph" />
<markable id="markable_637" span="word_638" lemma="accuse" mmax_level="morph" />
<markable id="markable_638" span="word_639" lemma="they" mmax_level="morph" />
<markable id="markable_639" span="word_640" lemma="of" mmax_level="morph" />
<markable id="markable_640" span="word_641" lemma="have" mmax_level="morph" />
<markable id="markable_641" span="word_642" lemma="take" mmax_level="morph" />
<markable id="markable_642" span="word_643" lemma="pear" mmax_level="morph" />
<markable id="markable_643" span="word_644" lemma="but" mmax_level="morph" />
<markable id="markable_644" span="word_645" lemma="uh" mmax_level="morph" />
<markable id="markable_645" span="word_646" lemma="the" mmax_level="morph" />
<markable id="markable_646" span="word_647" lemma="he" mmax_level="morph" />
<markable id="markable_647" span="word_648" lemma="s" mmax_level="morph" />
<markable id="markable_648" span="word_649" lemma="he" mmax_level="morph" />
<markable id="markable_649" span="word_650" lemma="see" mmax_level="morph" />
<markable id="markable_650" span="word_651" lemma="they" mmax_level="morph" />
<markable id="markable_651" span="word_652" lemma="come" mmax_level="morph" />
<markable id="markable_652" span="word_653" lemma="and" mmax_level="morph" />
<markable id="markable_653" span="word_654" lemma="watch" mmax_level="morph" />
<markable id="markable_654" span="word_655" lemma="they" mmax_level="morph" />
<markable id="markable_655" span="word_656" lemma="go" mmax_level="morph" />
<markable id="markable_656" span="word_657" lemma="and" mmax_level="morph" />
<markable id="markable_657" span="word_658" lemma="he" mmax_level="morph" />
<markable id="markable_658" span="word_659" lemma="be" mmax_level="morph" />
<markable id="markable_659" span="word_660" lemma="just" mmax_level="morph" />
<markable id="markable_660" span="word_661" lemma="totally" mmax_level="morph" />
<markable id="markable_661" span="word_662" lemma="confused" mmax_level="morph" />
</markables>
