<?xml version="1.0" encoding="MacRoman"?>
<!DOCTYPE markables SYSTEM "markables.dtd">
<markables xmlns="www.eml.org/NameSpaces/markable">
<markable id="markable_0" span="word_1..word_2" sentenceid="0" label="np" min_ids="word_1..word_2" type="chunk" lemmata="speaker 7" isprenominal="false" pos="nnp cd" mmax_level="markable" />
<markable id="markable_1" span="word_3" sentenceid="1" label="np" min_ids="word_3..word_3" type="chunk" lemmata="i" isprenominal="false" pos="prp" mmax_level="markable" />
<markable id="markable_2" span="word_11..word_12" sentenceid="3" label="np" min_ids="word_11..word_12" type="chunk" lemmata="a man" isprenominal="false" pos="dt nn" mmax_level="markable" />
<markable id="markable_3" span="word_16" sentenceid="4" label="np" min_ids="word_16..word_16" type="chunk" lemmata="pear" isprenominal="false" pos="nns" mmax_level="markable" />
<markable id="markable_4" span="word_18" sentenceid="5" label="np" min_ids="word_18..word_18" type="chunk" lemmata="it" isprenominal="false" pos="prp" mmax_level="markable" />
<markable id="markable_5" span="word_21..word_26" sentenceid="5" label="np" min_ids="word_21..word_26" type="chunk" lemmata="a uh tsk large open field" isprenominal="false" pos="dt uh jj jj jj nn" mmax_level="markable" />
<markable id="markable_6" span="word_27" sentenceid="6" label="np" min_ids="word_27..word_27" type="chunk" lemmata="it" isprenominal="false" pos="prp" mmax_level="markable" />
<markable id="markable_7" span="word_30..word_32" sentenceid="6" label="np" min_ids="word_30..word_32" type="chunk" lemmata="a pear orchard" isprenominal="false" pos="dt jj nn" mmax_level="markable" />
<markable id="markable_8" span="word_38" sentenceid="8" label="np" min_ids="word_38..word_38" type="chunk" lemmata="i" isprenominal="false" pos="prp" mmax_level="markable" />
<markable id="markable_9" span="word_44" sentenceid="9" label="np" min_ids="word_44..word_44" type="chunk" lemmata="i" isprenominal="false" pos="prp" mmax_level="markable" />
<markable id="markable_10" span="word_47..word_48" sentenceid="9" label="np" min_ids="word_47..word_48" type="chunk" lemmata="the movie" isprenominal="false" pos="dt nn" mmax_level="markable" />
<markable id="markable_11" span="word_53..word_54" sentenceid="9" label="np" min_ids="word_53..word_54" type="chunk" lemmata="the color" isprenominal="false" pos="dt nns" mmax_level="markable" />
<markable id="markable_12" span="word_60..word_61" sentenceid="10" label="np" min_ids="word_60..word_61" type="chunk" lemmata="the green" isprenominal="false" pos="dt nn" mmax_level="markable" />
<markable id="markable_13" span="word_63..word_66" sentenceid="10" label="np" min_ids="word_63..word_66" type="chunk" lemmata="a inordinately bright green" isprenominal="false" pos="dt rb jj nn" mmax_level="markable" />
<markable id="markable_14" span="word_68..word_69" sentenceid="11" label="np" min_ids="word_68..word_69" type="chunk" lemmata="the pear" isprenominal="false" pos="dt nns" mmax_level="markable" />
<markable id="markable_15" span="word_71..word_72" sentenceid="12" label="np" min_ids="word_71..word_72" type="chunk" lemmata="these color" isprenominal="false" pos="dt nns" mmax_level="markable" />
<markable id="markable_16" span="word_75..word_77" sentenceid="12" label="np" min_ids="word_75..word_77" type="chunk" lemmata="a little kind" isprenominal="false" pos="dt jj nn" mmax_level="markable" />
<markable id="markable_17" span="word_79" sentenceid="12" label="np" min_ids="word_79..word_79" type="chunk" lemmata="bold" isprenominal="false" pos="jj" mmax_level="markable" />
<markable id="markable_18" span="word_82..word_83" sentenceid="13" label="np" min_ids="word_82..word_83" type="chunk" lemmata="the point" isprenominal="false" pos="dt nn" mmax_level="markable" />
<markable id="markable_19" span="word_85..word_86" sentenceid="13" label="np" min_ids="word_85..word_86" type="chunk" lemmata="be artificial" isprenominal="false" pos="vbg nn" mmax_level="markable" />
<markable id="markable_20" span="word_89" sentenceid="14" label="np" min_ids="word_89..word_89" type="chunk" lemmata="he" isprenominal="false" pos="prp" mmax_level="markable" />
<markable id="markable_21" span="word_95..word_96" sentenceid="14" label="np" min_ids="word_95..word_96" type="chunk" lemmata="the ladder" isprenominal="false" pos="dt nn" mmax_level="markable" />
<markable id="markable_22" span="word_99..word_100" sentenceid="15" label="np" min_ids="word_99..word_100" type="chunk" lemmata="the pear" isprenominal="false" pos="dt nns" mmax_level="markable" />
<markable id="markable_23" span="word_103" sentenceid="16" label="np" min_ids="word_103..word_103" type="chunk" lemmata="they" isprenominal="false" pos="prp" mmax_level="markable" />
<markable id="markable_24" span="word_105..word_106" sentenceid="16" label="np" min_ids="word_105..word_106" type="chunk" lemmata="three basket" isprenominal="false" pos="cd nns" mmax_level="markable" />
<markable id="markable_25" span="word_115..word_116" sentenceid="18" label="np" min_ids="word_115..word_116" type="chunk" lemmata="one sequence" isprenominal="false" pos="cd nn" mmax_level="markable" />
<markable id="markable_26" span="word_121" sentenceid="18" label="np" min_ids="word_121..word_121" type="chunk" lemmata="i" isprenominal="false" pos="prp" mmax_level="markable" />
<markable id="markable_185" span="word_124..word_125" sentenceid="19" label="location" min_ids="word_124..word_125" type="enamex" lemmata="tsk oh." isprenominal="false" pos="jj nnp" mmax_level="markable" />
<markable id="markable_27" span="word_126..word_127" sentenceid="20" label="np" min_ids="word_126..word_127" type="chunk" lemmata="a man" isprenominal="false" pos="dt nn" mmax_level="markable" />
<markable id="markable_28" span="word_129..word_131" sentenceid="20" label="np" min_ids="word_129..word_131" type="chunk" lemmata="a goat tsk" isprenominal="false" pos="dt jj nn" mmax_level="markable" />
<markable id="markable_29" span="word_135" sentenceid="21" label="np" min_ids="word_135..word_135" type="chunk" lemmata="you" isprenominal="false" pos="prp" mmax_level="markable" />
<markable id="markable_30" span="word_140..word_141" sentenceid="21" label="np" min_ids="word_140..word_141" type="chunk" lemmata="the goat" isprenominal="false" pos="dt nn" mmax_level="markable" />
<markable id="markable_31" span="word_144..word_145" sentenceid="21" label="np" min_ids="word_144..word_145" type="chunk" lemmata="the background" isprenominal="false" pos="dt nn" mmax_level="markable" />
<markable id="markable_32" span="word_147" sentenceid="22" label="np" min_ids="word_147..word_147" type="chunk" lemmata="they" isprenominal="false" pos="prp" mmax_level="markable" />
<markable id="markable_33" span="word_151" sentenceid="23" label="np" min_ids="word_151..word_151" type="chunk" lemmata="approach" isprenominal="false" pos="nn" mmax_level="markable" />
<markable id="markable_34" span="word_154" sentenceid="24" label="np" min_ids="word_154..word_154" type="chunk" lemmata="kind" isprenominal="false" pos="nn" mmax_level="markable" />
<markable id="markable_35" span="word_156" sentenceid="24" label="np" min_ids="word_156..word_156" type="chunk" lemmata="walk" isprenominal="false" pos="vb" mmax_level="markable" />
<markable id="markable_36" span="word_158" sentenceid="25" label="np" min_ids="word_158..word_158" type="chunk" lemmata="they" isprenominal="false" pos="prp" mmax_level="markable" />
<markable id="markable_37" span="word_165..word_166" sentenceid="25" label="np" min_ids="word_165..word_166" type="chunk" lemmata="too much" isprenominal="false" pos="rb jj" mmax_level="markable" />
<markable id="markable_38" span="word_175..word_176" sentenceid="27" label="np" min_ids="word_175..word_176" type="chunk" lemmata="the man" isprenominal="false" pos="dt nn" mmax_level="markable" />
<markable id="markable_39" span="word_181..word_182" sentenceid="27" label="np" min_ids="word_181..word_182" type="chunk" lemmata="the tree" isprenominal="false" pos="dt nn" mmax_level="markable" />
<markable id="markable_40" span="word_185..word_187" sentenceid="28" label="np" min_ids="word_185..word_187" type="chunk" lemmata="some more pear" isprenominal="false" pos="dt jjr nns" mmax_level="markable" />
<markable id="markable_190" span="word_188" sentenceid="29" label="np" type="chunk" lemmata="tsk" isprenominal="true" pos="nn" mmax_level="markable" />
<markable id="markable_41" span="word_188..word_189" sentenceid="29" label="np" min_ids="word_188..word_189" type="chunk" lemmata="tsk along" isprenominal="false" pos="nn nns" mmax_level="markable" />
<markable id="markable_42" span="word_191..word_193" sentenceid="29" label="np" min_ids="word_191..word_193" type="chunk" lemmata="a young boy" isprenominal="false" pos="dt jj nn" mmax_level="markable" />
<markable id="markable_43" span="word_202..word_203" sentenceid="32" label="np" min_ids="word_202..word_203" type="chunk" lemmata="a bicycle" isprenominal="false" pos="dt nn" mmax_level="markable" />
<markable id="markable_44" span="word_210" sentenceid="32" label="np" min_ids="word_210..word_210" type="chunk" lemmata="he" isprenominal="false" pos="prp" mmax_level="markable" />
<markable id="markable_45" span="word_212" sentenceid="33" label="np" min_ids="word_212..word_212" type="chunk" lemmata="she" isprenominal="false" pos="prp" mmax_level="markable" />
<markable id="markable_46" span="word_215" sentenceid="33" label="np" min_ids="word_215..word_215" type="chunk" lemmata="it" isprenominal="false" pos="prp" mmax_level="markable" />
<markable id="markable_47" span="word_217..word_220" sentenceid="33" label="np" min_ids="word_217..word_220" type="chunk" lemmata="this great open field" isprenominal="false" pos="dt jj jj nn" mmax_level="markable" />
<markable id="markable_48" span="word_222" sentenceid="34" label="np" min_ids="word_222..word_222" type="chunk" lemmata="he" isprenominal="false" pos="prp" mmax_level="markable" />
<markable id="markable_49" span="word_224..word_225" sentenceid="34" label="np" min_ids="word_224..word_225" type="chunk" lemmata="this three" isprenominal="false" pos="dt cd" mmax_level="markable" />
<markable id="markable_50" span="word_227..word_229" sentenceid="34" label="np" min_ids="word_227..word_229" type="chunk" lemmata="these three basket" isprenominal="false" pos="dt cd nns" mmax_level="markable" />
<markable id="markable_51" span="word_231" sentenceid="34" label="np" min_ids="word_231..word_231" type="chunk" lemmata="pear" isprenominal="false" pos="nns" mmax_level="markable" />
<markable id="markable_52" span="word_235..word_236" sentenceid="35" label="np" min_ids="word_235..word_236" type="chunk" lemmata="this man" isprenominal="false" pos="dt nn" mmax_level="markable" />
<markable id="markable_53" span="word_239..word_240" sentenceid="35" label="np" min_ids="word_239..word_240" type="chunk" lemmata="the tree" isprenominal="false" pos="dt nn" mmax_level="markable" />
<markable id="markable_54" span="word_244" sentenceid="35" label="np" min_ids="word_244..word_244" type="chunk" lemmata="he" isprenominal="false" pos="prp" mmax_level="markable" />
<markable id="markable_55" span="word_247..word_248" sentenceid="35" label="np" min_ids="word_247..word_248" type="chunk" lemmata="some pear" isprenominal="false" pos="dt nns" mmax_level="markable" />
<markable id="markable_56" span="word_250..word_252" sentenceid="36" label="np" min_ids="word_250..word_252" type="chunk" lemmata="at first look" isprenominal="false" pos="in jjs nns" mmax_level="markable" />
<markable id="markable_57" span="word_254" sentenceid="36" label="np" min_ids="word_254..word_254" type="chunk" lemmata="he" isprenominal="false" pos="prp" mmax_level="markable" />
<markable id="markable_58" span="word_259..word_261" sentenceid="36" label="np" min_ids="word_259..word_261" type="chunk" lemmata="one or two" isprenominal="false" pos="cd cc cd" mmax_level="markable" />
<markable id="markable_59" span="word_265" sentenceid="37" label="np" min_ids="word_265..word_265" type="chunk" lemmata="he" isprenominal="false" pos="prp" mmax_level="markable" />
<markable id="markable_60" span="word_270..word_272" sentenceid="37" label="np" min_ids="word_270..word_272" type="chunk" lemmata="a whole basket" isprenominal="false" pos="dt jj nn" mmax_level="markable" />
<markable id="markable_61" span="word_274..word_275" sentenceid="38" label="np" min_ids="word_274..word_275" type="chunk" lemmata="the basket" isprenominal="false" pos="dt nn" mmax_level="markable" />
<markable id="markable_62" span="word_277..word_278" sentenceid="38" label="np" min_ids="word_277..word_278" type="chunk" lemmata="the bike" isprenominal="false" pos="dt nn" mmax_level="markable" />
<markable id="markable_186" span="word_279" sentenceid="39" label="np" type="chunk" lemmata="tsk" isprenominal="false" pos="nn" mmax_level="markable" />
<markable id="markable_63" span="word_279..word_281" sentenceid="39" label="np" min_ids="word_279..word_281" type="chunk" lemmata="tsk and kind" isprenominal="false" pos="nn cc nn" mmax_level="markable" />
<markable id="markable_187" span="word_281" sentenceid="39" label="np" type="chunk" lemmata="kind" isprenominal="false" pos="nn" mmax_level="markable" />
<markable id="markable_64" span="word_283" sentenceid="39" label="np" min_ids="word_283..word_283" type="chunk" lemmata="struggle" isprenominal="false" pos="nn" mmax_level="markable" />
<markable id="markable_65" span="word_285" sentenceid="39" label="np" min_ids="word_285..word_285" type="chunk" lemmata="it" isprenominal="false" pos="prp" mmax_level="markable" />
<markable id="markable_66" span="word_291" sentenceid="39" label="np" min_ids="word_291..word_291" type="chunk" lemmata="he" isprenominal="false" pos="prp" mmax_level="markable" />
<markable id="markable_67" span="word_293..word_294" sentenceid="40" label="np" min_ids="word_293..word_294" type="chunk" lemmata="the bike" isprenominal="false" pos="dt nn" mmax_level="markable" />
<markable id="markable_68" span="word_300" sentenceid="40" label="np" min_ids="word_300..word_300" type="chunk" lemmata="he" isprenominal="false" pos="prp" mmax_level="markable" />
<markable id="markable_69" span="word_304..word_305" sentenceid="41" label="np" min_ids="word_304..word_305" type="chunk" lemmata="the bike" isprenominal="false" pos="dt nn" mmax_level="markable" />
<markable id="markable_70" span="word_307" sentenceid="42" label="np" min_ids="word_307..word_307" type="chunk" lemmata="ride" isprenominal="false" pos="nns" mmax_level="markable" />
<markable id="markable_71" span="word_309" sentenceid="43" label="np" min_ids="word_309..word_309" type="chunk" lemmata="tsk" isprenominal="false" pos="nn" mmax_level="markable" />
<markable id="markable_72" span="word_312" sentenceid="43" label="np" min_ids="word_312..word_312" type="chunk" lemmata="riding" isprenominal="false" pos="nn" mmax_level="markable" />
<markable id="markable_73" span="word_314..word_316" sentenceid="43" label="np" min_ids="word_314..word_316" type="chunk" lemmata="this great expanse" isprenominal="false" pos="dt jj nn" mmax_level="markable" />
<markable id="markable_74" span="word_318..word_319" sentenceid="44" label="np" min_ids="word_318..word_319" type="chunk" lemmata="a girl" isprenominal="false" pos="dt nn" mmax_level="markable" />
<markable id="markable_75" span="word_322..word_323" sentenceid="45" label="np" min_ids="word_322..word_323" type="chunk" lemmata="a bike" isprenominal="false" pos="dt nn" mmax_level="markable" />
<markable id="markable_76" span="word_325..word_327" sentenceid="45" label="np" min_ids="word_325..word_327" type="chunk" lemmata="the opposite direction" isprenominal="false" pos="dt jj nn" mmax_level="markable" />
<markable id="markable_77" span="word_329" sentenceid="46" label="np" min_ids="word_329..word_329" type="chunk" lemmata="you" isprenominal="false" pos="prp" mmax_level="markable" />
<markable id="markable_78" span="word_332" sentenceid="46" label="np" min_ids="word_332..word_332" type="chunk" lemmata="they" isprenominal="false" pos="prp" mmax_level="markable" />
<markable id="markable_79" span="word_335..word_336" sentenceid="46" label="np" min_ids="word_335..word_336" type="chunk" lemmata="each other" isprenominal="false" pos="dt jj" mmax_level="markable" />
<markable id="markable_80" span="word_338" sentenceid="47" label="np" min_ids="word_338..word_338" type="chunk" lemmata="you" isprenominal="false" pos="prp" mmax_level="markable" />
<markable id="markable_81" span="word_346..word_347" sentenceid="47" label="np" min_ids="word_346..word_347" type="chunk" lemmata="a collision" isprenominal="false" pos="dt nn" mmax_level="markable" />
<markable id="markable_82" span="word_350" sentenceid="48" label="np" min_ids="word_350..word_350" type="chunk" lemmata="they" isprenominal="false" pos="prp" mmax_level="markable" />
<markable id="markable_83" span="word_356..word_357" sentenceid="48" label="np" min_ids="word_356..word_357" type="chunk" lemmata="each other" isprenominal="false" pos="dt jj" mmax_level="markable" />
<markable id="markable_84" span="word_359" sentenceid="48" label="np" min_ids="word_359..word_359" type="chunk" lemmata="she" isprenominal="false" pos="prp" mmax_level="markable" />
<markable id="markable_85" span="word_364" sentenceid="48" label="np" min_ids="word_364..word_364" type="chunk" lemmata="he" isprenominal="false" pos="prp" mmax_level="markable" />
<markable id="markable_86" span="word_369..word_370" sentenceid="48" label="np" min_ids="word_369..word_370" type="chunk" lemmata="the ground" isprenominal="false" pos="dt nn" mmax_level="markable" />
<markable id="markable_87" span="word_373" sentenceid="49" label="np" min_ids="word_373..word_373" type="chunk" lemmata="he" isprenominal="false" pos="prp" mmax_level="markable" />
<markable id="markable_88" span="word_381" sentenceid="49" label="np" min_ids="word_381..word_381" type="chunk" lemmata="she" isprenominal="false" pos="prp" mmax_level="markable" />
<markable id="markable_89" span="word_383..word_384" sentenceid="49" label="np" min_ids="word_383..word_384" type="chunk" lemmata="the hat" isprenominal="false" pos="dt nn" mmax_level="markable" />
<markable id="markable_90" span="word_385" sentenceid="50" label="np" min_ids="word_385..word_385" type="chunk" lemmata="and" isprenominal="false" pos="cc" mmax_level="markable" />
<markable id="markable_91" span="word_390" sentenceid="50" label="np" min_ids="word_390..word_390" type="chunk" lemmata="he" isprenominal="false" pos="prp" mmax_level="markable" />
<markable id="markable_92" span="word_396..word_397" sentenceid="50" label="np" min_ids="word_396..word_397" type="chunk" lemmata="a rock" isprenominal="false" pos="dt nn" mmax_level="markable" />
<markable id="markable_93" span="word_399" sentenceid="51" label="np" min_ids="word_399..word_399" type="chunk" lemmata="he" isprenominal="false" pos="prp" mmax_level="markable" />
<markable id="markable_94" span="word_402..word_403" sentenceid="52" label="np" min_ids="word_402..word_403" type="chunk" lemmata="the pear" isprenominal="false" pos="dt nns" mmax_level="markable" />
<markable id="markable_95" span="word_404..word_405" sentenceid="52" label="np" min_ids="word_404..word_405" type="chunk" lemmata="all spill" isprenominal="false" pos="dt nn" mmax_level="markable" />
<markable id="markable_96" span="word_407..word_408" sentenceid="52" label="np" min_ids="word_407..word_408" type="chunk" lemmata="the ground" isprenominal="false" pos="dt nn" mmax_level="markable" />
<markable id="markable_97" span="word_410" sentenceid="53" label="np" min_ids="word_410..word_410" type="chunk" lemmata="he" isprenominal="false" pos="prp" mmax_level="markable" />
<markable id="markable_98" span="word_414" sentenceid="53" label="np" min_ids="word_414..word_414" type="chunk" lemmata="he" isprenominal="false" pos="prp" mmax_level="markable" />
<markable id="markable_188" span="word_416" sentenceid="53" label="np" type="chunk" lemmata="knee" isprenominal="false" pos="nn" mmax_level="markable" />
<markable id="markable_99" span="word_416..word_418" sentenceid="53" label="np" min_ids="word_416..word_418" type="chunk" lemmata="knee or something" isprenominal="false" pos="nn cc nn" mmax_level="markable" />
<markable id="markable_189" span="word_418" sentenceid="53" label="np" type="chunk" lemmata="something" isprenominal="false" pos="nn" mmax_level="markable" />
<markable id="markable_100" span="word_423" sentenceid="54" label="np" min_ids="word_423..word_423" type="chunk" lemmata="you" isprenominal="false" pos="prp" mmax_level="markable" />
<markable id="markable_101" span="word_426" sentenceid="54" label="np" min_ids="word_426..word_426" type="chunk" lemmata="kind" isprenominal="false" pos="nn" mmax_level="markable" />
<markable id="markable_102" span="word_428..word_431" sentenceid="54" label="np" min_ids="word_428..word_431" type="chunk" lemmata="rhythmic thud ding sound" isprenominal="false" pos="jj nn nn nn" mmax_level="markable" />
<markable id="markable_192" span="word_429" sentenceid="54" label="np" type="chunk" lemmata="thud" isprenominal="true" pos="nn" mmax_level="markable" />
<markable id="markable_191" span="word_429..word_430" sentenceid="54" label="np" type="chunk" lemmata="thud ding" isprenominal="true" pos="nn nn" mmax_level="markable" />
<markable id="markable_103" span="word_434" sentenceid="55" label="np" min_ids="word_434..word_434" type="chunk" lemmata="you" isprenominal="false" pos="prp" mmax_level="markable" />
<markable id="markable_104" span="word_438..word_439" sentenceid="56" label="np" min_ids="word_438..word_439" type="chunk" lemmata="the boy" isprenominal="false" pos="dt nn" mmax_level="markable" />
<markable id="markable_105" span="word_446..word_448" sentenceid="57" label="np" min_ids="word_446..word_448" type="chunk" lemmata="three other boy" isprenominal="false" pos="cd jj nns" mmax_level="markable" />
<markable id="markable_106" span="word_453" sentenceid="57" label="np" min_ids="word_453..word_453" type="chunk" lemmata="they" isprenominal="false" pos="prp" mmax_level="markable" />
<markable id="markable_107" span="word_455..word_456" sentenceid="57" label="np" min_ids="word_455..word_456" type="chunk" lemmata="a paddleball" isprenominal="false" pos="dt nn" mmax_level="markable" />
<markable id="markable_193" span="word_457" sentenceid="58" label="np" type="chunk" lemmata="type" isprenominal="true" pos="nn" mmax_level="markable" />
<markable id="markable_108" span="word_457..word_458" sentenceid="58" label="np" min_ids="word_457..word_458" type="chunk" lemmata="type thing" isprenominal="false" pos="nn nn" mmax_level="markable" />
<markable id="markable_109" span="word_463" sentenceid="59" label="np" min_ids="word_463..word_463" type="chunk" lemmata="they" isprenominal="false" pos="prp" mmax_level="markable" />
<markable id="markable_110" span="word_471" sentenceid="60" label="np" min_ids="word_471..word_471" type="chunk" lemmata="they" isprenominal="false" pos="prp" mmax_level="markable" />
<markable id="markable_111" span="word_474" sentenceid="60" label="np" min_ids="word_474..word_474" type="chunk" lemmata="pear" isprenominal="false" pos="nns" mmax_level="markable" />
<markable id="markable_112" span="word_482" sentenceid="60" label="np" min_ids="word_482..word_482" type="chunk" lemmata="they" isprenominal="false" pos="prp" mmax_level="markable" />
<markable id="markable_113" span="word_484" sentenceid="60" label="np" min_ids="word_484..word_484" type="chunk" lemmata="he" isprenominal="false" pos="prp" mmax_level="markable" />
<markable id="markable_114" span="word_487..word_489" sentenceid="60" label="np" min_ids="word_487..word_489" type="chunk" lemmata="all the pear" isprenominal="false" pos="pdt dt nns" mmax_level="markable" />
<markable id="markable_115" span="word_490..word_491" sentenceid="61" label="np" min_ids="word_490..word_491" type="chunk" lemmata="one boy" isprenominal="false" pos="cd nn" mmax_level="markable" />
<markable id="markable_116" span="word_496" sentenceid="61" label="np" min_ids="word_496..word_496" type="chunk" lemmata="he" isprenominal="false" pos="prp" mmax_level="markable" />
<markable id="markable_117" span="word_498" sentenceid="61" label="np" min_ids="word_498..word_498" type="chunk" lemmata="pants" isprenominal="false" pos="nns" mmax_level="markable" />
<markable id="markable_118" span="word_503..word_504" sentenceid="62" label="np" min_ids="word_503..word_504" type="chunk" lemmata="another one" isprenominal="false" pos="dt nn" mmax_level="markable" />
<markable id="markable_119" span="word_505" sentenceid="62" label="np" min_ids="word_505..word_505" type="chunk" lemmata="i" isprenominal="false" pos="prp" mmax_level="markable" />
<markable id="markable_120" span="word_511..word_512" sentenceid="62" label="np" min_ids="word_511..word_512" type="chunk" lemmata="the bicycle" isprenominal="false" pos="dt nn" mmax_level="markable" />
<markable id="markable_121" span="word_513" sentenceid="62" label="np" min_ids="word_513..word_513" type="chunk" lemmata="i" isprenominal="false" pos="prp" mmax_level="markable" />
<markable id="markable_122" span="word_516" sentenceid="63" label="np" min_ids="word_516..word_516" type="chunk" lemmata="they" isprenominal="false" pos="prp" mmax_level="markable" />
<markable id="markable_123" span="word_520..word_521" sentenceid="63" label="np" min_ids="word_520..word_521" type="chunk" lemmata="the pear" isprenominal="false" pos="dt nns" mmax_level="markable" />
<markable id="markable_124" span="word_524..word_525" sentenceid="63" label="np" min_ids="word_524..word_525" type="chunk" lemmata="the basket" isprenominal="false" pos="dt nn" mmax_level="markable" />
<markable id="markable_125" span="word_526" sentenceid="64" label="np" min_ids="word_526..word_526" type="chunk" lemmata="they" isprenominal="false" pos="prp" mmax_level="markable" />
<markable id="markable_126" span="word_528..word_529" sentenceid="64" label="np" min_ids="word_528..word_529" type="chunk" lemmata="the basket" isprenominal="false" pos="dt nn" mmax_level="markable" />
<markable id="markable_127" span="word_532..word_533" sentenceid="64" label="np" min_ids="word_532..word_533" type="chunk" lemmata="the bike" isprenominal="false" pos="dt nn" mmax_level="markable" />
<markable id="markable_128" span="word_536" sentenceid="65" label="np" min_ids="word_536..word_536" type="chunk" lemmata="they" isprenominal="false" pos="prp" mmax_level="markable" />
<markable id="markable_129" span="word_538" sentenceid="65" label="np" min_ids="word_538..word_538" type="chunk" lemmata="they" isprenominal="false" pos="prp" mmax_level="markable" />
<markable id="markable_130" span="word_541" sentenceid="65" label="np" min_ids="word_541..word_541" type="chunk" lemmata="way" isprenominal="false" pos="nn" mmax_level="markable" />
<markable id="markable_131" span="word_544..word_545" sentenceid="65" label="np" min_ids="word_544..word_545" type="chunk" lemmata="the road" isprenominal="false" pos="dt nn" mmax_level="markable" />
<markable id="markable_132" span="word_547" sentenceid="65" label="np" min_ids="word_547..word_547" type="chunk" lemmata="he" isprenominal="false" pos="prp" mmax_level="markable" />
<markable id="markable_133" span="word_551" sentenceid="66" label="np" min_ids="word_551..word_551" type="chunk" lemmata="they" isprenominal="false" pos="prp" mmax_level="markable" />
<markable id="markable_134" span="word_554" sentenceid="66" label="np" min_ids="word_554..word_554" type="chunk" lemmata="hat" isprenominal="false" pos="nn" mmax_level="markable" />
<markable id="markable_135" span="word_556" sentenceid="67" label="np" min_ids="word_556..word_556" type="chunk" lemmata="he" isprenominal="false" pos="prp" mmax_level="markable" />
<markable id="markable_136" span="word_561" sentenceid="67" label="np" min_ids="word_561..word_561" type="chunk" lemmata="he" isprenominal="false" pos="prp" mmax_level="markable" />
<markable id="markable_137" span="word_563..word_564" sentenceid="67" label="np" min_ids="word_563..word_564" type="chunk" lemmata="the hat" isprenominal="false" pos="dt nn" mmax_level="markable" />
<markable id="markable_138" span="word_568" sentenceid="68" label="np" min_ids="word_568..word_568" type="chunk" lemmata="they" isprenominal="false" pos="prp" mmax_level="markable" />
<markable id="markable_139" span="word_571" sentenceid="68" label="np" min_ids="word_571..word_571" type="chunk" lemmata="he" isprenominal="false" pos="prp" mmax_level="markable" />
<markable id="markable_140" span="word_572" sentenceid="69" label="np" min_ids="word_572..word_572" type="chunk" lemmata="he" isprenominal="false" pos="prp" mmax_level="markable" />
<markable id="markable_141" span="word_575" sentenceid="70" label="np" min_ids="word_575..word_575" type="chunk" lemmata="hey" isprenominal="false" pos="nnp" mmax_level="markable" />
<markable id="markable_142" span="word_576" sentenceid="70" label="np" min_ids="word_576..word_576" type="chunk" lemmata="you" isprenominal="false" pos="prp" mmax_level="markable" />
<markable id="markable_143" span="word_580" sentenceid="71" label="np" min_ids="word_580..word_580" type="chunk" lemmata="he" isprenominal="false" pos="prp" mmax_level="markable" />
<markable id="markable_144" span="word_585..word_586" sentenceid="72" label="np" min_ids="word_585..word_586" type="chunk" lemmata="the three" isprenominal="false" pos="dt cd" mmax_level="markable" />
<markable id="markable_145" span="word_587" sentenceid="72" label="np" min_ids="word_587..word_587" type="chunk" lemmata="boy" isprenominal="false" pos="nns" mmax_level="markable" />
<markable id="markable_146" span="word_589..word_590" sentenceid="72" label="np" min_ids="word_589..word_590" type="chunk" lemmata="the hat" isprenominal="false" pos="dt nn" mmax_level="markable" />
<markable id="markable_147" span="word_594" sentenceid="73" label="np" min_ids="word_594..word_594" type="chunk" lemmata="he" isprenominal="false" pos="prp" mmax_level="markable" />
<markable id="markable_148" span="word_596" sentenceid="73" label="np" min_ids="word_596..word_596" type="chunk" lemmata="th" isprenominal="false" pos="nn" mmax_level="markable" />
<markable id="markable_149" span="word_598" sentenceid="73" label="np" min_ids="word_598..word_598" type="chunk" lemmata="boy" isprenominal="false" pos="nn" mmax_level="markable" />
<markable id="markable_150" span="word_599..word_600" sentenceid="73" label="np" min_ids="word_599..word_600" type="chunk" lemmata="three pear" isprenominal="false" pos="cd nns" mmax_level="markable" />
<markable id="markable_151" span="word_603" sentenceid="74" label="np" min_ids="word_603..word_603" type="chunk" lemmata="you" isprenominal="false" pos="prp" mmax_level="markable" />
<markable id="markable_152" span="word_608..word_609" sentenceid="74" label="np" min_ids="word_608..word_609" type="chunk" lemmata="a gesture" isprenominal="false" pos="dt nn" mmax_level="markable" />
<markable id="markable_153" span="word_611" sentenceid="74" label="np" min_ids="word_611..word_611" type="chunk" lemmata="thanks" isprenominal="false" pos="nns" mmax_level="markable" />
<markable id="markable_154" span="word_613" sentenceid="75" label="np" min_ids="word_613..word_613" type="chunk" lemmata="he" isprenominal="false" pos="prp" mmax_level="markable" />
<markable id="markable_155" span="word_617..word_618" sentenceid="76" label="np" min_ids="word_617..word_618" type="chunk" lemmata="the boy" isprenominal="false" pos="dt nns" mmax_level="markable" />
<markable id="markable_156" span="word_622..word_623" sentenceid="76" label="np" min_ids="word_622..word_623" type="chunk" lemmata="the way" isprenominal="false" pos="dt nn" mmax_level="markable" />
<markable id="markable_157" span="word_624..word_626" sentenceid="76" label="np" min_ids="word_624..word_626" type="chunk" lemmata="the first boy" isprenominal="false" pos="dt jj nn" mmax_level="markable" />
<markable id="markable_158" span="word_629..word_630" sentenceid="77" label="np" min_ids="word_629..word_630" type="chunk" lemmata="the man" isprenominal="false" pos="dt nn" mmax_level="markable" />
<markable id="markable_159" span="word_638..word_639" sentenceid="78" label="np" min_ids="word_638..word_639" type="chunk" lemmata="the tree" isprenominal="false" pos="dt nn" mmax_level="markable" />
<markable id="markable_194" span="word_643" sentenceid="79" label="np" type="chunk" lemmata="um" isprenominal="true" pos="nn" mmax_level="markable" />
<markable id="markable_160" span="word_646" sentenceid="79" label="np" min_ids="word_646..word_646" type="chunk" lemmata="pear" isprenominal="false" pos="nns" mmax_level="markable" />
<markable id="markable_161" span="word_650..word_653" sentenceid="79" label="np" min_ids="word_650..word_653" type="chunk" lemmata="the two remain basket" isprenominal="false" pos="dt cd vbg nns" mmax_level="markable" />
<markable id="markable_162" span="word_654" sentenceid="80" label="np" min_ids="word_654..word_654" type="chunk" lemmata="he" isprenominal="false" pos="prp" mmax_level="markable" />
<markable id="markable_163" span="word_657..word_659" sentenceid="80" label="np" min_ids="word_657..word_659" type="chunk" lemmata="the third basket" isprenominal="false" pos="dt jj nn" mmax_level="markable" />
<markable id="markable_164" span="word_665..word_668" sentenceid="81" label="np" min_ids="word_665..word_668" type="chunk" lemmata="just about this time" isprenominal="false" pos="rb rb dt nn" mmax_level="markable" />
<markable id="markable_165" span="word_669" sentenceid="82" label="np" min_ids="word_669..word_669" type="chunk" lemmata="he" isprenominal="false" pos="prp" mmax_level="markable" />
<markable id="markable_166" span="word_675..word_678" sentenceid="82" label="np" min_ids="word_675..word_678" type="chunk" lemmata="a little um kind" isprenominal="false" pos="dt jj jj nn" mmax_level="markable" />
<markable id="markable_167" span="word_680..word_683" sentenceid="82" label="np" min_ids="word_680..word_683" type="chunk" lemmata="visibly a little upset" isprenominal="false" pos="rb dt jj nn" mmax_level="markable" />
<markable id="markable_168" span="word_686..word_688" sentenceid="83" label="np" min_ids="word_686..word_688" type="chunk" lemmata="these three boy" isprenominal="false" pos="dt cd nns" mmax_level="markable" />
<markable id="markable_169" span="word_693..word_694" sentenceid="84" label="np" min_ids="word_693..word_694" type="chunk" lemmata="they each" isprenominal="false" pos="prp dt" mmax_level="markable" />
<markable id="markable_170" span="word_696..word_697" sentenceid="84" label="np" min_ids="word_696..word_697" type="chunk" lemmata="a pear" isprenominal="false" pos="dt nn" mmax_level="markable" />
<markable id="markable_171" span="word_699" sentenceid="84" label="np" min_ids="word_699..word_699" type="chunk" lemmata="hand" isprenominal="false" pos="nns" mmax_level="markable" />
<markable id="markable_172" span="word_701" sentenceid="85" label="np" min_ids="word_701..word_701" type="chunk" lemmata="he" isprenominal="false" pos="prp" mmax_level="markable" />
<markable id="markable_173" span="word_707" sentenceid="85" label="np" min_ids="word_707..word_707" type="chunk" lemmata="they" isprenominal="false" pos="prp" mmax_level="markable" />
<markable id="markable_174" span="word_711..word_712" sentenceid="86" label="np" min_ids="word_711..word_712" type="chunk" lemmata="a connection" isprenominal="false" pos="dt nn" mmax_level="markable" />
<markable id="markable_175" span="word_715" sentenceid="86" label="np" min_ids="word_715..word_715" type="chunk" lemmata="they" isprenominal="false" pos="prp" mmax_level="markable" />
<markable id="markable_176" span="word_717..word_718" sentenceid="86" label="np" min_ids="word_717..word_718" type="chunk" lemmata="the pear" isprenominal="false" pos="dt nns" mmax_level="markable" />
<markable id="markable_177" span="word_721" sentenceid="87" label="np" min_ids="word_721..word_721" type="chunk" lemmata="they" isprenominal="false" pos="prp" mmax_level="markable" />
<markable id="markable_178" span="word_723" sentenceid="87" label="np" min_ids="word_723..word_723" type="chunk" lemmata="pear" isprenominal="false" pos="nns" mmax_level="markable" />
<markable id="markable_179" span="word_724" sentenceid="88" label="np" min_ids="word_724..word_724" type="chunk" lemmata="you" isprenominal="false" pos="prp" mmax_level="markable" />
<markable id="markable_180" span="word_733" sentenceid="88" label="np" min_ids="word_733..word_733" type="chunk" lemmata="you" isprenominal="false" pos="prp" mmax_level="markable" />
<markable id="markable_181" span="word_737..word_738" sentenceid="88" label="np" min_ids="word_737..word_738" type="chunk" lemmata="the man" isprenominal="false" pos="dt nn" mmax_level="markable" />
<markable id="markable_182" span="word_740" sentenceid="89" label="np" min_ids="word_740..word_740" type="chunk" lemmata="i" isprenominal="false" pos="prp" mmax_level="markable" />
<markable id="markable_183" span="word_744" sentenceid="89" label="np" min_ids="word_744..word_744" type="chunk" lemmata="it" isprenominal="false" pos="prp" mmax_level="markable" />
<markable id="markable_184" span="word_745" sentenceid="90" label="np" min_ids="word_745..word_745" type="chunk" lemmata="it" isprenominal="false" pos="prp" mmax_level="markable" />
</markables>
