<?xml version="1.0" encoding="MacRoman"?>
<!DOCTYPE markables SYSTEM "markables.dtd">
<markables xmlns="www.eml.org/NameSpaces/sentence">
<markable id="markable_0" span="word_1..word_2" orderid="0" mmax_level="sentence" />
<markable id="markable_1" span="word_3..word_5" orderid="1" mmax_level="sentence" />
<markable id="markable_2" span="word_6..word_8" orderid="2" mmax_level="sentence" />
<markable id="markable_3" span="word_9..word_12" orderid="3" mmax_level="sentence" />
<markable id="markable_4" span="word_13..word_16" orderid="4" mmax_level="sentence" />
<markable id="markable_5" span="word_17..word_26" orderid="5" mmax_level="sentence" />
<markable id="markable_6" span="word_27..word_32" orderid="6" mmax_level="sentence" />
<markable id="markable_7" span="word_33..word_36" orderid="7" mmax_level="sentence" />
<markable id="markable_8" span="word_37..word_41" orderid="8" mmax_level="sentence" />
<markable id="markable_9" span="word_42..word_58" orderid="9" mmax_level="sentence" />
<markable id="markable_10" span="word_59..word_66" orderid="10" mmax_level="sentence" />
<markable id="markable_11" span="word_67..word_69" orderid="11" mmax_level="sentence" />
<markable id="markable_12" span="word_70..word_79" orderid="12" mmax_level="sentence" />
<markable id="markable_13" span="word_80..word_86" orderid="13" mmax_level="sentence" />
<markable id="markable_14" span="word_87..word_96" orderid="14" mmax_level="sentence" />
<markable id="markable_15" span="word_97..word_100" orderid="15" mmax_level="sentence" />
<markable id="markable_16" span="word_101..word_106" orderid="16" mmax_level="sentence" />
<markable id="markable_17" span="word_107..word_110" orderid="17" mmax_level="sentence" />
<markable id="markable_18" span="word_111..word_123" orderid="18" mmax_level="sentence" />
<markable id="markable_19" span="word_124..word_125" orderid="19" mmax_level="sentence" />
<markable id="markable_20" span="word_126..word_133" orderid="20" mmax_level="sentence" />
<markable id="markable_21" span="word_134..word_145" orderid="21" mmax_level="sentence" />
<markable id="markable_22" span="word_146..word_149" orderid="22" mmax_level="sentence" />
<markable id="markable_23" span="word_150..word_151" orderid="23" mmax_level="sentence" />
<markable id="markable_24" span="word_152..word_157" orderid="24" mmax_level="sentence" />
<markable id="markable_25" span="word_158..word_168" orderid="25" mmax_level="sentence" />
<markable id="markable_26" span="word_169..word_173" orderid="26" mmax_level="sentence" />
<markable id="markable_27" span="word_174..word_182" orderid="27" mmax_level="sentence" />
<markable id="markable_28" span="word_183..word_187" orderid="28" mmax_level="sentence" />
<markable id="markable_29" span="word_188..word_193" orderid="29" mmax_level="sentence" />
<markable id="markable_30" span="word_194..word_197" orderid="30" mmax_level="sentence" />
<markable id="markable_31" span="word_198..word_200" orderid="31" mmax_level="sentence" />
<markable id="markable_32" span="word_201..word_210" orderid="32" mmax_level="sentence" />
<markable id="markable_33" span="word_211..word_220" orderid="33" mmax_level="sentence" />
<markable id="markable_34" span="word_221..word_231" orderid="34" mmax_level="sentence" />
<markable id="markable_35" span="word_232..word_248" orderid="35" mmax_level="sentence" />
<markable id="markable_36" span="word_249..word_261" orderid="36" mmax_level="sentence" />
<markable id="markable_37" span="word_262..word_272" orderid="37" mmax_level="sentence" />
<markable id="markable_38" span="word_273..word_278" orderid="38" mmax_level="sentence" />
<markable id="markable_39" span="word_279..word_291" orderid="39" mmax_level="sentence" />
<markable id="markable_40" span="word_292..word_300" orderid="40" mmax_level="sentence" />
<markable id="markable_41" span="word_301..word_305" orderid="41" mmax_level="sentence" />
<markable id="markable_42" span="word_306..word_308" orderid="42" mmax_level="sentence" />
<markable id="markable_43" span="word_309..word_316" orderid="43" mmax_level="sentence" />
<markable id="markable_44" span="word_317..word_320" orderid="44" mmax_level="sentence" />
<markable id="markable_45" span="word_321..word_327" orderid="45" mmax_level="sentence" />
<markable id="markable_46" span="word_328..word_336" orderid="46" mmax_level="sentence" />
<markable id="markable_47" span="word_337..word_347" orderid="47" mmax_level="sentence" />
<markable id="markable_48" span="word_348..word_370" orderid="48" mmax_level="sentence" />
<markable id="markable_49" span="word_371..word_384" orderid="49" mmax_level="sentence" />
<markable id="markable_50" span="word_385..word_397" orderid="50" mmax_level="sentence" />
<markable id="markable_51" span="word_398..word_400" orderid="51" mmax_level="sentence" />
<markable id="markable_52" span="word_401..word_408" orderid="52" mmax_level="sentence" />
<markable id="markable_53" span="word_409..word_418" orderid="53" mmax_level="sentence" />
<markable id="markable_54" span="word_419..word_431" orderid="54" mmax_level="sentence" />
<markable id="markable_55" span="word_432..word_436" orderid="55" mmax_level="sentence" />
<markable id="markable_56" span="word_437..word_441" orderid="56" mmax_level="sentence" />
<markable id="markable_57" span="word_442..word_456" orderid="57" mmax_level="sentence" />
<markable id="markable_58" span="word_457..word_461" orderid="58" mmax_level="sentence" />
<markable id="markable_59" span="word_462..word_469" orderid="59" mmax_level="sentence" />
<markable id="markable_60" span="word_470..word_489" orderid="60" mmax_level="sentence" />
<markable id="markable_61" span="word_490..word_499" orderid="61" mmax_level="sentence" />
<markable id="markable_62" span="word_500..word_514" orderid="62" mmax_level="sentence" />
<markable id="markable_63" span="word_515..word_525" orderid="63" mmax_level="sentence" />
<markable id="markable_64" span="word_526..word_533" orderid="64" mmax_level="sentence" />
<markable id="markable_65" span="word_534..word_549" orderid="65" mmax_level="sentence" />
<markable id="markable_66" span="word_550..word_554" orderid="66" mmax_level="sentence" />
<markable id="markable_67" span="word_555..word_564" orderid="67" mmax_level="sentence" />
<markable id="markable_68" span="word_565..word_571" orderid="68" mmax_level="sentence" />
<markable id="markable_69" span="word_572..word_574" orderid="69" mmax_level="sentence" />
<markable id="markable_70" span="word_575..word_578" orderid="70" mmax_level="sentence" />
<markable id="markable_71" span="word_579..word_581" orderid="71" mmax_level="sentence" />
<markable id="markable_72" span="word_582..word_591" orderid="72" mmax_level="sentence" />
<markable id="markable_73" span="word_592..word_600" orderid="73" mmax_level="sentence" />
<markable id="markable_74" span="word_601..word_611" orderid="74" mmax_level="sentence" />
<markable id="markable_75" span="word_612..word_615" orderid="75" mmax_level="sentence" />
<markable id="markable_76" span="word_616..word_627" orderid="76" mmax_level="sentence" />
<markable id="markable_77" span="word_628..word_634" orderid="77" mmax_level="sentence" />
<markable id="markable_78" span="word_635..word_639" orderid="78" mmax_level="sentence" />
<markable id="markable_79" span="word_640..word_653" orderid="79" mmax_level="sentence" />
<markable id="markable_80" span="word_654..word_661" orderid="80" mmax_level="sentence" />
<markable id="markable_81" span="word_662..word_668" orderid="81" mmax_level="sentence" />
<markable id="markable_82" span="word_669..word_683" orderid="82" mmax_level="sentence" />
<markable id="markable_83" span="word_684..word_691" orderid="83" mmax_level="sentence" />
<markable id="markable_84" span="word_692..word_699" orderid="84" mmax_level="sentence" />
<markable id="markable_85" span="word_700..word_707" orderid="85" mmax_level="sentence" />
<markable id="markable_86" span="word_708..word_718" orderid="86" mmax_level="sentence" />
<markable id="markable_87" span="word_719..word_723" orderid="87" mmax_level="sentence" />
<markable id="markable_88" span="word_724..word_738" orderid="88" mmax_level="sentence" />
<markable id="markable_89" span="word_739..word_744" orderid="89" mmax_level="sentence" />
<markable id="markable_90" span="word_745..word_747" orderid="90" mmax_level="sentence" />
</markables>
