<?xml version="1.0" encoding="MacRoman"?>
<!DOCTYPE markables SYSTEM "markables.dtd">
<markables xmlns="www.eml.org/NameSpaces/parse">
<markable id="markable_0" span="word_1..word_2" tag="(ROOT (NP (NNP Speaker) (CD 9)))" mmax_level="parse" />
<markable id="markable_1" span="word_3" tag="(ROOT (INTJ (UH Okay)))" mmax_level="parse" />
<markable id="markable_2" span="word_4" tag="(ROOT (INTJ (UH tsk)))" mmax_level="parse" />
<markable id="markable_3" span="word_5..word_8" tag="(ROOT (S (NP (EX There)) (VP (VBZ 's) (NP (DT a) (NN farmer)))))" mmax_level="parse" />
<markable id="markable_4" span="word_9..word_15" tag="(ROOT (S (NP (PRP he)) (VP (VBZ looks) (PP (IN like) (NP (DT a) (UH uh) (NNP Chicano) (NNP American))))))" mmax_level="parse" />
<markable id="markable_5" span="word_16..word_19" tag="(ROOT (S (NP (PRP he)) (VP (VBZ is) (VP (VBG picking) (NP (NNS pears))))))" mmax_level="parse" />
<markable id="markable_6" span="word_20..word_26" tag="(ROOT (S (CC And) (ADVP (RB um)) (NP (PRP he)) (VP (VBZ 's) (ADVP (RB just)) (VP (VBG picking) (NP (PRP them))))))" mmax_level="parse" />
<markable id="markable_7" span="word_27..word_32" tag="(ROOT (S (NP (PRP he)) (VP (VBZ comes) (PRT (RP off)) (PP (IN of) (NP (DT the) (NN ladder))))))" mmax_level="parse" />
<markable id="markable_8" span="word_33..word_39" tag="(ROOT (S (NP (NNP and) (NN heuh)) (VP (VBZ puts) (NP (NNS pears)) (PP (IN into) (NP (DT the) (NN basket))))))" mmax_level="parse" />
<markable id="markable_9" span="word_40..word_47" tag="(ROOT (SQ (VBD Uh) (NP (NP (DT a) (NN number)) (PP (IN of) (NP (NNS people)))) (VP (VBP are) (VP (VBG going) (PP (IN by))))))" mmax_level="parse" />
<markable id="markable_10" span="word_48..word_57" tag="(ROOT (SQ (PP (CC and) (NP (CD one))) (VBZ is) (ADVP (RB um)) (NP (PRP you)) (VP (VBP know) (SBAR (S (NP (PRP I)) (VP (VBP do) (RB n't) (VP (VB know))))))))" mmax_level="parse" />
<markable id="markable_11" span="word_58..word_71" tag="(ROOT (S (NP (PRP I)) (VP (MD can) (RB n't) (VP (VB remember) (NP (NP (DT the) (JJ first) (NN thing)) (PP (IN that) (NP (NP (DT the) (JJ first) (NN person)) (SBAR (WHNP (WDT that)) (S (VP (VBZ goes) (PP (IN by))))))))))))" mmax_level="parse" />
<markable id="markable_12" span="word_72..word_82" tag="(ROOT (FRAG (NP (INTJ (UH Oh))) (X (X (SYM a)) (S (NP (PRP I)) (ADJP (JJ um)) (SBAR (S (NP (NP (DT a) (NN man)) (PP (IN with) (NP (DT a) (NN goat)))) (VP (VBZ comes) (PRT (RP by)))))))))" mmax_level="parse" />
<markable id="markable_13" span="word_83..word_91" tag="(ROOT (S (NP (PRP It)) (VP (VBP see) (SBAR (S (NP (PRP it)) (VP (VBZ seems) (S (VP (TO to) (VP (VB be) (NP (DT a) (JJ busy) (NN place)))))))))))" mmax_level="parse" />
<markable id="markable_14" span="word_92..word_95" tag="(ROOT (S (NP (PRP You)) (VP (VBP know) (S (ADJP (RB fairly) (JJ busy))))))" mmax_level="parse" />
<markable id="markable_15" span="word_96..word_101" tag="(ROOT (S (NP (PRP it)) (VP (VBZ 's) (PP (IN out) (PP (IN in) (NP (DT the) (NN country)))))))" mmax_level="parse" />
<markable id="markable_16" span="word_102..word_109" tag="(ROOT (X (X (PP (RB maybe) (IN in) (NP (NN um) (NNS uh)))) (NP (NP (DT the) (NN valley)) (CC or) (NP (NN something)))))" mmax_level="parse" />
<markable id="markable_17" span="word_110..word_117" tag="(ROOT (S (NP (DT A) (NN nd)) (VP (VBP um) (SBAR (S (NP (PRP he)) (VP (VBZ goes) (PRT (RP up)) (NP (DT the) (NN ladder))))))))" mmax_level="parse" />
<markable id="markable_18" span="word_118..word_127" tag="(ROOT (X (CC and) (VP (VBZ picks) (NP (DT some) (JJR more) (NN pearsAnd))) (S (NP (PRP he)) (VP (VBZ 's) (ADVP (RP up) (RB there)))) (NP (NN picking))))" mmax_level="parse" />
<markable id="markable_19" span="word_128..word_134" tag="(ROOT (X (CC and) (S (NP (DT a) (JJ little) (NN boy)) (VP (VBZ comes) (PP (IN on) (NP (NN bicycle)))))))" mmax_level="parse" />
<markable id="markable_20" span="word_135..word_145" tag="(ROOT (S (CC And) (NP (PRP he)) (VP (VBZ sees) (ADJP (JJ um)) (SBAR (IN that) (S (NP (EX there)) (VP (VBP are) (NP (NP (NNS baskets)) (PP (IN of) (NP (NP (NNS pears)) (ADVP (RB there)))))))))))" mmax_level="parse" />
<markable id="markable_21" span="word_146..word_158" tag="(ROOT (ADJP (JJ T) (SBAR (IN so) (S (NP (PRP he)) (VP (VBZ gets) (NP (DT an) (NN idea)) (SBAR (IN that) (S (ADVP (RB maybe)) (NP (PRP he)) (VP (MD 'll) (VP (VB get) (PRT (RP off)) (NP (NN bicycle)))))))))))" mmax_level="parse" />
<markable id="markable_22" span="word_159..word_161" tag="(ROOT (X (CC and) (S (VP (VBP get) (NP (CD one))))))" mmax_level="parse" />
<markable id="markable_23" span="word_162..word_166" tag="(ROOT (S (CC And) (NP (PRP he)) (VP (VBZ gets) (PRT (RP off)) (NP (NN bicycle)))))" mmax_level="parse" />
<markable id="markable_24" span="word_167..word_171" tag="(ROOT (S (NP (CC and) (PRP he) (PRP he)) (VP (VBZ takes) (NP (CD one)))))" mmax_level="parse" />
<markable id="markable_25" span="word_172..word_179" tag="(ROOT (FRAG (CC and) (RB then) (S (NP (PRP he)) (VP (VBZ says) (S (ADVP (RB well)) (VP (VB wait) (NP (DT a) (NN minute))))))))" mmax_level="parse" />
<markable id="markable_26" span="word_180" tag="(ROOT (INTJ (UH Well)))" mmax_level="parse" />
<markable id="markable_27" span="word_181..word_185" tag="(ROOT (S (NP (PRP he)) (VP (VBZ says) (NP (PRP it)) (PP (TO to) (NP (PRP himself))))))" mmax_level="parse" />
<markable id="markable_28" span="word_186..word_191" tag="(ROOT (S (NP (EX There)) (VP (VBZ 's) (NP (NP (DT no) (NN language)) (PP (IN in) (NP (PRP it)))))))" mmax_level="parse" />
<markable id="markable_29" span="word_192..word_203" tag="(ROOT (SQ (VBD Uh) (NP (PRP he)) (VP (VBZ says) (INTJ (UH uh) (UH Well)) (S (ADVP (RB maybe)) (NP (PRP I)) (VP (MD 'll) (VP (VB take) (NP (DT the) (JJ whole) (NN basket))))))))" mmax_level="parse" />
<markable id="markable_30" span="word_204..word_209" tag="(ROOT (S (IN So) (NP (PRP he)) (VP (VBZ picks) (PRT (RP up)) (NP (DT the) (NN basket)))))" mmax_level="parse" />
<markable id="markable_31" span="word_210..word_220" tag="(ROOT (S (NP (CC and)) (VP (VBZ makes) (S (ADJP (JJ sure)) (SBAR (IN that) (S (NP (DT the) (NN farmer)) (VP (VBZ is) (RB n't) (VP (VBG looking) (PP (IN at) (NP (PRP him)))))))))))" mmax_level="parse" />
<markable id="markable_32" span="word_221..word_229" tag="(ROOT (FRAG (CC and) (RB um) (S (NP (NN tsk) (NNS uh)) (VP (VBZ takes) (NP (PRP it)) (ADVP (RB over) (PP (TO to) (NP (NN bicycle))))))))" mmax_level="parse" />
<markable id="markable_33" span="word_230..word_242" tag="(ROOT (S (S (NP (CC and)) (VP (VBZ gets) (PP (IN on) (NP (NN bicycle))))) (CC and) (S (NP (PRP I)) (VP (VBP do) (RB n't) (VP (VB know) (SBAR (WHADVP (WRB how)) (S (NP (PRP he)) (VP (VBZ does) (NP (PRP it))))))))))" mmax_level="parse" />
<markable id="markable_34" span="word_243..word_253" tag="(ROOT (SBAR (IN but) (S (NP (PRP he)) (VP (VBZ puts) (NP (NP (DT the) (DT the) (JJ big) (NN basket)) (PP (IN of) (NP (NNS pears)))) (PP (IN on) (NP (NN bicycle)))))))" mmax_level="parse" />
<markable id="markable_35" span="word_254..word_258" tag="(ROOT (FRAG (ADVP (CC and)) (SBAR (WHADVP (WRB when)) (S (NP (PRP he)) (VP (VBZ drives) (PRT (RP off)))))))" mmax_level="parse" />
<markable id="markable_36" span="word_259..word_266" tag="(ROOT (S (NP (DT the) (NN farmer)) (VP (VBZ does) (RB n't) (VP (VB know) (NP (NP (NN anything)) (PP (IN about) (NP (PRP it))))))))" mmax_level="parse" />
<markable id="markable_37" span="word_267..word_278" tag="(ROOT (SBAR (IN So) (S (NP (DT the) (JJ little) (NN boy)) (NP (DT the) (NN story)) (VP (VBZ focuses) (PP (IN on) (NP (NP (DT the) (JJ little) (NN boy)) (ADVP (RB now))))))))" mmax_level="parse" />
<markable id="markable_38" span="word_279..word_285" tag="(ROOT (S (CC And) (NP (PRP he)) (VP (VBZ 's) (VP (VBG driving) (PRT (RP along)) (NP (DT the) (NN road))))))" mmax_level="parse" />
<markable id="markable_39" span="word_286..word_290" tag="(ROOT (S (NP (CC and)) (VP (VBZ becomes) (PRT (RP up)) (INTJ (UH uh) (UH oh)))))" mmax_level="parse" />
<markable id="markable_40" span="word_291..word_294" tag="(ROOT (S (NP (EX There)) (VP (VBZ 's) (NP (DT another) (NN girl)))))" mmax_level="parse" />
<markable id="markable_41" span="word_295..word_298" tag="(ROOT (S (VP (VBG driving) (PRT (RP on)) (NP (DT a) (NN bicycle)))))" mmax_level="parse" />
<markable id="markable_42" span="word_299..word_300" tag="(ROOT (PP (IN about) (NP (NN age))))" mmax_level="parse" />
<markable id="markable_43" span="word_301..word_303" tag="(ROOT (PP (IN on) (NP (DT the) (NN road))))" mmax_level="parse" />
<markable id="markable_44" span="word_304..word_308" tag="(ROOT (X (CC and) (S (INTJ (UH uh)) (NP (PRP they)) (VP (VBP come) (PRT (RP across))))))" mmax_level="parse" />
<markable id="markable_45" span="word_309..word_315" tag="(ROOT (S (CC and) (NP (PRP they)) (PRN (S (NP (PRP you)) (VP (VBP know)))) (VP (VBP go) (PP (IN like) (NP (DT that))))))" mmax_level="parse" />
<markable id="markable_46" span="word_316..word_324" tag="(ROOT (S (NP (PRP he)) (ADVP (NN sort) (IN of)) (VP (VBZ takes) (NP (NP (DT a) (JJ second) (NN look)) (PP (IN at) (NP (PRP her)))))))" mmax_level="parse" />
<markable id="markable_47" span="word_325..word_330" tag="(ROOT (X (CC and) (S (NP (PRP he)) (VP (VBD bumps) (PP (IN into) (NP (DT a) (NN rock)))))))" mmax_level="parse" />
<markable id="markable_48" span="word_331..word_335" tag="(ROOT (S (NP (CC and)) (VP (VBZ has) (NP (DT a) (JJ little) (NN accident)))))" mmax_level="parse" />
<markable id="markable_49" span="word_336..word_343" tag="(ROOT (UCP (NP (NN tsk)) (CC And) (SBAR (IN um) (S (NP (DT the) (NNS pears)) (VP (VBP fall) (PP (DT all) (IN over)))))))" mmax_level="parse" />
<markable id="markable_50" span="word_344" tag="(ROOT (ADJP (JJ okay)))" mmax_level="parse" />
<markable id="markable_51" span="word_345" tag="(ROOT (INTJ (RB Meanwhile)))" mmax_level="parse" />
<markable id="markable_52" span="word_346..word_350" tag="(ROOT (S (NP (EX there)) (VP (VBP are) (NP (CD three) (JJ little) (NNS boys)))))" mmax_level="parse" />
<markable id="markable_53" span="word_351..word_357" tag="(ROOT (X (ADVP (RP up) (PP (IN on) (NP (DT the) (NN road)))) (NP (DT a) (JJ little) (NN bit))))" mmax_level="parse" />
<markable id="markable_54" span="word_358..word_363" tag="(ROOT (X (CC and) (S (NP (PRP they)) (VP (VBP see) (NP (DT this) (JJ little) (NN accident))))))" mmax_level="parse" />
<markable id="markable_55" span="word_364..word_368" tag="(ROOT (SQ (CC And) (FRAG (INTJ (UH uh))) (S (NP (PRP they)) (VP (VBP come) (PRT (RP over))))))" mmax_level="parse" />
<markable id="markable_56" span="word_369..word_372" tag="(ROOT (X (CC and) (S (NP (PRP they)) (VP (VBP help) (NP (PRP him))))))" mmax_level="parse" />
<markable id="markable_57" span="word_373..word_375" tag="(ROOT (X (CC and) (S (NP (PRP you)) (VP (VBP know)))))" mmax_level="parse" />
<markable id="markable_58" span="word_376..word_383" tag="(ROOT (S (VP (VB help) (S (NP (PRP him)) (VP (VB pick) (PRT (RP up)) (NP (NP (DT the) (NNS pears)) (CC and) (NP (NN everything))))))))" mmax_level="parse" />
<markable id="markable_59" span="word_384..word_398" tag="(ROOT (S (CC And) (NP (DT the) (CD one) (NN thing)) (NP (DT that)) (VP (VBD struck) (NP (PRP me)) (PP (IN about) (NP (NP (DT the) (CD three) (JJ little) (NNS boys)) (SBAR (WHNP (WDT that)) (S (VP (VBD were) (ADVP (RB there))))))))))" mmax_level="parse" />
<markable id="markable_60" span="word_399..word_412" tag="(ROOT (S (VP (VBZ is) (SBAR (IN that) (S (NP (PRP one)) (VP (VBD had) (NP (NP (DT a) (NN uh)) (SBAR (S (NP (PRP I)) (VP (VBP do) (RB n't) (VP (VB know) (SBAR (WHNP (WP what)) (S (NP (PRP you)) (VP (VBP call) (NP (PRP them))))))))))))))))" mmax_level="parse" />
<markable id="markable_61" span="word_413..word_417" tag="(ROOT (SBAR (IN but) (S (NP (PRP it)) (VP (VBZ 's) (NP (DT a) (NN paddle))))))" mmax_level="parse" />
<markable id="markable_62" span="word_418..word_420" tag="(ROOT (PRN (CC and) (NP (DT a) (NN ball))))" mmax_level="parse" />
<markable id="markable_63" span="word_421..word_425" tag="(ROOT (SQ (VBZ is) (VP (VBN attached) (PP (TO to) (NP (DT the) (NN paddle))))))" mmax_level="parse" />
<markable id="markable_64" span="word_426..word_431" tag="(ROOT (X (CC and) (S (NP (PRP you)) (VP (VBP know) (SBAR (S (NP (PRP you)) (VP (VBP bounce) (NP (PRP it)))))))))" mmax_level="parse" />
<markable id="markable_65" span="word_432..word_437" tag="(ROOT (S (CC And) (NP (DT that) (NN sound)) (VP (VBD was) (ADJP (RB reai1y) (JJ prominent)))))" mmax_level="parse" />
<markable id="markable_66" span="word_438" tag="(ROOT (INTJ (UH wellanyway)))" mmax_level="parse" />
<markable id="markable_67" span="word_439..word_446" tag="(ROOT (S (NP (NN |soum)) (VP (VBP tsk) (SBAR (S (NP (PDT all) (DT the) (NNS pears)) (VP (VBP are) (VP (VBN picked) (PRT (RP up)))))))))" mmax_level="parse" />
<markable id="markable_68" span="word_447..word_452" tag="(ROOT (X (CC and) (S (NP (PRP he)) (VP (VBZ 's) (PP (IN on) (NP (NN way))) (ADVP (RB again))))))" mmax_level="parse" />
<markable id="markable_69" span="word_453..word_461" tag="(ROOT (FRAG (X (CC but) (S (NP (NN hat) (NN fe)) (VP (VBZ is) (NP (INTJ (UH uh)))))) (VP (VBZ is) (PP (IN on) (NP (DT the) (JJ okay))))))" mmax_level="parse" />
<markable id="markable_70" span="word_462..word_464" tag="(ROOT (S (VP (VB wait) (NP (DT a) (NN minute.)))))" mmax_level="parse" />
<markable id="markable_71" span="word_465..word_470" tag="(ROOT (X (NP (DT The) (NN boy)) (SBAR (WHNP (WP who)) (S (VP (VBZ has) (NP (DT the) (NNS pears)))))))" mmax_level="parse" />
<markable id="markable_72" span="word_471" tag="(ROOT (NP (NN hat)))" mmax_level="parse" />
<markable id="markable_73" span="word_472..word_477" tag="(ROOT (SQ (VBZ is) (NP (NN way)) (VP (VB back) (PP (IN on) (NP (DT the) (NN road))))))" mmax_level="parse" />
<markable id="markable_74" span="word_478..word_490" tag="(ROOT (FRAG (ADVP (RB so)) (SBAR (WHADVP (WRB when)) (S (NP (DT the) (NNS boys)) (VP (VBP are) (NP (NP (DT the) (CD three)) (SBAR (S (NP (NNS boys)) (VP (VBP are) (VP (VBG walking) (ADVP (IN down) (NP (DT the) (NN road)))))))))))))" mmax_level="parse" />
<markable id="markable_75" span="word_491..word_495" tag="(ROOT (SBAR (IN after) (S (NP (PRP they)) (VP (VBP 've) (VP (VBD helped) (NP (PRP him)))))))" mmax_level="parse" />
<markable id="markable_76" span="word_496..word_502" tag="(ROOT (X (CC and) (S (NP (DT the) (JJ other) (CD one)) (VP (VBZ 's) (PP (IN on) (NP (NN way)))))))" mmax_level="parse" />
<markable id="markable_77" span="word_503..word_513" tag="(ROOT (S (NP (NP (CD one)) (PP (IN of) (NP (PRP them)))) (VP (NNS whistles) (PP (RB back) (PP (TO to) (NP (DT the) (NN guy)))) (PP (IN on) (NP (DT the) (NN bicycle))))))" mmax_level="parse" />
<markable id="markable_78" span="word_514..word_517" tag="(ROOT (S (NP (RB Here)) (VP (VBZ 's) (NP (NP (PRP you)) (NN hat)))))" mmax_level="parse" />
<markable id="markable_79" span="word_518..word_523" tag="(ROOT (S (CC Or) (NP (PRP he)) (NP (PRP I)) (VP (VBP do) (RB n't) (VP (VB know)))))" mmax_level="parse" />
<markable id="markable_80" span="word_524..word_529" tag="(ROOT (X (CC and) (S (NP (PRP he)) (VP (VP (VBZ goes)) (CC and) (VP (VBZ takes) (NP (PRP it)))))))" mmax_level="parse" />
<markable id="markable_81" span="word_530..word_547" tag="(ROOT (S (NP (CC and) (DT the) (JJ little) (NN boy)) (VP (VBZ gives) (NP (PRP him)) (NP (NP (CD three) (JJ pears) (NN sort)) (PP (IN of) (S (VP (TO to) (VP (VB thank) (NP (DT the) (CD three) (NNS boys)) (PP (IN for) (S (VP (VBG helping) (NP (PRP him)))))))))))))" mmax_level="parse" />
<markable id="markable_82" span="word_548..word_553" tag="(ROOT (FRAG (CC And) (INTJ (UH uh)) (IN then) (S (NP (PRP he)) (VP (VBZ goes) (PRT (RP off))))))" mmax_level="parse" />
<markable id="markable_83" span="word_554..word_561" tag="(ROOT (X (CC and) (S (NP (DT that)) (VP (VBZ 's) (NP (NP (DT the) (NN end)) (PP (IN of) (NP (DT that) (NN story))))))))" mmax_level="parse" />
<markable id="markable_84" span="word_562..word_569" tag="(ROOT (FRAG (CC but) (RB then) (S (NP (PRP it)) (VP (VBZ goes) (ADVP (RB back) (PP (TO to) (NP (DT the) (NN farmer))))))))" mmax_level="parse" />
<markable id="markable_85" span="word_570..word_575" tag="(ROOT (S (ADVP (RB Finally)) (NP (PRP he)) (VP (VBZ comes) (PRT (RP down)) (PP (IN from) (NP (NN tree))))))" mmax_level="parse" />
<markable id="markable_86" span="word_576..word_582" tag="(ROOT (X (CC and) (S (INTJ (UH uh)) (NP (PRP he)) (VP (VBZ looks) (PP (IN at) (NP (DT the) (NNS baskets)))))))" mmax_level="parse" />
<markable id="markable_87" span="word_583..word_587" tag="(ROOT (X (CC and) (S (NP (EX there)) (VP (VBZ 's) (NP (NP (CD one)) (SBAR (S (VBG missing))))))))" mmax_level="parse" />
<markable id="markable_88" span="word_588..word_591" tag="(ROOT (X (CC and) (S (NP (PRP he)) (VP (VBZ counts) (NP (PRP them))))))" mmax_level="parse" />
<markable id="markable_89" span="word_592..word_602" tag="(ROOT (X (CC and) (S (INTJ (UH uh)) (NP (PRP he)) (VP (VBZ does) (RB n't) (VP (VB know) (SBAR (WHNP (WP what)) (S (VP (VBZ 's) (VP (VBN happened) (ADVP (IN at) (DT all)))))))))))" mmax_level="parse" />
<markable id="markable_90" span="word_603..word_614" tag="(ROOT (X (CC And) (NP (DT the) (CD three)) (NP (NP (NNS boys)) (SBAR (WHNP (WP who)) (S (VP (VBD helped) (NP (DT the) (JJ other) (CD one)) (PP (IN on) (NP (DT the) (NN bicycle)))))))))" mmax_level="parse" />
<markable id="markable_91" span="word_615..word_625" tag="(ROOT (S (VP (VBZ comes) (PRT (RP up)) (S (INTJ (UH uh)) (VP (VB come) (PRT (RP up)) (PP (TO to) (SBAR (WHADVP (RB near) (WRB where)) (S (NP (DT the) (NN farmer)) (VP (VBZ is))))))))))" mmax_level="parse" />
<markable id="markable_92" span="word_626..word_630" tag="(ROOT (FRAG (X (CC and) (S (NP (PRP they)) (VP (VBP 're) (VP (VBG eating))))) (NP (NNS pears))))" mmax_level="parse" />
<markable id="markable_93" span="word_631..word_640" tag="(ROOT (S (CC And) (NP (DT the) (NN farmer)) (ADVP (NN sort) (IN of)) (VP (VBZ looks) (PP (IN at) (NP (PRP them))) (PP (IN like) (NP (NNP Hmmm))))))" mmax_level="parse" />
<markable id="markable_94" span="word_641..word_646" tag="(ROOT (SBARQ (WHADVP (WRB how)) (SQ (VBD did) (NP (PRP they)) (VP (VB get) (NP (DT those) (NNS pears))))))" mmax_level="parse" />
<markable id="markable_95" span="word_647..word_654" tag="(ROOT (S (CC And) (NP (DT that)) (VP (VBZ 's) (NP (NP (DT the) (NN end)) (PP (IN of) (NP (DT the) (NN story)))))))" mmax_level="parse" />
</markables>
