<?xml version="1.0" encoding="MacRoman"?>
<!DOCTYPE markables SYSTEM "markables.dtd">
<markables xmlns="www.eml.org/NameSpaces/chunk">
<markable id="markable_0" span="word_1..word_2" tag="np" mmax_level="chunk" />
<markable id="markable_1" span="word_4" tag="np" mmax_level="chunk" />
<markable id="markable_2" span="word_11..word_12" tag="np" mmax_level="chunk" />
<markable id="markable_3" span="word_15..word_16" tag="np" mmax_level="chunk" />
<markable id="markable_4" span="word_19" tag="np" mmax_level="chunk" />
<markable id="markable_5" span="word_30" tag="np" mmax_level="chunk" />
<markable id="markable_6" span="word_34" tag="np" mmax_level="chunk" />
<markable id="markable_7" span="word_38..word_39" tag="np" mmax_level="chunk" />
<markable id="markable_8" span="word_41..word_42" tag="np" mmax_level="chunk" />
<markable id="markable_9" span="word_44" tag="np" mmax_level="chunk" />
<markable id="markable_10" span="word_49" tag="np" mmax_level="chunk" />
<markable id="markable_11" span="word_52..word_53" tag="np" mmax_level="chunk" />
<markable id="markable_12" span="word_57..word_58" tag="np" mmax_level="chunk" />
<markable id="markable_13" span="word_61..word_62" tag="np" mmax_level="chunk" />
<markable id="markable_14" span="word_65..word_66" tag="np" mmax_level="chunk" />
<markable id="markable_15" span="word_70..word_71" tag="np" mmax_level="chunk" />
<markable id="markable_16" span="word_76" tag="np" mmax_level="chunk" />
<markable id="markable_17" span="word_81..word_82" tag="np" mmax_level="chunk" />
<markable id="markable_18" span="word_84" tag="np" mmax_level="chunk" />
<markable id="markable_19" span="word_86" tag="np" mmax_level="chunk" />
<markable id="markable_20" span="word_87" tag="np" mmax_level="chunk" />
<markable id="markable_21" span="word_90..word_91" tag="np" mmax_level="chunk" />
<markable id="markable_22" span="word_97..word_98" tag="np" mmax_level="chunk" />
<markable id="markable_23" span="word_100..word_101" tag="np" mmax_level="chunk" />
<markable id="markable_24" span="word_103" tag="np" mmax_level="chunk" />
<markable id="markable_25" span="word_105..word_107" tag="np" mmax_level="chunk" />
<markable id="markable_26" span="word_109..word_110" tag="np" mmax_level="chunk" />
<markable id="markable_27" span="word_113" tag="np" mmax_level="chunk" />
<markable id="markable_28" span="word_116..word_117" tag="np" mmax_level="chunk" />
<markable id="markable_29" span="word_123..word_124" tag="np" mmax_level="chunk" />
<markable id="markable_30" span="word_127..word_128" tag="np" mmax_level="chunk" />
<markable id="markable_31" span="word_130..word_131" tag="np" mmax_level="chunk" />
<markable id="markable_32" span="word_132..word_135" tag="np" mmax_level="chunk" />
<markable id="markable_33" span="word_138" tag="np" mmax_level="chunk" />
<markable id="markable_34" span="word_140" tag="np" mmax_level="chunk" />
<markable id="markable_35" span="word_143..word_144" tag="np" mmax_level="chunk" />
<markable id="markable_36" span="word_147" tag="np" mmax_level="chunk" />
<markable id="markable_37" span="word_150..word_151" tag="np" mmax_level="chunk" />
<markable id="markable_38" span="word_153" tag="np" mmax_level="chunk" />
<markable id="markable_39" span="word_155" tag="np" mmax_level="chunk" />
<markable id="markable_40" span="word_158" tag="np" mmax_level="chunk" />
<markable id="markable_41" span="word_160" tag="np" mmax_level="chunk" />
<markable id="markable_42" span="word_162" tag="np" mmax_level="chunk" />
<markable id="markable_43" span="word_164" tag="np" mmax_level="chunk" />
<markable id="markable_44" span="word_166" tag="np" mmax_level="chunk" />
<markable id="markable_45" span="word_169" tag="np" mmax_level="chunk" />
<markable id="markable_46" span="word_172" tag="np" mmax_level="chunk" />
<markable id="markable_47" span="word_175" tag="np" mmax_level="chunk" />
<markable id="markable_48" span="word_177" tag="np" mmax_level="chunk" />
<markable id="markable_49" span="word_179" tag="np" mmax_level="chunk" />
<markable id="markable_50" span="word_181..word_183" tag="np" mmax_level="chunk" />
<markable id="markable_51" span="word_184" tag="np" mmax_level="chunk" />
<markable id="markable_52" span="word_185..word_186" tag="np" mmax_level="chunk" />
<markable id="markable_53" span="word_187" tag="np" mmax_level="chunk" />
<markable id="markable_54" span="word_192..word_193" tag="np" mmax_level="chunk" />
<markable id="markable_55" span="word_194" tag="np" mmax_level="chunk" />
<markable id="markable_56" span="word_196..word_197" tag="np" mmax_level="chunk" />
<markable id="markable_57" span="word_201" tag="np" mmax_level="chunk" />
<markable id="markable_58" span="word_203..word_205" tag="np" mmax_level="chunk" />
<markable id="markable_59" span="word_208..word_209" tag="np" mmax_level="chunk" />
<markable id="markable_60" span="word_210" tag="np" mmax_level="chunk" />
<markable id="markable_61" span="word_213..word_215" tag="np" mmax_level="chunk" />
<markable id="markable_62" span="word_216" tag="np" mmax_level="chunk" />
<markable id="markable_63" span="word_219..word_220" tag="np" mmax_level="chunk" />
<markable id="markable_64" span="word_222" tag="np" mmax_level="chunk" />
<markable id="markable_65" span="word_225" tag="np" mmax_level="chunk" />
<markable id="markable_66" span="word_227..word_229" tag="np" mmax_level="chunk" />
<markable id="markable_67" span="word_231" tag="np" mmax_level="chunk" />
<markable id="markable_68" span="word_233" tag="np" mmax_level="chunk" />
<markable id="markable_69" span="word_237..word_238" tag="np" mmax_level="chunk" />
<markable id="markable_70" span="word_240..word_241" tag="np" mmax_level="chunk" />
<markable id="markable_71" span="word_242" tag="np" mmax_level="chunk" />
<markable id="markable_72" span="word_246" tag="np" mmax_level="chunk" />
<markable id="markable_73" span="word_249" tag="np" mmax_level="chunk" />
<markable id="markable_74" span="word_251" tag="np" mmax_level="chunk" />
<markable id="markable_75" span="word_253..word_254" tag="np" mmax_level="chunk" />
<markable id="markable_76" span="word_257" tag="np" mmax_level="chunk" />
<markable id="markable_77" span="word_258" tag="np" mmax_level="chunk" />
<markable id="markable_78" span="word_260" tag="np" mmax_level="chunk" />
<markable id="markable_79" span="word_262" tag="np" mmax_level="chunk" />
<markable id="markable_80" span="word_265" tag="np" mmax_level="chunk" />
<markable id="markable_81" span="word_266" tag="np" mmax_level="chunk" />
<markable id="markable_82" span="word_268" tag="np" mmax_level="chunk" />
<markable id="markable_83" span="word_272" tag="np" mmax_level="chunk" />
<markable id="markable_84" span="word_274" tag="np" mmax_level="chunk" />
<markable id="markable_85" span="word_277" tag="np" mmax_level="chunk" />
<markable id="markable_86" span="word_281..word_283" tag="np" mmax_level="chunk" />
<markable id="markable_87" span="word_285..word_286" tag="np" mmax_level="chunk" />
<markable id="markable_88" span="word_288..word_289" tag="np" mmax_level="chunk" />
<markable id="markable_89" span="word_290" tag="np" mmax_level="chunk" />
<markable id="markable_90" span="word_294" tag="np" mmax_level="chunk" />
</markables>
