<?xml version="1.0" encoding="MacRoman"?>
<!DOCTYPE markables SYSTEM "markables.dtd">
<markables xmlns="www.eml.org/NameSpaces/sentence">
<markable id="markable_0" span="word_1..word_2" orderid="0" mmax_level="sentence" />
<markable id="markable_1" span="word_3" orderid="1" mmax_level="sentence" />
<markable id="markable_2" span="word_4..word_9" orderid="2" mmax_level="sentence" />
<markable id="markable_3" span="word_10..word_18" orderid="3" mmax_level="sentence" />
<markable id="markable_4" span="word_19..word_32" orderid="4" mmax_level="sentence" />
<markable id="markable_5" span="word_33..word_49" orderid="5" mmax_level="sentence" />
<markable id="markable_6" span="word_50..word_54" orderid="6" mmax_level="sentence" />
<markable id="markable_7" span="word_55..word_69" orderid="7" mmax_level="sentence" />
<markable id="markable_8" span="word_70..word_75" orderid="8" mmax_level="sentence" />
<markable id="markable_9" span="word_76..word_80" orderid="9" mmax_level="sentence" />
<markable id="markable_10" span="word_81..word_86" orderid="10" mmax_level="sentence" />
<markable id="markable_11" span="word_87..word_92" orderid="11" mmax_level="sentence" />
<markable id="markable_12" span="word_93..word_102" orderid="12" mmax_level="sentence" />
<markable id="markable_13" span="word_103..word_112" orderid="13" mmax_level="sentence" />
<markable id="markable_14" span="word_113..word_118" orderid="14" mmax_level="sentence" />
<markable id="markable_15" span="word_119..word_123" orderid="15" mmax_level="sentence" />
<markable id="markable_16" span="word_124..word_129" orderid="16" mmax_level="sentence" />
<markable id="markable_17" span="word_130..word_152" orderid="17" mmax_level="sentence" />
<markable id="markable_18" span="word_153..word_155" orderid="18" mmax_level="sentence" />
<markable id="markable_19" span="word_156..word_167" orderid="19" mmax_level="sentence" />
<markable id="markable_20" span="word_168..word_176" orderid="20" mmax_level="sentence" />
<markable id="markable_21" span="word_177..word_180" orderid="21" mmax_level="sentence" />
<markable id="markable_22" span="word_181..word_183" orderid="22" mmax_level="sentence" />
<markable id="markable_23" span="word_184..word_194" orderid="23" mmax_level="sentence" />
<markable id="markable_24" span="word_195..word_199" orderid="24" mmax_level="sentence" />
<markable id="markable_25" span="word_200..word_210" orderid="25" mmax_level="sentence" />
<markable id="markable_26" span="word_211..word_213" orderid="26" mmax_level="sentence" />
<markable id="markable_27" span="word_214..word_216" orderid="27" mmax_level="sentence" />
<markable id="markable_28" span="word_217..word_234" orderid="28" mmax_level="sentence" />
<markable id="markable_29" span="word_235..word_241" orderid="29" mmax_level="sentence" />
<markable id="markable_30" span="word_242..word_248" orderid="30" mmax_level="sentence" />
<markable id="markable_31" span="word_249..word_255" orderid="31" mmax_level="sentence" />
<markable id="markable_32" span="word_256..word_268" orderid="32" mmax_level="sentence" />
<markable id="markable_33" span="word_269..word_279" orderid="33" mmax_level="sentence" />
<markable id="markable_34" span="word_280..word_283" orderid="34" mmax_level="sentence" />
<markable id="markable_35" span="word_284..word_288" orderid="35" mmax_level="sentence" />
<markable id="markable_36" span="word_289..word_295" orderid="36" mmax_level="sentence" />
<markable id="markable_37" span="word_296..word_301" orderid="37" mmax_level="sentence" />
<markable id="markable_38" span="word_302..word_306" orderid="38" mmax_level="sentence" />
<markable id="markable_39" span="word_307..word_325" orderid="39" mmax_level="sentence" />
<markable id="markable_40" span="word_326..word_333" orderid="40" mmax_level="sentence" />
<markable id="markable_41" span="word_334..word_338" orderid="41" mmax_level="sentence" />
<markable id="markable_42" span="word_339..word_342" orderid="42" mmax_level="sentence" />
<markable id="markable_43" span="word_343..word_350" orderid="43" mmax_level="sentence" />
<markable id="markable_44" span="word_351..word_352" orderid="44" mmax_level="sentence" />
<markable id="markable_45" span="word_353..word_359" orderid="45" mmax_level="sentence" />
<markable id="markable_46" span="word_360..word_362" orderid="46" mmax_level="sentence" />
<markable id="markable_47" span="word_363..word_368" orderid="47" mmax_level="sentence" />
<markable id="markable_48" span="word_369..word_370" orderid="48" mmax_level="sentence" />
<markable id="markable_49" span="word_371..word_374" orderid="49" mmax_level="sentence" />
<markable id="markable_50" span="word_375..word_379" orderid="50" mmax_level="sentence" />
<markable id="markable_51" span="word_380..word_383" orderid="51" mmax_level="sentence" />
<markable id="markable_52" span="word_384..word_386" orderid="52" mmax_level="sentence" />
<markable id="markable_53" span="word_387..word_395" orderid="53" mmax_level="sentence" />
<markable id="markable_54" span="word_396..word_400" orderid="54" mmax_level="sentence" />
<markable id="markable_55" span="word_401..word_404" orderid="55" mmax_level="sentence" />
<markable id="markable_56" span="word_405..word_411" orderid="56" mmax_level="sentence" />
<markable id="markable_57" span="word_412..word_419" orderid="57" mmax_level="sentence" />
<markable id="markable_58" span="word_420..word_422" orderid="58" mmax_level="sentence" />
<markable id="markable_59" span="word_423..word_428" orderid="59" mmax_level="sentence" />
</markables>
