<?xml version="1.0" encoding="US-ASCII"?>
<!DOCTYPE markables SYSTEM "markables.dtd">
<markables xmlns="www.eml.org/NameSpaces/section">
<markable id="markable_1" span="word_1..word_2" tag="text" mmax_level="section" />
<markable id="markable_2" span="word_3..word_3" tag="text" mmax_level="section" />
<markable id="markable_3" span="word_4..word_7" tag="text" mmax_level="section" />
<markable id="markable_4" span="word_8..word_18" tag="text" mmax_level="section" />
<markable id="markable_5" span="word_19..word_22" tag="text" mmax_level="section" />
<markable id="markable_6" span="word_23..word_28" tag="text" mmax_level="section" />
<markable id="markable_7" span="word_29..word_36" tag="text" mmax_level="section" />
<markable id="markable_8" span="word_37..word_43" tag="text" mmax_level="section" />
<markable id="markable_9" span="word_44..word_50" tag="text" mmax_level="section" />
<markable id="markable_10" span="word_51..word_58" tag="text" mmax_level="section" />
<markable id="markable_11" span="word_59..word_62" tag="text" mmax_level="section" />
<markable id="markable_12" span="word_63..word_71" tag="text" mmax_level="section" />
<markable id="markable_13" span="word_72..word_72" tag="text" mmax_level="section" />
<markable id="markable_14" span="word_73..word_77" tag="text" mmax_level="section" />
<markable id="markable_15" span="word_78..word_80" tag="text" mmax_level="section" />
<markable id="markable_16" span="word_81..word_89" tag="text" mmax_level="section" />
<markable id="markable_17" span="word_90..word_94" tag="text" mmax_level="section" />
<markable id="markable_18" span="word_95..word_115" tag="text" mmax_level="section" />
<markable id="markable_19" span="word_116..word_127" tag="text" mmax_level="section" />
<markable id="markable_20" span="word_128..word_135" tag="text" mmax_level="section" />
<markable id="markable_21" span="word_136..word_136" tag="text" mmax_level="section" />
<markable id="markable_22" span="word_137..word_152" tag="text" mmax_level="section" />
<markable id="markable_23" span="word_153..word_156" tag="text" mmax_level="section" />
<markable id="markable_24" span="word_157..word_157" tag="text" mmax_level="section" />
<markable id="markable_25" span="word_158..word_169" tag="text" mmax_level="section" />
<markable id="markable_26" span="word_170..word_176" tag="text" mmax_level="section" />
<markable id="markable_27" span="word_177..word_188" tag="text" mmax_level="section" />
<markable id="markable_28" span="word_189..word_198" tag="text" mmax_level="section" />
<markable id="markable_29" span="word_199..word_209" tag="text" mmax_level="section" />
<markable id="markable_30" span="word_210..word_211" tag="text" mmax_level="section" />
<markable id="markable_31" span="word_212..word_213" tag="text" mmax_level="section" />
<markable id="markable_32" span="word_214..word_215" tag="text" mmax_level="section" />
<markable id="markable_33" span="word_216..word_222" tag="text" mmax_level="section" />
<markable id="markable_34" span="word_223..word_230" tag="text" mmax_level="section" />
<markable id="markable_35" span="word_231..word_237" tag="text" mmax_level="section" />
<markable id="markable_36" span="word_238..word_245" tag="text" mmax_level="section" />
<markable id="markable_37" span="word_246..word_249" tag="text" mmax_level="section" />
<markable id="markable_38" span="word_250..word_255" tag="text" mmax_level="section" />
<markable id="markable_39" span="word_256..word_257" tag="text" mmax_level="section" />
<markable id="markable_40" span="word_258..word_274" tag="text" mmax_level="section" />
<markable id="markable_41" span="word_275..word_284" tag="text" mmax_level="section" />
<markable id="markable_42" span="word_285..word_294" tag="text" mmax_level="section" />
<markable id="markable_43" span="word_295..word_299" tag="text" mmax_level="section" />
<markable id="markable_44" span="word_300..word_302" tag="text" mmax_level="section" />
<markable id="markable_45" span="word_303..word_308" tag="text" mmax_level="section" />
<markable id="markable_46" span="word_309..word_319" tag="text" mmax_level="section" />
<markable id="markable_47" span="word_320..word_330" tag="text" mmax_level="section" />
<markable id="markable_48" span="word_331..word_341" tag="text" mmax_level="section" />
<markable id="markable_49" span="word_342..word_347" tag="text" mmax_level="section" />
<markable id="markable_50" span="word_348..word_363" tag="text" mmax_level="section" />
<markable id="markable_51" span="word_364..word_373" tag="text" mmax_level="section" />
<markable id="markable_52" span="word_374..word_378" tag="text" mmax_level="section" />
<markable id="markable_53" span="word_379..word_391" tag="text" mmax_level="section" />
<markable id="markable_54" span="word_392..word_403" tag="text" mmax_level="section" />
<markable id="markable_55" span="word_404..word_409" tag="text" mmax_level="section" />
<markable id="markable_56" span="word_410..word_425" tag="text" mmax_level="section" />
<markable id="markable_57" span="word_426..word_433" tag="text" mmax_level="section" />
<markable id="markable_58" span="word_434..word_439" tag="text" mmax_level="section" />
<markable id="markable_59" span="word_440..word_445" tag="text" mmax_level="section" />
<markable id="markable_60" span="word_446..word_449" tag="text" mmax_level="section" />
<markable id="markable_61" span="word_450..word_457" tag="text" mmax_level="section" />
<markable id="markable_62" span="word_458..word_464" tag="text" mmax_level="section" />
<markable id="markable_63" span="word_465..word_467" tag="text" mmax_level="section" />
<markable id="markable_64" span="word_468..word_469" tag="text" mmax_level="section" />
<markable id="markable_65" span="word_470..word_476" tag="text" mmax_level="section" />
<markable id="markable_66" span="word_477..word_480" tag="text" mmax_level="section" />
<markable id="markable_67" span="word_481..word_490" tag="text" mmax_level="section" />
<markable id="markable_68" span="word_491..word_497" tag="text" mmax_level="section" />
<markable id="markable_69" span="word_498..word_499" tag="text" mmax_level="section" />
<markable id="markable_70" span="word_500..word_507" tag="text" mmax_level="section" />
<markable id="markable_71" span="word_508..word_516" tag="text" mmax_level="section" />
<markable id="markable_72" span="word_517..word_524" tag="text" mmax_level="section" />
<markable id="markable_73" span="word_525..word_535" tag="text" mmax_level="section" />
<markable id="markable_74" span="word_536..word_541" tag="text" mmax_level="section" />
<markable id="markable_75" span="word_542..word_551" tag="text" mmax_level="section" />
<markable id="markable_76" span="word_552..word_553" tag="text" mmax_level="section" />
<markable id="markable_77" span="word_554..word_559" tag="text" mmax_level="section" />
<markable id="markable_78" span="word_560..word_564" tag="text" mmax_level="section" />
<markable id="markable_79" span="word_565..word_570" tag="text" mmax_level="section" />
<markable id="markable_80" span="word_571..word_575" tag="text" mmax_level="section" />
<markable id="markable_81" span="word_576..word_582" tag="text" mmax_level="section" />
<markable id="markable_82" span="word_583..word_592" tag="text" mmax_level="section" />
<markable id="markable_83" span="word_593..word_602" tag="text" mmax_level="section" />
<markable id="markable_84" span="word_603..word_610" tag="text" mmax_level="section" />
<markable id="markable_85" span="word_611..word_616" tag="text" mmax_level="section" />
<markable id="markable_86" span="word_617..word_621" tag="text" mmax_level="section" />
<markable id="markable_87" span="word_622..word_628" tag="text" mmax_level="section" />
<markable id="markable_88" span="word_629..word_632" tag="text" mmax_level="section" />
<markable id="markable_89" span="word_633..word_634" tag="text" mmax_level="section" />
<markable id="markable_90" span="word_635..word_647" tag="text" mmax_level="section" />
<markable id="markable_91" span="word_648..word_651" tag="text" mmax_level="section" />
<markable id="markable_92" span="word_652..word_659" tag="text" mmax_level="section" />
<markable id="markable_93" span="word_660..word_664" tag="text" mmax_level="section" />
<markable id="markable_94" span="word_665..word_672" tag="text" mmax_level="section" />
<markable id="markable_95" span="word_673..word_676" tag="text" mmax_level="section" />
<markable id="markable_96" span="word_677..word_685" tag="text" mmax_level="section" />
<markable id="markable_97" span="word_686..word_710" tag="text" mmax_level="section" />
<markable id="markable_98" span="word_711..word_713" tag="text" mmax_level="section" />
<markable id="markable_99" span="word_714..word_719" tag="text" mmax_level="section" />
<markable id="markable_100" span="word_720..word_721" tag="text" mmax_level="section" />
<markable id="markable_101" span="word_722..word_726" tag="text" mmax_level="section" />
<markable id="markable_102" span="word_727..word_736" tag="text" mmax_level="section" />
<markable id="markable_103" span="word_737..word_740" tag="text" mmax_level="section" />
<markable id="markable_104" span="word_741..word_745" tag="text" mmax_level="section" />
<markable id="markable_105" span="word_746..word_753" tag="text" mmax_level="section" />
<markable id="markable_106" span="word_754..word_761" tag="text" mmax_level="section" />
<markable id="markable_107" span="word_762..word_777" tag="text" mmax_level="section" />
<markable id="markable_108" span="word_778..word_785" tag="text" mmax_level="section" />
<markable id="markable_109" span="word_786..word_793" tag="text" mmax_level="section" />
<markable id="markable_110" span="word_794..word_797" tag="text" mmax_level="section" />
<markable id="markable_111" span="word_798..word_801" tag="text" mmax_level="section" />
<markable id="markable_112" span="word_802..word_804" tag="text" mmax_level="section" />
<markable id="markable_113" span="word_805..word_807" tag="text" mmax_level="section" />
<markable id="markable_114" span="word_808..word_810" tag="text" mmax_level="section" />
<markable id="markable_115" span="word_811..word_812" tag="text" mmax_level="section" />
<markable id="markable_116" span="word_813..word_820" tag="text" mmax_level="section" />
<markable id="markable_117" span="word_821..word_827" tag="text" mmax_level="section" />
<markable id="markable_118" span="word_828..word_841" tag="text" mmax_level="section" />
<markable id="markable_119" span="word_842..word_846" tag="text" mmax_level="section" />
<markable id="markable_120" span="word_847..word_850" tag="text" mmax_level="section" />
<markable id="markable_121" span="word_851..word_868" tag="text" mmax_level="section" />
<markable id="markable_122" span="word_869..word_872" tag="text" mmax_level="section" />
<markable id="markable_123" span="word_873..word_879" tag="text" mmax_level="section" />
<markable id="markable_124" span="word_880..word_886" tag="text" mmax_level="section" />
<markable id="markable_125" span="word_887..word_910" tag="text" mmax_level="section" />
<markable id="markable_126" span="word_911..word_915" tag="text" mmax_level="section" />
<markable id="markable_127" span="word_916..word_921" tag="text" mmax_level="section" />
<markable id="markable_128" span="word_922..word_925" tag="text" mmax_level="section" />
<markable id="markable_129" span="word_926..word_927" tag="text" mmax_level="section" />
<markable id="markable_130" span="word_928..word_930" tag="text" mmax_level="section" />
<markable id="markable_131" span="word_931..word_935" tag="text" mmax_level="section" />
<markable id="markable_132" span="word_936..word_939" tag="text" mmax_level="section" />
<markable id="markable_133" span="word_940..word_949" tag="text" mmax_level="section" />
<markable id="markable_134" span="word_950..word_963" tag="text" mmax_level="section" />
<markable id="markable_135" span="word_964..word_979" tag="text" mmax_level="section" />
<markable id="markable_136" span="word_980..word_982" tag="text" mmax_level="section" />
<markable id="markable_137" span="word_983..word_989" tag="text" mmax_level="section" />
<markable id="markable_138" span="word_990..word_993" tag="text" mmax_level="section" />
<markable id="markable_139" span="word_994..word_1004" tag="text" mmax_level="section" />
<markable id="markable_140" span="word_1005..word_1011" tag="text" mmax_level="section" />
<markable id="markable_141" span="word_1012..word_1017" tag="text" mmax_level="section" />
<markable id="markable_142" span="word_1018..word_1019" tag="text" mmax_level="section" />
<markable id="markable_143" span="word_1020..word_1025" tag="text" mmax_level="section" />
</markables>
