<?xml version="1.0" encoding="MacRoman"?>
<!DOCTYPE markables SYSTEM "markables.dtd">
<markables xmlns="www.eml.org/NameSpaces/sentence">
<markable id="markable_0" span="word_1..word_2" orderid="0" mmax_level="sentence" />
<markable id="markable_1" span="word_3..word_4" orderid="1" mmax_level="sentence" />
<markable id="markable_2" span="word_5" orderid="2" mmax_level="sentence" />
<markable id="markable_3" span="word_6..word_18" orderid="3" mmax_level="sentence" />
<markable id="markable_4" span="word_19..word_33" orderid="4" mmax_level="sentence" />
<markable id="markable_5" span="word_34..word_60" orderid="5" mmax_level="sentence" />
<markable id="markable_6" span="word_61..word_62" orderid="6" mmax_level="sentence" />
<markable id="markable_7" span="word_63..word_70" orderid="7" mmax_level="sentence" />
<markable id="markable_8" span="word_71..word_77" orderid="8" mmax_level="sentence" />
<markable id="markable_9" span="word_78..word_87" orderid="9" mmax_level="sentence" />
<markable id="markable_10" span="word_88..word_97" orderid="10" mmax_level="sentence" />
<markable id="markable_11" span="word_98..word_108" orderid="11" mmax_level="sentence" />
<markable id="markable_12" span="word_109..word_116" orderid="12" mmax_level="sentence" />
<markable id="markable_13" span="word_117..word_125" orderid="13" mmax_level="sentence" />
<markable id="markable_14" span="word_126..word_134" orderid="14" mmax_level="sentence" />
<markable id="markable_15" span="word_135..word_145" orderid="15" mmax_level="sentence" />
<markable id="markable_16" span="word_146..word_161" orderid="16" mmax_level="sentence" />
<markable id="markable_17" span="word_162..word_165" orderid="17" mmax_level="sentence" />
<markable id="markable_18" span="word_166..word_168" orderid="18" mmax_level="sentence" />
<markable id="markable_19" span="word_169..word_174" orderid="19" mmax_level="sentence" />
<markable id="markable_20" span="word_175..word_186" orderid="20" mmax_level="sentence" />
<markable id="markable_21" span="word_187..word_199" orderid="21" mmax_level="sentence" />
<markable id="markable_22" span="word_200..word_218" orderid="22" mmax_level="sentence" />
<markable id="markable_23" span="word_219..word_235" orderid="23" mmax_level="sentence" />
<markable id="markable_24" span="word_236..word_239" orderid="24" mmax_level="sentence" />
<markable id="markable_25" span="word_240..word_246" orderid="25" mmax_level="sentence" />
<markable id="markable_26" span="word_247..word_248" orderid="26" mmax_level="sentence" />
<markable id="markable_27" span="word_249" orderid="27" mmax_level="sentence" />
<markable id="markable_28" span="word_250" orderid="28" mmax_level="sentence" />
<markable id="markable_29" span="word_251..word_253" orderid="29" mmax_level="sentence" />
<markable id="markable_30" span="word_254..word_257" orderid="30" mmax_level="sentence" />
<markable id="markable_31" span="word_258..word_262" orderid="31" mmax_level="sentence" />
<markable id="markable_32" span="word_263..word_266" orderid="32" mmax_level="sentence" />
<markable id="markable_33" span="word_267..word_278" orderid="33" mmax_level="sentence" />
<markable id="markable_34" span="word_279..word_288" orderid="34" mmax_level="sentence" />
<markable id="markable_35" span="word_289..word_293" orderid="35" mmax_level="sentence" />
<markable id="markable_36" span="word_294..word_299" orderid="36" mmax_level="sentence" />
<markable id="markable_37" span="word_300..word_308" orderid="37" mmax_level="sentence" />
<markable id="markable_38" span="word_309..word_313" orderid="38" mmax_level="sentence" />
<markable id="markable_39" span="word_314..word_319" orderid="39" mmax_level="sentence" />
<markable id="markable_40" span="word_320..word_332" orderid="40" mmax_level="sentence" />
<markable id="markable_41" span="word_333..word_340" orderid="41" mmax_level="sentence" />
<markable id="markable_42" span="word_341..word_351" orderid="42" mmax_level="sentence" />
<markable id="markable_43" span="word_352..word_353" orderid="43" mmax_level="sentence" />
<markable id="markable_44" span="word_354..word_355" orderid="44" mmax_level="sentence" />
<markable id="markable_45" span="word_356..word_359" orderid="45" mmax_level="sentence" />
<markable id="markable_46" span="word_360..word_366" orderid="46" mmax_level="sentence" />
<markable id="markable_47" span="word_367..word_380" orderid="47" mmax_level="sentence" />
<markable id="markable_48" span="word_381..word_387" orderid="48" mmax_level="sentence" />
<markable id="markable_49" span="word_388..word_391" orderid="49" mmax_level="sentence" />
<markable id="markable_50" span="word_392..word_400" orderid="50" mmax_level="sentence" />
<markable id="markable_51" span="word_401..word_404" orderid="51" mmax_level="sentence" />
<markable id="markable_52" span="word_405..word_415" orderid="52" mmax_level="sentence" />
<markable id="markable_53" span="word_416..word_419" orderid="53" mmax_level="sentence" />
<markable id="markable_54" span="word_420..word_426" orderid="54" mmax_level="sentence" />
<markable id="markable_55" span="word_427..word_433" orderid="55" mmax_level="sentence" />
<markable id="markable_56" span="word_434..word_441" orderid="56" mmax_level="sentence" />
<markable id="markable_57" span="word_442..word_449" orderid="57" mmax_level="sentence" />
<markable id="markable_58" span="word_450..word_462" orderid="58" mmax_level="sentence" />
<markable id="markable_59" span="word_463..word_467" orderid="59" mmax_level="sentence" />
<markable id="markable_60" span="word_468..word_474" orderid="60" mmax_level="sentence" />
<markable id="markable_61" span="word_475..word_494" orderid="61" mmax_level="sentence" />
<markable id="markable_62" span="word_495..word_513" orderid="62" mmax_level="sentence" />
<markable id="markable_63" span="word_514..word_515" orderid="63" mmax_level="sentence" />
<markable id="markable_64" span="word_516..word_522" orderid="64" mmax_level="sentence" />
<markable id="markable_65" span="word_523..word_531" orderid="65" mmax_level="sentence" />
<markable id="markable_66" span="word_532..word_539" orderid="66" mmax_level="sentence" />
<markable id="markable_67" span="word_540..word_557" orderid="67" mmax_level="sentence" />
<markable id="markable_68" span="word_558..word_561" orderid="68" mmax_level="sentence" />
<markable id="markable_69" span="word_562..word_567" orderid="69" mmax_level="sentence" />
<markable id="markable_70" span="word_568..word_589" orderid="70" mmax_level="sentence" />
<markable id="markable_71" span="word_590..word_594" orderid="71" mmax_level="sentence" />
<markable id="markable_72" span="word_595..word_603" orderid="72" mmax_level="sentence" />
<markable id="markable_73" span="word_604..word_617" orderid="73" mmax_level="sentence" />
<markable id="markable_74" span="word_618..word_622" orderid="74" mmax_level="sentence" />
<markable id="markable_75" span="word_623..word_636" orderid="75" mmax_level="sentence" />
<markable id="markable_76" span="word_637..word_642" orderid="76" mmax_level="sentence" />
<markable id="markable_77" span="word_643..word_647" orderid="77" mmax_level="sentence" />
<markable id="markable_78" span="word_648..word_653" orderid="78" mmax_level="sentence" />
<markable id="markable_79" span="word_654..word_656" orderid="79" mmax_level="sentence" />
<markable id="markable_80" span="word_657..word_678" orderid="80" mmax_level="sentence" />
<markable id="markable_81" span="word_679..word_682" orderid="81" mmax_level="sentence" />
<markable id="markable_82" span="word_683..word_688" orderid="82" mmax_level="sentence" />
<markable id="markable_83" span="word_689..word_694" orderid="83" mmax_level="sentence" />
<markable id="markable_84" span="word_695..word_700" orderid="84" mmax_level="sentence" />
<markable id="markable_85" span="word_701..word_711" orderid="85" mmax_level="sentence" />
<markable id="markable_86" span="word_712..word_718" orderid="86" mmax_level="sentence" />
<markable id="markable_87" span="word_719..word_721" orderid="87" mmax_level="sentence" />
<markable id="markable_88" span="word_722..word_727" orderid="88" mmax_level="sentence" />
<markable id="markable_89" span="word_728..word_735" orderid="89" mmax_level="sentence" />
<markable id="markable_90" span="word_736..word_747" orderid="90" mmax_level="sentence" />
<markable id="markable_91" span="word_748..word_753" orderid="91" mmax_level="sentence" />
<markable id="markable_92" span="word_754..word_779" orderid="92" mmax_level="sentence" />
<markable id="markable_93" span="word_780..word_789" orderid="93" mmax_level="sentence" />
<markable id="markable_94" span="word_790..word_794" orderid="94" mmax_level="sentence" />
<markable id="markable_95" span="word_795..word_800" orderid="95" mmax_level="sentence" />
<markable id="markable_96" span="word_801..word_814" orderid="96" mmax_level="sentence" />
<markable id="markable_97" span="word_815..word_824" orderid="97" mmax_level="sentence" />
<markable id="markable_98" span="word_825..word_831" orderid="98" mmax_level="sentence" />
<markable id="markable_99" span="word_832..word_845" orderid="99" mmax_level="sentence" />
<markable id="markable_100" span="word_846..word_854" orderid="100" mmax_level="sentence" />
<markable id="markable_101" span="word_855..word_861" orderid="101" mmax_level="sentence" />
<markable id="markable_102" span="word_862" orderid="102" mmax_level="sentence" />
<markable id="markable_103" span="word_863..word_876" orderid="103" mmax_level="sentence" />
<markable id="markable_104" span="word_877..word_889" orderid="104" mmax_level="sentence" />
<markable id="markable_105" span="word_890..word_894" orderid="105" mmax_level="sentence" />
<markable id="markable_106" span="word_895..word_909" orderid="106" mmax_level="sentence" />
<markable id="markable_107" span="word_910..word_915" orderid="107" mmax_level="sentence" />
<markable id="markable_108" span="word_916..word_924" orderid="108" mmax_level="sentence" />
<markable id="markable_109" span="word_925" orderid="109" mmax_level="sentence" />
<markable id="markable_110" span="word_926..word_940" orderid="110" mmax_level="sentence" />
<markable id="markable_111" span="word_941" orderid="111" mmax_level="sentence" />
<markable id="markable_112" span="word_942" orderid="112" mmax_level="sentence" />
<markable id="markable_113" span="word_943..word_955" orderid="113" mmax_level="sentence" />
<markable id="markable_114" span="word_956..word_957" orderid="114" mmax_level="sentence" />
<markable id="markable_115" span="word_958..word_966" orderid="115" mmax_level="sentence" />
<markable id="markable_116" span="word_967..word_973" orderid="116" mmax_level="sentence" />
<markable id="markable_117" span="word_974..word_976" orderid="117" mmax_level="sentence" />
</markables>
