<?xml version="1.0" encoding="US-ASCII"?>
<!DOCTYPE markables SYSTEM "markables.dtd">
<markables xmlns="www.eml.org/NameSpaces/phrase">
<markable id="markable_102" span="word_35" person="per3"  non_ref_type="expletive"  mmax_level="phrase"  gram_fnc="subj"  gender="neut"  number="undersp-num"  min_ids="word_35"   reference="non_referring"  min_words="there" />
<markable id="markable_101" span="word_31..word_34" person="per3"  non_ref_type="predicate"  mmax_level="phrase"  gram_fnc="predicate"  gender="neut"  number="sing"  min_ids="word_34"   reference="non_referring"  min_words="setting" />
<markable id="markable_100" span="word_29" generic="generic-no"  person="per3"  related_object="no"  gram_fnc="subj"  number="sing"   reference="new"  category="abstract"  mmax_level="phrase"  gender="neut"  min_ids="word_29"  min_words="it" />
<markable id="markable_106" span="word_42..word_43" generic="generic-no"  person="per3"  related_object="no"  gram_fnc="subj"  number="sing"  object="man"   reference="new"  category="person"  mmax_level="phrase"  gender="masc"  min_ids="word_43"  min_words="man" />
<markable id="markable_105" span="word_39..word_40" generic="generic-no"  person="per3"  related_object="no"  gram_fnc="there-obj"  number="sing"  object="orchard"   reference="new"  category="concrete"  mmax_level="phrase"  gender="neut"  min_ids="word_40"  min_words="orchard" />
<markable id="markable_103" span="word_37..word_38" generic="generic-no"  person="per3"  related_object="no"  gram_fnc="there-obj"  number="plur"  object="trees"   reference="new"  category="concrete"  mmax_level="phrase"  gender="neut"  min_ids="word_38"  min_words="trees" />
<markable id="markable_249" span="word_464" generic="generic-no"  person="per3"  related_object="no"  ambiguity="unambiguous"  gram_fnc="np-compl"  number="sing"  object="film"   reference="old"  phrase_antecedent="single_phrase"  category="abstract"  mmax_level="phrase"  ref_type="phrase"  gender="neut"  min_ids="word_464"  single_phrase_antecedent="markable_92"  min_words="film" />
<markable id="markable_247" span="word_462..word_464" generic="generic-no"  person="per3"  related_object="no"  gram_fnc="no-gf"  number="sing"  object="end of film"   reference="new"  category="abstract"  mmax_level="phrase"  gender="neut"  min_ids="word_462"  min_words="end" />
<markable id="markable_246" span="word_458" generic="generic-no"  person="per3"  related_object="yes"  gram_fnc="obj"  number="sing"  object="head"   reference="new"  category="concrete"  mmax_level="phrase"  related_phrase="markable_245"  gender="neut"  min_ids="word_458"  min_words="head" />
<markable id="markable_245" span="word_453" generic="generic-no"  person="per3"  related_object="no"  ambiguity="unambiguous"  gram_fnc="subj"  number="sing"  object="man"   reference="old"  phrase_antecedent="single_phrase"  category="person"  mmax_level="phrase"  ref_type="phrase"  gender="masc"  min_ids="word_453"  single_phrase_antecedent="markable_238"  min_words="he" />
<markable id="markable_244" span="word_451" generic="generic-no"  person="per3"  related_object="no"  ambiguity="unambiguous"  gram_fnc="obj"  number="plur"  object="three pears"   reference="old"  phrase_antecedent="single_phrase"  category="concrete"  mmax_level="phrase"  ref_type="phrase"  gender="neut"  min_ids="word_451"  single_phrase_antecedent="markable_222"  min_words="pears" />
<markable id="markable_243" span="word_449" generic="generic-no"  person="per3"  related_object="no"  ambiguity="unambiguous"  gram_fnc="np-part"  number="plur"  object="three boys"   reference="old"  phrase_antecedent="single_phrase"  category="person"  mmax_level="phrase"  ref_type="phrase"  gender="masc"  min_ids="word_449"  single_phrase_antecedent="markable_240"  min_words="them" />
<markable id="markable_107" span="word_46" generic="generic-yes"  person="per3"  related_object="no"  gram_fnc="obj"  number="plur"  object="pears"   reference="new"  category="concrete"  mmax_level="phrase"  gender="neut"  min_ids="word_46"  min_words="pears" />
<markable id="markable_241" span="word_447..word_449" person="per3"  non_ref_type="quantifier"  mmax_level="phrase"  gram_fnc="subj"  gender="neut"  number="plur"  min_ids="word_447"   reference="non_referring"  min_words="all" />
<markable id="markable_108" span="word_48..word_49" generic="generic-no"  person="per3"  related_object="no"  ambiguity="unambiguous"  gram_fnc="adjunct"  number="plur"  object="trees"   reference="old"  phrase_antecedent="single_phrase"  category="concrete"  mmax_level="phrase"  ref_type="phrase"  gender="neut"  min_ids="word_49"  single_phrase_antecedent="markable_103"  min_words="trees" />
<markable id="markable_240" span="word_442..word_444" generic="generic-no"  person="per3"  related_object="no"  ambiguity="unambiguous"  gram_fnc="subj"  number="plur"  object="three boys"   reference="old"  phrase_antecedent="single_phrase"  category="person"  mmax_level="phrase"  ref_type="phrase"  gender="masc"  min_ids="word_444"  single_phrase_antecedent="markable_226"  min_words="boys" />
<markable id="markable_109" span="word_51..word_52" generic="generic-no"  person="per3"  related_object="no"  gram_fnc="adjunct"  number="sing"  object="ladder"   reference="new"  category="concrete"  mmax_level="phrase"  gender="neut"  min_ids="word_52"  min_words="ladder" />
<markable id="markable_111" span="word_58..word_59" generic="generic-no"  person="per3"  related_object="no"  ambiguity="unambiguous"  gram_fnc="adjunct"  number="sing"  object="ladder"   reference="old"  phrase_antecedent="single_phrase"  category="concrete"  mmax_level="phrase"  ref_type="phrase"  gender="neut"  min_ids="word_59"  single_phrase_antecedent="markable_109"  min_words="ladder" />
<markable id="markable_110" span="word_54" generic="generic-no"  person="per3"  related_object="no"  ambiguity="unambiguous"  gram_fnc="subj"  number="sing"  object="man"   reference="old"  phrase_antecedent="single_phrase"  category="person"  mmax_level="phrase"  ref_type="phrase"  gender="masc"  min_ids="word_54"  single_phrase_antecedent="markable_106"  min_words="he" />
<markable id="markable_113" span="word_64..word_72" generic="generic-no"  person="per3"  related_object="no"  gram_fnc="obj"  number="sing"  object="apron"   reference="new"  category="concrete"  mmax_level="phrase"  gender="neut"  min_ids="word_65"  min_words="apron" />
<markable id="markable_112" span="word_61" generic="generic-no"  person="per3"  related_object="no"  ambiguity="unambiguous"  gram_fnc="subj"  number="sing"  object="man"   reference="old"  phrase_antecedent="single_phrase"  category="person"  mmax_level="phrase"  ref_type="phrase"  gender="masc"  min_ids="word_61"  single_phrase_antecedent="markable_110"  min_words="he" />
<markable id="markable_115" span="word_68..word_69" generic="generic-no"  person="per3"  related_object="no"  gram_fnc="obj"  number="plur"  object="pears"   reference="new"  category="concrete"  mmax_level="phrase"  gender="neut"  min_ids="word_69"  min_words="pears" />
<markable id="markable_117" span="word_74" generic="generic-no"  person="per3"  related_object="no"  ambiguity="unambiguous"  gram_fnc="subj"  number="sing"  object="man"   reference="old"  phrase_antecedent="single_phrase"  category="person"  mmax_level="phrase"  ref_type="phrase"  gender="masc"  min_ids="word_74"  single_phrase_antecedent="markable_112"  min_words="he" />
<markable id="markable_116" span="word_71..word_72" generic="generic-no"  person="per3"  related_object="yes"  gram_fnc="adjunct"  number="plur"  object="pockets"   reference="new"  category="concrete"  mmax_level="phrase"  related_phrase="markable_113"  gender="neut"  min_ids="word_72"  min_words="pockets" />
<markable id="markable_239" span="word_437" generic="generic-no"  person="per3"  related_object="no"  ambiguity="unambiguous"  gram_fnc="subj"  number="sing"  object="basket"   reference="old"  phrase_antecedent="single_phrase"  category="concrete"  mmax_level="phrase"  ref_type="phrase"  gender="neut"  min_ids="word_437"  single_phrase_antecedent="markable_233"  min_words="it" />
<markable id="markable_213" span="word_352" generic="generic-no"  person="per3"  related_object="no"  ambiguity="unambiguous"  gram_fnc="obj"  number="sing"  object="hat"   reference="old"  phrase_antecedent="single_phrase"  category="concrete"  mmax_level="phrase"  ref_type="phrase"  gender="neut"  min_ids="word_352"  single_phrase_antecedent="markable_179"  min_words="hat" />
<markable id="markable_214" span="word_355..word_356" generic="generic-no"  person="per3"  related_object="no"  ambiguity="unambiguous"  gram_fnc="adjunct"  number="sing"  object="road"   reference="old"  phrase_antecedent="single_phrase"  category="concrete"  mmax_level="phrase"  ref_type="phrase"  gender="neut"  min_ids="word_356"  single_phrase_antecedent="markable_184"  min_words="road" />
<markable id="markable_215" span="word_358" generic="generic-no"  person="per3"  related_object="no"  ambiguity="unambiguous"  gram_fnc="subj"  number="plur"  object="three boys"   reference="old"  phrase_antecedent="single_phrase"  category="person"  mmax_level="phrase"  ref_type="phrase"  gender="masc"  min_ids="word_358"  single_phrase_antecedent="markable_211"  min_words="they" />
<markable id="markable_216" span="word_360" generic="generic-no"  person="per3"  related_object="no"  ambiguity="unambiguous"  gram_fnc="obj"  number="sing"  object="hat"   reference="old"  phrase_antecedent="single_phrase"  category="concrete"  mmax_level="phrase"  ref_type="phrase"  gender="neut"  min_ids="word_360"  single_phrase_antecedent="markable_213"  min_words="it" />
<markable id="markable_211" span="word_346..word_352" generic="generic-no"  person="per3"  related_object="no"  ambiguity="unambiguous"  gram_fnc="subj"  number="plur"  object="three boys"   reference="old"  phrase_antecedent="single_phrase"  category="person"  mmax_level="phrase"  ref_type="phrase"  gender="masc"  min_ids="word_347"  single_phrase_antecedent="markable_203"  min_words="boys" />
<markable id="markable_212" span="word_350" generic="generic-no"  person="per3"  related_object="no"  ambiguity="unambiguous"  gram_fnc="obj"  number="sing"  object="boy"   reference="old"  phrase_antecedent="single_phrase"  category="person"  mmax_level="phrase"  ref_type="phrase"  gender="masc"  min_ids="word_350"  single_phrase_antecedent="markable_209"  min_words="him" />
<markable id="markable_207" span="word_336..word_337" generic="generic-no"  person="per3"  related_object="no"  ambiguity="unambiguous"  gram_fnc="np-mod"  number="sing"  object="bicycle"   reference="old"  phrase_antecedent="single_phrase"  category="concrete"  mmax_level="phrase"  ref_type="phrase"  gender="neut"  min_ids="word_337"  single_phrase_antecedent="markable_182"  min_words="bicycle" />
<markable id="markable_141" span="word_150" generic="generic-no"  person="per3"  related_object="no"  ambiguity="unambiguous"  gram_fnc="subj"  number="sing"  object="boy"   reference="old"  phrase_antecedent="single_phrase"  category="person"  mmax_level="phrase"  ref_type="phrase"  gender="masc"  min_ids="word_150"  single_phrase_antecedent="markable_139"  min_words="he" />
<markable id="markable_161" span="word_216..word_217" generic="generic-no"  person="per3"  related_object="no"  ambiguity="unambiguous"  gram_fnc="obj"  number="sing"  object="basket"   reference="old"  phrase_antecedent="single_phrase"  category="concrete"  mmax_level="phrase"  ref_type="phrase"  gender="neut"  min_ids="word_217"  single_phrase_antecedent="markable_157"  min_words="basket" />
<markable id="markable_162" span="word_222" generic="generic-no"  person="per3"  related_object="no"  ambiguity="unambiguous"  gram_fnc="subj"  number="sing"  object="boy"   reference="old"  phrase_antecedent="single_phrase"  category="person"  mmax_level="phrase"  ref_type="phrase"  gender="masc"  min_ids="word_222"  single_phrase_antecedent="markable_155"  min_words="he" />
<markable id="markable_142" span="word_152..word_153" generic="generic-no"  person="per3"  related_object="no"  ambiguity="unambiguous"  gram_fnc="obj"  number="plur"  object="pears"   reference="old"  phrase_antecedent="single_phrase"  category="concrete"  mmax_level="phrase"  ref_type="phrase"  gender="neut"  min_ids="word_153"  single_phrase_antecedent="markable_132"  min_words="pears" />
<markable id="markable_209" span="word_342" generic="generic-no"  person="per3"  related_object="no"  ambiguity="unambiguous"  gram_fnc="subj"  number="sing"  object="boy"   reference="old"  phrase_antecedent="single_phrase"  category="person"  mmax_level="phrase"  ref_type="phrase"  gender="masc"  min_ids="word_342"  single_phrase_antecedent="markable_342"  min_words="he" />
<markable id="markable_163" span="word_226..word_227" generic="generic-no"  person="per3"  related_object="no"  ambiguity="unambiguous"  gram_fnc="adjunct"  number="sing"  object="basket"   reference="old"  phrase_antecedent="single_phrase"  category="concrete"  mmax_level="phrase"  ref_type="phrase"  gender="neut"  min_ids="word_227"  single_phrase_antecedent="markable_346"  min_words="basket" />
<markable id="markable_208" span="word_340..word_344" generic="generic-no"  person="per3"  related_object="no"  gram_fnc="adjunct"  number="sing"  object="direction"   reference="new"  category="abstract"  mmax_level="phrase"  gender="neut"  min_ids="word_341"  min_words="direction" />
<markable id="markable_140" span="word_147..word_148" generic="generic-no"  person="per3"  related_object="no"  gram_fnc="obj"  number="sing"  object="bicycle"   reference="new"  category="concrete"  mmax_level="phrase"  gender="neut"  min_ids="word_148"  min_words="bicycle" />
<markable id="markable_164" span="word_229..word_231" generic="generic-no"  person="per3"  related_object="yes"  gram_fnc="adjunct"  number="sing"  object="front of bicycle"   reference="new"  category="concrete"  mmax_level="phrase"  related_phrase="markable_158"  gender="neut"  min_ids="word_229"  min_words="front" />
<markable id="markable_166" span="word_231" generic="generic-no"  person="per3"  related_object="yes"  gram_fnc="np-compl"  number="plur"  object="handlebars"   reference="new"  category="concrete"  mmax_level="phrase"  related_phrase="markable_158"  gender="neut"  min_ids="word_231"  min_words="handlebars" />
<markable id="markable_143" span="word_155" generic="generic-no"  person="per3"  related_object="no"  ambiguity="unambiguous"  gram_fnc="subj"  number="sing"  object="boy"   reference="old"  phrase_antecedent="single_phrase"  category="person"  mmax_level="phrase"  ref_type="phrase"  gender="masc"  min_ids="word_155"  single_phrase_antecedent="markable_141"  min_words="he" />
<markable id="markable_144" span="word_159" generic="generic-no"  person="per3"  related_object="no"  ambiguity="unambiguous"  gram_fnc="adjunct"  number="sing"  object="bicycle"   reference="old"  phrase_antecedent="single_phrase"  category="concrete"  mmax_level="phrase"  ref_type="phrase"  gender="neut"  min_ids="word_159"  single_phrase_antecedent="markable_140"  min_words="bicycle" />
<markable id="markable_169" span="word_234" generic="generic-no"  person="per3"  related_object="no"  ambiguity="unambiguous"  gram_fnc="subj"  number="sing"  object="boy"   reference="old"  phrase_antecedent="single_phrase"  category="person"  mmax_level="phrase"  ref_type="phrase"  gender="masc"  min_ids="word_234"  single_phrase_antecedent="markable_162"  min_words="he" />
<markable id="markable_149" span="word_172..word_173" generic="generic-no"  person="per3"  related_object="yes"  gram_fnc="obj"  number="sing"  object="pear"   reference="new"  category="concrete"  mmax_level="phrase"  related_phrase="markable_142"  gender="neut"  min_ids="word_173"  min_words="pear" />
<markable id="markable_147" span="word_167" generic="generic-no"  person="per3"  related_object="no"  ambiguity="unambiguous"  gram_fnc="obj"  number="sing"  object="bicycle"   reference="old"  phrase_antecedent="single_phrase"  category="concrete"  mmax_level="phrase"  ref_type="phrase"  gender="neut"  min_ids="word_167"  single_phrase_antecedent="markable_144"  min_words="it" />
<markable id="markable_148" span="word_170" generic="generic-no"  person="per3"  related_object="no"  ambiguity="unambiguous"  gram_fnc="subj"  number="sing"  object="boy"   reference="old"  phrase_antecedent="single_phrase"  category="person"  mmax_level="phrase"  ref_type="phrase"  gender="masc"  min_ids="word_170"  single_phrase_antecedent="markable_143"  min_words="he" />
<markable id="markable_343" span="word_402..word_411" generic="generic-no"  person="per3"  related_object="no"  ambiguity="unambiguous"  gram_fnc="adjunct"  number="sing"  object="tree"   reference="old"  phrase_antecedent="single_phrase"  category="concrete"  mmax_level="phrase"  ref_type="phrase"  gender="neut"  min_ids="word_403"  single_phrase_antecedent="markable_153"  min_words="tree" />
<markable id="markable_344" span="word_241" generic="generic-no"  person="per3"  related_object="no"  ambiguity="unambiguous"  gram_fnc="np-part"  number="plur"  object="pears"   reference="old"  phrase_antecedent="single_phrase"  category="concrete"  mmax_level="phrase"  ref_type="phrase"  gender="neut"  min_ids="word_241"  single_phrase_antecedent="markable_142"  min_words="pears" />
<markable id="markable_342" span="word_333..word_337" generic="generic-no"  person="per3"  related_object="no"  ambiguity="unambiguous"  gram_fnc="subj"  number="sing"  object="boy"   reference="old"  phrase_antecedent="single_phrase"  category="person"  mmax_level="phrase"  ref_type="phrase"  gender="masc"  min_ids="word_334"  single_phrase_antecedent="markable_198"  min_words="boy" />
<markable id="markable_345" span="word_212..word_214" min_ids="word_214" generic="generic-no"  person="per3"  related_object="no"  gram_fnc="obj"  number="sing"   reference="new"  category="abstract"  mmax_level="phrase"  gender="neut"  min_words="trouble" />
<markable id="markable_346" span="word_218" min_ids="word_218" generic="generic-no"  person="per3"  related_object="no"  ambiguity="unambiguous"  gram_fnc="subj"  number="undersp-num"   reference="old"  phrase_antecedent="single_phrase"  category="concrete"  mmax_level="phrase"  ref_type="phrase"  gender="undersp-gen"  single_phrase_antecedent="markable_161"  min_words="which" />
<markable id="markable_202" span="word_325..word_326" generic="generic-no"  person="per3"  related_object="no"  ambiguity="unambiguous"  gram_fnc="adjunct"  number="sing"  object="basket"   reference="old"  phrase_antecedent="single_phrase"  category="concrete"  mmax_level="phrase"  ref_type="phrase"  gender="neut"  min_ids="word_326"  single_phrase_antecedent="markable_163"  min_words="basket" />
<markable id="markable_203" span="word_329" generic="generic-no"  person="per3"  related_object="no"  ambiguity="unambiguous"  gram_fnc="subj"  number="plur"  object="three boys"   reference="old"  phrase_antecedent="single_phrase"  category="person"  mmax_level="phrase"  ref_type="phrase"  gender="masc"  min_ids="word_329"  single_phrase_antecedent="markable_192"  min_words="they" />
<markable id="markable_200" span="word_321" generic="generic-no"  person="per3"  related_object="no"  ambiguity="unambiguous"  gram_fnc="subj"  number="plur"  object="two of three boys"   reference="old"  phrase_antecedent="single_phrase"  category="person"  mmax_level="phrase"  ref_type="phrase"  gender="masc"  min_ids="word_321"  single_phrase_antecedent="markable_196"  min_words="they" />
<markable id="markable_201" span="word_323" generic="generic-no"  person="per3"  related_object="no"  ambiguity="unambiguous"  gram_fnc="obj"  number="plur"  object="pears"   reference="old"  phrase_antecedent="single_phrase"  category="concrete"  mmax_level="phrase"  ref_type="phrase"  gender="neut"  min_ids="word_323"  single_phrase_antecedent="markable_199"  min_words="them" />
<markable id="markable_170" span="word_236..word_237" generic="generic-no"  person="per3"  related_object="no"  gram_fnc="obj"  number="plur"  object="bumps"   reference="new"  category="concrete"  mmax_level="phrase"  gender="neut"  min_ids="word_237"  min_words="bumps" />
<markable id="markable_171" span="word_239..word_241" person="per3"  non_ref_type="quantifier"  mmax_level="phrase"  gram_fnc="subj"  gender="neut"  number="plur"  min_ids="word_239..word_240"   reference="non_referring"  min_words="a few" />
<markable id="markable_174" span="word_251" generic="generic-no"  person="per3"  related_object="no"  ambiguity="unambiguous"  gram_fnc="subj"  number="sing"  object="boy"   reference="old"  phrase_antecedent="single_phrase"  category="person"  mmax_level="phrase"  ref_type="phrase"  gender="masc"  min_ids="word_251"  single_phrase_antecedent="markable_172"  min_words="he" />
<markable id="markable_151" span="word_177..word_181" generic="generic-no"  person="per3"  related_object="no"  ambiguity="unambiguous"  gram_fnc="obj"  number="sing"  object="man"   reference="old"  phrase_antecedent="single_phrase"  category="person"  mmax_level="phrase"  ref_type="phrase"  gender="masc"  min_ids="word_178"  single_phrase_antecedent="markable_134"  min_words="man" />
<markable id="markable_175" span="word_253..word_257" generic="generic-no"  person="per3"  related_object="no"  gram_fnc="obj"  number="sing"  object="girl"   reference="new"  category="person"  mmax_level="phrase"  gender="fem"  min_ids="word_254"  min_words="girl" />
<markable id="markable_172" span="word_244" generic="generic-no"  person="per3"  related_object="no"  ambiguity="unambiguous"  gram_fnc="subj"  number="sing"  object="boy"   reference="old"  phrase_antecedent="single_phrase"  category="person"  mmax_level="phrase"  ref_type="phrase"  gender="masc"  min_ids="word_244"  single_phrase_antecedent="markable_169"  min_words="he" />
<markable id="markable_153" span="word_180..word_181" generic="generic-no"  person="per3"  related_object="yes"  gram_fnc="np-mod"  number="sing"  object="tree"   reference="new"  category="concrete"  mmax_level="phrase"  related_phrase="markable_123"  gender="neut"  min_ids="word_181"  min_words="tree" />
<markable id="markable_173" span="word_248..word_249" generic="generic-no"  person="per3"  related_object="no"  gram_fnc="adjunct"  number="sing"  object="road"   reference="new"  category="concrete"  mmax_level="phrase"  gender="neut"  min_ids="word_249"  min_words="road" />
<markable id="markable_154" span="word_189..word_190" generic="generic-no"  person="per3"  related_object="no"  ambiguity="unambiguous"  gram_fnc="obj"  number="sing"  object="boy"   reference="old"  phrase_antecedent="single_phrase"  category="person"  mmax_level="phrase"  ref_type="phrase"  gender="masc"  min_ids="word_190"  single_phrase_antecedent="markable_148"  min_words="boy" />
<markable id="markable_178" span="word_261" generic="generic-no"  person="per3"  related_object="no"  ambiguity="unambiguous"  gram_fnc="obj"  number="sing"  object="girl"   reference="old"  phrase_antecedent="single_phrase"  category="person"  mmax_level="phrase"  ref_type="phrase"  gender="fem"  min_ids="word_261"  single_phrase_antecedent="markable_175"  min_words="her" />
<markable id="markable_155" span="word_192..word_193" generic="generic-no"  person="per3"  related_object="no"  ambiguity="unambiguous"  gram_fnc="subj"  number="sing"  object="boy"   reference="old"  phrase_antecedent="single_phrase"  category="person"  mmax_level="phrase"  ref_type="phrase"  gender="masc"  min_ids="word_193"  single_phrase_antecedent="markable_154"  min_words="boy" />
<markable id="markable_179" span="word_262" generic="generic-no"  person="per3"  related_object="yes"  gram_fnc="subj"  number="sing"  object="hat"   reference="new"  category="concrete"  mmax_level="phrase"  related_phrase="markable_174"  gender="neut"  min_ids="word_262"  min_words="hat" />
<markable id="markable_156" span="word_198..word_199" generic="generic-no"  person="per3"  related_object="no"  ambiguity="unambiguous"  gram_fnc="obj"  number="sing"  object="pear"   reference="old"  phrase_antecedent="single_phrase"  category="concrete"  mmax_level="phrase"  ref_type="phrase"  gender="neut"  min_ids="word_199"  single_phrase_antecedent="markable_149"  min_words="pear" />
<markable id="markable_157" span="word_203..word_205" generic="generic-no"  person="per3"  related_object="yes"  gram_fnc="obj"  number="sing"  object="basket"   reference="new"  category="concrete"  mmax_level="phrase"  related_phrase="markable_119"  gender="neut"  min_ids="word_205"  min_words="basketfu1" />
<markable id="markable_177" span="word_256..word_257" generic="generic-no"  person="per3"  related_object="no"  gram_fnc="np-mod"  number="sing"  object="bicycle"   reference="new"  category="concrete"  mmax_level="phrase"  gender="neut"  min_ids="word_257"  min_words="bicycle" />
<markable id="markable_158" span="word_210" generic="generic-no"  person="per3"  related_object="no"  ambiguity="unambiguous"  gram_fnc="adjunct"  number="sing"  object="bicycle"   reference="old"  phrase_antecedent="single_phrase"  category="concrete"  mmax_level="phrase"  ref_type="phrase"  gender="neut"  min_ids="word_210"  single_phrase_antecedent="markable_147"  min_words="bicycle" />
<markable id="markable_119" span="word_78..word_90" generic="generic-no"  person="per3"  related_object="no"  gram_fnc="adjunct"  number="plur"  object="baskets"   reference="new"  category="concrete"  mmax_level="phrase"  gender="neut"  min_ids="word_79"  min_words="baskets" />
<markable id="markable_230" span="word_405..word_406" generic="generic-no"  person="per3"  related_object="no"  ambiguity="unambiguous"  gram_fnc="subj"  number="sing"  object="man"   reference="old"  phrase_antecedent="single_phrase"  category="person"  mmax_level="phrase"  ref_type="phrase"  gender="masc"  min_ids="word_406"  single_phrase_antecedent="markable_151"  min_words="man" />
<markable id="markable_118" span="word_76" generic="generic-no"  person="per3"  related_object="no"  ambiguity="unambiguous"  gram_fnc="obj"  number="plur"  object="pears"   reference="old"  phrase_antecedent="single_phrase"  category="concrete"  mmax_level="phrase"  ref_type="phrase"  gender="neut"  min_ids="word_76"  single_phrase_antecedent="markable_115"  min_words="them" />
<markable id="markable_231" span="word_411" generic="generic-yes"  person="per3"  related_object="no"  ambiguity="unambiguous"  gram_fnc="obj"  number="plur"  object="pears"   reference="old"  phrase_antecedent="single_phrase"  category="concrete"  mmax_level="phrase"  ref_type="phrase"  gender="neut"  min_ids="word_411"  single_phrase_antecedent="markable_135"  min_words="pears" />
<markable id="markable_232" span="word_413" generic="generic-no"  person="per3"  related_object="no"  ambiguity="unambiguous"  gram_fnc="subj"  number="sing"  object="man"   reference="old"  phrase_antecedent="single_phrase"  category="person"  mmax_level="phrase"  ref_type="phrase"  gender="masc"  min_ids="word_413"  single_phrase_antecedent="markable_230"  min_words="he" />
<markable id="markable_233" span="word_421..word_425" generic="generic-no"  person="per3"  related_object="no"  ambiguity="unambiguous"  gram_fnc="subj"  number="sing"  object="basket"   reference="old"  phrase_antecedent="single_phrase"  category="concrete"  mmax_level="phrase"  ref_type="phrase"  gender="neut"  min_ids="word_421"  single_phrase_antecedent="markable_202"  min_words="one" />
<markable id="markable_237" span="word_425" generic="generic-no"  person="per3"  related_object="no"  ambiguity="unambiguous"  gram_fnc="np-compl"  number="plur"  object="pears"   reference="old"  phrase_antecedent="single_phrase"  category="concrete"  mmax_level="phrase"  ref_type="phrase"  gender="neut"  min_ids="word_425"  single_phrase_antecedent="markable_231"  min_words="pears" />
<markable id="markable_238" span="word_429" generic="generic-no"  person="per3"  related_object="no"  ambiguity="unambiguous"  gram_fnc="subj"  number="sing"  object="man"   reference="old"  phrase_antecedent="single_phrase"  category="person"  mmax_level="phrase"  ref_type="phrase"  gender="masc"  min_ids="word_429"  single_phrase_antecedent="markable_232"  min_words="he" />
<markable id="markable_183" span="word_275..word_279" generic="generic-no"  person="per3"  related_object="no"  gram_fnc="obj"  number="sing"  object="rock"   reference="new"  category="concrete"  mmax_level="phrase"  gender="neut"  min_ids="word_276"  min_words="rock" />
<markable id="markable_184" span="word_278..word_279" generic="generic-no"  person="per3"  related_object="no"  ambiguity="unambiguous"  gram_fnc="np-mod"  number="sing"  object="road"   reference="old"  phrase_antecedent="single_phrase"  category="concrete"  mmax_level="phrase"  ref_type="phrase"  gender="neut"  min_ids="word_279"  single_phrase_antecedent="markable_173"  min_words="road" />
<markable id="markable_228" span="word_398..word_399" generic="generic-no"  person="per3"  related_object="no"  ambiguity="unambiguous"  gram_fnc="obj"  number="plur"  object="three pears"   reference="old"  phrase_antecedent="single_phrase"  category="concrete"  mmax_level="phrase"  ref_type="phrase"  gender="neut"  min_ids="word_399"  single_phrase_antecedent="markable_201"  min_words="pears" />
<markable id="markable_120" span="word_81" generic="generic-no"  person="per3"  related_object="no"  ambiguity="unambiguous"  gram_fnc="subj"  number="sing"  object="man"   reference="old"  phrase_antecedent="single_phrase"  category="person"  mmax_level="phrase"  ref_type="phrase"  gender="masc"  min_ids="word_81"  single_phrase_antecedent="markable_117"  min_words="he" />
<markable id="markable_185" span="word_281" generic="generic-no"  person="per3"  related_object="no"  ambiguity="unambiguous"  gram_fnc="subj"  number="sing"  object="boy"   reference="old"  phrase_antecedent="single_phrase"  category="person"  mmax_level="phrase"  ref_type="phrase"  gender="masc"  min_ids="word_281"  single_phrase_antecedent="markable_180"  min_words="he" />
<markable id="markable_186" span="word_285" generic="generic-no"  person="per3"  related_object="no"  ambiguity="unambiguous"  gram_fnc="obj"  number="plur"  object="pears"   reference="old"  phrase_antecedent="single_phrase"  category="concrete"  mmax_level="phrase"  ref_type="phrase"  gender="neut"  min_ids="word_285"  single_phrase_antecedent="markable_344"  min_words="pears" />
<markable id="markable_180" span="word_266" generic="generic-no"  person="per3"  related_object="no"  ambiguity="unambiguous"  gram_fnc="subj"  number="sing"  object="boy"   reference="old"  phrase_antecedent="single_phrase"  category="person"  mmax_level="phrase"  ref_type="phrase"  gender="masc"  min_ids="word_266"  single_phrase_antecedent="markable_174"  min_words="he" />
<markable id="markable_181" span="word_268" generic="generic-no"  person="per3"  related_object="yes"  gram_fnc="obj"  number="sing"  object="head"   reference="new"  category="concrete"  mmax_level="phrase"  related_phrase="markable_180"  gender="neut"  min_ids="word_268"  min_words="head" />
<markable id="markable_182" span="word_273" generic="generic-no"  person="per3"  related_object="no"  ambiguity="unambiguous"  gram_fnc="subj"  number="sing"  object="bicycle"   reference="old"  phrase_antecedent="single_phrase"  category="concrete"  mmax_level="phrase"  ref_type="phrase"  gender="neut"  min_ids="word_273"  single_phrase_antecedent="markable_158"  min_words="bicycle" />
<markable id="markable_127" span="word_102..word_103" generic="generic-no"  person="per3"  related_object="no"  gram_fnc="subj"  number="sing"  object="man2"   reference="new"  category="person"  mmax_level="phrase"  gender="masc"  min_ids="word_103"  min_words="man" />
<markable id="markable_128" span="word_107..word_108" generic="generic-no"  person="per3"  related_object="no"  gram_fnc="obj"  number="sing"  object="goat"   reference="new"  category="animate"  mmax_level="phrase"  gender="undersp-gen"  min_ids="word_108"  min_words="goat" />
<markable id="markable_125" span="word_95..word_96" generic="generic-no"  person="per3"  related_object="no"  gram_fnc="obj"  number="sing"  object="sound"   reference="new"  category="abstract"  mmax_level="phrase"  gender="neut"  min_ids="word_96"  min_words="sound" />
<markable id="markable_126" span="word_98..word_99" generic="generic-no"  person="per3"  related_object="no"  gram_fnc="adjunct"  number="sing"  object="distance"   reference="new"  category="abstract"  mmax_level="phrase"  gender="neut"  min_ids="word_99"  min_words="distance" />
<markable id="markable_187" span="word_287" generic="generic-no"  person="per3"  related_object="yes"  gram_fnc="obj"  number="sing"  object="leg"   reference="new"  category="concrete"  mmax_level="phrase"  related_phrase="markable_185"  gender="neut"  min_ids="word_287"  min_words="leg" />
<markable id="markable_123" span="word_88..word_90" generic="generic-no"  person="per3"  related_object="no"  ambiguity="unambiguous"  gram_fnc="np-compl"  number="plur"  object="trees"   reference="old"  phrase_antecedent="single_phrase"  category="concrete"  mmax_level="phrase"  ref_type="phrase"  gender="neut"  min_ids="word_89..word_90"  single_phrase_antecedent="markable_108"  min_words="tree s" />
<markable id="markable_188" span="word_290..word_291" generic="generic-no"  person="per3"  related_object="no"  gram_fnc="adjunct"  number="sing"  object="time"   reference="new"  category="time"  mmax_level="phrase"  gender="neut"  min_ids="word_291"  min_words="time" />
<markable id="markable_124" span="word_93" person="per2"  non_ref_type="unknown"  mmax_level="phrase"  gram_fnc="subj"  gender="undersp-gen"  number="sing"  min_ids="word_93"   comment="impersonal you"  reference="non_referring"  min_words="you" />
<markable id="markable_189" span="word_292..word_293" generic="generic-no"  person="per3"  related_object="no"  gram_fnc="subj"  number="plur"  object="three boys"   reference="new"  category="person"  mmax_level="phrase"  gender="masc"  min_ids="word_293"  min_words="boys" />
<markable id="markable_121" span="word_85..word_90" generic="generic-no"  person="per3"  related_object="yes"  gram_fnc="adjunct"  number="sing"  object="bottom of trees"   reference="new"  category="space"  mmax_level="phrase"  related_phrase="markable_108"  gender="neut"  min_ids="word_86"  min_words="bottom" />
<markable id="markable_129" span="word_109" generic="generic-no"  person="per3"  related_object="no"  ambiguity="unambiguous"  gram_fnc="subj"  number="plur"  object="man2 and goat"   reference="old"  phrase_antecedent="multiple_phrases"  category="animate"  mmax_level="phrase"  multiple_phrase_antecedents="markable_127;markable_128"  ref_type="phrase"  gender="undersp-gen"  min_ids="word_109"  min_words="they" />
<markable id="markable_222" span="word_378..word_379" generic="generic-no"  person="per3"  related_object="yes"  gram_fnc="obj"  number="plur"  object="three pears"   reference="new"  category="concrete"  mmax_level="phrase"  related_phrase="markable_201"  gender="neut"  min_ids="word_379"  min_words="pears" />
<markable id="markable_223" span="word_381..word_382" generic="generic-no"  person="per3"  related_object="no"  ambiguity="unambiguous"  gram_fnc="subj"  number="plur"  object="three boys"   reference="old"  phrase_antecedent="single_phrase"  category="person"  mmax_level="phrase"  ref_type="phrase"  gender="masc"  min_ids="word_382"  single_phrase_antecedent="markable_215"  min_words="boys" />
<markable id="markable_220" span="word_373" generic="generic-no"  person="per3"  related_object="no"  ambiguity="unambiguous"  gram_fnc="obj"  number="sing"  object="hat"   reference="old"  phrase_antecedent="single_phrase"  category="concrete"  mmax_level="phrase"  ref_type="phrase"  gender="neut"  min_ids="word_373"  single_phrase_antecedent="markable_216"  min_words="hat" />
<markable id="markable_226" span="word_393..word_399" generic="generic-no"  person="per3"  related_object="no"  ambiguity="unambiguous"  gram_fnc="subj"  number="plur"  object="three boys"   reference="old"  phrase_antecedent="single_phrase"  category="person"  mmax_level="phrase"  ref_type="phrase"  gender="masc"  min_ids="word_394"  single_phrase_antecedent="markable_223"  min_words="boys" />
<markable id="markable_224" span="word_387..word_388" generic="generic-no"  person="per3"  related_object="no"  ambiguity="unambiguous"  gram_fnc="subj"  number="sing"  object="boy"   reference="old"  phrase_antecedent="single_phrase"  category="person"  mmax_level="phrase"  ref_type="phrase"  gender="masc"  min_ids="word_388"  single_phrase_antecedent="markable_218"  min_words="one" />
<markable id="markable_225" span="word_391..word_392" generic="generic-no"  person="per3"  related_object="yes"  gram_fnc="adjunct"  number="plur"  object="direction"   reference="new"  category="abstract"  mmax_level="phrase"  related_phrase="markable_214"  gender="neut"  min_ids="word_392"  min_words="directions" />
<markable id="markable_196" span="word_306..word_310" generic="generic-no"  person="per3"  related_object="yes"  gram_fnc="subj"  number="plur"  object="two of three boys"   reference="new"  category="person"  mmax_level="phrase"  related_phrase="markable_192;markable_190"  gender="masc"  min_ids="word_310"  min_words="boys" />
<markable id="markable_94" span="word_11" generic="generic-no"  person="per3"  related_object="no"  gram_fnc="predicate"  number="sing"   reference="new"  category="time"  mmax_level="phrase"  gender="neut"  min_ids="word_11"  min_words="morning" />
<markable id="markable_197" span="word_312" generic="generic-no"  person="per3"  related_object="no"  ambiguity="unambiguous"  gram_fnc="obj"  number="sing"  object="boy"   reference="old"  phrase_antecedent="single_phrase"  category="person"  mmax_level="phrase"  ref_type="phrase"  gender="masc"  min_ids="word_312"  single_phrase_antecedent="markable_185"  min_words="him" />
<markable id="markable_93" span="word_7" person="per3"  non_ref_type="expletive"  mmax_level="phrase"  gram_fnc="subj"  gender="neut"  number="sing"  min_ids="word_7"   reference="non_referring"  min_words="it" />
<markable id="markable_92" span="word_5" generic="generic-no"  person="per3"  related_object="no"  gram_fnc="subj"  number="sing"   reference="new"  category="abstract"  mmax_level="phrase"  gender="neut"  min_ids="word_5"  min_words="it" />
<markable id="markable_218" span="word_369..word_372" generic="generic-no"  person="per3"  related_object="no"  ambiguity="unambiguous"  gram_fnc="comp"  number="sing"  object="boy"   reference="old"  phrase_antecedent="single_phrase"  category="person"  mmax_level="phrase"  ref_type="phrase"  gender="masc"  min_ids="word_370"  single_phrase_antecedent="markable_212"  min_words="boy" />
<markable id="markable_130" span="word_112..word_113" generic="generic-no"  person="per3"  related_object="no"  ambiguity="unambiguous"  gram_fnc="adjunct"  number="plur"  object="pears"   reference="old"  phrase_antecedent="single_phrase"  category="concrete"  mmax_level="phrase"  ref_type="phrase"  gender="neut"  min_ids="word_113"  single_phrase_antecedent="markable_118"  min_words="pears" />
<markable id="markable_217" span="word_363..word_364" generic="generic-no"  person="per3"  related_object="yes"  gram_fnc="subj"  number="sing"  object="one of three boys"   reference="new"  category="person"  mmax_level="phrase"  related_phrase="markable_215"  gender="masc"  min_ids="word_364"  min_words="boy" />
<markable id="markable_131" span="word_115..word_116" generic="generic-no"  person="per3"  related_object="no"  ambiguity="unambiguous"  gram_fnc="subj"  number="sing"  object="goat"   reference="old"  phrase_antecedent="single_phrase"  category="animate"  mmax_level="phrase"  ref_type="phrase"  gender="undersp-gen"  min_ids="word_116"  single_phrase_antecedent="markable_128"  min_words="goat" />
<markable id="markable_98" span="word_24" person="per2"  non_ref_type="unknown"  mmax_level="phrase"  gram_fnc="subj"  gender="undersp-gen"  number="sing"  min_ids="word_24"   comment="impersonal you"  reference="non_referring"  min_words="you" />
<markable id="markable_192" span="word_303" generic="generic-no"  person="per3"  related_object="no"  ambiguity="unambiguous"  gram_fnc="subj"  number="plur"  object="three boys"   reference="old"  phrase_antecedent="single_phrase"  category="person"  mmax_level="phrase"  ref_type="phrase"  gender="masc"  min_ids="word_303"  single_phrase_antecedent="markable_189"  min_words="they" />
<markable id="markable_97" span="word_18" person="per3"  non_ref_type="expletive"  mmax_level="phrase"  gram_fnc="subj"  gender="neut"  number="sing"  min_ids="word_18"   reference="non_referring"  min_words="it" />
<markable id="markable_96" span="word_16..word_17" generic="generic-no"  person="per3"  related_object="yes"  gram_fnc="adjunct"  number="plur"  object="hills"   reference="new"  category="space"  mmax_level="phrase"  related_phrase="markable_95"  gender="neut"  min_ids="word_17"  min_words="hills" />
<markable id="markable_190" span="word_296" generic="generic-no"  person="per3"  related_object="yes"  gram_fnc="subj"  number="sing"  object="one of three boys"   reference="new"  category="person"  mmax_level="phrase"  related_phrase="markable_189"  gender="masc"  min_ids="word_296"  min_words="one" />
<markable id="markable_95" span="word_13..word_14" generic="generic-no"  person="per3"  related_object="no"  gram_fnc="adjunct"  number="sing"  object="countryside"   reference="new"  category="space"  mmax_level="phrase"  gender="neut"  min_ids="word_14"  min_words="countryside" />
<markable id="markable_191" span="word_300..word_301" generic="generic-no"  person="per3"  related_object="no"  gram_fnc="adjunct"  number="sing"  object="paddleball (toy)"   reference="new"  category="concrete"  mmax_level="phrase"  gender="neut"  min_ids="word_301"  min_words="paddleball" />
<markable id="markable_136" span="word_134..word_135" generic="generic-no"  person="per3"  related_object="yes"  gram_fnc="subj"  number="sing"  object="sound"   reference="new"  category="abstract"  mmax_level="phrase"  related_phrase="markable_125"  gender="neut"  min_ids="word_135"  min_words="sound" />
<markable id="markable_137" span="word_138..word_140" generic="generic-no"  person="per3"  related_object="no"  ambiguity="unambiguous"  gram_fnc="unsure-gf"  number="sing"  object="clanky sound"   reference="old"  phrase_antecedent="single_phrase"  category="abstract"  mmax_level="phrase"  ref_type="phrase"  gender="neut"  min_ids="word_140"  single_phrase_antecedent="markable_136"  min_words="sound" />
<markable id="markable_99" span="word_26" generic="generic-no"  person="per3"  related_object="no"  gram_fnc="obj"  number="plur"  object="roosters"   reference="new"  category="animate"  mmax_level="phrase"  gender="masc"  min_ids="word_26"  min_words="roosters" />
<markable id="markable_139" span="word_142..word_143" generic="generic-no"  person="per3"  related_object="no"  gram_fnc="subj"  number="sing"  object="boy"   reference="new"  category="person"  mmax_level="phrase"  gender="masc"  min_ids="word_143"  min_words="boy" />
<markable id="markable_132" span="word_119" generic="generic-no"  person="per3"  related_object="no"  ambiguity="unambiguous"  gram_fnc="obj"  number="plur"  object="pears"   reference="old"  phrase_antecedent="single_phrase"  category="concrete"  mmax_level="phrase"  ref_type="phrase"  gender="neut"  min_ids="word_119"  single_phrase_antecedent="markable_130"  min_words="them" />
<markable id="markable_133" span="word_124..word_125" generic="generic-no"  person="per3"  related_object="no"  ambiguity="unambiguous"  gram_fnc="adjunct"  number="sing"  object="man2"   reference="old"  phrase_antecedent="single_phrase"  category="person"  mmax_level="phrase"  ref_type="phrase"  gender="masc"  min_ids="word_125"  single_phrase_antecedent="markable_127"  min_words="man" />
<markable id="markable_134" span="word_127..word_129" generic="generic-no"  person="per3"  related_object="yes"  ambiguity="unambiguous"  gram_fnc="subj"  number="sing"  object="man"   reference="old"  phrase_antecedent="single_phrase"  category="person"  mmax_level="phrase"  related_phrase="markable_133"  ref_type="phrase"  gender="masc"  min_ids="word_129"  single_phrase_antecedent="markable_120"  min_words="man" />
<markable id="markable_198" span="word_315" generic="generic-no"  person="per3"  related_object="no"  ambiguity="unambiguous"  gram_fnc="obj"  number="sing"  object="boy"   reference="old"  phrase_antecedent="single_phrase"  category="person"  mmax_level="phrase"  ref_type="phrase"  gender="masc"  min_ids="word_315"  single_phrase_antecedent="markable_197"  min_words="himself" />
<markable id="markable_199" span="word_318..word_319" generic="generic-no"  person="per3"  related_object="no"  ambiguity="unambiguous"  gram_fnc="obj"  number="plur"  object="pears"   reference="old"  phrase_antecedent="single_phrase"  category="concrete"  mmax_level="phrase"  ref_type="phrase"  gender="neut"  min_ids="word_319"  single_phrase_antecedent="markable_186"  min_words="pears" />
<markable id="markable_135" span="word_132" generic="generic-yes"  person="per3"  related_object="no"  ambiguity="unambiguous"  gram_fnc="obj"  number="plur"  object="pears"   reference="old"  phrase_antecedent="single_phrase"  category="concrete"  mmax_level="phrase"  ref_type="phrase"  gender="neut"  min_ids="word_132"  single_phrase_antecedent="markable_107"  min_words="pears" />
</markables>