<?xml version="1.0" encoding="US-ASCII"?>
<!DOCTYPE markables SYSTEM "markables.dtd">
<markables xmlns="www.eml.org/NameSpaces/unit">
<markable id="markable_390" span="word_318..word_320" finite="unmarked"  utype="unmarked"  verbed="unmarked"  subject="unmarked" mmax_level="unit" />
<markable id="markable_404" span="word_393..word_397" finite="unmarked"  utype="unmarked"  verbed="unmarked"  subject="unmarked" mmax_level="unit" />
<markable id="markable_388" span="word_312..word_316" finite="unmarked"  utype="unmarked"  verbed="unmarked"  subject="unmarked" mmax_level="unit" />
<markable id="markable_389" span="word_317..word_320" finite="unmarked"  utype="unmarked"  verbed="unmarked"  subject="unmarked" mmax_level="unit" />
<markable id="markable_426" span="word_501..word_514" finite="unmarked"  utype="unmarked"  verbed="unmarked"  subject="unmarked" mmax_level="unit" />
<markable id="markable_462" span="word_674..word_683" finite="unmarked"  utype="unmarked"  verbed="unmarked"  subject="unmarked" mmax_level="unit" />
<markable id="markable_376" span="word_249..word_261" finite="unmarked"  utype="unmarked"  verbed="unmarked"  subject="unmarked" mmax_level="unit" />
<markable id="markable_361" span="word_152..word_157" finite="unmarked"  utype="unmarked"  verbed="unmarked"  subject="unmarked" mmax_level="unit" />
<markable id="markable_345" span="word_42..word_58" finite="unmarked"  utype="unmarked"  verbed="unmarked"  subject="unmarked" mmax_level="unit" />
<markable id="markable_407" span="word_409..word_418" finite="unmarked"  utype="unmarked"  verbed="unmarked"  subject="unmarked" mmax_level="unit" />
<markable id="markable_429" span="word_515..word_525" finite="unmarked"  utype="unmarked"  verbed="unmarked"  subject="unmarked" mmax_level="unit" />
<markable id="markable_461" span="word_669..word_683" finite="unmarked"  utype="unmarked"  verbed="unmarked"  subject="unmarked" mmax_level="unit" />
<markable id="markable_344" span="word_37..word_41" finite="unmarked"  utype="unmarked"  verbed="unmarked"  subject="unmarked" mmax_level="unit" />
<markable id="markable_360" span="word_147..word_149" finite="unmarked"  utype="unmarked"  verbed="unmarked"  subject="unmarked" mmax_level="unit" />
<markable id="markable_445" span="word_579..word_581" finite="unmarked"  utype="unmarked"  verbed="unmarked"  subject="unmarked" mmax_level="unit" />
<markable id="markable_424" span="word_496..word_499" finite="unmarked"  utype="unmarked"  verbed="unmarked"  subject="unmarked" mmax_level="unit" />
<markable id="markable_417" span="word_462..word_469" finite="unmarked"  utype="unmarked"  verbed="unmarked"  subject="unmarked" mmax_level="unit" />
<markable id="markable_373" span="word_224..word_231" finite="unmarked"  utype="unmarked"  verbed="unmarked"  subject="unmarked" mmax_level="unit" />
<markable id="markable_406" span="word_401..word_408" finite="unmarked"  utype="unmarked"  verbed="unmarked"  subject="unmarked" mmax_level="unit" />
<markable id="markable_414" span="word_442..word_456" finite="unmarked"  utype="unmarked"  verbed="unmarked"  subject="unmarked" mmax_level="unit" />
<markable id="markable_405" span="word_399..word_400" finite="unmarked"  utype="unmarked"  verbed="unmarked"  subject="unmarked" mmax_level="unit" />
<markable id="markable_436" span="word_547..word_549" finite="unmarked"  utype="unmarked"  verbed="unmarked"  subject="unmarked" mmax_level="unit" />
<markable id="markable_449" span="word_603..word_611" finite="unmarked"  utype="unmarked"  verbed="unmarked"  subject="unmarked" mmax_level="unit" />
<markable id="markable_415" span="word_444..word_453" finite="unmarked"  utype="unmarked"  verbed="unmarked"  subject="unmarked" mmax_level="unit" />
<markable id="markable_408" span="word_410..word_412" finite="unmarked"  utype="unmarked"  verbed="unmarked"  subject="unmarked" mmax_level="unit" />
<markable id="markable_473" span="word_727..word_738" finite="unmarked"  utype="unmarked"  verbed="unmarked"  subject="unmarked" mmax_level="unit" />
<markable id="markable_343" span="word_27..word_32" finite="unmarked"  utype="unmarked"  verbed="unmarked"  subject="unmarked" mmax_level="unit" />
<markable id="markable_387" span="word_309..word_316" finite="unmarked"  utype="unmarked"  verbed="unmarked"  subject="unmarked" mmax_level="unit" />
<markable id="markable_413" span="word_437..word_441" finite="unmarked"  utype="unmarked"  verbed="unmarked"  subject="unmarked" mmax_level="unit" />
<markable id="markable_441" span="word_558..word_560" finite="unmarked"  utype="unmarked"  verbed="unmarked"  subject="unmarked" mmax_level="unit" />
<markable id="markable_403" span="word_390..word_397" finite="unmarked"  utype="unmarked"  verbed="unmarked"  subject="unmarked" mmax_level="unit" />
<markable id="markable_362" span="word_158..word_168" finite="unmarked"  utype="unmarked"  verbed="unmarked"  subject="unmarked" mmax_level="unit" />
<markable id="markable_358" span="word_134..word_145" finite="unmarked"  utype="unmarked"  verbed="unmarked"  subject="unmarked" mmax_level="unit" />
<markable id="markable_409" span="word_414..word_418" finite="unmarked"  utype="unmarked"  verbed="unmarked"  subject="unmarked" mmax_level="unit" />
<markable id="markable_392" span="word_328..word_336" finite="unmarked"  utype="unmarked"  verbed="unmarked"  subject="unmarked" mmax_level="unit" />
<markable id="markable_371" span="word_211..word_220" finite="unmarked"  utype="unmarked"  verbed="unmarked"  subject="unmarked" mmax_level="unit" />
<markable id="markable_382" span="word_279..word_291" finite="unmarked"  utype="unmarked"  verbed="unmarked"  subject="unmarked" mmax_level="unit" />
<markable id="markable_419" span="word_471..word_489" finite="unmarked"  utype="unmarked"  verbed="unmarked"  subject="unmarked" mmax_level="unit" />
<markable id="markable_359" span="word_146..word_149" finite="unmarked"  utype="unmarked"  verbed="unmarked"  subject="unmarked" mmax_level="unit" />
<markable id="markable_354" span="word_107..word_110" finite="unmarked"  utype="unmarked"  verbed="unmarked"  subject="unmarked" mmax_level="unit" />
<markable id="markable_380" span="word_265..word_272" finite="unmarked"  utype="unmarked"  verbed="unmarked"  subject="unmarked" mmax_level="unit" />
<markable id="markable_383" span="word_285..word_291" finite="unmarked"  utype="unmarked"  verbed="unmarked"  subject="unmarked" mmax_level="unit" />
<markable id="markable_391" span="word_321..word_327" finite="unmarked"  utype="unmarked"  verbed="unmarked"  subject="unmarked" mmax_level="unit" />
<markable id="markable_472" span="word_724..word_738" finite="unmarked"  utype="unmarked"  verbed="unmarked"  subject="unmarked" mmax_level="unit" />
<markable id="markable_423" span="word_490..word_499" finite="unmarked"  utype="unmarked"  verbed="unmarked"  subject="unmarked" mmax_level="unit" />
<markable id="markable_430" span="word_526..word_533" finite="unmarked"  utype="unmarked"  verbed="unmarked"  subject="unmarked" mmax_level="unit" />
<markable id="markable_435" span="word_542..word_545" finite="unmarked"  utype="unmarked"  verbed="unmarked"  subject="unmarked" mmax_level="unit" />
<markable id="markable_396" span="word_348..word_370" finite="unmarked"  utype="unmarked"  verbed="unmarked"  subject="unmarked" mmax_level="unit" />
<markable id="markable_467" span="word_708..word_718" finite="unmarked"  utype="unmarked"  verbed="unmarked"  subject="unmarked" mmax_level="unit" />
<markable id="markable_385" span="word_301..word_305" finite="unmarked"  utype="unmarked"  verbed="unmarked"  subject="unmarked" mmax_level="unit" />
<markable id="markable_363" span="word_163..word_168" finite="unmarked"  utype="unmarked"  verbed="unmarked"  subject="unmarked" mmax_level="unit" />
<markable id="markable_341" span="word_13..word_16" finite="unmarked"  utype="unmarked"  verbed="unmarked"  subject="unmarked" mmax_level="unit" />
<markable id="markable_352" span="word_101..word_106" finite="unmarked"  utype="unmarked"  verbed="unmarked"  subject="unmarked" mmax_level="unit" />
<markable id="markable_342" span="word_17..word_26" finite="unmarked"  utype="unmarked"  verbed="unmarked"  subject="unmarked" mmax_level="unit" />
<markable id="markable_351" span="word_87..word_96" finite="unmarked"  utype="unmarked"  verbed="unmarked"  subject="unmarked" mmax_level="unit" />
<markable id="markable_437" span="word_550..word_554" finite="unmarked"  utype="unmarked"  verbed="unmarked"  subject="unmarked" mmax_level="unit" />
<markable id="markable_340" span="word_9..word_12" finite="unmarked"  utype="unmarked"  verbed="unmarked"  subject="unmarked" mmax_level="unit" />
<markable id="markable_410" span="word_419..word_431" finite="unmarked"  utype="unmarked"  verbed="unmarked"  subject="unmarked" mmax_level="unit" />
<markable id="markable_421" span="word_481..word_489" finite="unmarked"  utype="unmarked"  verbed="unmarked"  subject="unmarked" mmax_level="unit" />
<markable id="markable_372" span="word_221..word_231" finite="unmarked"  utype="unmarked"  verbed="unmarked"  subject="unmarked" mmax_level="unit" />
<markable id="markable_394" span="word_341..word_347" finite="unmarked"  utype="unmarked"  verbed="unmarked"  subject="unmarked" mmax_level="unit" />
<markable id="markable_350" span="word_85..word_86" finite="unmarked"  utype="unmarked"  verbed="unmarked"  subject="unmarked" mmax_level="unit" />
<markable id="markable_422" span="word_484..word_489" finite="unmarked"  utype="unmarked"  verbed="unmarked"  subject="unmarked" mmax_level="unit" />
<markable id="markable_412" span="word_433..word_436" finite="unmarked"  utype="unmarked"  verbed="unmarked"  subject="unmarked" mmax_level="unit" />
<markable id="markable_469" span="word_711..word_718" finite="unmarked"  utype="unmarked"  verbed="unmarked"  subject="unmarked" mmax_level="unit" />
<markable id="markable_384" span="word_292..word_300" finite="unmarked"  utype="unmarked"  verbed="unmarked"  subject="unmarked" mmax_level="unit" />
<markable id="markable_425" span="word_500..word_514" finite="unmarked"  utype="unmarked"  verbed="unmarked"  subject="unmarked" mmax_level="unit" />
<markable id="markable_471" span="word_721..word_723" finite="unmarked"  utype="unmarked"  verbed="unmarked"  subject="unmarked" mmax_level="unit" />
<markable id="markable_416" span="word_457..word_461" finite="unmarked"  utype="unmarked"  verbed="unmarked"  subject="unmarked" mmax_level="unit" />
<markable id="markable_456" span="word_640..word_653" finite="unmarked"  utype="unmarked"  verbed="unmarked"  subject="unmarked" mmax_level="unit" />
<markable id="markable_353" span="word_102..word_106" finite="unmarked"  utype="unmarked"  verbed="unmarked"  subject="unmarked" mmax_level="unit" />
<markable id="markable_370" span="word_201..word_210" finite="unmarked"  utype="unmarked"  verbed="unmarked"  subject="unmarked" mmax_level="unit" />
<markable id="markable_470" span="word_715..word_718" finite="unmarked"  utype="unmarked"  verbed="unmarked"  subject="unmarked" mmax_level="unit" />
<markable id="markable_399" span="word_364..word_367" finite="unmarked"  utype="unmarked"  verbed="unmarked"  subject="unmarked" mmax_level="unit" />
<markable id="markable_393" span="word_337..word_347" finite="unmarked"  utype="unmarked"  verbed="unmarked"  subject="unmarked" mmax_level="unit" />
<markable id="markable_440" span="word_556..word_560" finite="unmarked"  utype="unmarked"  verbed="unmarked"  subject="unmarked" mmax_level="unit" />
<markable id="markable_367" span="word_175..word_182" finite="unmarked"  utype="unmarked"  verbed="unmarked"  subject="unmarked" mmax_level="unit" />
<markable id="markable_455" span="word_635..word_639" finite="unmarked"  utype="unmarked"  verbed="unmarked"  subject="unmarked" mmax_level="unit" />
<markable id="markable_468" span="word_709..word_718" finite="unmarked"  utype="unmarked"  verbed="unmarked"  subject="unmarked" mmax_level="unit" />
<markable id="markable_339" span="word_3..word_5" finite="unmarked"  utype="unmarked"  verbed="unmarked"  subject="unmarked" mmax_level="unit" />
<markable id="markable_477" span="word_745..word_747" finite="unmarked"  utype="unmarked"  verbed="unmarked"  subject="unmarked" mmax_level="unit" />
<markable id="markable_433" span="word_535..word_545" finite="unmarked"  utype="unmarked"  verbed="unmarked"  subject="unmarked" mmax_level="unit" />
<markable id="markable_355" span="word_111..word_123" finite="unmarked"  utype="unmarked"  verbed="unmarked"  subject="unmarked" mmax_level="unit" />
<markable id="markable_411" span="word_432..word_436" finite="unmarked"  utype="unmarked"  verbed="unmarked"  subject="unmarked" mmax_level="unit" />
<markable id="markable_458" span="word_642..word_653" finite="unmarked"  utype="unmarked"  verbed="unmarked"  subject="unmarked" mmax_level="unit" />
<markable id="markable_452" span="word_624..word_627" finite="unmarked"  utype="unmarked"  verbed="unmarked"  subject="unmarked" mmax_level="unit" />
<markable id="markable_395" span="word_344..word_347" finite="unmarked"  utype="unmarked"  verbed="unmarked"  subject="unmarked" mmax_level="unit" />
<markable id="markable_366" span="word_174..word_182" finite="unmarked"  utype="unmarked"  verbed="unmarked"  subject="unmarked" mmax_level="unit" />
<markable id="markable_475" span="word_739..word_744" finite="unmarked"  utype="unmarked"  verbed="unmarked"  subject="unmarked" mmax_level="unit" />
<markable id="markable_443" span="word_572..word_574" finite="unmarked"  utype="unmarked"  verbed="unmarked"  subject="unmarked" mmax_level="unit" />
<markable id="markable_464" span="word_690..word_691" finite="unmarked"  utype="unmarked"  verbed="unmarked"  subject="unmarked" mmax_level="unit" />
<markable id="markable_420" span="word_471..word_479" finite="unmarked"  utype="unmarked"  verbed="unmarked"  subject="unmarked" mmax_level="unit" />
<markable id="markable_431" span="word_528..word_533" finite="unmarked"  utype="unmarked"  verbed="unmarked"  subject="unmarked" mmax_level="unit" />
<markable id="markable_465" span="word_692..word_699" finite="unmarked"  utype="unmarked"  verbed="unmarked"  subject="unmarked" mmax_level="unit" />
<markable id="markable_379" span="word_262..word_272" finite="unmarked"  utype="unmarked"  verbed="unmarked"  subject="unmarked" mmax_level="unit" />
<markable id="markable_364" span="word_167..word_168" finite="unmarked"  utype="unmarked"  verbed="unmarked"  subject="unmarked" mmax_level="unit" />
<markable id="markable_476" span="word_742..word_744" finite="unmarked"  utype="unmarked"  verbed="unmarked"  subject="unmarked" mmax_level="unit" />
<markable id="markable_378" span="word_257..word_261" finite="unmarked"  utype="unmarked"  verbed="unmarked"  subject="unmarked" mmax_level="unit" />
<markable id="markable_432" span="word_534..word_549" finite="unmarked"  utype="unmarked"  verbed="unmarked"  subject="unmarked" mmax_level="unit" />
<markable id="markable_365" span="word_171..word_173" finite="unmarked"  utype="unmarked"  verbed="unmarked"  subject="unmarked" mmax_level="unit" />
<markable id="markable_457" span="word_641..word_653" finite="unmarked"  utype="unmarked"  verbed="unmarked"  subject="unmarked" mmax_level="unit" />
<markable id="markable_444" span="word_575..word_578" finite="unmarked"  utype="unmarked"  verbed="unmarked"  subject="unmarked" mmax_level="unit" />
<markable id="markable_463" span="word_686..word_691" finite="unmarked"  utype="unmarked"  verbed="unmarked"  subject="unmarked" mmax_level="unit" />
<markable id="markable_447" span="word_592..word_600" finite="unmarked"  utype="unmarked"  verbed="unmarked"  subject="unmarked" mmax_level="unit" />
<markable id="markable_448" span="word_601..word_611" finite="unmarked"  utype="unmarked"  verbed="unmarked"  subject="unmarked" mmax_level="unit" />
<markable id="markable_459" span="word_654..word_661" finite="unmarked"  utype="unmarked"  verbed="unmarked"  subject="unmarked" mmax_level="unit" />
<markable id="markable_381" span="word_273..word_278" finite="unmarked"  utype="unmarked"  verbed="unmarked"  subject="unmarked" mmax_level="unit" />
<markable id="markable_348" span="word_60..word_66" finite="unmarked"  utype="unmarked"  verbed="unmarked"  subject="unmarked" mmax_level="unit" />
<markable id="markable_418" span="word_463..word_469" finite="unmarked"  utype="unmarked"  verbed="unmarked"  subject="unmarked" mmax_level="unit" />
<markable id="markable_446" span="word_582..word_591" finite="unmarked"  utype="unmarked"  verbed="unmarked"  subject="unmarked" mmax_level="unit" />
<markable id="markable_398" span="word_359..word_370" finite="unmarked"  utype="unmarked"  verbed="unmarked"  subject="unmarked" mmax_level="unit" />
<markable id="markable_450" span="word_612..word_615" finite="unmarked"  utype="unmarked"  verbed="unmarked"  subject="unmarked" mmax_level="unit" />
<markable id="markable_402" span="word_385..word_397" finite="unmarked"  utype="unmarked"  verbed="unmarked"  subject="unmarked" mmax_level="unit" />
<markable id="markable_386" span="word_302..word_305" finite="unmarked"  utype="unmarked"  verbed="unmarked"  subject="unmarked" mmax_level="unit" />
<markable id="markable_474" span="word_733..word_738" finite="unmarked"  utype="unmarked"  verbed="unmarked"  subject="unmarked" mmax_level="unit" />
<markable id="markable_442" span="word_565..word_571" finite="unmarked"  utype="unmarked"  verbed="unmarked"  subject="unmarked" mmax_level="unit" />
<markable id="markable_428" span="word_513..word_514" finite="unmarked"  utype="unmarked"  verbed="unmarked"  subject="unmarked" mmax_level="unit" />
<markable id="markable_453" span="word_628..word_634" finite="unmarked"  utype="unmarked"  verbed="unmarked"  subject="unmarked" mmax_level="unit" />
<markable id="markable_427" span="word_505..word_508" finite="unmarked"  utype="unmarked"  verbed="unmarked"  subject="unmarked" mmax_level="unit" />
<markable id="markable_357" span="word_124..word_133" finite="unmarked"  utype="unmarked"  verbed="unmarked"  subject="unmarked" mmax_level="unit" />
<markable id="markable_439" span="word_555..word_564" finite="unmarked"  utype="unmarked"  verbed="unmarked"  subject="unmarked" mmax_level="unit" />
<markable id="markable_374" span="word_232..word_248" finite="unmarked"  utype="unmarked"  verbed="unmarked"  subject="unmarked" mmax_level="unit" />
<markable id="markable_451" span="word_616..word_627" finite="unmarked"  utype="unmarked"  verbed="unmarked"  subject="unmarked" mmax_level="unit" />
<markable id="markable_466" span="word_700..word_707" finite="unmarked"  utype="unmarked"  verbed="unmarked"  subject="unmarked" mmax_level="unit" />
<markable id="markable_356" span="word_121..word_123" finite="unmarked"  utype="unmarked"  verbed="unmarked"  subject="unmarked" mmax_level="unit" />
<markable id="markable_401" span="word_378..word_384" finite="unmarked"  utype="unmarked"  verbed="unmarked"  subject="unmarked" mmax_level="unit" />
<markable id="markable_349" span="word_70..word_79" finite="unmarked"  utype="unmarked"  verbed="unmarked"  subject="unmarked" mmax_level="unit" />
<markable id="markable_375" span="word_244..word_248" finite="unmarked"  utype="unmarked"  verbed="unmarked"  subject="unmarked" mmax_level="unit" />
<markable id="markable_434" span="word_538..word_545" finite="unmarked"  utype="unmarked"  verbed="unmarked"  subject="unmarked" mmax_level="unit" />
<markable id="markable_397" span="word_348..word_357" finite="unmarked"  utype="unmarked"  verbed="unmarked"  subject="unmarked" mmax_level="unit" />
<markable id="markable_369" span="word_188..word_193" finite="unmarked"  utype="unmarked"  verbed="unmarked"  subject="unmarked" mmax_level="unit" />
<markable id="markable_460" span="word_657..word_661" finite="unmarked"  utype="unmarked"  verbed="unmarked"  subject="unmarked" mmax_level="unit" />
<markable id="markable_400" span="word_373..word_384" finite="unmarked"  utype="unmarked"  verbed="unmarked"  subject="unmarked" mmax_level="unit" />
<markable id="markable_346" span="word_44..word_50" finite="unmarked"  utype="unmarked"  verbed="unmarked"  subject="unmarked" mmax_level="unit" />
<markable id="markable_347" span="word_53..word_58" finite="unmarked"  utype="unmarked"  verbed="unmarked"  subject="unmarked" mmax_level="unit" />
<markable id="markable_438" span="word_551..word_554" finite="unmarked"  utype="unmarked"  verbed="unmarked"  subject="unmarked" mmax_level="unit" />
<markable id="markable_377" span="word_254..word_261" finite="unmarked"  utype="unmarked"  verbed="unmarked"  subject="unmarked" mmax_level="unit" />
<markable id="markable_368" span="word_183..word_187" finite="unmarked"  utype="unmarked"  verbed="unmarked"  subject="unmarked" mmax_level="unit" />
<markable id="markable_454" span="word_632..word_634" finite="unmarked"  utype="unmarked"  verbed="unmarked"  subject="unmarked" mmax_level="unit" />
</markables>