<?xml version="1.0" encoding="US-ASCII"?>
<!DOCTYPE markables SYSTEM "markables.dtd">
<markables xmlns="www.eml.org/NameSpaces/section">
<markable id="markable_1" span="word_1..word_2" tag="text" mmax_level="section" />
<markable id="markable_2" span="word_3..word_3" tag="text" mmax_level="section" />
<markable id="markable_3" span="word_4..word_4" tag="text" mmax_level="section" />
<markable id="markable_4" span="word_5..word_8" tag="text" mmax_level="section" />
<markable id="markable_5" span="word_9..word_15" tag="text" mmax_level="section" />
<markable id="markable_6" span="word_16..word_19" tag="text" mmax_level="section" />
<markable id="markable_7" span="word_20..word_26" tag="text" mmax_level="section" />
<markable id="markable_8" span="word_27..word_32" tag="text" mmax_level="section" />
<markable id="markable_9" span="word_33..word_39" tag="text" mmax_level="section" />
<markable id="markable_10" span="word_40..word_47" tag="text" mmax_level="section" />
<markable id="markable_11" span="word_48..word_57" tag="text" mmax_level="section" />
<markable id="markable_12" span="word_58..word_71" tag="text" mmax_level="section" />
<markable id="markable_13" span="word_72..word_82" tag="text" mmax_level="section" />
<markable id="markable_14" span="word_83..word_91" tag="text" mmax_level="section" />
<markable id="markable_15" span="word_92..word_95" tag="text" mmax_level="section" />
<markable id="markable_16" span="word_96..word_101" tag="text" mmax_level="section" />
<markable id="markable_17" span="word_102..word_109" tag="text" mmax_level="section" />
<markable id="markable_18" span="word_110..word_117" tag="text" mmax_level="section" />
<markable id="markable_19" span="word_118..word_127" tag="text" mmax_level="section" />
<markable id="markable_20" span="word_128..word_134" tag="text" mmax_level="section" />
<markable id="markable_21" span="word_135..word_145" tag="text" mmax_level="section" />
<markable id="markable_22" span="word_146..word_158" tag="text" mmax_level="section" />
<markable id="markable_23" span="word_159..word_161" tag="text" mmax_level="section" />
<markable id="markable_24" span="word_162..word_166" tag="text" mmax_level="section" />
<markable id="markable_25" span="word_167..word_171" tag="text" mmax_level="section" />
<markable id="markable_26" span="word_172..word_179" tag="text" mmax_level="section" />
<markable id="markable_27" span="word_180..word_180" tag="text" mmax_level="section" />
<markable id="markable_28" span="word_181..word_185" tag="text" mmax_level="section" />
<markable id="markable_29" span="word_186..word_191" tag="text" mmax_level="section" />
<markable id="markable_30" span="word_192..word_203" tag="text" mmax_level="section" />
<markable id="markable_31" span="word_204..word_209" tag="text" mmax_level="section" />
<markable id="markable_32" span="word_210..word_220" tag="text" mmax_level="section" />
<markable id="markable_33" span="word_221..word_229" tag="text" mmax_level="section" />
<markable id="markable_34" span="word_230..word_242" tag="text" mmax_level="section" />
<markable id="markable_35" span="word_243..word_253" tag="text" mmax_level="section" />
<markable id="markable_36" span="word_254..word_258" tag="text" mmax_level="section" />
<markable id="markable_37" span="word_259..word_266" tag="text" mmax_level="section" />
<markable id="markable_38" span="word_267..word_278" tag="text" mmax_level="section" />
<markable id="markable_39" span="word_279..word_285" tag="text" mmax_level="section" />
<markable id="markable_40" span="word_286..word_290" tag="text" mmax_level="section" />
<markable id="markable_41" span="word_291..word_294" tag="text" mmax_level="section" />
<markable id="markable_42" span="word_295..word_298" tag="text" mmax_level="section" />
<markable id="markable_43" span="word_299..word_300" tag="text" mmax_level="section" />
<markable id="markable_44" span="word_301..word_303" tag="text" mmax_level="section" />
<markable id="markable_45" span="word_304..word_308" tag="text" mmax_level="section" />
<markable id="markable_46" span="word_309..word_315" tag="text" mmax_level="section" />
<markable id="markable_47" span="word_316..word_324" tag="text" mmax_level="section" />
<markable id="markable_48" span="word_325..word_330" tag="text" mmax_level="section" />
<markable id="markable_49" span="word_331..word_335" tag="text" mmax_level="section" />
<markable id="markable_50" span="word_336..word_343" tag="text" mmax_level="section" />
<markable id="markable_51" span="word_344..word_344" tag="text" mmax_level="section" />
<markable id="markable_52" span="word_345..word_345" tag="text" mmax_level="section" />
<markable id="markable_53" span="word_346..word_350" tag="text" mmax_level="section" />
<markable id="markable_54" span="word_351..word_357" tag="text" mmax_level="section" />
<markable id="markable_55" span="word_358..word_363" tag="text" mmax_level="section" />
<markable id="markable_56" span="word_364..word_368" tag="text" mmax_level="section" />
<markable id="markable_57" span="word_369..word_372" tag="text" mmax_level="section" />
<markable id="markable_58" span="word_373..word_375" tag="text" mmax_level="section" />
<markable id="markable_59" span="word_376..word_383" tag="text" mmax_level="section" />
<markable id="markable_60" span="word_384..word_398" tag="text" mmax_level="section" />
<markable id="markable_61" span="word_399..word_412" tag="text" mmax_level="section" />
<markable id="markable_62" span="word_413..word_417" tag="text" mmax_level="section" />
<markable id="markable_63" span="word_418..word_420" tag="text" mmax_level="section" />
<markable id="markable_64" span="word_421..word_425" tag="text" mmax_level="section" />
<markable id="markable_65" span="word_426..word_431" tag="text" mmax_level="section" />
<markable id="markable_66" span="word_432..word_437" tag="text" mmax_level="section" />
<markable id="markable_67" span="word_438..word_438" tag="text" mmax_level="section" />
<markable id="markable_68" span="word_439..word_446" tag="text" mmax_level="section" />
<markable id="markable_69" span="word_447..word_452" tag="text" mmax_level="section" />
<markable id="markable_70" span="word_453..word_461" tag="text" mmax_level="section" />
<markable id="markable_71" span="word_462..word_470" tag="text" mmax_level="section" />
<markable id="markable_72" span="word_471..word_471" tag="text" mmax_level="section" />
<markable id="markable_73" span="word_472..word_477" tag="text" mmax_level="section" />
<markable id="markable_74" span="word_478..word_490" tag="text" mmax_level="section" />
<markable id="markable_75" span="word_491..word_495" tag="text" mmax_level="section" />
<markable id="markable_76" span="word_496..word_502" tag="text" mmax_level="section" />
<markable id="markable_77" span="word_503..word_513" tag="text" mmax_level="section" />
<markable id="markable_78" span="word_514..word_517" tag="text" mmax_level="section" />
<markable id="markable_79" span="word_518..word_523" tag="text" mmax_level="section" />
<markable id="markable_80" span="word_524..word_529" tag="text" mmax_level="section" />
<markable id="markable_81" span="word_530..word_547" tag="text" mmax_level="section" />
<markable id="markable_82" span="word_548..word_553" tag="text" mmax_level="section" />
<markable id="markable_83" span="word_554..word_561" tag="text" mmax_level="section" />
<markable id="markable_84" span="word_562..word_569" tag="text" mmax_level="section" />
<markable id="markable_85" span="word_570..word_575" tag="text" mmax_level="section" />
<markable id="markable_86" span="word_576..word_582" tag="text" mmax_level="section" />
<markable id="markable_87" span="word_583..word_587" tag="text" mmax_level="section" />
<markable id="markable_88" span="word_588..word_591" tag="text" mmax_level="section" />
<markable id="markable_89" span="word_592..word_602" tag="text" mmax_level="section" />
<markable id="markable_90" span="word_603..word_614" tag="text" mmax_level="section" />
<markable id="markable_91" span="word_615..word_625" tag="text" mmax_level="section" />
<markable id="markable_92" span="word_626..word_630" tag="text" mmax_level="section" />
<markable id="markable_93" span="word_631..word_640" tag="text" mmax_level="section" />
<markable id="markable_94" span="word_641..word_646" tag="text" mmax_level="section" />
<markable id="markable_95" span="word_647..word_654" tag="text" mmax_level="section" />
</markables>
