<?xml version="1.0" encoding="MacRoman"?>
<!DOCTYPE markables SYSTEM "markables.dtd">
<markables xmlns="www.eml.org/NameSpaces/chunk">
<markable id="markable_0" span="word_1..word_2" tag="np" mmax_level="chunk" />
<markable id="markable_1" span="word_6" tag="np" mmax_level="chunk" />
<markable id="markable_2" span="word_8" tag="np" mmax_level="chunk" />
<markable id="markable_3" span="word_11" tag="np" mmax_level="chunk" />
<markable id="markable_4" span="word_12" tag="np" mmax_level="chunk" />
<markable id="markable_5" span="word_14..word_16" tag="np" mmax_level="chunk" />
<markable id="markable_6" span="word_18" tag="np" mmax_level="chunk" />
<markable id="markable_7" span="word_20..word_21" tag="np" mmax_level="chunk" />
<markable id="markable_8" span="word_24" tag="np" mmax_level="chunk" />
<markable id="markable_9" span="word_26" tag="np" mmax_level="chunk" />
<markable id="markable_10" span="word_28..word_29" tag="np" mmax_level="chunk" />
<markable id="markable_11" span="word_31..word_32" tag="np" mmax_level="chunk" />
<markable id="markable_12" span="word_35" tag="np" mmax_level="chunk" />
<markable id="markable_13" span="word_37..word_39" tag="np" mmax_level="chunk" />
<markable id="markable_14" span="word_41" tag="np" mmax_level="chunk" />
<markable id="markable_15" span="word_44..word_45" tag="np" mmax_level="chunk" />
<markable id="markable_16" span="word_48..word_49" tag="np" mmax_level="chunk" />
<markable id="markable_17" span="word_51..word_52" tag="np" mmax_level="chunk" />
<markable id="markable_18" span="word_53" tag="np" mmax_level="chunk" />
<markable id="markable_19" span="word_56" tag="np" mmax_level="chunk" />
<markable id="markable_20" span="word_58" tag="np" mmax_level="chunk" />
<markable id="markable_21" span="word_63..word_64" tag="np" mmax_level="chunk" />
<markable id="markable_22" span="word_66" tag="np" mmax_level="chunk" />
<markable id="markable_23" span="word_68" tag="np" mmax_level="chunk" />
<markable id="markable_24" span="word_71..word_72" tag="np" mmax_level="chunk" />
<markable id="markable_25" span="word_74" tag="np" mmax_level="chunk" />
<markable id="markable_26" span="word_76..word_77" tag="np" mmax_level="chunk" />
<markable id="markable_27" span="word_79..word_80" tag="np" mmax_level="chunk" />
<markable id="markable_28" span="word_82..word_83" tag="np" mmax_level="chunk" />
<markable id="markable_29" span="word_85" tag="np" mmax_level="chunk" />
<markable id="markable_30" span="word_88..word_89" tag="np" mmax_level="chunk" />
<markable id="markable_31" span="word_92..word_94" tag="np" mmax_level="chunk" />
<markable id="markable_32" span="word_96..word_97" tag="np" mmax_level="chunk" />
<markable id="markable_33" span="word_101..word_102" tag="np" mmax_level="chunk" />
<markable id="markable_34" span="word_108..word_109" tag="np" mmax_level="chunk" />
<markable id="markable_35" span="word_110..word_111" tag="np" mmax_level="chunk" />
<markable id="markable_36" span="word_113..word_114" tag="np" mmax_level="chunk" />
<markable id="markable_37" span="word_122..word_123" tag="np" mmax_level="chunk" />
<markable id="markable_38" span="word_125..word_126" tag="np" mmax_level="chunk" />
<markable id="markable_39" span="word_127" tag="np" mmax_level="chunk" />
<markable id="markable_40" span="word_131..word_132" tag="np" mmax_level="chunk" />
<markable id="markable_41" span="word_134" tag="np" mmax_level="chunk" />
<markable id="markable_42" span="word_138" tag="np" mmax_level="chunk" />
<markable id="markable_43" span="word_140" tag="np" mmax_level="chunk" />
<markable id="markable_44" span="word_143" tag="np" mmax_level="chunk" />
<markable id="markable_45" span="word_145" tag="np" mmax_level="chunk" />
<markable id="markable_46" span="word_149" tag="np" mmax_level="chunk" />
<markable id="markable_47" span="word_153..word_155" tag="np" mmax_level="chunk" />
<markable id="markable_48" span="word_157" tag="np" mmax_level="chunk" />
<markable id="markable_49" span="word_160" tag="np" mmax_level="chunk" />
<markable id="markable_50" span="word_162..word_163" tag="np" mmax_level="chunk" />
<markable id="markable_51" span="word_164" tag="np" mmax_level="chunk" />
<markable id="markable_52" span="word_166..word_168" tag="np" mmax_level="chunk" />
<markable id="markable_53" span="word_170" tag="np" mmax_level="chunk" />
<markable id="markable_54" span="word_178" tag="np" mmax_level="chunk" />
<markable id="markable_55" span="word_182" tag="np" mmax_level="chunk" />
<markable id="markable_56" span="word_183..word_184" tag="np" mmax_level="chunk" />
<markable id="markable_57" span="word_185" tag="np" mmax_level="chunk" />
<markable id="markable_58" span="word_190" tag="np" mmax_level="chunk" />
<markable id="markable_59" span="word_191" tag="np" mmax_level="chunk" />
<markable id="markable_60" span="word_194..word_195" tag="np" mmax_level="chunk" />
<markable id="markable_61" span="word_197..word_198" tag="np" mmax_level="chunk" />
<markable id="markable_62" span="word_202" tag="np" mmax_level="chunk" />
<markable id="markable_63" span="word_204..word_206" tag="np" mmax_level="chunk" />
<markable id="markable_64" span="word_209" tag="np" mmax_level="chunk" />
<markable id="markable_65" span="word_211" tag="np" mmax_level="chunk" />
<markable id="markable_66" span="word_215" tag="np" mmax_level="chunk" />
<markable id="markable_67" span="word_218" tag="np" mmax_level="chunk" />
<markable id="markable_68" span="word_220" tag="np" mmax_level="chunk" />
<markable id="markable_69" span="word_225" tag="np" mmax_level="chunk" />
<markable id="markable_70" span="word_226..word_227" tag="np" mmax_level="chunk" />
<markable id="markable_71" span="word_229" tag="np" mmax_level="chunk" />
<markable id="markable_72" span="word_233..word_234" tag="np" mmax_level="chunk" />
<markable id="markable_73" span="word_237..word_238" tag="np" mmax_level="chunk" />
<markable id="markable_74" span="word_241..word_242" tag="np" mmax_level="chunk" />
<markable id="markable_75" span="word_244..word_245" tag="np" mmax_level="chunk" />
<markable id="markable_76" span="word_246" tag="np" mmax_level="chunk" />
<markable id="markable_77" span="word_248" tag="np" mmax_level="chunk" />
<markable id="markable_78" span="word_249" tag="np" mmax_level="chunk" />
<markable id="markable_79" span="word_252..word_255" tag="np" mmax_level="chunk" />
<markable id="markable_80" span="word_258..word_259" tag="np" mmax_level="chunk" />
<markable id="markable_81" span="word_262" tag="np" mmax_level="chunk" />
<markable id="markable_82" span="word_266" tag="np" mmax_level="chunk" />
<markable id="markable_83" span="word_267" tag="np" mmax_level="chunk" />
<markable id="markable_84" span="word_273..word_276" tag="np" mmax_level="chunk" />
<markable id="markable_85" span="word_278..word_279" tag="np" mmax_level="chunk" />
<markable id="markable_86" span="word_285" tag="np" mmax_level="chunk" />
<markable id="markable_87" span="word_289" tag="np" mmax_level="chunk" />
<markable id="markable_88" span="word_291" tag="np" mmax_level="chunk" />
<markable id="markable_89" span="word_296" tag="np" mmax_level="chunk" />
<markable id="markable_90" span="word_297..word_298" tag="np" mmax_level="chunk" />
<markable id="markable_91" span="word_300..word_301" tag="np" mmax_level="chunk" />
<markable id="markable_92" span="word_303..word_304" tag="np" mmax_level="chunk" />
<markable id="markable_93" span="word_307" tag="np" mmax_level="chunk" />
<markable id="markable_94" span="word_309..word_310" tag="np" mmax_level="chunk" />
<markable id="markable_95" span="word_312" tag="np" mmax_level="chunk" />
<markable id="markable_96" span="word_314" tag="np" mmax_level="chunk" />
<markable id="markable_97" span="word_317" tag="np" mmax_level="chunk" />
<markable id="markable_98" span="word_320" tag="np" mmax_level="chunk" />
<markable id="markable_99" span="word_324" tag="np" mmax_level="chunk" />
<markable id="markable_100" span="word_326" tag="np" mmax_level="chunk" />
<markable id="markable_101" span="word_331" tag="np" mmax_level="chunk" />
<markable id="markable_102" span="word_336" tag="np" mmax_level="chunk" />
<markable id="markable_103" span="word_337" tag="np" mmax_level="chunk" />
<markable id="markable_104" span="word_340..word_342" tag="np" mmax_level="chunk" />
<markable id="markable_105" span="word_345" tag="np" mmax_level="chunk" />
<markable id="markable_106" span="word_347..word_348" tag="np" mmax_level="chunk" />
<markable id="markable_107" span="word_350" tag="np" mmax_level="chunk" />
<markable id="markable_108" span="word_352..word_353" tag="np" mmax_level="chunk" />
<markable id="markable_109" span="word_355" tag="np" mmax_level="chunk" />
<markable id="markable_110" span="word_358..word_359" tag="np" mmax_level="chunk" />
<markable id="markable_111" span="word_361..word_362" tag="np" mmax_level="chunk" />
<markable id="markable_112" span="word_365..word_366" tag="np" mmax_level="chunk" />
<markable id="markable_113" span="word_368" tag="np" mmax_level="chunk" />
<markable id="markable_114" span="word_370" tag="np" mmax_level="chunk" />
<markable id="markable_115" span="word_373..word_374" tag="np" mmax_level="chunk" />
<markable id="markable_116" span="word_376" tag="np" mmax_level="chunk" />
<markable id="markable_117" span="word_382" tag="np" mmax_level="chunk" />
<markable id="markable_118" span="word_386..word_387" tag="np" mmax_level="chunk" />
<markable id="markable_119" span="word_391" tag="np" mmax_level="chunk" />
<markable id="markable_120" span="word_393" tag="np" mmax_level="chunk" />
<markable id="markable_121" span="word_394" tag="np" mmax_level="chunk" />
<markable id="markable_122" span="word_395" tag="np" mmax_level="chunk" />
<markable id="markable_123" span="word_398" tag="np" mmax_level="chunk" />
<markable id="markable_124" span="word_400..word_401" tag="np" mmax_level="chunk" />
<markable id="markable_125" span="word_403" tag="np" mmax_level="chunk" />
<markable id="markable_126" span="word_405..word_406" tag="np" mmax_level="chunk" />
<markable id="markable_127" span="word_408" tag="np" mmax_level="chunk" />
<markable id="markable_128" span="word_413..word_415" tag="np" mmax_level="chunk" />
<markable id="markable_129" span="word_417..word_418" tag="np" mmax_level="chunk" />
<markable id="markable_130" span="word_421" tag="np" mmax_level="chunk" />
<markable id="markable_131" span="word_423" tag="np" mmax_level="chunk" />
<markable id="markable_132" span="word_427" tag="np" mmax_level="chunk" />
<markable id="markable_133" span="word_431" tag="np" mmax_level="chunk" />
<markable id="markable_134" span="word_434" tag="np" mmax_level="chunk" />
<markable id="markable_135" span="word_438..word_439" tag="np" mmax_level="chunk" />
<markable id="markable_136" span="word_443..word_444" tag="np" mmax_level="chunk" />
<markable id="markable_137" span="word_446..word_447" tag="np" mmax_level="chunk" />
<markable id="markable_138" span="word_449..word_450" tag="np" mmax_level="chunk" />
<markable id="markable_139" span="word_453" tag="np" mmax_level="chunk" />
<markable id="markable_140" span="word_454" tag="np" mmax_level="chunk" />
<markable id="markable_141" span="word_456..word_457" tag="np" mmax_level="chunk" />
<markable id="markable_142" span="word_461..word_462" tag="np" mmax_level="chunk" />
<markable id="markable_143" span="word_464" tag="np" mmax_level="chunk" />
<markable id="markable_144" span="word_466..word_467" tag="np" mmax_level="chunk" />
<markable id="markable_145" span="word_469" tag="np" mmax_level="chunk" />
<markable id="markable_146" span="word_471" tag="np" mmax_level="chunk" />
<markable id="markable_147" span="word_472" tag="np" mmax_level="chunk" />
<markable id="markable_148" span="word_474" tag="np" mmax_level="chunk" />
<markable id="markable_149" span="word_477" tag="np" mmax_level="chunk" />
<markable id="markable_150" span="word_480" tag="np" mmax_level="chunk" />
<markable id="markable_151" span="word_483..word_485" tag="np" mmax_level="chunk" />
<markable id="markable_152" span="word_486" tag="np" mmax_level="chunk" />
<markable id="markable_153" span="word_491..word_492" tag="np" mmax_level="chunk" />
<markable id="markable_154" span="word_495" tag="np" mmax_level="chunk" />
<markable id="markable_155" span="word_501..word_502" tag="np" mmax_level="chunk" />
<markable id="markable_156" span="word_505" tag="np" mmax_level="chunk" />
<markable id="markable_157" span="word_507..word_508" tag="np" mmax_level="chunk" />
<markable id="markable_158" span="word_510" tag="np" mmax_level="chunk" />
<markable id="markable_159" span="word_513..word_514" tag="np" mmax_level="chunk" />
<markable id="markable_160" span="word_517" tag="np" mmax_level="chunk" />
<markable id="markable_161" span="word_520" tag="np" mmax_level="chunk" />
<markable id="markable_162" span="word_522..word_524" tag="np" mmax_level="chunk" />
<markable id="markable_163" span="word_527" tag="np" mmax_level="chunk" />
<markable id="markable_164" span="word_529" tag="np" mmax_level="chunk" />
<markable id="markable_165" span="word_534" tag="np" mmax_level="chunk" />
<markable id="markable_166" span="word_536" tag="np" mmax_level="chunk" />
<markable id="markable_167" span="word_541..word_542" tag="np" mmax_level="chunk" />
<markable id="markable_168" span="word_543" tag="np" mmax_level="chunk" />
<markable id="markable_169" span="word_549..word_551" tag="np" mmax_level="chunk" />
<markable id="markable_170" span="word_555..word_556" tag="np" mmax_level="chunk" />
<markable id="markable_171" span="word_557..word_559" tag="np" mmax_level="chunk" />
<markable id="markable_172" span="word_565..word_566" tag="np" mmax_level="chunk" />
<markable id="markable_173" span="word_568" tag="np" mmax_level="chunk" />
<markable id="markable_174" span="word_575" tag="np" mmax_level="chunk" />
<markable id="markable_175" span="word_577" tag="np" mmax_level="chunk" />
<markable id="markable_176" span="word_583" tag="np" mmax_level="chunk" />
<markable id="markable_177" span="word_587" tag="np" mmax_level="chunk" />
</markables>
