<?xml version="1.0" encoding="US-ASCII"?>
<!DOCTYPE markables SYSTEM "markables.dtd">
<markables xmlns="www.eml.org/NameSpaces/phrase">
<markable id="markable_307" span="word_448" generic="generic-no"  person="per3"  related_object="no"  ambiguity="unambiguous"  gram_fnc="obj"  number="sing"  object="bicycle"   reference="old"  phrase_antecedent="single_phrase"  category="concrete"  mmax_level="phrase"  ref_type="phrase"  gender="neut"  min_ids="word_448"  single_phrase_antecedent="markable_289"  min_words="bike" />
<markable id="markable_308" span="word_451" generic="generic-no"  person="per3"  related_object="no"  ambiguity="unambiguous"  gram_fnc="subj"  number="sing"  object="little boy"   reference="old"  phrase_antecedent="single_phrase"  category="person"  mmax_level="phrase"  ref_type="phrase"  gender="masc"  min_ids="word_451"  single_phrase_antecedent="markable_306"  min_words="he" />
<markable id="markable_306" span="word_442" generic="generic-no"  person="per3"  related_object="no"  ambiguity="unambiguous"  gram_fnc="subj"  number="sing"  object="little road"   reference="old"  phrase_antecedent="single_phrase"  category="person"  mmax_level="phrase"  ref_type="phrase"  gender="masc"  min_ids="word_442"  single_phrase_antecedent="markable_293"  min_words="he" />
<markable id="markable_309" span="word_453..word_457" generic="generic-no"  person="per3"  related_object="yes"  gram_fnc="obj"  number="sing"  object="unknown person"   reference="new"  category="person"  mmax_level="phrase"  related_phrase="markable_308"  gender="undersp-gen"  min_ids="word_454"  min_words="person" />
<markable id="markable_510" span="word_1021" generic="generic-no"  person="per3"  related_object="no"  ambiguity="unambiguous"  gram_fnc="subj"  number="sing"   reference="old"  segment_antecedent="unit:markable_700;unit:markable_702;unit:markable_704"  category="abstract"  mmax_level="phrase"  ref_type="segment"  gender="neut"  min_ids="word_1021"  min_words="that" />
<markable id="markable_511" span="word_1024" generic="generic-no"  person="per3"  related_object="no"  ambiguity="unambiguous"  gram_fnc="subj"  number="sing"   reference="old"  phrase_antecedent="single_phrase"  category="abstract"  mmax_level="phrase"  ref_type="phrase"  gender="neut"  min_ids="word_1024"  single_phrase_antecedent="markable_485"  min_words="it" />
<markable id="markable_506" span="word_1011" generic="generic-no"  person="per3"  related_object="no"  ambiguity="unambiguous"  gram_fnc="obj"  number="plur"  object="three pears"   reference="old"  phrase_antecedent="single_phrase"  category="concrete"  mmax_level="phrase"  ref_type="phrase"  gender="neut"  min_ids="word_1011"  single_phrase_antecedent="markable_495"  min_words="pears" />
<markable id="markable_311" span="word_457" generic="generic-no"  person="per3"  related_object="no"  ambiguity="unambiguous"  gram_fnc="adjunct"  number="sing"  object="little boy"   reference="old"  phrase_antecedent="single_phrase"  category="person"  mmax_level="phrase"  ref_type="phrase"  gender="masc"  min_ids="word_457"  single_phrase_antecedent="markable_308"  min_words="him" />
<markable id="markable_505" span="word_1007" generic="generic-no"  person="per3"  related_object="no"  ambiguity="unambiguous"  gram_fnc="subj"  number="plur"  object="three little boys"   reference="old"  phrase_antecedent="single_phrase"  category="person"  mmax_level="phrase"  ref_type="phrase"  gender="masc"  min_ids="word_1007"  single_phrase_antecedent="markable_502"  min_words="they" />
<markable id="markable_504" span="word_1005" generic="generic-no"  person="per3"  related_object="no"  ambiguity="unambiguous"  gram_fnc="subj"  number="sing"  object="man"   reference="old"  phrase_antecedent="single_phrase"  category="person"  mmax_level="phrase"  ref_type="phrase"  gender="masc"  min_ids="word_1005"  single_phrase_antecedent="markable_503"  min_words="he" />
<markable id="markable_503" span="word_1004" generic="generic-no"  person="per3"  related_object="no"  ambiguity="unambiguous"  gram_fnc="np-mod"  number="sing"  object="man"   reference="old"  phrase_antecedent="single_phrase"  category="person"  mmax_level="phrase"  ref_type="phrase"  gender="masc"  min_ids="word_1004"  single_phrase_antecedent="markable_496"  min_words="him" />
<markable id="markable_315" span="word_468..word_469" generic="generic-no"  person="per3"  related_object="yes"  gram_fnc="np-mod"  number="sing"  object="brown hair"   reference="new"  category="concrete"  mmax_level="phrase"  related_phrase="markable_313"  gender="neut"  min_ids="word_469"  min_words="hair" />
<markable id="markable_509" span="word_1019" person="per3"  non_ref_type="quantifier"  mmax_level="phrase"  gram_fnc="adjunct"  gender="neut"  number="sing"  min_ids="word_1019"   reference="non_referring"  min_words="everything" />
<markable id="markable_314" span="word_466..word_467" generic="generic-no"  person="per3"  related_object="no"  gram_fnc="np-mod"  number="plur"  object="long braids (hair-do)"   reference="new"  category="concrete"  mmax_level="phrase"  gender="neut"  min_ids="word_467"  min_words="braids" />
<markable id="markable_508" span="word_1017" generic="generic-no"  person="per3"  related_object="no"  ambiguity="unambiguous"  gram_fnc="adjunct"  number="sing"  object="bounce-back thing (toy)"   reference="old"  phrase_antecedent="single_phrase"  category="concrete"  mmax_level="phrase"  ref_type="phrase"  gender="neut"  min_ids="word_1017"  single_phrase_antecedent="markable_350"  min_words="paddle" />
<markable id="markable_313" span="word_461..word_469" person="per3"  non_ref_type="predicate"  mmax_level="phrase"  gram_fnc="predicate"  gender="fem"  number="sing"  min_ids="word_464"   reference="non_referring"  min_words="girl" />
<markable id="markable_312" span="word_459" generic="generic-no"  person="per3"  related_object="no"  ambiguity="unambiguous"  gram_fnc="subj"  number="sing"   reference="old"  phrase_antecedent="single_phrase"  category="person"  mmax_level="phrase"  ref_type="phrase"  gender="undersp-gen"  min_ids="word_459"  single_phrase_antecedent="markable_309"  min_words="it" />
<markable id="markable_507" span="word_1013" person="per2"  non_ref_type="unknown"  gram_fnc="subj"  number="sing"   reference="non_referring"  mmax_level="phrase"  gender="undersp-gen"  min_ids="word_1013"  comment="impersonl you"  min_words="you" />
<markable id="markable_500" span="word_999..word_1004" generic="generic-no"  person="per3"  related_object="no"  gram_fnc="obj"  number="sing"  object="attention"   reference="new"  category="abstract"  mmax_level="phrase"  gender="neut"  min_ids="word_1000"  min_words="attention" />
<markable id="markable_502" span="word_1002" generic="generic-no"  person="per3"  related_object="no"  ambiguity="unambiguous"  gram_fnc="np-mod"  number="plur"  object="three little boys"   reference="old"  phrase_antecedent="single_phrase"  category="person"  mmax_level="phrase"  ref_type="phrase"  gender="masc"  min_ids="word_1002"  single_phrase_antecedent="markable_499"  min_words="them" />
<markable id="markable_302" span="word_435" generic="generic-no"  person="per3"  related_object="no"  ambiguity="unambiguous"  gram_fnc="subj"  number="sing"  object="dirt road"   reference="old"  phrase_antecedent="single_phrase"  category="concrete"  mmax_level="phrase"  ref_type="phrase"  gender="neut"  min_ids="word_435"  single_phrase_antecedent="markable_298"  min_words="it" />
<markable id="markable_413" span="word_757..word_761" generic="generic-no"  person="per3"  related_object="no"  ambiguity="unambiguous"  gram_fnc="obj"  number="sing"  object="little boy"   reference="old"  phrase_antecedent="single_phrase"  category="person"  mmax_level="phrase"  ref_type="phrase"  gender="masc"  min_ids="word_758"  single_phrase_antecedent="markable_401"  min_words="boy" />
<markable id="markable_412" span="word_752..word_753" generic="generic-no"  person="per3"  related_object="no"  ambiguity="unambiguous"  gram_fnc="obj"  number="sing"  object="hat"   reference="old"  phrase_antecedent="single_phrase"  category="concrete"  mmax_level="phrase"  ref_type="phrase"  gender="neut"  min_ids="word_753"  single_phrase_antecedent="markable_409"  min_words="hat" />
<markable id="markable_410" span="word_747..word_753" generic="generic-no"  person="per3"  related_object="no"  ambiguity="unambiguous"  gram_fnc="subj"  number="sing"  object="one of three little boys"   reference="old"  phrase_antecedent="single_phrase"  category="person"  mmax_level="phrase"  ref_type="phrase"  gender="masc"  min_ids="word_749"  single_phrase_antecedent="markable_408"  min_words="boy" />
<markable id="markable_161" span="word_40..word_43" generic="generic-no"  person="per3"  related_object="no"  gram_fnc="obj"  number="sing"  object="navy blue shirt"   reference="new"  category="concrete"  mmax_level="phrase"  gender="neut"  min_ids="word_43"  min_words="shirt" />
<markable id="markable_162" span="word_45..word_50" generic="generic-no"  person="per3"  related_object="no"  gram_fnc="obj"  number="sing"  object="red kerchief"   reference="new"  category="concrete"  mmax_level="phrase"  gender="neut"  min_ids="word_48"  min_words="kerchief" />
<markable id="markable_164" span="word_50" generic="generic-no"  person="per3"  related_object="yes"  gram_fnc="np-mod"  number="sing"  object="neck"   reference="new"  category="concrete"  mmax_level="phrase"  related_phrase="markable_159"  gender="neut"  min_ids="word_50"  min_words="neck" />
<markable id="markable_145" span="word_4..word_7" generic="generic-no"  person="per3"  related_object="no"  gram_fnc="subj"  number="sing"  object="first item noticed"   reference="new"  category="abstract"  mmax_level="phrase"  gender="neut"  min_ids="word_5"  min_words="thing" />
<markable id="markable_166" span="word_52..word_54" generic="generic-no"  person="per3"  related_object="no"  gram_fnc="obj"  number="sing"  object="white apron"   reference="new"  category="concrete"  mmax_level="phrase"  gender="neut"  min_ids="word_54"  min_words="apron" />
<markable id="markable_408" span="word_743" generic="generic-no"  person="per3"  related_object="no"  ambiguity="unambiguous"  gram_fnc="subj"  number="sing"  object="one of three little boys"   reference="old"  phrase_antecedent="single_phrase"  category="person"  mmax_level="phrase"  ref_type="phrase"  gender="masc"  min_ids="word_743"  single_phrase_antecedent="markable_399"  min_words="he" />
<markable id="markable_409" span="word_745" generic="generic-no"  person="per3"  related_object="no"  ambiguity="unambiguous"  gram_fnc="obj"  number="sing"  object="hat"   reference="old"  phrase_antecedent="single_phrase"  category="concrete"  mmax_level="phrase"  ref_type="phrase"  gender="neut"  min_ids="word_745"  single_phrase_antecedent="markable_400"  min_words="hat" />
<markable id="markable_168" span="word_56" generic="generic-no"  person="per3"  related_object="no"  ambiguity="unambiguous"  gram_fnc="subj"  number="sing"  object="man"   reference="old"  phrase_antecedent="single_phrase"  category="person"  mmax_level="phrase"  ref_type="phrase"  gender="masc"  min_ids="word_56"  single_phrase_antecedent="markable_159"  min_words="heclimbs" />
<markable id="markable_149" span="word_10..word_11" generic="generic-no"  person="per3"  related_object="no"  gram_fnc="subj"  number="sing"  object="landscape"   reference="new"  category="space"  mmax_level="phrase"  gender="neut"  min_ids="word_11"  min_words="landscape" />
<markable id="markable_169" span="word_57..word_58" generic="generic-no"  person="per3"  related_object="no"  gram_fnc="obj"  number="sing"  object="ladder"   reference="new"  category="concrete"  mmax_level="phrase"  gender="neut"  min_ids="word_58"  min_words="ladder" />
<markable id="markable_147" span="word_6" person="per2"  non_ref_type="unknown"  gram_fnc="subj"  number="sing"   reference="non_referring"  mmax_level="phrase"  gender="undersp-gen"  min_ids="word_6"  comment="impersonal you"  min_words="you" />
<markable id="markable_405" span="word_739" person="per2"  non_ref_type="unknown"  gram_fnc="subj"  number="sing"   reference="non_referring"  mmax_level="phrase"  gender="undersp-gen"  min_ids="word_739"  comment="impersonal you"  min_words="you" />
<markable id="markable_401" span="word_730..word_736" generic="generic-no"  person="per3"  related_object="no"  ambiguity="unambiguous"  gram_fnc="adjunct"  number="sing"  object="little boy"   reference="old"  phrase_antecedent="single_phrase"  category="person"  mmax_level="phrase"  ref_type="phrase"  gender="masc"  min_ids="word_731"  single_phrase_antecedent="markable_387"  min_words="boy" />
<markable id="markable_400" span="word_725" generic="generic-no"  person="per3"  related_object="no"  ambiguity="unambiguous"  gram_fnc="obj"  number="sing"  object="hat"   reference="old"  phrase_antecedent="single_phrase"  category="concrete"  mmax_level="phrase"  ref_type="phrase"  gender="neut"  min_ids="word_725"  single_phrase_antecedent="markable_398"  min_words="it" />
<markable id="markable_403" span="word_735..word_736" generic="generic-no"  person="per3"  related_object="no"  ambiguity="unambiguous"  gram_fnc="adjunct"  number="sing"  object="bicycle"   reference="old"  phrase_antecedent="single_phrase"  category="concrete"  mmax_level="phrase"  ref_type="phrase"  gender="neut"  min_ids="word_736"  single_phrase_antecedent="markable_379"  min_words="bicycle" />
<markable id="markable_171" span="word_67" generic="generic-no"  person="per3"  related_object="no"  ambiguity="unambiguous"  gram_fnc="subj"  number="sing"  object="man"   reference="old"  phrase_antecedent="single_phrase"  category="person"  mmax_level="phrase"  ref_type="phrase"  gender="masc"  min_ids="word_67"  single_phrase_antecedent="markable_168"  min_words="he" />
<markable id="markable_174" span="word_77" generic="generic-no"  person="per3"  related_object="no"  gram_fnc="obj"  number="plur"  object="pears"   reference="new"  category="concrete"  mmax_level="phrase"  gender="neut"  min_ids="word_77"  min_words="pears" />
<markable id="markable_150" span="word_16..word_18" person="per3"  non_ref_type="predicate"  mmax_level="phrase"  gram_fnc="predicate"  gender="neut"  number="sing"  min_ids="word_18"   reference="non_referring"  min_words="area" />
<markable id="markable_175" span="word_79..word_80" generic="generic-no"  person="per3"  related_object="yes"  gram_fnc="adjunct"  number="sing"  object="tree"   reference="new"  category="concrete"  mmax_level="phrase"  related_phrase="markable_157"  gender="neut"  min_ids="word_80"  min_words="tree" />
<markable id="markable_172" span="word_70..word_71" generic="generic-no"  person="per3"  related_object="no"  ambiguity="unambiguous"  gram_fnc="adjunct"  number="sing"  object="ladder"   reference="old"  phrase_antecedent="single_phrase"  category="concrete"  mmax_level="phrase"  ref_type="phrase"  gender="neut"  min_ids="word_71"  single_phrase_antecedent="markable_169"  min_words="ladder" />
<markable id="markable_173" span="word_74" generic="generic-no"  person="per3"  related_object="no"  ambiguity="unambiguous"  gram_fnc="subj"  number="sing"  object="man"   reference="old"  phrase_antecedent="single_phrase"  category="person"  mmax_level="phrase"  ref_type="phrase"  gender="masc"  min_ids="word_74"  single_phrase_antecedent="markable_171"  min_words="he" />
<markable id="markable_153" span="word_19" generic="generic-no"  person="per3"  related_object="no"  ambiguity="unambiguous"  gram_fnc="subj"  number="sing"   reference="old"  phrase_antecedent="single_phrase"  category="space"  mmax_level="phrase"  ref_type="phrase"  gender="neut"  min_ids="word_19"  single_phrase_antecedent="markable_149"  min_words="it" />
<markable id="markable_178" span="word_96" generic="generic-no"  person="per3"  related_object="no"  ambiguity="unambiguous"  gram_fnc="subj"  number="plur"  object="pears"   reference="old"  phrase_antecedent="single_phrase"  category="concrete"  mmax_level="phrase"  ref_type="phrase"  gender="neut"  min_ids="word_96"  single_phrase_antecedent="markable_177"  min_words="they" />
<markable id="markable_154" span="word_24..word_27" person="per3"  non_ref_type="quantifier"  mmax_level="phrase"  gram_fnc="adjunct"  gender="neut"  number="sing"  min_ids="word_24..word_26"   reference="non_referring"  min_words="a lot of" />
<markable id="markable_179" span="word_101" generic="generic-no"  person="per3"  related_object="no"  ambiguity="unambiguous"  gram_fnc="subj"  number="sing"  object="man"   reference="old"  phrase_antecedent="single_phrase"  category="person"  mmax_level="phrase"  ref_type="phrase"  gender="masc"  min_ids="word_101"  single_phrase_antecedent="markable_173"  min_words="he" />
<markable id="markable_176" span="word_82" generic="generic-no"  person="per3"  related_object="no"  ambiguity="unambiguous"  gram_fnc="subj"  number="plur"  object="pears"   reference="old"  phrase_antecedent="single_phrase"  category="concrete"  mmax_level="phrase"  ref_type="phrase"  gender="neut"  min_ids="word_82"  single_phrase_antecedent="markable_174"  min_words="they" />
<markable id="markable_177" span="word_90" generic="generic-no"  person="per3"  related_object="no"  ambiguity="unambiguous"  gram_fnc="subj"  number="plur"  object="pears"   reference="old"  phrase_antecedent="single_phrase"  category="concrete"  mmax_level="phrase"  ref_type="phrase"  gender="neut"  min_ids="word_90"  single_phrase_antecedent="markable_176"  min_words="they" />
<markable id="markable_157" span="word_27" generic="generic-no"  person="per3"  related_object="no"  gram_fnc="np-compl"  number="plur"  object="trees"   reference="new"  category="concrete"  mmax_level="phrase"  gender="neut"  min_ids="word_27"  min_words="trees" />
<markable id="markable_158" span="word_30" person="per2"  non_ref_type="unknown"  gram_fnc="subj"  number="sing"   reference="non_referring"  mmax_level="phrase"  gender="undersp-gen"  min_ids="word_30"  comment="impersonal you"  min_words="you" />
<markable id="markable_159" span="word_32..word_54" generic="generic-no"  person="per3"  related_object="no"  gram_fnc="obj"  number="sing"  object="man"   reference="new"  category="person"  mmax_level="phrase"  gender="masc"  min_ids="word_36"  min_words="man" />
<markable id="markable_432" span="word_804" generic="generic-no"  person="per3"  related_object="no"  ambiguity="unambiguous"  gram_fnc="obj"  number="sing"  object="hat"   reference="old"  phrase_antecedent="single_phrase"  category="concrete"  mmax_level="phrase"  ref_type="phrase"  gender="neut"  min_ids="word_804"  single_phrase_antecedent="markable_422"  min_words="hat" />
<markable id="markable_431" span="word_799..word_804" generic="generic-no"  person="per3"  related_object="no"  ambiguity="unambiguous"  gram_fnc="subj"  number="sing"  object="one of three little boys"   reference="old"  phrase_antecedent="single_phrase"  category="person"  mmax_level="phrase"  ref_type="phrase"  gender="masc"  min_ids="word_801"  single_phrase_antecedent="markable_428"  min_words="boy" />
<markable id="markable_435" span="word_814..word_815" generic="generic-no"  person="per3"  related_object="no"  ambiguity="unambiguous"  gram_fnc="subj"  number="plur"  object="other two little boys (from three boys"   reference="old"  phrase_antecedent="single_phrase"  category="person"  mmax_level="phrase"  ref_type="phrase"  gender="masc"  min_ids="word_814"  single_phrase_antecedent="markable_434"  min_words="they" />
<markable id="markable_434" span="word_812" generic="generic-no"  person="per3"  related_object="yes"  gram_fnc="adjunct"  number="plur"  object="other two little boys (from three boys)"   reference="new"  category="person"  mmax_level="phrase"  related_phrase="markable_397"  gender="masc"  min_ids="word_812"  min_words="friends" />
<markable id="markable_433" span="word_806..word_807" generic="generic-no"  person="per3"  related_object="no"  ambiguity="unambiguous"  gram_fnc="obj"  number="plur"  object="three pears"   reference="old"  phrase_antecedent="single_phrase"  category="concrete"  mmax_level="phrase"  ref_type="phrase"  gender="neut"  min_ids="word_807"  single_phrase_antecedent="markable_429"  min_words="pears" />
<markable id="markable_286" span="word_396..word_398" generic="generic-no"  person="per3"  related_object="no"  ambiguity="unambiguous"  gram_fnc="obj"  number="sing"  object="basket of pears"   reference="old"  phrase_antecedent="single_phrase"  category="concrete"  mmax_level="phrase"  ref_type="phrase"  gender="neut"  min_ids="word_398"  single_phrase_antecedent="markable_272"  min_words="basket" />
<markable id="markable_287" span="word_400..word_403" generic="generic-no"  person="per3"  related_object="yes"  gram_fnc="adjunct"  number="sing"  object="front part of bicycle"   reference="new"  category="concrete"  mmax_level="phrase"  related_phrase="markable_253"  gender="neut"  min_ids="word_401"  min_words="front" />
<markable id="markable_184" span="word_110" generic="generic-no"  person="per3"  related_object="no"  gram_fnc="np-compl"  number="sing"  object="time"   reference="new"  category="abstract"  mmax_level="phrase"  gender="neut"  min_ids="word_110"  min_words="time" />
<markable id="markable_185" span="word_112" generic="generic-no"  person="per3"  related_object="no"  ambiguity="unambiguous"  gram_fnc="obj"  number="sing"  object="man"   reference="old"  phrase_antecedent="single_phrase"  category="person"  mmax_level="phrase"  ref_type="phrase"  gender="masc"  min_ids="word_112"  single_phrase_antecedent="markable_179"  min_words="him" />
<markable id="markable_186" span="word_114..word_115" generic="generic-no"  person="per3"  related_object="no"  ambiguity="unambiguous"  gram_fnc="obj"  number="plur"  object="pears"   reference="old"  phrase_antecedent="single_phrase"  category="concrete"  mmax_level="phrase"  ref_type="phrase"  gender="neut"  min_ids="word_115"  single_phrase_antecedent="markable_178"  min_words="pears" />
<markable id="markable_289" span="word_403" generic="generic-no"  person="per3"  related_object="no"  ambiguity="unambiguous"  gram_fnc="np-compl"  number="sing"  object="bicycle"   reference="old"  phrase_antecedent="single_phrase"  category="concrete"  mmax_level="phrase"  ref_type="phrase"  gender="neut"  min_ids="word_403"  single_phrase_antecedent="markable_253"  min_words="bike" />
<markable id="markable_708" span="word_65" generic="generic-no"  person="per3"  related_object="no"  ambiguity="unambiguous"  gram_fnc="no-gf"  number="sing"   reference="old"  segment_antecedent="unit:markable_716"  category="abstract"  mmax_level="phrase"  ref_type="segment"  gender="neut"  min_ids="word_65"  min_words="that" />
<markable id="markable_180" span="word_103" generic="generic-no"  person="per3"  related_object="no"  gram_fnc="subj"  number="sing"  object="unknown object"   reference="new"  category="concrete"  mmax_level="phrase"  gender="neut"  min_ids="word_103"  min_words="it" />
<markable id="markable_181" span="word_104..word_105" generic="generic-no"  person="per3"  related_object="no"  ambiguity="unambiguous"  gram_fnc="subj"  number="sing"  object="camera"   reference="old"  phrase_antecedent="single_phrase"  category="concrete"  mmax_level="phrase"  ref_type="phrase"  gender="neut"  min_ids="word_105"  single_phrase_antecedent="markable_180"  min_words="camera" />
<markable id="markable_182" span="word_107..word_110" person="per3"  non_ref_type="quantifier"  mmax_level="phrase"  gram_fnc="obj"  gender="neut"  number="sing"  min_ids="word_107..word_109"   reference="non_referring"  min_words="a lot of" />
<markable id="markable_428" span="word_795" generic="generic-no"  person="per3"  related_object="no"  ambiguity="unambiguous"  gram_fnc="comp"  number="sing"  object="one of three little boys"   reference="old"  phrase_antecedent="single_phrase"  category="person"  mmax_level="phrase"  ref_type="phrase"  gender="masc"  min_ids="word_795"  single_phrase_antecedent="markable_419"  min_words="him" />
<markable id="markable_429" span="word_796..word_797" generic="generic-no"  person="per3"  related_object="yes"  gram_fnc="obj"  number="plur"  object="three pears"   reference="new"  category="concrete"  mmax_level="phrase"  related_phrase="markable_364"  gender="neut"  min_ids="word_797"  min_words="pears" />
<markable id="markable_280" span="word_375" generic="generic-no"  person="per3"  related_object="no"  ambiguity="unambiguous"  gram_fnc="subj"  number="sing"  object="little boy"   reference="old"  phrase_antecedent="single_phrase"  category="person"  mmax_level="phrase"  ref_type="phrase"  gender="masc"  min_ids="word_375"  single_phrase_antecedent="markable_279"  min_words="he" />
<markable id="markable_427" span="word_792..word_793" generic="generic-no"  person="per3"  related_object="no"  ambiguity="unambiguous"  gram_fnc="adjunct"  number="sing"  object="bicycle"   reference="old"  phrase_antecedent="single_phrase"  category="concrete"  mmax_level="phrase"  ref_type="phrase"  gender="neut"  min_ids="word_793"  single_phrase_antecedent="markable_424"  min_words="bicycle" />
<markable id="markable_281" span="word_379" generic="generic-no"  person="per1"  related_object="no"  ambiguity="unambiguous"  gram_fnc="subj"  number="sing"  object="speaker"   reference="old"  phrase_antecedent="single_phrase"  category="person"  mmax_level="phrase"  ref_type="phrase"  gender="undersp-gen"  min_ids="word_379"  single_phrase_antecedent="markable_230"  min_words="i" />
<markable id="markable_187" span="word_117" generic="generic-no"  person="per3"  related_object="no"  ambiguity="unambiguous"  gram_fnc="obj"  number="plur"  object="pears"   reference="old"  phrase_antecedent="single_phrase"  category="concrete"  mmax_level="phrase"  ref_type="phrase"  gender="neut"  min_ids="word_117"  single_phrase_antecedent="markable_186"  min_words="them" />
<markable id="markable_282" span="word_381" person="per3"  non_ref_type="expletive"  mmax_level="phrase"  gram_fnc="subj"  gender="neut"  number="sing"  min_ids="word_381"   reference="non_referring"  min_words="there" />
<markable id="markable_283" span="word_385" generic="generic-no"  person="per3"  related_object="no"  ambiguity="unambiguous"  gram_fnc="subj"  number="plur"  object="man and little boy"   reference="old"  phrase_antecedent="multiple_phrases"  category="person"  mmax_level="phrase"  multiple_phrase_antecedents="markable_280;markable_277"  ref_type="phrase"  gender="masc"  min_ids="word_385"  min_words="they" />
<markable id="markable_188" span="word_119" generic="generic-no"  person="per3"  related_object="no"  ambiguity="unambiguous"  gram_fnc="adjunct"  number="sing"  object="white apron"   reference="old"  phrase_antecedent="single_phrase"  category="concrete"  mmax_level="phrase"  ref_type="phrase"  gender="neut"  min_ids="word_119"  single_phrase_antecedent="markable_166"  min_words="apron" />
<markable id="markable_284" span="word_387..word_390" generic="generic-no"  person="per3"  related_object="no"  gram_fnc="np-mod"  number="sing"  object="three feet (distance)"   reference="new"  category="abstract"  mmax_level="phrase"  gender="neut"  min_ids="word_390"  min_words="feet" />
<markable id="markable_285" span="word_394" generic="generic-no"  person="per3"  related_object="no"  ambiguity="unambiguous"  gram_fnc="subj"  number="sing"  object="little boy"   reference="old"  phrase_antecedent="single_phrase"  category="person"  mmax_level="phrase"  ref_type="phrase"  gender="masc"  min_ids="word_394"  single_phrase_antecedent="markable_280"  min_words="he" />
<markable id="markable_421" span="word_776..word_777" generic="generic-no"  person="per3"  related_object="no"  ambiguity="unambiguous"  gram_fnc="obj"  number="sing"  object="hat"   reference="old"  phrase_antecedent="single_phrase"  category="concrete"  mmax_level="phrase"  ref_type="phrase"  gender="neut"  min_ids="word_777"  single_phrase_antecedent="markable_412"  min_words="hat" />
<markable id="markable_423" span="word_781..word_785" generic="generic-no"  person="per3"  related_object="no"  ambiguity="unambiguous"  gram_fnc="adjunct"  number="sing"  object="little boy"   reference="old"  phrase_antecedent="single_phrase"  category="person"  mmax_level="phrase"  ref_type="phrase"  gender="masc"  min_ids="word_782"  single_phrase_antecedent="markable_413"  min_words="boy" />
<markable id="markable_422" span="word_779" generic="generic-no"  person="per3"  related_object="no"  ambiguity="unambiguous"  gram_fnc="obj"  number="sing"  object="hat"   reference="old"  phrase_antecedent="single_phrase"  category="concrete"  mmax_level="phrase"  ref_type="phrase"  gender="neut"  min_ids="word_779"  single_phrase_antecedent="markable_421"  min_words="it" />
<markable id="markable_424" span="word_784..word_785" generic="generic-no"  person="per3"  related_object="no"  ambiguity="unambiguous"  gram_fnc="np-mod"  number="sing"  object="bicycle"   reference="old"  phrase_antecedent="single_phrase"  category="concrete"  mmax_level="phrase"  ref_type="phrase"  gender="neut"  min_ids="word_785"  single_phrase_antecedent="markable_415"  min_words="bicycle" />
<markable id="markable_299" span="word_431..word_433" person="per3"  non_ref_type="predicate"  mmax_level="phrase"  gram_fnc="predicate"  gender="neut"  number="sing"  min_ids="word_433"   reference="non_referring"  min_words="road" />
<markable id="markable_194" span="word_139" generic="generic-no"  person="per3"  related_object="no"  ambiguity="unambiguous"  gram_fnc="subj"  number="sing"   reference="old"  segment_antecedent="unit:markable_533;unit:markable_534;unit:markable_537"  category="abstract"  mmax_level="phrase"  ref_type="segment"  gender="neut"  min_ids="word_139"  min_words="that" />
<markable id="markable_297" span="word_422" generic="generic-no"  person="per3"  related_object="no"  ambiguity="unambiguous"  gram_fnc="subj"  number="sing"  object="road"   reference="old"  phrase_antecedent="single_phrase"  category="concrete"  mmax_level="phrase"  ref_type="phrase"  gender="neut"  min_ids="word_422"  single_phrase_antecedent="markable_295"  min_words="it" />
<markable id="markable_298" span="word_426" generic="generic-no"  person="per3"  related_object="no"  ambiguity="unambiguous"  gram_fnc="subj"  number="sing"  object="road"   reference="old"  phrase_antecedent="single_phrase"  category="concrete"  mmax_level="phrase"  ref_type="phrase"  gender="neut"  min_ids="word_426"  single_phrase_antecedent="markable_297"  min_words="it" />
<markable id="markable_195" span="word_141..word_152" person="per3"  non_ref_type="predicate"  mmax_level="phrase"  gram_fnc="predicate"  gender="neut"  number="sing"  min_ids="word_141"   reference="non_referring"  min_words="part" />
<markable id="markable_192" span="word_132..word_135" generic="generic-no"  person="per3"  related_object="no"  gram_fnc="adjunct"  number="plur"  object="baskets"   reference="new"  category="concrete"  mmax_level="phrase"  gender="neut"  min_ids="word_135"  min_words="baskets" />
<markable id="markable_190" span="word_126..word_127" generic="generic-no"  person="per3"  related_object="no"  ambiguity="unambiguous"  gram_fnc="adjunct"  number="sing"  object="ladder"   reference="old"  phrase_antecedent="single_phrase"  category="concrete"  mmax_level="phrase"  ref_type="phrase"  gender="neut"  min_ids="word_127"  single_phrase_antecedent="markable_172"  min_words="ladder" />
<markable id="markable_191" span="word_130" generic="generic-no"  person="per3"  related_object="no"  ambiguity="unambiguous"  gram_fnc="obj"  number="plur"  object="pears"   reference="old"  phrase_antecedent="single_phrase"  category="concrete"  mmax_level="phrase"  ref_type="phrase"  gender="neut"  min_ids="word_130"  single_phrase_antecedent="markable_187"  min_words="them" />
<markable id="markable_291" span="word_409" generic="generic-no"  person="per3"  related_object="no"  ambiguity="unambiguous"  gram_fnc="adjunct"  number="sing"  object="basket of pears"   reference="old"  phrase_antecedent="single_phrase"  category="concrete"  mmax_level="phrase"  ref_type="phrase"  gender="neut"  min_ids="word_409"  single_phrase_antecedent="markable_286"  min_words="it" />
<markable id="markable_415" span="word_760..word_761" generic="generic-no"  person="per3"  related_object="no"  ambiguity="unambiguous"  gram_fnc="np-mod"  number="sing"  object="bicycle"   reference="old"  phrase_antecedent="single_phrase"  category="concrete"  mmax_level="phrase"  ref_type="phrase"  gender="neut"  min_ids="word_761"  single_phrase_antecedent="markable_403"  min_words="bicycle" />
<markable id="markable_417" span="word_766" generic="generic-no"  person="per3"  related_object="no"  ambiguity="unambiguous"  gram_fnc="subj"  number="plur"  object="little boy and one of three little boys"   reference="old"  phrase_antecedent="multiple_phrases"  category="person"  mmax_level="phrase"  multiple_phrase_antecedents="markable_413;markable_410"  ref_type="phrase"  gender="masc"  min_ids="word_766"  min_words="they" />
<markable id="markable_290" span="word_405" generic="generic-no"  person="per3"  related_object="no"  ambiguity="unambiguous"  gram_fnc="subj"  number="sing"  object="little boy"   reference="old"  phrase_antecedent="single_phrase"  category="person"  mmax_level="phrase"  ref_type="phrase"  gender="masc"  min_ids="word_405"  single_phrase_antecedent="markable_285"  min_words="he" />
<markable id="markable_418" span="word_768" generic="generic-no"  person="per3"  related_object="no"  ambiguity="unambiguous"  gram_fnc="subj"  number="sing"  object="one of three little boys"   reference="old"  phrase_antecedent="single_phrase"  category="person"  mmax_level="phrase"  ref_type="phrase"  gender="masc"  min_ids="word_768"  single_phrase_antecedent="markable_413"  min_words="he" />
<markable id="markable_419" span="word_770..word_777" generic="generic-no"  person="per3"  related_object="no"  ambiguity="unambiguous"  gram_fnc="subj"  number="sing"  object="one of three little boys"   reference="old"  phrase_antecedent="single_phrase"  category="person"  mmax_level="phrase"  ref_type="phrase"  gender="masc"  min_ids="word_772"  single_phrase_antecedent="markable_410"  min_words="boy" />
<markable id="markable_295" span="word_417..word_425" generic="generic-no"  person="per3"  related_object="no"  gram_fnc="adjunct"  number="sing"  object="road"   reference="new"  category="concrete"  mmax_level="phrase"  gender="neut"  min_ids="word_418"  min_words="road" />
<markable id="markable_198" span="word_143..word_152" generic="generic-no"  person="per3"  related_object="no"  gram_fnc="np-compl"  number="sing"  object="activity"   reference="new"  category="abstract"  mmax_level="phrase"  gender="neut"  min_ids="word_144"  min_words="activity" />
<markable id="markable_293" span="word_413" generic="generic-no"  person="per3"  related_object="no"  ambiguity="unambiguous"  gram_fnc="subj"  number="sing"  object="little boy"   reference="old"  phrase_antecedent="single_phrase"  category="person"  mmax_level="phrase"  ref_type="phrase"  gender="masc"  min_ids="word_413"  single_phrase_antecedent="markable_290"  min_words="he" />
<markable id="markable_199" span="word_147..word_152" generic="generic-no"  person="per3"  related_object="no"  gram_fnc="np-compl"  number="sing"  object="first section of film"   reference="new"  category="abstract"  mmax_level="phrase"  gender="neut"  min_ids="word_149"  min_words="portion" />
<markable id="markable_257" span="word_307..word_308" generic="generic-no"  person="per3"  related_object="no"  ambiguity="unambiguous"  gram_fnc="np-compl"  number="sing"  object="tree"   reference="old"  phrase_antecedent="single_phrase"  category="concrete"  mmax_level="phrase"  ref_type="phrase"  gender="neut"  min_ids="word_308"  single_phrase_antecedent="markable_175"  min_words="tree" />
<markable id="markable_391" span="word_700..word_703" generic="generic-no"  person="per3"  related_object="no"  ambiguity="unambiguous"  gram_fnc="subj"  number="plur"  object="three little boys"   reference="old"  phrase_antecedent="single_phrase"  category="person"  mmax_level="phrase"  ref_type="phrase"  gender="masc"  min_ids="word_703"  single_phrase_antecedent="markable_372"  min_words="boys" />
<markable id="markable_259" span="word_313..word_319" generic="generic-no"  person="per3"  related_object="no"  ambiguity="unambiguous"  gram_fnc="adjunct"  number="sing"  object="man"   reference="old"  phrase_antecedent="single_phrase"  category="person"  mmax_level="phrase"  ref_type="phrase"  gender="masc"  min_ids="word_314"  single_phrase_antecedent="markable_234"  min_words="man" />
<markable id="markable_390" span="word_698..word_699" person="per3"  non_ref_type="incomplete"  mmax_level="phrase"  gram_fnc="obj"  gender="neut"  number="sing"  min_ids="word_699"   reference="non_referring"  min_words="li" />
<markable id="markable_449" span="word_846" generic="generic-no"  person="per3"  related_object="no"  ambiguity="unambiguous"  gram_fnc="obj"  number="plur"  object="three pears"   reference="old"  phrase_antecedent="single_phrase"  category="concrete"  mmax_level="phrase"  ref_type="phrase"  gender="neut"  min_ids="word_846"  single_phrase_antecedent="markable_433"  min_words="pears" />
<markable id="markable_254" span="word_301" generic="generic-no"  person="per3"  related_object="no"  ambiguity="unambiguous"  gram_fnc="subj"  number="sing"  object="little boy"   reference="old"  phrase_antecedent="single_phrase"  category="person"  mmax_level="phrase"  ref_type="phrase"  gender="masc"  min_ids="word_301"  single_phrase_antecedent="markable_252"  min_words="he" />
<markable id="markable_393" span="word_712..word_713" generic="generic-no"  person="per3"  related_object="no"  ambiguity="unambiguous"  gram_fnc="adjunct"  number="sing"  object="dirt road"   reference="old"  phrase_antecedent="single_phrase"  category="concrete"  mmax_level="phrase"  ref_type="phrase"  gender="neut"  min_ids="word_713"  single_phrase_antecedent="markable_324"  min_words="road" />
<markable id="markable_253" span="word_299" generic="generic-no"  person="per3"  related_object="no"  gram_fnc="obj"  number="sing"  object="bicycle"   reference="new"  category="concrete"  mmax_level="phrase"  gender="neut"  min_ids="word_299"  min_words="bicycle" />
<markable id="markable_448" span="word_843" generic="generic-no"  person="per3"  related_object="no"  ambiguity="unambiguous"  gram_fnc="subj"  number="plur"  object="three little boys"   reference="old"  phrase_antecedent="single_phrase"  category="person"  mmax_level="phrase"  ref_type="phrase"  gender="masc"  min_ids="word_843"  single_phrase_antecedent="markable_447"  min_words="they" />
<markable id="markable_392" span="word_708..word_710" generic="generic-no"  person="per3"  related_object="yes"  gram_fnc="adjunct"  number="sing"  object="direction"   reference="new"  category="abstract"  mmax_level="phrase"  related_phrase="markable_324"  gender="neut"  min_ids="word_710"  min_words="direction" />
<markable id="markable_395" span="word_715..word_719" generic="generic-no"  person="per3"  related_object="yes"  gram_fnc="subj"  number="sing"  object="one of three little boys"   reference="new"  category="person"  mmax_level="phrase"  related_phrase="markable_391"  gender="masc"  min_ids="word_715"  min_words="one" />
<markable id="markable_255" span="word_304..word_308" generic="generic-no"  person="per3"  related_object="yes"  gram_fnc="adjunct"  number="sing"  object="bottom part of tree"   reference="new"  category="space"  mmax_level="phrase"  related_phrase="markable_175"  gender="neut"  min_ids="word_305"  min_words="bottom" />
<markable id="markable_397" span="word_717..word_719" generic="generic-no"  person="per3"  related_object="no"  ambiguity="unambiguous"  gram_fnc="np-compl"  number="plur"  object="three little boys"   reference="old"  phrase_antecedent="single_phrase"  category="person"  mmax_level="phrase"  ref_type="phrase"  gender="masc"  min_ids="word_719"  single_phrase_antecedent="markable_391"  min_words="boys" />
<markable id="markable_399" span="word_723" generic="generic-no"  person="per3"  related_object="no"  ambiguity="unambiguous"  gram_fnc="subj"  number="sing"  object="one of three little boys"   reference="old"  phrase_antecedent="single_phrase"  category="person"  mmax_level="phrase"  ref_type="phrase"  gender="masc"  min_ids="word_723"  single_phrase_antecedent="markable_395"  min_words="he" />
<markable id="markable_712" span="word_524" person="per3"  non_ref_type="quantifier"  mmax_level="phrase"  gram_fnc="adjunct"  gender="neut"  number="sing"  min_ids="word_524"   reference="non_referring"  min_words="everything" />
<markable id="markable_252" span="word_296" generic="generic-no"  person="per3"  related_object="no"  ambiguity="unambiguous"  gram_fnc="subj"  number="sing"  object="little boy"   reference="old"  phrase_antecedent="single_phrase"  category="person"  mmax_level="phrase"  ref_type="phrase"  gender="masc"  min_ids="word_296"  single_phrase_antecedent="markable_248"  min_words="he" />
<markable id="markable_398" span="word_721" generic="generic-no"  person="per3"  related_object="no"  ambiguity="unambiguous"  gram_fnc="obj"  number="sing"  object="hat"   reference="old"  phrase_antecedent="single_phrase"  category="concrete"  mmax_level="phrase"  ref_type="phrase"  gender="neut"  min_ids="word_721"  single_phrase_antecedent="markable_386"  min_words="hat" />
<markable id="markable_713" span="word_666..word_667" person="per3"  non_ref_type="incomplete"  mmax_level="phrase"  gram_fnc="adjunct"  gender="neut"  number="sing"  min_ids="word_667"   reference="non_referring"  min_words="the" />
<markable id="markable_718" span="word_519..word_520" generic="generic-no"  person="per3"  related_object="no"  ambiguity="unambiguous"  gram_fnc="np-part"  number="plur"  object="pears"   reference="old"  phrase_antecedent="single_phrase"  category="concrete"  mmax_level="phrase"  ref_type="phrase"  gender="neut"  min_ids="word_520"  single_phrase_antecedent="markable_717"  min_words="pears" />
<markable id="markable_719" span="word_787..word_793" generic="generic-no"  person="per3"  related_object="no"  ambiguity="unambiguous"  gram_fnc="subj"  number="sing"  object="little boy"   reference="old"  phrase_antecedent="single_phrase"  category="person"  mmax_level="phrase"  ref_type="phrase"  gender="masc"  min_ids="word_788"  single_phrase_antecedent="markable_423"  min_words="boy" />
<markable id="markable_717" span="word_504..word_505" generic="generic-no"  phrase_antecedent_2="single_phrase"  person="per3"  gram_fnc="np-part"  ambiguity="ambiguous"  single_phrase_antecedent_2="markable_270"  object="pears"   related_object_2="no"  mmax_level="phrase"  ref_type="phrase"  gender="neut"  min_words="pears"  ref_type_2="phrase"  generic_2="generic-no"  related_object="no"  category_2="concrete"  number="plur"  phrase_antecedent="single_phrase"  reference="old"  category="concrete"  min_ids="word_505"  single_phrase_antecedent="markable_272" />
<markable id="markable_450" span="word_849..word_850" generic="generic-no"  person="per3"  related_object="no"  gram_fnc="adjunct"  number="sing"  object="meantime"   reference="new"  category="time"  mmax_level="phrase"  gender="neut"  min_ids="word_850"  min_words="meantime" />
<markable id="markable_722" span="word_206..word_215" person="per3"  non_ref_type="coordination"  mmax_level="phrase"  gram_fnc="adjunct"  gender="neut"  number="undersp-num"   comment="coord"  reference="non_referring" />
<markable id="markable_721" span="word_170" min_ids="word_170" person="per3"  non_ref_type="incomplete"  mmax_level="phrase"  gram_fnc="unsure-gf"  gender="neut"  number="sing"   reference="non_referring"  min_words="this" />
<markable id="markable_720" span="word_40..word_54" person="per3"  non_ref_type="coordination"  mmax_level="phrase"  gram_fnc="obj"  gender="neut"  number="sing"   comment="coord"  reference="non_referring" />
<markable id="markable_456" span="word_868" generic="generic-yes"  person="per3"  related_object="no"  ambiguity="unambiguous"  gram_fnc="obj"  number="plur"  object="pears"   reference="old"  phrase_antecedent="single_phrase"  category="concrete"  mmax_level="phrase"  ref_type="phrase"  gender="neut"  min_ids="word_868"  single_phrase_antecedent="markable_270"  min_words="pears" />
<markable id="markable_457" span="word_870" generic="generic-no"  person="per3"  related_object="no"  ambiguity="unambiguous"  gram_fnc="subj"  number="sing"  object="man"   reference="old"  phrase_antecedent="single_phrase"  category="person"  mmax_level="phrase"  ref_type="phrase"  gender="masc"  min_ids="word_870"  single_phrase_antecedent="markable_453"  min_words="he" />
<markable id="markable_458" span="word_874..word_876" generic="generic-no"  person="per3"  related_object="no"  ambiguity="unambiguous"  gram_fnc="adjunct"  number="sing"  object="tree"   reference="old"  phrase_antecedent="single_phrase"  category="concrete"  mmax_level="phrase"  ref_type="phrase"  gender="neut"  min_ids="word_876"  single_phrase_antecedent="markable_257"  min_words="tree" />
<markable id="markable_451" span="word_851..word_852" generic="generic-no"  person="per3"  related_object="yes"  gram_fnc="subj"  number="sing"  object="scene"   reference="new"  category="abstract"  mmax_level="phrase"  related_phrase="markable_201"  gender="neut"  min_ids="word_852"  min_words="scene" />
<markable id="markable_453" span="word_856..word_868" generic="generic-no"  person="per3"  related_object="no"  ambiguity="unambiguous"  gram_fnc="adjunct"  number="sing"  object="man"   reference="old"  phrase_antecedent="single_phrase"  category="person"  mmax_level="phrase"  ref_type="phrase"  gender="masc"  min_ids="word_857"  single_phrase_antecedent="markable_277"  min_words="man" />
<markable id="markable_380" span="word_663..word_664" generic="generic-no"  person="per3"  related_object="no"  ambiguity="unambiguous"  gram_fnc="obj"  number="sing"  object="hat"   reference="old"  phrase_antecedent="single_phrase"  category="concrete"  mmax_level="phrase"  ref_type="phrase"  gender="neut"  min_ids="word_664"  single_phrase_antecedent="markable_247"  min_words="hat" />
<markable id="markable_249" span="word_292..word_294" generic="generic-no"  person="per3"  related_object="no"  gram_fnc="adjunct"  number="sing"  object="faded red clothing"   reference="new"  category="concrete"  mmax_level="phrase"  gender="neut"  min_ids="word_294"  min_words="clothing" />
<markable id="markable_248" span="word_286" generic="generic-no"  person="per3"  related_object="no"  ambiguity="unambiguous"  gram_fnc="subj"  number="sing"  object="little boy"   reference="old"  phrase_antecedent="single_phrase"  category="person"  mmax_level="phrase"  ref_type="phrase"  gender="masc"  min_ids="word_286"  single_phrase_antecedent="markable_246"  min_words="he" />
<markable id="markable_247" span="word_283..word_284" generic="generic-no"  person="per3"  related_object="no"  gram_fnc="obj"  number="sing"  object="hat"   reference="new"  category="concrete"  mmax_level="phrase"  gender="neut"  min_ids="word_284"  min_words="hat" />
<markable id="markable_246" span="word_280" generic="generic-no"  person="per3"  related_object="no"  ambiguity="unambiguous"  gram_fnc="subj"  number="sing"  object="little boy"   reference="old"  phrase_antecedent="single_phrase"  category="person"  mmax_level="phrase"  ref_type="phrase"  gender="masc"  min_ids="word_280"  single_phrase_antecedent="markable_244"  min_words="he" />
<markable id="markable_384" span="word_673" generic="generic-no"  person="per3"  related_object="no"  ambiguity="unambiguous"  gram_fnc="subj"  number="sing"  object="hat"   reference="old"  phrase_antecedent="single_phrase"  category="concrete"  mmax_level="phrase"  ref_type="phrase"  gender="neut"  min_ids="word_673"  single_phrase_antecedent="markable_380"  min_words="it" />
<markable id="markable_244" span="word_276" generic="generic-no"  person="per3"  related_object="no"  ambiguity="unambiguous"  gram_fnc="subj"  number="sing"  object="little boy"   reference="old"  phrase_antecedent="single_phrase"  category="person"  mmax_level="phrase"  ref_type="phrase"  gender="masc"  min_ids="word_276"  single_phrase_antecedent="markable_241"  min_words="he" />
<markable id="markable_383" span="word_670..word_672" generic="generic-no"  person="per3"  related_object="no"  ambiguity="unambiguous"  gram_fnc="obj"  number="sing"  object="little girl"   reference="old"  phrase_antecedent="single_phrase"  category="person"  mmax_level="phrase"  ref_type="phrase"  gender="fem"  min_ids="word_672"  single_phrase_antecedent="markable_319"  min_words="girl" />
<markable id="markable_438" span="word_817..word_818" generic="generic-no"  person="per3"  related_object="no"  ambiguity="unambiguous"  gram_fnc="comp"  number="plur"  object="other two little boys (from three boys"   reference="old"  phrase_antecedent="single_phrase"  category="person"  mmax_level="phrase"  ref_type="phrase"  gender="masc"  min_ids="word_818"  single_phrase_antecedent="markable_435"  min_words="each" />
<markable id="markable_243" span="word_271..word_273" generic="generic-no"  person="per3"  related_object="no"  gram_fnc="np-mod"  number="sing"  object="age"   reference="new"  category="time"  mmax_level="phrase"  gender="neut"  min_ids="word_273"  min_words="years" />
<markable id="markable_723" span="word_485..word_486" min_ids="word_485..word_486" person="per3"  non_ref_type="quantifier"  mmax_level="phrase"  gram_fnc="adjunct"  gender="neut"  number="sing"   reference="non_referring"  min_words="too much" />
<markable id="markable_241" span="word_268..word_274" generic="generic-no"  person="per3"  related_object="no"  gram_fnc="subj"  number="sing"  object="little boy"   reference="new"  category="person"  mmax_level="phrase"  gender="masc"  min_ids="word_270"  min_words="boy" />
<markable id="markable_724" span="word_539..word_541" min_ids="word_539" generic="generic-no"  person="per3"  related_object="no"  ambiguity="unambiguous"  gram_fnc="obj"  number="sing"   reference="old"  segment_antecedent="unit:markable_599;unit:markable_601;unit:markable_725;unit:markable_603;unit:markable_726;unit:markable_605;unit:markable_607;unit:markable_609"  category="abstract"  mmax_level="phrase"  ref_type="segment"  gender="neut"  min_words="what" />
<markable id="markable_387" span="word_687" generic="generic-no"  person="per3"  related_object="no"  ambiguity="unambiguous"  gram_fnc="subj"  number="sing"  object="little boy"   reference="old"  phrase_antecedent="single_phrase"  category="person"  mmax_level="phrase"  ref_type="phrase"  gender="masc"  min_ids="word_687"  single_phrase_antecedent="markable_385"  min_words="he" />
<markable id="markable_240" span="word_265..word_266" generic="generic-no"  person="per3"  related_object="yes"  gram_fnc="adjunct"  number="sing"  object="scene"   reference="new"  category="abstract"  mmax_level="phrase"  related_phrase="markable_201"  gender="neut"  min_ids="word_266"  min_words="scene" />
<markable id="markable_386" span="word_685" generic="generic-no"  person="per3"  related_object="no"  ambiguity="unambiguous"  gram_fnc="obj"  number="sing"  object="hat"   reference="old"  phrase_antecedent="single_phrase"  category="concrete"  mmax_level="phrase"  ref_type="phrase"  gender="neut"  min_ids="word_685"  single_phrase_antecedent="markable_384"  min_words="hat" />
<markable id="markable_385" span="word_680" generic="generic-no"  person="per3"  related_object="no"  ambiguity="unambiguous"  gram_fnc="subj"  number="sing"  object="little boy"   reference="old"  phrase_antecedent="single_phrase"  category="person"  mmax_level="phrase"  ref_type="phrase"  gender="masc"  min_ids="word_680"  single_phrase_antecedent="markable_377"  min_words="he" />
<markable id="markable_727" span="word_549..word_570" min_ids="word_551" generic="generic-no"  person="per3"  related_object="no"  gram_fnc="np-compl"  number="plur"   reference="new"  category="concrete"  mmax_level="phrase"  gender="neut"  min_words="things" />
<markable id="markable_729" span="word_559" min_ids="word_559" generic="generic-no"  person="per3"  related_object="no"  gram_fnc="obj"  number="sing"   reference="new"  category="concrete"  mmax_level="phrase"  gender="neut"  min_words="elastic" />
<markable id="markable_389" span="word_694" generic="generic-no"  person="per3"  related_object="no"  ambiguity="unambiguous"  gram_fnc="subj"  number="sing"  object="unknown person"   reference="old"  phrase_antecedent="single_phrase"  category="person"  mmax_level="phrase"  ref_type="phrase"  gender="masc"  min_ids="word_694"  single_phrase_antecedent="markable_387"  min_words="he" />
<markable id="markable_731" span="word_910" min_ids="word_910" generic="generic-no"  person="per3"  related_object="no"  gram_fnc="obj"  number="sing"   reference="new"  category="abstract"  mmax_level="phrase"  gender="neut"  min_words="anger" />
<markable id="markable_730" span="word_596..word_602" min_ids="word_596" generic="generic-no"  person="per3"  related_object="no"  ambiguity="unambiguous"  gram_fnc="obj"  number="sing"   phrase_antecedent="single_phrase"  reference="old"  category="abstract"  mmax_level="phrase"  ref_type="phrase"  gender="neut"  single_phrase_antecedent="markable_724"  min_words="what" />
<markable id="markable_733" span="word_915" min_ids="word_915" generic="generic-no"  person="per3"  related_object="no"  gram_fnc="np-compl"  number="sing"   reference="new"  category="abstract"  mmax_level="phrase"  gender="neut"  min_words="thing" />
<markable id="markable_732" span="word_900..word_915" person="per3"  non_ref_type="coordination"  mmax_level="phrase"  gram_fnc="obj"  gender="neut"  number="sing"   comment="coord"  reference="non_referring" />
<markable id="markable_446" span="word_836..word_841" generic="generic-no"  person="per3"  related_object="no"  gram_fnc="adjunct"  number="sing"  object="direction"   reference="new"  category="abstract"  mmax_level="phrase"  gender="neut"  min_ids="word_837"  min_words="direction" />
<markable id="markable_447" span="word_838" generic="generic-no"  person="per3"  related_object="no"  ambiguity="unambiguous"  gram_fnc="subj"  number="plur"  object="three little boys"   reference="old"  phrase_antecedent="single_phrase"  category="person"  mmax_level="phrase"  ref_type="phrase"  gender="masc"  min_ids="word_838"  single_phrase_antecedent="markable_443"  min_words="they" />
<markable id="markable_442" span="word_823..word_825" generic="generic-no"  person="per3"  related_object="no"  ambiguity="unambiguous"  gram_fnc="subj"  number="sing"  object="little boy"   reference="old"  phrase_antecedent="single_phrase"  category="person"  mmax_level="phrase"  ref_type="phrase"  gender="masc"  min_ids="word_825"  single_phrase_antecedent="markable_719"  min_words="boy" />
<markable id="markable_443" span="word_829" generic="generic-no"  person="per3"  related_object="no"  ambiguity="unambiguous"  gram_fnc="subj"  number="plur"  object="three little boys"   reference="old"  phrase_antecedent="multiple_phrases"  category="person"  mmax_level="phrase"  multiple_phrase_antecedents="markable_435;markable_431"  ref_type="phrase"  gender="masc"  min_ids="word_829"  min_words="they" />
<markable id="markable_441" span="word_819..word_820" generic="generic-no"  person="per3"  related_object="yes"  gram_fnc="obj"  number="sing"  object="pear"   reference="new"  category="concrete"  mmax_level="phrase"  related_phrase="markable_433"  gender="neut"  min_ids="word_820"  min_words="pear" />
<markable id="markable_370" span="word_634" person="per3"  non_ref_type="quantifier"  mmax_level="phrase"  gram_fnc="adjunct"  gender="neut"  number="sing"  min_ids="word_634"   reference="non_referring"  min_words="everything" />
<markable id="markable_373" span="word_642" generic="generic-no"  person="per3"  related_object="no"  ambiguity="unambiguous"  gram_fnc="obj"  number="sing"  object="little boy"   reference="old"  phrase_antecedent="single_phrase"  category="person"  mmax_level="phrase"  ref_type="phrase"  gender="masc"  min_ids="word_642"  single_phrase_antecedent="markable_368"  min_words="him" />
<markable id="markable_278" span="word_362" person="per2"  non_ref_type="unknown"  gram_fnc="subj"  number="sing"   reference="non_referring"  mmax_level="phrase"  gender="undersp-gen"  min_ids="word_362"  comment="impersonal you"  min_words="you" />
<markable id="markable_372" span="word_639" generic="generic-no"  person="per3"  related_object="no"  ambiguity="unambiguous"  gram_fnc="subj"  number="plur"  object="three little boys"   reference="old"  phrase_antecedent="single_phrase"  category="person"  mmax_level="phrase"  ref_type="phrase"  gender="masc"  min_ids="word_639"  single_phrase_antecedent="markable_361"  min_words="they" />
<markable id="markable_277" span="word_358..word_361" generic="generic-no"  person="per3"  related_object="no"  ambiguity="unambiguous"  gram_fnc="adjunct"  number="sing"  object="man"   reference="old"  phrase_antecedent="single_phrase"  category="person"  mmax_level="phrase"  ref_type="phrase"  gender="masc"  min_ids="word_359"  single_phrase_antecedent="markable_262"  min_words="man" />
<markable id="markable_279" span="word_367" generic="generic-no"  person="per3"  related_object="no"  ambiguity="unambiguous"  gram_fnc="subj"  number="sing"  object="little boy"   reference="old"  phrase_antecedent="single_phrase"  category="person"  mmax_level="phrase"  ref_type="phrase"  gender="masc"  min_ids="word_367"  single_phrase_antecedent="markable_271"  min_words="he" />
<markable id="markable_379" span="word_658..word_659" generic="generic-no"  person="per3"  related_object="no"  ambiguity="unambiguous"  gram_fnc="adjunct"  number="sing"  object="bicycle"   reference="old"  phrase_antecedent="single_phrase"  category="concrete"  mmax_level="phrase"  ref_type="phrase"  gender="neut"  min_ids="word_659"  single_phrase_antecedent="markable_375"  min_words="bike" />
<markable id="markable_270" span="word_341" generic="generic-no"  person="per3"  related_object="no"  ambiguity="unambiguous"  gram_fnc="np-compl"  number="plur"  object="pears"   reference="old"  phrase_antecedent="single_phrase"  category="concrete"  mmax_level="phrase"  ref_type="phrase"  gender="neut"  min_ids="word_341"  single_phrase_antecedent="markable_261"  min_words="pears" />
<markable id="markable_272" span="word_346..word_347" generic="generic-no"  person="per3"  related_object="no"  ambiguity="unambiguous"  gram_fnc="obj"  number="sing"  object="basket of pears"   reference="old"  phrase_antecedent="single_phrase"  category="concrete"  mmax_level="phrase"  ref_type="phrase"  gender="neut"  min_ids="word_347"  single_phrase_antecedent="markable_268"  min_words="basket" />
<markable id="markable_375" span="word_647" generic="generic-no"  person="per3"  related_object="no"  ambiguity="unambiguous"  gram_fnc="adjunct"  number="sing"  object="bicycle"   reference="old"  phrase_antecedent="single_phrase"  category="concrete"  mmax_level="phrase"  ref_type="phrase"  gender="neut"  min_ids="word_647"  single_phrase_antecedent="markable_307"  min_words="bike" />
<markable id="markable_271" span="word_343" generic="generic-no"  person="per3"  related_object="no"  ambiguity="unambiguous"  gram_fnc="subj"  number="sing"  object="little boy"   reference="old"  phrase_antecedent="single_phrase"  category="person"  mmax_level="phrase"  ref_type="phrase"  gender="masc"  min_ids="word_343"  single_phrase_antecedent="markable_267"  min_words="he" />
<markable id="markable_734" span="word_949" min_ids="word_949" generic="generic-no"  person="per3"  related_object="no"  gram_fnc="adjunct"  number="sing"   reference="new"  category="abstract"  mmax_level="phrase"  gender="neut"  min_words="this" />
<markable id="markable_377" span="word_652..word_659" generic="generic-no"  person="per3"  related_object="no"  ambiguity="unambiguous"  gram_fnc="subj"  number="sing"  object="little boy"   reference="old"  phrase_antecedent="single_phrase"  category="person"  mmax_level="phrase"  ref_type="phrase"  gender="masc"  min_ids="word_654"  single_phrase_antecedent="markable_376"  min_words="boy" />
<markable id="markable_376" span="word_649" generic="generic-no"  person="per3"  related_object="no"  ambiguity="unambiguous"  gram_fnc="subj"  number="sing"  object="little boy"   reference="old"  phrase_antecedent="single_phrase"  category="person"  mmax_level="phrase"  ref_type="phrase"  gender="masc"  min_ids="word_649"  single_phrase_antecedent="markable_373"  min_words="he" />
<markable id="markable_273" span="word_349..word_351" person="per3"  non_ref_type="quantifier"  mmax_level="phrase"  gram_fnc="adjunct"  gender="neut"  number="sing"  min_ids="word_349..word_351"   reference="non_referring"  min_words="all the while" />
<markable id="markable_472" span="word_907" person="per2"  non_ref_type="unknown"  gram_fnc="subj"  number="sing"   reference="non_referring"  mmax_level="phrase"  gender="undersp-gen"  min_ids="word_907"  comment="impersonal you"  min_words="you" />
<markable id="markable_473" span="word_912..word_915" generic="generic-no"  person="per3"  related_object="no"  gram_fnc="obj"  number="sing"   reference="new"  category="abstract"  mmax_level="phrase"  gender="neut"  min_ids="word_915"  min_words="sort" />
<markable id="markable_476" span="word_918" generic="generic-no"  person="per3"  related_object="no"  ambiguity="unambiguous"  gram_fnc="subj"  number="sing"  object="man"   reference="old"  phrase_antecedent="single_phrase"  category="person"  mmax_level="phrase"  ref_type="phrase"  gender="masc"  min_ids="word_918"  single_phrase_antecedent="markable_467"  min_words="he" />
<markable id="markable_477" span="word_922..word_925" generic="generic-no"  person="per3"  related_object="no"  ambiguity="unambiguous"  gram_fnc="subj"  number="plur"  object="three little boys"   reference="old"  phrase_antecedent="single_phrase"  category="person"  mmax_level="phrase"  ref_type="phrase"  gender="masc"  min_ids="word_925"  single_phrase_antecedent="markable_448"  min_words="boys" />
<markable id="markable_479" span="word_929..word_930" generic="generic-no"  person="per3"  related_object="no"  ambiguity="unambiguous"  gram_fnc="obj"  number="sing"  object="three pears"   reference="old"  phrase_antecedent="single_phrase"  category="concrete"  mmax_level="phrase"  ref_type="phrase"  gender="neut"  min_ids="word_930"  single_phrase_antecedent="markable_449"  min_words="pears" />
<markable id="markable_267" span="word_331" generic="generic-no"  person="per3"  related_object="no"  ambiguity="unambiguous"  gram_fnc="subj"  number="sing"  object="little boy"   reference="old"  phrase_antecedent="single_phrase"  category="person"  mmax_level="phrase"  ref_type="phrase"  gender="masc"  min_ids="word_331"  single_phrase_antecedent="markable_254"  min_words="he" />
<markable id="markable_362" span="word_613" generic="generic-no"  person="per3"  related_object="no"  ambiguity="unambiguous"  gram_fnc="obj"  number="sing"  object="little boy"   reference="old"  phrase_antecedent="single_phrase"  category="person"  mmax_level="phrase"  ref_type="phrase"  gender="masc"  min_ids="word_613"  single_phrase_antecedent="markable_360"  min_words="him" />
<markable id="markable_266" span="word_330" generic="generic-no"  person="per3"  related_object="no"  gram_fnc="adjunct"  number="sing"  object="business"   reference="new"  category="abstract"  mmax_level="phrase"  gender="neut"  min_ids="word_330"  min_words="business" />
<markable id="markable_361" span="word_604" generic="generic-no"  person="per3"  related_object="no"  ambiguity="unambiguous"  gram_fnc="subj"  number="plur"  object="three little boys"   reference="old"  phrase_antecedent="single_phrase"  category="person"  mmax_level="phrase"  ref_type="phrase"  gender="masc"  min_ids="word_604"  single_phrase_antecedent="markable_359"  min_words="they" />
<markable id="markable_265" span="word_328" person="per2"  non_ref_type="unknown"  gram_fnc="subj"  number="sing"   reference="non_referring"  mmax_level="phrase"  gender="undersp-gen"  min_ids="word_328"  comment="impersonal you"  min_words="you" />
<markable id="markable_360" span="word_600..word_602" generic="generic-no"  person="per3"  related_object="no"  ambiguity="unambiguous"  gram_fnc="adjunct"  number="sing"  object="little boy"   reference="old"  phrase_antecedent="single_phrase"  category="person"  mmax_level="phrase"  ref_type="phrase"  gender="masc"  min_ids="word_602"  single_phrase_antecedent="markable_336"  min_words="boy" />
<markable id="markable_268" span="word_336..word_341" generic="generic-no"  person="per3"  related_object="yes"  gram_fnc="obj"  number="sing"  object="basket of pears"   reference="new"  category="concrete"  mmax_level="phrase"  related_phrase="markable_192"  gender="neut"  min_ids="word_338"  min_words="basket" />
<markable id="markable_368" span="word_631" generic="generic-no"  person="per3"  related_object="no"  ambiguity="unambiguous"  gram_fnc="obj"  number="sing"  object="little boy"   reference="old"  phrase_antecedent="single_phrase"  category="person"  mmax_level="phrase"  ref_type="phrase"  gender="masc"  min_ids="word_631"  single_phrase_antecedent="markable_365"  min_words="him" />
<markable id="markable_367" span="word_627..word_628" generic="generic-no"  person="per3"  related_object="no"  ambiguity="unambiguous"  gram_fnc="adjunct"  number="sing"  object="basket of pears"   reference="old"  phrase_antecedent="single_phrase"  category="concrete"  mmax_level="phrase"  ref_type="phrase"  gender="neut"  min_ids="word_628"  single_phrase_antecedent="markable_331"  min_words="basket" />
<markable id="markable_366" span="word_624" generic="generic-no"  person="per3"  related_object="no"  ambiguity="unambiguous"  gram_fnc="obj"  number="plur"  object="pears"   reference="old"  phrase_antecedent="single_phrase"  category="concrete"  mmax_level="phrase"  ref_type="phrase"  gender="neut"  min_ids="word_624"  single_phrase_antecedent="markable_364"  min_words="them" />
<markable id="markable_262" span="word_323" generic="generic-no"  person="per3"  related_object="no"  ambiguity="unambiguous"  gram_fnc="subj"  number="sing"  object="man"   reference="old"  phrase_antecedent="single_phrase"  category="person"  mmax_level="phrase"  ref_type="phrase"  gender="masc"  min_ids="word_323"  single_phrase_antecedent="markable_259"  min_words="he" />
<markable id="markable_365" span="word_621" generic="generic-no"  person="per3"  related_object="no"  ambiguity="unambiguous"  gram_fnc="adjunct"  number="sing"  object="little boy"   reference="old"  phrase_antecedent="single_phrase"  category="person"  mmax_level="phrase"  ref_type="phrase"  gender="masc"  min_ids="word_621"  single_phrase_antecedent="markable_362"  min_words="him" />
<markable id="markable_364" span="word_619" generic="generic-no"  person="per3"  related_object="no"  ambiguity="unambiguous"  gram_fnc="obj"  number="plur"  object="pears"   reference="old"  phrase_antecedent="single_phrase"  category="concrete"  mmax_level="phrase"  ref_type="phrase"  gender="neut"  min_ids="word_619"  single_phrase_antecedent="markable_718"  min_words="pears" />
<markable id="markable_261" span="word_318..word_319" generic="generic-no"  person="per3"  related_object="no"  ambiguity="unambiguous"  gram_fnc="obj"  number="plur"  object="pears"   reference="old"  phrase_antecedent="single_phrase"  category="concrete"  mmax_level="phrase"  ref_type="phrase"  gender="neut"  min_ids="word_319"  single_phrase_antecedent="markable_235"  min_words="pears" />
<markable id="markable_363" span="word_616" person="per3"  non_ref_type="idiom"  mmax_level="phrase"  gram_fnc="adjunct"  gender="neut"  number="plur"  min_ids="word_616"   reference="non_referring"  min_words="feet" />
<markable id="markable_460" span="word_878..word_879" generic="generic-no"  person="per3"  related_object="no"  ambiguity="unambiguous"  gram_fnc="adjunct"  number="sing"  object="ladder"   reference="old"  phrase_antecedent="single_phrase"  category="concrete"  mmax_level="phrase"  ref_type="phrase"  gender="neut"  min_ids="word_879"  single_phrase_antecedent="markable_190"  min_words="ladder" />
<markable id="markable_464" span="word_891..word_894" generic="generic-no"  person="per3"  related_object="no"  ambiguity="unambiguous"  gram_fnc="obj"  number="sing"  object="basket of pears"   reference="old"  phrase_antecedent="single_phrase"  category="concrete"  mmax_level="phrase"  ref_type="phrase"  gender="neut"  min_ids="word_891"  single_phrase_antecedent="markable_367"  min_words="one" />
<markable id="markable_462" span="word_886" generic="generic-no"  person="per3"  related_object="no"  gram_fnc="obj"  number="sing"  object="cape"   reference="new"  category="concrete"  mmax_level="phrase"  gender="neut"  min_ids="word_886"  min_words="cape" />
<markable id="markable_463" span="word_888" generic="generic-no"  person="per3"  related_object="no"  ambiguity="unambiguous"  gram_fnc="subj"  number="sing"  object="man"   reference="old"  phrase_antecedent="single_phrase"  category="person"  mmax_level="phrase"  ref_type="phrase"  gender="masc"  min_ids="word_888"  single_phrase_antecedent="markable_457"  min_words="he" />
<markable id="markable_469" span="word_900..word_906" generic="generic-no"  person="per3"  related_object="no"  gram_fnc="obj"  number="sing"  object="expression"   reference="new"  category="abstract"  mmax_level="phrase"  gender="neut"  min_ids="word_904"  min_words="expression" />
<markable id="markable_466" span="word_893..word_894" generic="generic-no"  person="per3"  related_object="no"  ambiguity="unambiguous"  gram_fnc="np-compl"  number="plur"  object="baskets"   reference="old"  phrase_antecedent="single_phrase"  category="concrete"  mmax_level="phrase"  ref_type="phrase"  gender="neut"  min_ids="word_894"  single_phrase_antecedent="markable_192"  min_words="baskets" />
<markable id="markable_467" span="word_898" generic="generic-no"  person="per3"  related_object="no"  ambiguity="unambiguous"  gram_fnc="subj"  number="sing"  object="man"   reference="old"  phrase_antecedent="single_phrase"  category="person"  mmax_level="phrase"  ref_type="phrase"  gender="masc"  min_ids="word_898"  single_phrase_antecedent="markable_463"  min_words="he" />
<markable id="markable_352" span="word_581..word_582" generic="generic-no"  person="per3"  related_object="no"  gram_fnc="adjunct"  number="plur"  object="various sizes (age?)"   reference="new"  category="abstract"  mmax_level="phrase"  gender="neut"  min_ids="word_582"  min_words="sizes" />
<markable id="markable_355" span="word_583" generic="generic-no"  person="per1"  related_object="no"  ambiguity="unambiguous"  gram_fnc="subj"  number="sing"  object="speaker"   reference="old"  phrase_antecedent="single_phrase"  category="person"  mmax_level="phrase"  ref_type="phrase"  gender="undersp-gen"  min_ids="word_583"  single_phrase_antecedent="markable_281"  min_words="i" />
<markable id="markable_358" span="word_588..word_591" generic="generic-no"  person="per3"  related_object="no"  gram_fnc="adjunct"  number="sing"  object="age"   reference="new"  category="time"  mmax_level="phrase"  gender="neut"  min_ids="word_591"  min_words="years" />
<markable id="markable_359" span="word_594" generic="generic-no"  person="per3"  related_object="no"  ambiguity="unambiguous"  gram_fnc="subj"  number="plur"  object="three little boys"   reference="old"  phrase_antecedent="single_phrase"  category="person"  mmax_level="phrase"  ref_type="phrase"  gender="masc"  min_ids="word_594"  single_phrase_antecedent="markable_351"  min_words="they" />
<markable id="markable_213" span="word_181..word_188" generic="generic-no"  person="per3"  related_object="no"  gram_fnc="adjunct"  number="sing"  object="back part of the frame"   reference="new"  category="abstract"  mmax_level="phrase"  gender="neut"  min_ids="word_182"  min_words="back" />
<markable id="markable_210" span="word_171" person="per2"  non_ref_type="unknown"  gram_fnc="subj"  number="sing"   reference="non_referring"  mmax_level="phrase"  gender="undersp-gen"  min_ids="word_171"  comment="impersonal you"  min_words="you" />
<markable id="markable_350" span="word_575" generic="generic-no"  person="per3"  related_object="no"  ambiguity="unambiguous"  gram_fnc="adjunct"  number="sing"  object="bounce-back thing (toy)"   reference="old"  phrase_antecedent="single_phrase"  category="concrete"  mmax_level="phrase"  ref_type="phrase"  gender="neut"  min_ids="word_575"  single_phrase_antecedent="markable_339"  min_words="that" />
<markable id="markable_211" span="word_173..word_176" generic="generic-no"  person="per3"  related_object="no"  gram_fnc="obj"  number="sing"  object="man2"   reference="new"  category="person"  mmax_level="phrase"  gender="masc"  min_ids="word_176"  min_words="man" />
<markable id="markable_351" span="word_577" generic="generic-no"  person="per3"  related_object="no"  ambiguity="unambiguous"  gram_fnc="subj"  number="plur"  object="three little boys"   reference="old"  phrase_antecedent="single_phrase"  category="person"  mmax_level="phrase"  ref_type="phrase"  gender="masc"  min_ids="word_577"  single_phrase_antecedent="markable_337"  min_words="they" />
<markable id="markable_499" span="word_995" generic="generic-no"  person="per3"  related_object="no"  ambiguity="unambiguous"  gram_fnc="subj"  number="plur"  object="three little boys"   reference="old"  phrase_antecedent="single_phrase"  category="person"  mmax_level="phrase"  ref_type="phrase"  gender="masc"  min_ids="word_995"  single_phrase_antecedent="markable_498"  min_words="they" />
<markable id="markable_496" span="word_984" generic="generic-no"  person="per3"  related_object="no"  ambiguity="unambiguous"  gram_fnc="subj"  number="sing"  object="man"   reference="old"  phrase_antecedent="single_phrase"  category="person"  mmax_level="phrase"  ref_type="phrase"  gender="masc"  min_ids="word_984"  single_phrase_antecedent="markable_491"  min_words="he" />
<markable id="markable_495" span="word_982" generic="generic-no"  person="per3"  related_object="no"  ambiguity="unambiguous"  gram_fnc="obj"  number="plur"  object="pears"   reference="old"  phrase_antecedent="single_phrase"  category="concrete"  mmax_level="phrase"  ref_type="phrase"  gender="neut"  min_ids="word_982"  single_phrase_antecedent="markable_479"  min_words="pears" />
<markable id="markable_206" span="word_162..word_169" person="per3"  non_ref_type="predicate"  mmax_level="phrase"  gram_fnc="predicate"  gender="masc"  number="sing"  min_ids="word_164"   reference="non_referring"  min_words="man" />
<markable id="markable_498" span="word_991" generic="generic-no"  person="per3"  related_object="no"  ambiguity="unambiguous"  gram_fnc="subj"  number="plur"  object="three little boys"   reference="old"  phrase_antecedent="single_phrase"  category="person"  mmax_level="phrase"  ref_type="phrase"  gender="masc"  min_ids="word_991"  single_phrase_antecedent="markable_497"  min_words="they" />
<markable id="markable_497" span="word_989" generic="generic-no"  person="per3"  related_object="no"  ambiguity="unambiguous"  gram_fnc="obj"  number="plur"  object="three little boys"   reference="old"  phrase_antecedent="single_phrase"  category="person"  mmax_level="phrase"  ref_type="phrase"  gender="masc"  min_ids="word_989"  single_phrase_antecedent="markable_493"  min_words="them" />
<markable id="markable_208" span="word_165" generic="generic-no"  person="per1"  related_object="no"  gram_fnc="subj"  number="sing"  object="speaker"   reference="new"  category="person"  mmax_level="phrase"  gender="undersp-gen"  min_ids="word_165"  min_words="i" />
<markable id="markable_491" span="word_965" generic="generic-no"  person="per3"  related_object="no"  ambiguity="unambiguous"  gram_fnc="subj"  number="sing"  object="man"   reference="old"  phrase_antecedent="single_phrase"  category="person"  mmax_level="phrase"  ref_type="phrase"  gender="masc"  min_ids="word_965"  single_phrase_antecedent="markable_480"  min_words="he" />
<markable id="markable_349" span="word_571" generic="generic-no"  person="per3"  related_object="no"  ambiguity="unambiguous"  gram_fnc="subj"  number="sing"  object="one of three little boys"   reference="old"  phrase_antecedent="single_phrase"  category="person"  mmax_level="phrase"  ref_type="phrase"  gender="masc"  min_ids="word_571"  single_phrase_antecedent="markable_338"  min_words="he" />
<markable id="markable_494" span="word_978..word_979" person="per3"  non_ref_type="predicate"  mmax_level="phrase"  gram_fnc="predicate"  gender="masc"  number="plur"  min_ids="word_979"   reference="non_referring"  min_words="samaritans" />
<markable id="markable_493" span="word_970..word_972" generic="generic-no"  person="per3"  related_object="no"  ambiguity="unambiguous"  gram_fnc="obj"  number="plur"  object="three little boys"   reference="old"  phrase_antecedent="single_phrase"  category="person"  mmax_level="phrase"  ref_type="phrase"  gender="masc"  min_ids="word_972"  single_phrase_antecedent="markable_481"  min_words="boys" />
<markable id="markable_490" span="word_960..word_982" generic="generic-no"  person="per3"  related_object="no"  gram_fnc="there-obj"  number="sing"  object="moment"   reference="new"  category="abstract"  mmax_level="phrase"  gender="neut"  min_ids="word_963"  min_words="moment" />
<markable id="markable_343" span="word_554..word_559" person="per3"  non_ref_type="predicate"  mmax_level="phrase"  gram_fnc="predicate"  gender="neut"  number="sing"  min_ids="word_556"   reference="non_referring"  min_words="thing" />
<markable id="markable_342" span="word_552" person="per2"  non_ref_type="unknown"  gram_fnc="subj"  number="sing"   reference="non_referring"  mmax_level="phrase"  gender="undersp-gen"  min_ids="word_552"  comment="impersonal you"  min_words="you" />
<markable id="markable_347" span="word_567" generic="generic-no"  person="per3"  related_object="no"  ambiguity="unambiguous"  gram_fnc="subj"  number="sing"  object="bounce-back thing (toy)"   reference="old"  phrase_antecedent="single_phrase"  category="concrete"  mmax_level="phrase"  ref_type="phrase"  gender="neut"  min_ids="word_567"  single_phrase_antecedent="markable_345"  min_words="it" />
<markable id="markable_348" span="word_569..word_570" generic="generic-no"  person="per3"  related_object="no"  gram_fnc="obj"  number="sing"  object="paddle"   reference="new"  category="concrete"  mmax_level="phrase"  gender="neut"  min_ids="word_570"  min_words="paddle" />
<markable id="markable_345" span="word_561" generic="generic-no"  person="per3"  related_object="no"  ambiguity="unambiguous"  gram_fnc="subj"  number="sing"  object="bounce-back thing (toy)"   reference="old"  phrase_antecedent="single_phrase"  category="concrete"  mmax_level="phrase"  ref_type="phrase"  gender="neut"  min_ids="word_561"  single_phrase_antecedent="markable_727"  min_words="it" />
<markable id="markable_346" span="word_563..word_564" generic="generic-no"  person="per3"  related_object="no"  gram_fnc="obj"  number="sing"  object="ball"   reference="new"  category="concrete"  mmax_level="phrase"  gender="neut"  min_ids="word_564"  min_words="ball" />
<markable id="markable_205" span="word_159..word_160" generic="generic-no"  person="per3"  related_object="no"  ambiguity="unambiguous"  gram_fnc="subj"  number="sing"  object="man2"   reference="old"  phrase_antecedent="single_phrase"  category="person"  mmax_level="phrase"  ref_type="phrase"  gender="masc"  min_ids="word_160"  single_phrase_antecedent="markable_185"  min_words="man" />
<markable id="markable_202" span="word_154" person="per2"  non_ref_type="unknown"  gram_fnc="subj"  number="sing"   reference="non_referring"  mmax_level="phrase"  gender="undersp-gen"  min_ids="word_154"  comment="impersonal you"  min_words="you" />
<markable id="markable_203" span="word_156..word_157" person="per3"  non_ref_type="incomplete"  mmax_level="phrase"  gram_fnc="obj"  gender="undersp-gen"  number="sing"  min_ids="word_156"   reference="non_referring"  min_words="younger" />
<markable id="markable_201" span="word_151..word_152" generic="generic-no"  person="per3"  related_object="no"  gram_fnc="np-compl"  number="sing"  object="film"   reference="new"  category="abstract"  mmax_level="phrase"  gender="neut"  min_ids="word_152"  min_words="film" />
<markable id="markable_489" span="word_955" person="per3"  non_ref_type="expletive"  mmax_level="phrase"  gram_fnc="subj"  gender="neut"  number="sing"  min_ids="word_955"   reference="non_referring"  min_words="there" />
<markable id="markable_488" span="word_951" generic="generic-no"  person="per1"  related_object="no"  ambiguity="unambiguous"  gram_fnc="subj"  number="sing"  object="speaker"   reference="old"  phrase_antecedent="single_phrase"  category="person"  mmax_level="phrase"  ref_type="phrase"  gender="undersp-gen"  min_ids="word_951"  single_phrase_antecedent="markable_484"  min_words="i" />
<markable id="markable_485" span="word_944" generic="generic-no"  person="per3"  related_object="no"  ambiguity="unambiguous"  gram_fnc="subj"  number="sing"   reference="old"  phrase_antecedent="single_phrase"  category="abstract"  mmax_level="phrase"  ref_type="phrase"  gender="neut"  min_ids="word_944"  single_phrase_antecedent="markable_201"  min_words="it" />
<markable id="markable_484" span="word_941" generic="generic-no"  person="per1"  related_object="no"  ambiguity="unambiguous"  gram_fnc="subj"  number="sing"  object="speaker"   reference="old"  phrase_antecedent="single_phrase"  category="person"  mmax_level="phrase"  ref_type="phrase"  gender="undersp-gen"  min_ids="word_941"  single_phrase_antecedent="markable_355"  min_words="i" />
<markable id="markable_339" span="word_547..word_570" generic="generic-no"  person="per3"  related_object="no"  gram_fnc="obj"  number="sing"   reference="new"  category="concrete"  mmax_level="phrase"  gender="neut"  min_ids="word_547"  min_words="one" />
<markable id="markable_481" span="word_935" generic="generic-no"  person="per3"  related_object="no"  ambiguity="unambiguous"  gram_fnc="obj"  number="plur"  object="three little boys"   reference="old"  phrase_antecedent="single_phrase"  category="person"  mmax_level="phrase"  ref_type="phrase"  gender="masc"  min_ids="word_935"  single_phrase_antecedent="markable_477"  min_words="them" />
<markable id="markable_338" span="word_542..word_543" generic="generic-no"  person="per3"  related_object="yes"  gram_fnc="subj"  number="sing"  object="one of three little boys"   reference="new"  category="person"  mmax_level="phrase"  related_phrase="markable_337"  gender="masc"  min_ids="word_543"  min_words="boy" />
<markable id="markable_480" span="word_932" generic="generic-no"  person="per3"  related_object="no"  ambiguity="unambiguous"  gram_fnc="subj"  number="sing"  object="man"   reference="old"  phrase_antecedent="single_phrase"  category="person"  mmax_level="phrase"  ref_type="phrase"  gender="masc"  min_ids="word_932"  single_phrase_antecedent="markable_476"  min_words="he" />
<markable id="markable_336" span="word_535" generic="generic-no"  person="per3"  related_object="no"  ambiguity="unambiguous"  gram_fnc="adjunct"  number="sing"  object="little boy"   reference="old"  phrase_antecedent="single_phrase"  category="person"  mmax_level="phrase"  ref_type="phrase"  gender="masc"  min_ids="word_535"  single_phrase_antecedent="markable_322"  min_words="him" />
<markable id="markable_337" span="word_537" generic="generic-no"  person="per3"  related_object="no"  ambiguity="unambiguous"  gram_fnc="subj"  number="plur"  object="three little boys"   reference="old"  phrase_antecedent="single_phrase"  category="person"  mmax_level="phrase"  ref_type="phrase"  gender="masc"  min_ids="word_537"  single_phrase_antecedent="markable_333"  min_words="they" />
<markable id="markable_330" span="word_510" person="per2"  non_ref_type="unknown"  gram_fnc="subj"  number="sing"   reference="non_referring"  mmax_level="phrase"  gender="undersp-gen"  min_ids="word_510"  comment="impersonal you"  min_words="you" />
<markable id="markable_331" span="word_512..word_514" generic="generic-no"  person="per3"  related_object="no"  ambiguity="unambiguous"  gram_fnc="adjunct"  number="sing"  object="basket of pears"   reference="old"  phrase_antecedent="single_phrase"  category="concrete"  mmax_level="phrase"  ref_type="phrase"  gender="neut"  min_ids="word_514"  single_phrase_antecedent="markable_291"  min_words="basket" />
<markable id="markable_332" span="word_518..word_520" person="per3"  non_ref_type="quantifier"  mmax_level="phrase"  gram_fnc="subj"  gender="neut"  number="plur"  min_ids="word_518"   reference="non_referring"  min_words="all" />
<markable id="markable_333" span="word_526..word_528" generic="generic-no"  person="per3"  related_object="no"  gram_fnc="subj"  number="plur"  object="three little boys"   reference="new"  category="person"  mmax_level="phrase"  gender="masc"  min_ids="word_528"  min_words="boys" />
<markable id="markable_230" span="word_229" generic="generic-no"  person="per1"  related_object="no"  ambiguity="unambiguous"  gram_fnc="subj"  number="sing"  object="speaker"   reference="old"  phrase_antecedent="single_phrase"  category="person"  mmax_level="phrase"  ref_type="phrase"  gender="undersp-gen"  min_ids="word_229"  single_phrase_antecedent="markable_208"  min_words="i" />
<markable id="markable_231" span="word_232" generic="generic-no"  person="per3"  related_object="no"  ambiguity="unambiguous"  gram_fnc="subj"  number="sing"  object="man2"   reference="old"  phrase_antecedent="single_phrase"  category="person"  mmax_level="phrase"  ref_type="phrase"  gender="masc"  min_ids="word_232"  single_phrase_antecedent="markable_226"  min_words="he" />
<markable id="markable_232" span="word_236..word_237" generic="generic-no"  person="per3"  related_object="no"  ambiguity="unambiguous"  gram_fnc="adjunct"  number="sing"  object="picture"   reference="old"  phrase_antecedent="single_phrase"  category="abstract"  mmax_level="phrase"  ref_type="phrase"  gender="neut"  min_ids="word_237"  single_phrase_antecedent="markable_217"  min_words="picture" />
<markable id="markable_233" span="word_241..word_245" generic="generic-no"  person="per3"  related_object="no"  gram_fnc="obj"  number="sing"  object="attention"   reference="new"  category="abstract"  mmax_level="phrase"  gender="neut"  min_ids="word_241"  min_words="attention" />
<markable id="markable_234" span="word_243..word_249" generic="generic-no"  person="per3"  related_object="yes"  ambiguity="unambiguous"  gram_fnc="np-mod"  number="sing"  object="man"   reference="old"  phrase_antecedent="single_phrase"  category="person"  mmax_level="phrase"  related_phrase="markable_231"  ref_type="phrase"  gender="masc"  min_ids="word_245"  single_phrase_antecedent="markable_228"  min_words="man" />
<markable id="markable_235" span="word_249" generic="generic-no"  person="per3"  related_object="no"  ambiguity="unambiguous"  gram_fnc="obj"  number="plur"  object="pears"   reference="old"  phrase_antecedent="single_phrase"  category="concrete"  mmax_level="phrase"  ref_type="phrase"  gender="neut"  min_ids="word_249"  single_phrase_antecedent="markable_191"  min_words="pears" />
<markable id="markable_236" span="word_254..word_255" generic="generic-no"  person="per3"  related_object="no"  gram_fnc="adjunct"  number="sing"  object="distance"   reference="new"  category="abstract"  mmax_level="phrase"  gender="neut"  min_ids="word_255"  min_words="distance" />
<markable id="markable_237" span="word_257" generic="generic-no"  person="per3"  related_object="no"  ambiguity="unambiguous"  gram_fnc="obj"  number="sing"  object="goat"   reference="old"  phrase_antecedent="single_phrase"  category="animate"  mmax_level="phrase"  ref_type="phrase"  gender="undersp-gen"  min_ids="word_257"  single_phrase_antecedent="markable_219"  min_words="goat" />
<markable id="markable_238" span="word_259..word_266" person="per3"  non_ref_type="predicate"  mmax_level="phrase"  gram_fnc="predicate"  gender="undersp-gen"  number="sing"  min_ids="word_261"   reference="non_referring"  min_words="person" />
<markable id="markable_228" span="word_225..word_230" generic="generic-no"  person="per3"  related_object="no"  ambiguity="unambiguous"  gram_fnc="subj"  number="sing"  object="man"   reference="old"  phrase_antecedent="single_phrase"  category="person"  mmax_level="phrase"  ref_type="phrase"  gender="masc"  min_ids="word_227"  single_phrase_antecedent="markable_205"  min_words="man" />
<markable id="markable_328" span="word_503..word_505" person="per3"  non_ref_type="quantifier"  mmax_level="phrase"  gram_fnc="subj"  gender="neut"  number="plur"  min_ids="word_503"   reference="non_referring"  min_words="all" />
<markable id="markable_323" span="word_493..word_497" generic="generic-no"  person="per3"  related_object="no"  gram_fnc="obj"  number="sing"  object="rock"   reference="new"  category="concrete"  mmax_level="phrase"  gender="neut"  min_ids="word_494"  min_words="rock" />
<markable id="markable_324" span="word_496..word_497" generic="generic-no"  person="per3"  related_object="no"  ambiguity="unambiguous"  gram_fnc="np-mod"  number="sing"  object="dirt road"   reference="old"  phrase_antecedent="single_phrase"  category="concrete"  mmax_level="phrase"  ref_type="phrase"  gender="neut"  min_ids="word_497"  single_phrase_antecedent="markable_302"  min_words="road" />
<markable id="markable_322" span="word_488" generic="generic-no"  person="per3"  related_object="no"  ambiguity="unambiguous"  gram_fnc="subj"  number="sing"  object="little boy"   reference="old"  phrase_antecedent="single_phrase"  category="person"  mmax_level="phrase"  ref_type="phrase"  gender="masc"  min_ids="word_488"  single_phrase_antecedent="markable_320"  min_words="he" />
<markable id="markable_320" span="word_480" generic="generic-no"  person="per3"  related_object="no"  ambiguity="unambiguous"  gram_fnc="obj"  number="sing"  object="little boy"   reference="old"  phrase_antecedent="single_phrase"  category="person"  mmax_level="phrase"  ref_type="phrase"  gender="masc"  min_ids="word_480"  single_phrase_antecedent="markable_308"  min_words="him" />
<markable id="markable_220" span="word_200..word_201" generic="generic-no"  person="per3"  related_object="no"  ambiguity="unambiguous"  gram_fnc="subj"  number="sing"  object="man2"   reference="old"  phrase_antecedent="single_phrase"  category="person"  mmax_level="phrase"  ref_type="phrase"  gender="masc"  min_ids="word_201"  single_phrase_antecedent="markable_218"  min_words="man" />
<markable id="markable_221" span="word_208..word_213" generic="generic-no"  person="per3"  related_object="no"  gram_fnc="adjunct"  number="sing"  object="faded navy blue denim top"   reference="new"  category="concrete"  mmax_level="phrase"  gender="neut"  min_ids="word_213"  min_words="top" />
<markable id="markable_226" span="word_217" generic="generic-no"  person="per3"  related_object="no"  ambiguity="unambiguous"  gram_fnc="subj"  number="sing"  object="man2"   reference="old"  phrase_antecedent="single_phrase"  category="person"  mmax_level="phrase"  ref_type="phrase"  gender="masc"  min_ids="word_217"  single_phrase_antecedent="markable_220"  min_words="he" />
<markable id="markable_227" span="word_220..word_221" generic="generic-no"  person="per3"  related_object="no"  gram_fnc="obj"  number="sing"  object="hat"   reference="new"  category="concrete"  mmax_level="phrase"  gender="neut"  min_ids="word_221"  min_words="hat" />
<markable id="markable_225" span="word_215" generic="generic-no"  person="per3"  related_object="no"  gram_fnc="adjunct"  number="plur"  object="jeans"   reference="new"  category="concrete"  mmax_level="phrase"  gender="neut"  min_ids="word_215"  min_words="jeans" />
<markable id="markable_219" span="word_194..word_198" generic="generic-no"  person="per3"  related_object="no"  gram_fnc="obj"  number="sing"  object="goat"   reference="new"  category="animate"  mmax_level="phrase"  gender="undersp-gen"  min_ids="word_198"  min_words="goat" />
<markable id="markable_218" span="word_191" generic="generic-no"  person="per3"  related_object="no"  ambiguity="unambiguous"  gram_fnc="subj"  number="sing"  object="man2"   reference="old"  phrase_antecedent="single_phrase"  category="person"  mmax_level="phrase"  ref_type="phrase"  gender="masc"  min_ids="word_191"  single_phrase_antecedent="markable_211"  min_words="he" />
<markable id="markable_217" span="word_186..word_188" generic="generic-no"  person="per3"  related_object="yes"  gram_fnc="np-compl"  number="sing"  object="picture frame"   reference="new"  category="abstract"  mmax_level="phrase"  related_phrase="markable_201"  gender="neut"  min_ids="word_188"  min_words="frame" />
<markable id="markable_319" span="word_478" generic="generic-no"  person="per3"  related_object="no"  ambiguity="unambiguous"  gram_fnc="subj"  number="sing"  object="little girl"   reference="old"  phrase_antecedent="single_phrase"  category="person"  mmax_level="phrase"  ref_type="phrase"  gender="fem"  min_ids="word_478"  single_phrase_antecedent="markable_318"  min_words="she" />
<markable id="markable_318" span="word_476" generic="generic-no"  person="per3"  related_object="no"  ambiguity="unambiguous"  gram_fnc="adjunct"  number="sing"  object="little girl"   reference="old"  phrase_antecedent="single_phrase"  category="person"  mmax_level="phrase"  ref_type="phrase"  gender="fem"  min_ids="word_476"  single_phrase_antecedent="markable_312"  min_words="her" />
<markable id="markable_317" span="word_474..word_476" generic="generic-no"  person="per3"  related_object="no"  gram_fnc="obj"  number="sing"  object="attention"   reference="new"  category="abstract"  mmax_level="phrase"  gender="neut"  min_ids="word_474"  min_words="attention" />
<markable id="markable_316" span="word_471" generic="generic-no"  person="per3"  related_object="no"  ambiguity="unambiguous"  gram_fnc="subj"  number="sing"  object="little boy"   reference="old"  phrase_antecedent="single_phrase"  category="person"  mmax_level="phrase"  ref_type="phrase"  gender="masc"  min_ids="word_471"  single_phrase_antecedent="markable_308"  min_words="he" />
</markables>