<?xml version="1.0" encoding="MacRoman"?>
<!DOCTYPE markables SYSTEM "markables.dtd">
<markables xmlns="www.eml.org/NameSpaces/markable">
<markable id="markable_0" span="word_1..word_2" sentenceid="0" label="np" min_ids="word_1..word_2" type="chunk" lemmata="speaker 9" isprenominal="false" pos="nnp cd" mmax_level="markable" />
<markable id="markable_1" span="word_7..word_8" sentenceid="3" label="np" min_ids="word_7..word_8" type="chunk" lemmata="a farmer" isprenominal="false" pos="dt nn" mmax_level="markable" />
<markable id="markable_2" span="word_9" sentenceid="4" label="np" min_ids="word_9..word_9" type="chunk" lemmata="he" isprenominal="false" pos="prp" mmax_level="markable" />
<markable id="markable_3" span="word_16" sentenceid="5" label="np" min_ids="word_16..word_16" type="chunk" lemmata="he" isprenominal="false" pos="prp" mmax_level="markable" />
<markable id="markable_4" span="word_19" sentenceid="5" label="np" min_ids="word_19..word_19" type="chunk" lemmata="pear" isprenominal="false" pos="nns" mmax_level="markable" />
<markable id="markable_5" span="word_22" sentenceid="6" label="np" min_ids="word_22..word_22" type="chunk" lemmata="he" isprenominal="false" pos="prp" mmax_level="markable" />
<markable id="markable_6" span="word_26" sentenceid="6" label="np" min_ids="word_26..word_26" type="chunk" lemmata="they" isprenominal="false" pos="prp" mmax_level="markable" />
<markable id="markable_7" span="word_27" sentenceid="7" label="np" min_ids="word_27..word_27" type="chunk" lemmata="he" isprenominal="false" pos="prp" mmax_level="markable" />
<markable id="markable_8" span="word_31..word_32" sentenceid="7" label="np" min_ids="word_31..word_32" type="chunk" lemmata="the ladder" isprenominal="false" pos="dt nn" mmax_level="markable" />
<markable id="markable_187" span="word_33" sentenceid="8" label="np" type="chunk" lemmata="and" isprenominal="true" pos="nnp" mmax_level="markable" />
<markable id="markable_9" span="word_33..word_34" sentenceid="8" label="np" min_ids="word_33..word_34" type="chunk" lemmata="and heuh" isprenominal="false" pos="nnp nn" mmax_level="markable" />
<markable id="markable_10" span="word_36" sentenceid="8" label="np" min_ids="word_36..word_36" type="chunk" lemmata="pear" isprenominal="false" pos="nns" mmax_level="markable" />
<markable id="markable_11" span="word_38..word_39" sentenceid="8" label="np" min_ids="word_38..word_39" type="chunk" lemmata="the basket" isprenominal="false" pos="dt nn" mmax_level="markable" />
<markable id="markable_12" span="word_41..word_42" sentenceid="9" label="np" min_ids="word_41..word_42" type="chunk" lemmata="a number" isprenominal="false" pos="dt nn" mmax_level="markable" />
<markable id="markable_13" span="word_44" sentenceid="9" label="np" min_ids="word_44..word_44" type="chunk" lemmata="people" isprenominal="false" pos="nns" mmax_level="markable" />
<markable id="markable_14" span="word_52" sentenceid="10" label="np" min_ids="word_52..word_52" type="chunk" lemmata="you" isprenominal="false" pos="prp" mmax_level="markable" />
<markable id="markable_15" span="word_54" sentenceid="10" label="np" min_ids="word_54..word_54" type="chunk" lemmata="i" isprenominal="false" pos="prp" mmax_level="markable" />
<markable id="markable_16" span="word_58" sentenceid="11" label="np" min_ids="word_58..word_58" type="chunk" lemmata="i" isprenominal="false" pos="prp" mmax_level="markable" />
<markable id="markable_17" span="word_62..word_64" sentenceid="11" label="np" min_ids="word_62..word_64" type="chunk" lemmata="the first thing" isprenominal="false" pos="dt jj nn" mmax_level="markable" />
<markable id="markable_18" span="word_66..word_68" sentenceid="11" label="np" min_ids="word_66..word_68" type="chunk" lemmata="the first person" isprenominal="false" pos="dt jj nn" mmax_level="markable" />
<markable id="markable_19" span="word_72" sentenceid="12" label="np" min_ids="word_72..word_72" type="chunk" lemmata="oh" isprenominal="false" pos="uh" mmax_level="markable" />
<markable id="markable_20" span="word_74" sentenceid="12" label="np" min_ids="word_74..word_74" type="chunk" lemmata="i" isprenominal="false" pos="prp" mmax_level="markable" />
<markable id="markable_21" span="word_76..word_77" sentenceid="12" label="np" min_ids="word_76..word_77" type="chunk" lemmata="a man" isprenominal="false" pos="dt nn" mmax_level="markable" />
<markable id="markable_22" span="word_79..word_80" sentenceid="12" label="np" min_ids="word_79..word_80" type="chunk" lemmata="a goat" isprenominal="false" pos="dt nn" mmax_level="markable" />
<markable id="markable_23" span="word_83" sentenceid="13" label="np" min_ids="word_83..word_83" type="chunk" lemmata="it" isprenominal="false" pos="prp" mmax_level="markable" />
<markable id="markable_24" span="word_85" sentenceid="13" label="np" min_ids="word_85..word_85" type="chunk" lemmata="it" isprenominal="false" pos="prp" mmax_level="markable" />
<markable id="markable_25" span="word_89..word_91" sentenceid="13" label="np" min_ids="word_89..word_91" type="chunk" lemmata="a busy place" isprenominal="false" pos="dt jj nn" mmax_level="markable" />
<markable id="markable_26" span="word_92" sentenceid="14" label="np" min_ids="word_92..word_92" type="chunk" lemmata="you" isprenominal="false" pos="prp" mmax_level="markable" />
<markable id="markable_27" span="word_96" sentenceid="15" label="np" min_ids="word_96..word_96" type="chunk" lemmata="it" isprenominal="false" pos="prp" mmax_level="markable" />
<markable id="markable_28" span="word_100..word_101" sentenceid="15" label="np" min_ids="word_100..word_101" type="chunk" lemmata="the country" isprenominal="false" pos="dt nn" mmax_level="markable" />
<markable id="markable_188" span="word_104" sentenceid="16" label="np" type="chunk" lemmata="um" isprenominal="true" pos="nn" mmax_level="markable" />
<markable id="markable_29" span="word_106..word_107" sentenceid="16" label="np" min_ids="word_106..word_107" type="chunk" lemmata="the valley" isprenominal="false" pos="dt nn" mmax_level="markable" />
<markable id="markable_30" span="word_109" sentenceid="16" label="np" min_ids="word_109..word_109" type="chunk" lemmata="something" isprenominal="false" pos="nn" mmax_level="markable" />
<markable id="markable_31" span="word_110..word_111" sentenceid="17" label="np" min_ids="word_110..word_111" type="chunk" lemmata="a nd" isprenominal="false" pos="dt nn" mmax_level="markable" />
<markable id="markable_32" span="word_113" sentenceid="17" label="np" min_ids="word_113..word_113" type="chunk" lemmata="he" isprenominal="false" pos="prp" mmax_level="markable" />
<markable id="markable_33" span="word_116..word_117" sentenceid="17" label="np" min_ids="word_116..word_117" type="chunk" lemmata="the ladder" isprenominal="false" pos="dt nn" mmax_level="markable" />
<markable id="markable_34" span="word_120..word_122" sentenceid="18" label="np" min_ids="word_120..word_122" type="chunk" lemmata="some more pearsand" isprenominal="false" pos="dt jjr nn" mmax_level="markable" />
<markable id="markable_35" span="word_123" sentenceid="18" label="np" min_ids="word_123..word_123" type="chunk" lemmata="he" isprenominal="false" pos="prp" mmax_level="markable" />
<markable id="markable_36" span="word_127" sentenceid="18" label="np" min_ids="word_127..word_127" type="chunk" lemmata="picking" isprenominal="false" pos="nn" mmax_level="markable" />
<markable id="markable_37" span="word_129..word_131" sentenceid="19" label="np" min_ids="word_129..word_131" type="chunk" lemmata="a little boy" isprenominal="false" pos="dt jj nn" mmax_level="markable" />
<markable id="markable_38" span="word_134" sentenceid="19" label="np" min_ids="word_134..word_134" type="chunk" lemmata="bicycle" isprenominal="false" pos="nn" mmax_level="markable" />
<markable id="markable_39" span="word_136" sentenceid="20" label="np" min_ids="word_136..word_136" type="chunk" lemmata="he" isprenominal="false" pos="prp" mmax_level="markable" />
<markable id="markable_40" span="word_142" sentenceid="20" label="np" min_ids="word_142..word_142" type="chunk" lemmata="basket" isprenominal="false" pos="nns" mmax_level="markable" />
<markable id="markable_41" span="word_144" sentenceid="20" label="np" min_ids="word_144..word_144" type="chunk" lemmata="pear" isprenominal="false" pos="nns" mmax_level="markable" />
<markable id="markable_42" span="word_148" sentenceid="21" label="np" min_ids="word_148..word_148" type="chunk" lemmata="he" isprenominal="false" pos="prp" mmax_level="markable" />
<markable id="markable_43" span="word_150..word_151" sentenceid="21" label="np" min_ids="word_150..word_151" type="chunk" lemmata="an idea" isprenominal="false" pos="dt nn" mmax_level="markable" />
<markable id="markable_44" span="word_154" sentenceid="21" label="np" min_ids="word_154..word_154" type="chunk" lemmata="he" isprenominal="false" pos="prp" mmax_level="markable" />
<markable id="markable_45" span="word_158" sentenceid="21" label="np" min_ids="word_158..word_158" type="chunk" lemmata="bicycle" isprenominal="false" pos="nn" mmax_level="markable" />
<markable id="markable_46" span="word_163" sentenceid="23" label="np" min_ids="word_163..word_163" type="chunk" lemmata="he" isprenominal="false" pos="prp" mmax_level="markable" />
<markable id="markable_47" span="word_166" sentenceid="23" label="np" min_ids="word_166..word_166" type="chunk" lemmata="bicycle" isprenominal="false" pos="nn" mmax_level="markable" />
<markable id="markable_48" span="word_167..word_169" sentenceid="24" label="np" min_ids="word_167..word_169" type="chunk" lemmata="and he he" isprenominal="false" pos="cc prp prp" mmax_level="markable" />
<markable id="markable_49" span="word_174" sentenceid="25" label="np" min_ids="word_174..word_174" type="chunk" lemmata="he" isprenominal="false" pos="prp" mmax_level="markable" />
<markable id="markable_50" span="word_178..word_179" sentenceid="25" label="np" min_ids="word_178..word_179" type="chunk" lemmata="a minute" isprenominal="false" pos="dt nn" mmax_level="markable" />
<markable id="markable_51" span="word_181" sentenceid="27" label="np" min_ids="word_181..word_181" type="chunk" lemmata="he" isprenominal="false" pos="prp" mmax_level="markable" />
<markable id="markable_52" span="word_183" sentenceid="27" label="np" min_ids="word_183..word_183" type="chunk" lemmata="it" isprenominal="false" pos="prp" mmax_level="markable" />
<markable id="markable_53" span="word_185" sentenceid="27" label="np" min_ids="word_185..word_185" type="chunk" lemmata="himself" isprenominal="false" pos="prp" mmax_level="markable" />
<markable id="markable_54" span="word_188..word_189" sentenceid="28" label="np" min_ids="word_188..word_189" type="chunk" lemmata="no language" isprenominal="false" pos="dt nn" mmax_level="markable" />
<markable id="markable_55" span="word_191" sentenceid="28" label="np" min_ids="word_191..word_191" type="chunk" lemmata="it" isprenominal="false" pos="prp" mmax_level="markable" />
<markable id="markable_56" span="word_193" sentenceid="29" label="np" min_ids="word_193..word_193" type="chunk" lemmata="he" isprenominal="false" pos="prp" mmax_level="markable" />
<markable id="markable_57" span="word_198" sentenceid="29" label="np" min_ids="word_198..word_198" type="chunk" lemmata="i" isprenominal="false" pos="prp" mmax_level="markable" />
<markable id="markable_58" span="word_201..word_203" sentenceid="29" label="np" min_ids="word_201..word_203" type="chunk" lemmata="the whole basket" isprenominal="false" pos="dt jj nn" mmax_level="markable" />
<markable id="markable_59" span="word_205" sentenceid="30" label="np" min_ids="word_205..word_205" type="chunk" lemmata="he" isprenominal="false" pos="prp" mmax_level="markable" />
<markable id="markable_60" span="word_208..word_209" sentenceid="30" label="np" min_ids="word_208..word_209" type="chunk" lemmata="the basket" isprenominal="false" pos="dt nn" mmax_level="markable" />
<markable id="markable_61" span="word_210" sentenceid="31" label="np" min_ids="word_210..word_210" type="chunk" lemmata="and" isprenominal="false" pos="cc" mmax_level="markable" />
<markable id="markable_62" span="word_214..word_215" sentenceid="31" label="np" min_ids="word_214..word_215" type="chunk" lemmata="the farmer" isprenominal="false" pos="dt nn" mmax_level="markable" />
<markable id="markable_63" span="word_220" sentenceid="31" label="np" min_ids="word_220..word_220" type="chunk" lemmata="he" isprenominal="false" pos="prp" mmax_level="markable" />
<markable id="markable_189" span="word_223" sentenceid="32" label="np" type="chunk" lemmata="tsk" isprenominal="true" pos="nn" mmax_level="markable" />
<markable id="markable_64" span="word_223..word_224" sentenceid="32" label="np" min_ids="word_223..word_224" type="chunk" lemmata="tsk uh" isprenominal="false" pos="nn nns" mmax_level="markable" />
<markable id="markable_65" span="word_226" sentenceid="32" label="np" min_ids="word_226..word_226" type="chunk" lemmata="it" isprenominal="false" pos="prp" mmax_level="markable" />
<markable id="markable_66" span="word_229" sentenceid="32" label="np" min_ids="word_229..word_229" type="chunk" lemmata="bicycle" isprenominal="false" pos="nn" mmax_level="markable" />
<markable id="markable_67" span="word_230" sentenceid="33" label="np" min_ids="word_230..word_230" type="chunk" lemmata="and" isprenominal="false" pos="cc" mmax_level="markable" />
<markable id="markable_68" span="word_233" sentenceid="33" label="np" min_ids="word_233..word_233" type="chunk" lemmata="bicycle" isprenominal="false" pos="nn" mmax_level="markable" />
<markable id="markable_69" span="word_235" sentenceid="33" label="np" min_ids="word_235..word_235" type="chunk" lemmata="i" isprenominal="false" pos="prp" mmax_level="markable" />
<markable id="markable_70" span="word_240" sentenceid="33" label="np" min_ids="word_240..word_240" type="chunk" lemmata="he" isprenominal="false" pos="prp" mmax_level="markable" />
<markable id="markable_71" span="word_242" sentenceid="33" label="np" min_ids="word_242..word_242" type="chunk" lemmata="it" isprenominal="false" pos="prp" mmax_level="markable" />
<markable id="markable_72" span="word_244" sentenceid="34" label="np" min_ids="word_244..word_244" type="chunk" lemmata="he" isprenominal="false" pos="prp" mmax_level="markable" />
<markable id="markable_73" span="word_246..word_249" sentenceid="34" label="np" min_ids="word_246..word_249" type="chunk" lemmata="the the big basket" isprenominal="false" pos="dt dt jj nn" mmax_level="markable" />
<markable id="markable_74" span="word_251" sentenceid="34" label="np" min_ids="word_251..word_251" type="chunk" lemmata="pear" isprenominal="false" pos="nns" mmax_level="markable" />
<markable id="markable_75" span="word_253" sentenceid="34" label="np" min_ids="word_253..word_253" type="chunk" lemmata="bicycle" isprenominal="false" pos="nn" mmax_level="markable" />
<markable id="markable_76" span="word_256" sentenceid="35" label="np" min_ids="word_256..word_256" type="chunk" lemmata="he" isprenominal="false" pos="prp" mmax_level="markable" />
<markable id="markable_77" span="word_259..word_260" sentenceid="36" label="np" min_ids="word_259..word_260" type="chunk" lemmata="the farmer" isprenominal="false" pos="dt nn" mmax_level="markable" />
<markable id="markable_78" span="word_266" sentenceid="36" label="np" min_ids="word_266..word_266" type="chunk" lemmata="it" isprenominal="false" pos="prp" mmax_level="markable" />
<markable id="markable_79" span="word_268..word_270" sentenceid="37" label="np" min_ids="word_268..word_270" type="chunk" lemmata="the little boy" isprenominal="false" pos="dt jj nn" mmax_level="markable" />
<markable id="markable_80" span="word_271..word_272" sentenceid="37" label="np" min_ids="word_271..word_272" type="chunk" lemmata="the story" isprenominal="false" pos="dt nn" mmax_level="markable" />
<markable id="markable_81" span="word_275..word_277" sentenceid="37" label="np" min_ids="word_275..word_277" type="chunk" lemmata="the little boy" isprenominal="false" pos="dt jj nn" mmax_level="markable" />
<markable id="markable_82" span="word_280" sentenceid="38" label="np" min_ids="word_280..word_280" type="chunk" lemmata="he" isprenominal="false" pos="prp" mmax_level="markable" />
<markable id="markable_83" span="word_284..word_285" sentenceid="38" label="np" min_ids="word_284..word_285" type="chunk" lemmata="the road" isprenominal="false" pos="dt nn" mmax_level="markable" />
<markable id="markable_84" span="word_286" sentenceid="39" label="np" min_ids="word_286..word_286" type="chunk" lemmata="and" isprenominal="false" pos="cc" mmax_level="markable" />
<markable id="markable_85" span="word_293..word_294" sentenceid="40" label="np" min_ids="word_293..word_294" type="chunk" lemmata="another girl" isprenominal="false" pos="dt nn" mmax_level="markable" />
<markable id="markable_86" span="word_297..word_298" sentenceid="41" label="np" min_ids="word_297..word_298" type="chunk" lemmata="a bicycle" isprenominal="false" pos="dt nn" mmax_level="markable" />
<markable id="markable_87" span="word_300" sentenceid="42" label="np" min_ids="word_300..word_300" type="chunk" lemmata="age" isprenominal="false" pos="nn" mmax_level="markable" />
<markable id="markable_88" span="word_302..word_303" sentenceid="43" label="np" min_ids="word_302..word_303" type="chunk" lemmata="the road" isprenominal="false" pos="dt nn" mmax_level="markable" />
<markable id="markable_89" span="word_306" sentenceid="44" label="np" min_ids="word_306..word_306" type="chunk" lemmata="they" isprenominal="false" pos="prp" mmax_level="markable" />
<markable id="markable_90" span="word_310" sentenceid="45" label="np" min_ids="word_310..word_310" type="chunk" lemmata="they" isprenominal="false" pos="prp" mmax_level="markable" />
<markable id="markable_91" span="word_311" sentenceid="45" label="np" min_ids="word_311..word_311" type="chunk" lemmata="you" isprenominal="false" pos="prp" mmax_level="markable" />
<markable id="markable_92" span="word_316" sentenceid="46" label="np" min_ids="word_316..word_316" type="chunk" lemmata="he" isprenominal="false" pos="prp" mmax_level="markable" />
<markable id="markable_93" span="word_320..word_322" sentenceid="46" label="np" min_ids="word_320..word_322" type="chunk" lemmata="a second look" isprenominal="false" pos="dt jj nn" mmax_level="markable" />
<markable id="markable_94" span="word_324" sentenceid="46" label="np" min_ids="word_324..word_324" type="chunk" lemmata="she" isprenominal="false" pos="prp" mmax_level="markable" />
<markable id="markable_95" span="word_326" sentenceid="47" label="np" min_ids="word_326..word_326" type="chunk" lemmata="he" isprenominal="false" pos="prp" mmax_level="markable" />
<markable id="markable_96" span="word_329..word_330" sentenceid="47" label="np" min_ids="word_329..word_330" type="chunk" lemmata="a rock" isprenominal="false" pos="dt nn" mmax_level="markable" />
<markable id="markable_97" span="word_331" sentenceid="48" label="np" min_ids="word_331..word_331" type="chunk" lemmata="and" isprenominal="false" pos="cc" mmax_level="markable" />
<markable id="markable_98" span="word_333..word_335" sentenceid="48" label="np" min_ids="word_333..word_335" type="chunk" lemmata="a little accident" isprenominal="false" pos="dt jj nn" mmax_level="markable" />
<markable id="markable_99" span="word_336" sentenceid="49" label="np" min_ids="word_336..word_336" type="chunk" lemmata="tsk" isprenominal="false" pos="nn" mmax_level="markable" />
<markable id="markable_100" span="word_339..word_340" sentenceid="49" label="np" min_ids="word_339..word_340" type="chunk" lemmata="the pear" isprenominal="false" pos="dt nns" mmax_level="markable" />
<markable id="markable_101" span="word_348..word_350" sentenceid="52" label="np" min_ids="word_348..word_350" type="chunk" lemmata="three little boy" isprenominal="false" pos="cd jj nns" mmax_level="markable" />
<markable id="markable_102" span="word_353..word_354" sentenceid="53" label="np" min_ids="word_353..word_354" type="chunk" lemmata="the road" isprenominal="false" pos="dt nn" mmax_level="markable" />
<markable id="markable_103" span="word_359" sentenceid="54" label="np" min_ids="word_359..word_359" type="chunk" lemmata="they" isprenominal="false" pos="prp" mmax_level="markable" />
<markable id="markable_104" span="word_361..word_363" sentenceid="54" label="np" min_ids="word_361..word_363" type="chunk" lemmata="this little accident" isprenominal="false" pos="dt jj nn" mmax_level="markable" />
<markable id="markable_105" span="word_366" sentenceid="55" label="np" min_ids="word_366..word_366" type="chunk" lemmata="they" isprenominal="false" pos="prp" mmax_level="markable" />
<markable id="markable_106" span="word_370" sentenceid="56" label="np" min_ids="word_370..word_370" type="chunk" lemmata="they" isprenominal="false" pos="prp" mmax_level="markable" />
<markable id="markable_107" span="word_372" sentenceid="56" label="np" min_ids="word_372..word_372" type="chunk" lemmata="he" isprenominal="false" pos="prp" mmax_level="markable" />
<markable id="markable_108" span="word_374" sentenceid="57" label="np" min_ids="word_374..word_374" type="chunk" lemmata="you" isprenominal="false" pos="prp" mmax_level="markable" />
<markable id="markable_109" span="word_377" sentenceid="58" label="np" min_ids="word_377..word_377" type="chunk" lemmata="he" isprenominal="false" pos="prp" mmax_level="markable" />
<markable id="markable_110" span="word_380..word_381" sentenceid="58" label="np" min_ids="word_380..word_381" type="chunk" lemmata="the pear" isprenominal="false" pos="dt nns" mmax_level="markable" />
<markable id="markable_111" span="word_383" sentenceid="58" label="np" min_ids="word_383..word_383" type="chunk" lemmata="everything" isprenominal="false" pos="nn" mmax_level="markable" />
<markable id="markable_112" span="word_385..word_387" sentenceid="59" label="np" min_ids="word_385..word_387" type="chunk" lemmata="the one thing" isprenominal="false" pos="dt cd nn" mmax_level="markable" />
<markable id="markable_113" span="word_390" sentenceid="59" label="np" min_ids="word_390..word_390" type="chunk" lemmata="i" isprenominal="false" pos="prp" mmax_level="markable" />
<markable id="markable_114" span="word_392..word_395" sentenceid="59" label="np" min_ids="word_392..word_395" type="chunk" lemmata="the three little boy" isprenominal="false" pos="dt cd jj nns" mmax_level="markable" />
<markable id="markable_115" span="word_403..word_404" sentenceid="60" label="np" min_ids="word_403..word_404" type="chunk" lemmata="a uh" isprenominal="false" pos="dt nn" mmax_level="markable" />
<markable id="markable_116" span="word_405" sentenceid="60" label="np" min_ids="word_405..word_405" type="chunk" lemmata="i" isprenominal="false" pos="prp" mmax_level="markable" />
<markable id="markable_117" span="word_410" sentenceid="60" label="np" min_ids="word_410..word_410" type="chunk" lemmata="you" isprenominal="false" pos="prp" mmax_level="markable" />
<markable id="markable_118" span="word_412" sentenceid="60" label="np" min_ids="word_412..word_412" type="chunk" lemmata="they" isprenominal="false" pos="prp" mmax_level="markable" />
<markable id="markable_119" span="word_414" sentenceid="61" label="np" min_ids="word_414..word_414" type="chunk" lemmata="it" isprenominal="false" pos="prp" mmax_level="markable" />
<markable id="markable_120" span="word_416..word_417" sentenceid="61" label="np" min_ids="word_416..word_417" type="chunk" lemmata="a paddle" isprenominal="false" pos="dt nn" mmax_level="markable" />
<markable id="markable_121" span="word_419..word_420" sentenceid="62" label="np" min_ids="word_419..word_420" type="chunk" lemmata="a ball" isprenominal="false" pos="dt nn" mmax_level="markable" />
<markable id="markable_122" span="word_424..word_425" sentenceid="63" label="np" min_ids="word_424..word_425" type="chunk" lemmata="the paddle" isprenominal="false" pos="dt nn" mmax_level="markable" />
<markable id="markable_123" span="word_427" sentenceid="64" label="np" min_ids="word_427..word_427" type="chunk" lemmata="you" isprenominal="false" pos="prp" mmax_level="markable" />
<markable id="markable_124" span="word_429" sentenceid="64" label="np" min_ids="word_429..word_429" type="chunk" lemmata="you" isprenominal="false" pos="prp" mmax_level="markable" />
<markable id="markable_125" span="word_431" sentenceid="64" label="np" min_ids="word_431..word_431" type="chunk" lemmata="it" isprenominal="false" pos="prp" mmax_level="markable" />
<markable id="markable_126" span="word_434" sentenceid="65" label="np" min_ids="word_434..word_434" type="chunk" lemmata="sound" isprenominal="false" pos="nn" mmax_level="markable" />
<markable id="markable_127" span="word_439" sentenceid="67" label="np" min_ids="word_439..word_439" type="chunk" lemmata="|soum" isprenominal="false" pos="nn" mmax_level="markable" />
<markable id="markable_128" span="word_441..word_443" sentenceid="67" label="np" min_ids="word_441..word_443" type="chunk" lemmata="all the pear" isprenominal="false" pos="pdt dt nns" mmax_level="markable" />
<markable id="markable_129" span="word_448" sentenceid="68" label="np" min_ids="word_448..word_448" type="chunk" lemmata="he" isprenominal="false" pos="prp" mmax_level="markable" />
<markable id="markable_130" span="word_451" sentenceid="68" label="np" min_ids="word_451..word_451" type="chunk" lemmata="way" isprenominal="false" pos="nn" mmax_level="markable" />
<markable id="markable_190" span="word_454" sentenceid="69" label="np" type="chunk" lemmata="hat" isprenominal="true" pos="nn" mmax_level="markable" />
<markable id="markable_131" span="word_454..word_455" sentenceid="69" label="np" min_ids="word_454..word_455" type="chunk" lemmata="hat fe" isprenominal="false" pos="nn nn" mmax_level="markable" />
<markable id="markable_132" span="word_460..word_461" sentenceid="69" label="np" min_ids="word_460..word_461" type="chunk" lemmata="the okay" isprenominal="false" pos="dt jj" mmax_level="markable" />
<markable id="markable_133" span="word_463..word_464" sentenceid="70" label="np" min_ids="word_463..word_464" type="chunk" lemmata="a minute." isprenominal="false" pos="dt nn" mmax_level="markable" />
<markable id="markable_134" span="word_465..word_466" sentenceid="71" label="np" min_ids="word_465..word_466" type="chunk" lemmata="the boy" isprenominal="false" pos="dt nn" mmax_level="markable" />
<markable id="markable_135" span="word_469..word_470" sentenceid="71" label="np" min_ids="word_469..word_470" type="chunk" lemmata="the pear" isprenominal="false" pos="dt nns" mmax_level="markable" />
<markable id="markable_136" span="word_471" sentenceid="72" label="np" min_ids="word_471..word_471" type="chunk" lemmata="hat" isprenominal="false" pos="nn" mmax_level="markable" />
<markable id="markable_137" span="word_473" sentenceid="73" label="np" min_ids="word_473..word_473" type="chunk" lemmata="way" isprenominal="false" pos="nn" mmax_level="markable" />
<markable id="markable_138" span="word_476..word_477" sentenceid="73" label="np" min_ids="word_476..word_477" type="chunk" lemmata="the road" isprenominal="false" pos="dt nn" mmax_level="markable" />
<markable id="markable_139" span="word_480..word_481" sentenceid="74" label="np" min_ids="word_480..word_481" type="chunk" lemmata="the boy" isprenominal="false" pos="dt nns" mmax_level="markable" />
<markable id="markable_140" span="word_483..word_484" sentenceid="74" label="np" min_ids="word_483..word_484" type="chunk" lemmata="the three" isprenominal="false" pos="dt cd" mmax_level="markable" />
<markable id="markable_141" span="word_485" sentenceid="74" label="np" min_ids="word_485..word_485" type="chunk" lemmata="boy" isprenominal="false" pos="nns" mmax_level="markable" />
<markable id="markable_142" span="word_489..word_490" sentenceid="74" label="np" min_ids="word_489..word_490" type="chunk" lemmata="the road" isprenominal="false" pos="dt nn" mmax_level="markable" />
<markable id="markable_143" span="word_492" sentenceid="75" label="np" min_ids="word_492..word_492" type="chunk" lemmata="they" isprenominal="false" pos="prp" mmax_level="markable" />
<markable id="markable_144" span="word_495" sentenceid="75" label="np" min_ids="word_495..word_495" type="chunk" lemmata="he" isprenominal="false" pos="prp" mmax_level="markable" />
<markable id="markable_145" span="word_497..word_499" sentenceid="76" label="np" min_ids="word_497..word_499" type="chunk" lemmata="the other one" isprenominal="false" pos="dt jj cd" mmax_level="markable" />
<markable id="markable_146" span="word_502" sentenceid="76" label="np" min_ids="word_502..word_502" type="chunk" lemmata="way" isprenominal="false" pos="nn" mmax_level="markable" />
<markable id="markable_147" span="word_505" sentenceid="77" label="np" min_ids="word_505..word_505" type="chunk" lemmata="they" isprenominal="false" pos="prp" mmax_level="markable" />
<markable id="markable_148" span="word_509..word_510" sentenceid="77" label="np" min_ids="word_509..word_510" type="chunk" lemmata="the guy" isprenominal="false" pos="dt nn" mmax_level="markable" />
<markable id="markable_149" span="word_512..word_513" sentenceid="77" label="np" min_ids="word_512..word_513" type="chunk" lemmata="the bicycle" isprenominal="false" pos="dt nn" mmax_level="markable" />
<markable id="markable_150" span="word_514" sentenceid="78" label="np" min_ids="word_514..word_514" type="chunk" lemmata="here" isprenominal="false" pos="rb" mmax_level="markable" />
<markable id="markable_151" span="word_516" sentenceid="78" label="np" min_ids="word_516..word_516" type="chunk" lemmata="you" isprenominal="false" pos="prp" mmax_level="markable" />
<markable id="markable_152" span="word_519" sentenceid="79" label="np" min_ids="word_519..word_519" type="chunk" lemmata="he" isprenominal="false" pos="prp" mmax_level="markable" />
<markable id="markable_153" span="word_520" sentenceid="79" label="np" min_ids="word_520..word_520" type="chunk" lemmata="i" isprenominal="false" pos="prp" mmax_level="markable" />
<markable id="markable_154" span="word_525" sentenceid="80" label="np" min_ids="word_525..word_525" type="chunk" lemmata="he" isprenominal="false" pos="prp" mmax_level="markable" />
<markable id="markable_155" span="word_529" sentenceid="80" label="np" min_ids="word_529..word_529" type="chunk" lemmata="it" isprenominal="false" pos="prp" mmax_level="markable" />
<markable id="markable_156" span="word_530..word_533" sentenceid="81" label="np" min_ids="word_530..word_533" type="chunk" lemmata="and the little boy" isprenominal="false" pos="cc dt jj nn" mmax_level="markable" />
<markable id="markable_157" span="word_535" sentenceid="81" label="np" min_ids="word_535..word_535" type="chunk" lemmata="he" isprenominal="false" pos="prp" mmax_level="markable" />
<markable id="markable_158" span="word_536..word_538" sentenceid="81" label="np" min_ids="word_536..word_538" type="chunk" lemmata="three pears sort" isprenominal="false" pos="cd jj nn" mmax_level="markable" />
<markable id="markable_159" span="word_542..word_544" sentenceid="81" label="np" min_ids="word_542..word_544" type="chunk" lemmata="the three boy" isprenominal="false" pos="dt cd nns" mmax_level="markable" />
<markable id="markable_160" span="word_547" sentenceid="81" label="np" min_ids="word_547..word_547" type="chunk" lemmata="he" isprenominal="false" pos="prp" mmax_level="markable" />
<markable id="markable_161" span="word_551" sentenceid="82" label="np" min_ids="word_551..word_551" type="chunk" lemmata="he" isprenominal="false" pos="prp" mmax_level="markable" />
<markable id="markable_162" span="word_557..word_558" sentenceid="83" label="np" min_ids="word_557..word_558" type="chunk" lemmata="the end" isprenominal="false" pos="dt nn" mmax_level="markable" />
<markable id="markable_163" span="word_561" sentenceid="83" label="np" min_ids="word_561..word_561" type="chunk" lemmata="story" isprenominal="false" pos="nn" mmax_level="markable" />
<markable id="markable_164" span="word_564" sentenceid="84" label="np" min_ids="word_564..word_564" type="chunk" lemmata="it" isprenominal="false" pos="prp" mmax_level="markable" />
<markable id="markable_165" span="word_568..word_569" sentenceid="84" label="np" min_ids="word_568..word_569" type="chunk" lemmata="the farmer" isprenominal="false" pos="dt nn" mmax_level="markable" />
<markable id="markable_166" span="word_571" sentenceid="85" label="np" min_ids="word_571..word_571" type="chunk" lemmata="he" isprenominal="false" pos="prp" mmax_level="markable" />
<markable id="markable_167" span="word_575" sentenceid="85" label="np" min_ids="word_575..word_575" type="chunk" lemmata="tree" isprenominal="false" pos="nn" mmax_level="markable" />
<markable id="markable_168" span="word_578" sentenceid="86" label="np" min_ids="word_578..word_578" type="chunk" lemmata="he" isprenominal="false" pos="prp" mmax_level="markable" />
<markable id="markable_169" span="word_581..word_582" sentenceid="86" label="np" min_ids="word_581..word_582" type="chunk" lemmata="the basket" isprenominal="false" pos="dt nns" mmax_level="markable" />
<markable id="markable_170" span="word_589" sentenceid="88" label="np" min_ids="word_589..word_589" type="chunk" lemmata="he" isprenominal="false" pos="prp" mmax_level="markable" />
<markable id="markable_171" span="word_591" sentenceid="88" label="np" min_ids="word_591..word_591" type="chunk" lemmata="they" isprenominal="false" pos="prp" mmax_level="markable" />
<markable id="markable_172" span="word_594" sentenceid="89" label="np" min_ids="word_594..word_594" type="chunk" lemmata="he" isprenominal="false" pos="prp" mmax_level="markable" />
<markable id="markable_173" span="word_604..word_605" sentenceid="90" label="np" min_ids="word_604..word_605" type="chunk" lemmata="the three" isprenominal="false" pos="dt cd" mmax_level="markable" />
<markable id="markable_174" span="word_606" sentenceid="90" label="np" min_ids="word_606..word_606" type="chunk" lemmata="boy" isprenominal="false" pos="nns" mmax_level="markable" />
<markable id="markable_175" span="word_609..word_611" sentenceid="90" label="np" min_ids="word_609..word_611" type="chunk" lemmata="the other one" isprenominal="false" pos="dt jj cd" mmax_level="markable" />
<markable id="markable_176" span="word_613..word_614" sentenceid="90" label="np" min_ids="word_613..word_614" type="chunk" lemmata="the bicycle" isprenominal="false" pos="dt nn" mmax_level="markable" />
<markable id="markable_177" span="word_623..word_624" sentenceid="91" label="np" min_ids="word_623..word_624" type="chunk" lemmata="the farmer" isprenominal="false" pos="dt nn" mmax_level="markable" />
<markable id="markable_178" span="word_627" sentenceid="92" label="np" min_ids="word_627..word_627" type="chunk" lemmata="they" isprenominal="false" pos="prp" mmax_level="markable" />
<markable id="markable_179" span="word_630" sentenceid="92" label="np" min_ids="word_630..word_630" type="chunk" lemmata="pear" isprenominal="false" pos="nns" mmax_level="markable" />
<markable id="markable_180" span="word_632..word_633" sentenceid="93" label="np" min_ids="word_632..word_633" type="chunk" lemmata="the farmer" isprenominal="false" pos="dt nn" mmax_level="markable" />
<markable id="markable_181" span="word_638" sentenceid="93" label="np" min_ids="word_638..word_638" type="chunk" lemmata="they" isprenominal="false" pos="prp" mmax_level="markable" />
<markable id="markable_182" span="word_640" sentenceid="93" label="np" min_ids="word_640..word_640" type="chunk" lemmata="hmmm" isprenominal="false" pos="nnp" mmax_level="markable" />
<markable id="markable_183" span="word_643" sentenceid="94" label="np" min_ids="word_643..word_643" type="chunk" lemmata="they" isprenominal="false" pos="prp" mmax_level="markable" />
<markable id="markable_184" span="word_645..word_646" sentenceid="94" label="np" min_ids="word_645..word_646" type="chunk" lemmata="those pear" isprenominal="false" pos="dt nns" mmax_level="markable" />
<markable id="markable_185" span="word_650..word_651" sentenceid="95" label="np" min_ids="word_650..word_651" type="chunk" lemmata="the end" isprenominal="false" pos="dt nn" mmax_level="markable" />
<markable id="markable_186" span="word_653..word_654" sentenceid="95" label="np" min_ids="word_653..word_654" type="chunk" lemmata="the story" isprenominal="false" pos="dt nn" mmax_level="markable" />
</markables>
