<?xml version="1.0" encoding="US-ASCII"?>
<!DOCTYPE markables SYSTEM "markables.dtd">
<markables xmlns="www.eml.org/NameSpaces/unit">
<markable id="markable_390" span="word_561..word_562" finite="unmarked"  utype="unmarked"  verbed="unmarked"  subject="unmarked" mmax_level="unit" />
<markable id="markable_389" span="word_552..word_562" finite="unmarked"  utype="unmarked"  verbed="unmarked"  subject="unmarked" mmax_level="unit" />
<markable id="markable_388" span="word_547..word_551" finite="unmarked"  utype="unmarked"  verbed="unmarked"  subject="unmarked" mmax_level="unit" />
<markable id="markable_332" span="word_256..word_266" finite="unmarked"  utype="unmarked"  verbed="unmarked"  subject="unmarked" mmax_level="unit" />
<markable id="markable_361" span="word_403..word_409" finite="unmarked"  utype="unmarked"  verbed="unmarked"  subject="unmarked" mmax_level="unit" />
<markable id="markable_376" span="word_478..word_485" finite="unmarked"  utype="unmarked"  verbed="unmarked"  subject="unmarked" mmax_level="unit" />
<markable id="markable_345" span="word_325..word_328" finite="unmarked"  utype="unmarked"  verbed="unmarked"  subject="unmarked" mmax_level="unit" />
<markable id="markable_316" span="word_159..word_164" finite="unmarked"  utype="unmarked"  verbed="unmarked"  subject="unmarked" mmax_level="unit" />
<markable id="markable_344" span="word_320..word_324" finite="unmarked"  utype="unmarked"  verbed="unmarked"  subject="unmarked" mmax_level="unit" />
<markable id="markable_360" span="word_402..word_409" finite="unmarked"  utype="unmarked"  verbed="unmarked"  subject="unmarked" mmax_level="unit" />
<markable id="markable_333" span="word_267..word_269" finite="unmarked"  utype="unmarked"  verbed="unmarked"  subject="unmarked" mmax_level="unit" />
<markable id="markable_338" span="word_289..word_296" finite="unmarked"  utype="unmarked"  verbed="unmarked"  subject="unmarked" mmax_level="unit" />
<markable id="markable_300" span="word_58..word_64" finite="unmarked"  utype="unmarked"  verbed="unmarked"  subject="unmarked" mmax_level="unit" />
<markable id="markable_373" span="word_463..word_471" finite="unmarked"  utype="unmarked"  verbed="unmarked"  subject="unmarked" mmax_level="unit" />
<markable id="markable_335" span="word_281..word_282" finite="unmarked"  utype="unmarked"  verbed="unmarked"  subject="unmarked" mmax_level="unit" />
<markable id="markable_312" span="word_139..word_144" finite="unmarked"  utype="unmarked"  verbed="unmarked"  subject="unmarked" mmax_level="unit" />
<markable id="markable_301" span="word_65..word_69" finite="unmarked"  utype="unmarked"  verbed="unmarked"  subject="unmarked" mmax_level="unit" />
<markable id="markable_343" span="word_317..word_324" finite="unmarked"  utype="unmarked"  verbed="unmarked"  subject="unmarked" mmax_level="unit" />
<markable id="markable_387" span="word_545..word_551" finite="unmarked"  utype="unmarked"  verbed="unmarked"  subject="unmarked" mmax_level="unit" />
<markable id="markable_327" span="word_223..word_227" finite="unmarked"  utype="unmarked"  verbed="unmarked"  subject="unmarked" mmax_level="unit" />
<markable id="markable_336" span="word_283..word_288" finite="unmarked"  utype="unmarked"  verbed="unmarked"  subject="unmarked" mmax_level="unit" />
<markable id="markable_362" span="word_410..word_421" finite="unmarked"  utype="unmarked"  verbed="unmarked"  subject="unmarked" mmax_level="unit" />
<markable id="markable_358" span="word_385..word_391" finite="unmarked"  utype="unmarked"  verbed="unmarked"  subject="unmarked" mmax_level="unit" />
<markable id="markable_392" span="word_571..word_573" finite="unmarked"  utype="unmarked"  verbed="unmarked"  subject="unmarked" mmax_level="unit" />
<markable id="markable_371" span="word_455..word_462" finite="unmarked"  utype="unmarked"  verbed="unmarked"  subject="unmarked" mmax_level="unit" />
<markable id="markable_382" span="word_517..word_527" finite="unmarked"  utype="unmarked"  verbed="unmarked"  subject="unmarked" mmax_level="unit" />
<markable id="markable_359" span="word_392..word_401" finite="unmarked"  utype="unmarked"  verbed="unmarked"  subject="unmarked" mmax_level="unit" />
<markable id="markable_354" span="word_375..word_384" finite="unmarked"  utype="unmarked"  verbed="unmarked"  subject="unmarked" mmax_level="unit" />
<markable id="markable_380" span="word_503..word_514" finite="unmarked"  utype="unmarked"  verbed="unmarked"  subject="unmarked" mmax_level="unit" />
<markable id="markable_383" span="word_520..word_527" finite="unmarked"  utype="unmarked"  verbed="unmarked"  subject="unmarked" mmax_level="unit" />
<markable id="markable_315" span="word_158..word_164" finite="unmarked"  utype="unmarked"  verbed="unmarked"  subject="unmarked" mmax_level="unit" />
<markable id="markable_391" span="word_568..word_570" finite="unmarked"  utype="unmarked"  verbed="unmarked"  subject="unmarked" mmax_level="unit" />
<markable id="markable_385" span="word_537..word_542" finite="unmarked"  utype="unmarked"  verbed="unmarked"  subject="unmarked" mmax_level="unit" />
<markable id="markable_363" span="word_422..word_431" finite="unmarked"  utype="unmarked"  verbed="unmarked"  subject="unmarked" mmax_level="unit" />
<markable id="markable_341" span="word_311..word_315" finite="unmarked"  utype="unmarked"  verbed="unmarked"  subject="unmarked" mmax_level="unit" />
<markable id="markable_352" span="word_361..word_366" finite="unmarked"  utype="unmarked"  verbed="unmarked"  subject="unmarked" mmax_level="unit" />
<markable id="markable_291" span="word_11..word_16" finite="unmarked"  utype="unmarked"  verbed="unmarked"  subject="unmarked" mmax_level="unit" />
<markable id="markable_342" span="word_316..word_324" finite="unmarked"  utype="unmarked"  verbed="unmarked"  subject="unmarked" mmax_level="unit" />
<markable id="markable_351" span="word_360..word_366" finite="unmarked"  utype="unmarked"  verbed="unmarked"  subject="unmarked" mmax_level="unit" />
<markable id="markable_340" span="word_297..word_315" finite="unmarked"  utype="unmarked"  verbed="unmarked"  subject="unmarked" mmax_level="unit" />
<markable id="markable_299" span="word_53..word_64" finite="unmarked"  utype="unmarked"  verbed="unmarked"  subject="unmarked" mmax_level="unit" />
<markable id="markable_372" span="word_456..word_462" finite="unmarked"  utype="unmarked"  verbed="unmarked"  subject="unmarked" mmax_level="unit" />
<markable id="markable_394" span="word_576..word_583" finite="unmarked"  utype="unmarked"  verbed="unmarked"  subject="unmarked" mmax_level="unit" />
<markable id="markable_350" span="word_355..word_359" finite="unmarked"  utype="unmarked"  verbed="unmarked"  subject="unmarked" mmax_level="unit" />
<markable id="markable_298" span="word_46..word_52" finite="unmarked"  utype="unmarked"  verbed="unmarked"  subject="unmarked" mmax_level="unit" />
<markable id="markable_384" span="word_528..word_536" finite="unmarked"  utype="unmarked"  verbed="unmarked"  subject="unmarked" mmax_level="unit" />
<markable id="markable_353" span="word_367..word_374" finite="unmarked"  utype="unmarked"  verbed="unmarked"  subject="unmarked" mmax_level="unit" />
<markable id="markable_331" span="word_249..word_250" finite="unmarked"  utype="unmarked"  verbed="unmarked"  subject="unmarked" mmax_level="unit" />
<markable id="markable_370" span="word_452..word_454" finite="unmarked"  utype="unmarked"  verbed="unmarked"  subject="unmarked" mmax_level="unit" />
<markable id="markable_393" span="word_572..word_573" finite="unmarked"  utype="unmarked"  verbed="unmarked"  subject="unmarked" mmax_level="unit" />
<markable id="markable_303" span="word_73..word_80" finite="unmarked"  utype="unmarked"  verbed="unmarked"  subject="unmarked" mmax_level="unit" />
<markable id="markable_367" span="word_432..word_436" finite="unmarked"  utype="unmarked"  verbed="unmarked"  subject="unmarked" mmax_level="unit" />
<markable id="markable_295" span="word_33..word_39" finite="unmarked"  utype="unmarked"  verbed="unmarked"  subject="unmarked" mmax_level="unit" />
<markable id="markable_322" span="word_209..word_210" finite="unmarked"  utype="unmarked"  verbed="unmarked"  subject="unmarked" mmax_level="unit" />
<markable id="markable_328" span="word_229..word_234" finite="unmarked"  utype="unmarked"  verbed="unmarked"  subject="unmarked" mmax_level="unit" />
<markable id="markable_339" span="word_291..word_296" finite="unmarked"  utype="unmarked"  verbed="unmarked"  subject="unmarked" mmax_level="unit" />
<markable id="markable_323" span="word_211..word_214" finite="unmarked"  utype="unmarked"  verbed="unmarked"  subject="unmarked" mmax_level="unit" />
<markable id="markable_355" span="word_376..word_384" finite="unmarked"  utype="unmarked"  verbed="unmarked"  subject="unmarked" mmax_level="unit" />
<markable id="markable_395" span="word_584..word_587" finite="unmarked"  utype="unmarked"  verbed="unmarked"  subject="unmarked" mmax_level="unit" />
<markable id="markable_366" span="word_427..word_431" finite="unmarked"  utype="unmarked"  verbed="unmarked"  subject="unmarked" mmax_level="unit" />
<markable id="markable_320" span="word_178..word_184" finite="unmarked"  utype="unmarked"  verbed="unmarked"  subject="unmarked" mmax_level="unit" />
<markable id="markable_294" span="word_26..word_32" finite="unmarked"  utype="unmarked"  verbed="unmarked"  subject="unmarked" mmax_level="unit" />
<markable id="markable_379" span="word_503..word_527" finite="unmarked"  utype="unmarked"  verbed="unmarked"  subject="unmarked" mmax_level="unit" />
<markable id="markable_329" span="word_237..word_245" finite="unmarked"  utype="unmarked"  verbed="unmarked"  subject="unmarked" mmax_level="unit" />
<markable id="markable_364" span="word_423..word_431" finite="unmarked"  utype="unmarked"  verbed="unmarked"  subject="unmarked" mmax_level="unit" />
<markable id="markable_321" span="word_199..word_202" finite="unmarked"  utype="unmarked"  verbed="unmarked"  subject="unmarked" mmax_level="unit" />
<markable id="markable_314" span="word_148..word_157" finite="unmarked"  utype="unmarked"  verbed="unmarked"  subject="unmarked" mmax_level="unit" />
<markable id="markable_307" span="word_99..word_102" finite="unmarked"  utype="unmarked"  verbed="unmarked"  subject="unmarked" mmax_level="unit" />
<markable id="markable_378" span="word_495..word_502" finite="unmarked"  utype="unmarked"  verbed="unmarked"  subject="unmarked" mmax_level="unit" />
<markable id="markable_365" span="word_423..word_425" finite="unmarked"  utype="unmarked"  verbed="unmarked"  subject="unmarked" mmax_level="unit" />
<markable id="markable_289" span="word_5..word_7" finite="unmarked"  utype="unmarked"  verbed="unmarked"  subject="unmarked" mmax_level="unit" />
<markable id="markable_309" span="word_127..word_132" finite="unmarked"  utype="unmarked"  verbed="unmarked"  subject="unmarked" mmax_level="unit" />
<markable id="markable_334" span="word_270..word_282" finite="unmarked"  utype="unmarked"  verbed="unmarked"  subject="unmarked" mmax_level="unit" />
<markable id="markable_290" span="word_8..word_16" finite="unmarked"  utype="unmarked"  verbed="unmarked"  subject="unmarked" mmax_level="unit" />
<markable id="markable_311" span="word_134..word_138" finite="unmarked"  utype="unmarked"  verbed="unmarked"  subject="unmarked" mmax_level="unit" />
<markable id="markable_381" span="word_510..word_514" finite="unmarked"  utype="unmarked"  verbed="unmarked"  subject="unmarked" mmax_level="unit" />
<markable id="markable_337" span="word_284..word_288" finite="unmarked"  utype="unmarked"  verbed="unmarked"  subject="unmarked" mmax_level="unit" />
<markable id="markable_326" span="word_219..word_222" finite="unmarked"  utype="unmarked"  verbed="unmarked"  subject="unmarked" mmax_level="unit" />
<markable id="markable_348" span="word_337..word_348" finite="unmarked"  utype="unmarked"  verbed="unmarked"  subject="unmarked" mmax_level="unit" />
<markable id="markable_318" span="word_172..word_175" finite="unmarked"  utype="unmarked"  verbed="unmarked"  subject="unmarked" mmax_level="unit" />
<markable id="markable_310" span="word_133..word_138" finite="unmarked"  utype="unmarked"  verbed="unmarked"  subject="unmarked" mmax_level="unit" />
<markable id="markable_304" span="word_85..word_89" finite="unmarked"  utype="unmarked"  verbed="unmarked"  subject="unmarked" mmax_level="unit" />
<markable id="markable_306" span="word_98..word_102" finite="unmarked"  utype="unmarked"  verbed="unmarked"  subject="unmarked" mmax_level="unit" />
<markable id="markable_317" span="word_171..word_190" finite="unmarked"  utype="unmarked"  verbed="unmarked"  subject="unmarked" mmax_level="unit" />
<markable id="markable_292" span="word_12..word_16" finite="unmarked"  utype="unmarked"  verbed="unmarked"  subject="unmarked" mmax_level="unit" />
<markable id="markable_386" span="word_543..word_544" finite="unmarked"  utype="unmarked"  verbed="unmarked"  subject="unmarked" mmax_level="unit" />
<markable id="markable_293" span="word_22..word_32" finite="unmarked"  utype="unmarked"  verbed="unmarked"  subject="unmarked" mmax_level="unit" />
<markable id="markable_357" span="word_382..word_384" finite="unmarked"  utype="unmarked"  verbed="unmarked"  subject="unmarked" mmax_level="unit" />
<markable id="markable_313" span="word_145..word_147" finite="unmarked"  utype="unmarked"  verbed="unmarked"  subject="unmarked" mmax_level="unit" />
<markable id="markable_374" span="word_472..word_477" finite="unmarked"  utype="unmarked"  verbed="unmarked"  subject="unmarked" mmax_level="unit" />
<markable id="markable_330" span="word_246..word_248" finite="unmarked"  utype="unmarked"  verbed="unmarked"  subject="unmarked" mmax_level="unit" />
<markable id="markable_319" span="word_177..word_190" finite="unmarked"  utype="unmarked"  verbed="unmarked"  subject="unmarked" mmax_level="unit" />
<markable id="markable_356" span="word_376..word_380" finite="unmarked"  utype="unmarked"  verbed="unmarked"  subject="unmarked" mmax_level="unit" />
<markable id="markable_305" span="word_90..word_97" finite="unmarked"  utype="unmarked"  verbed="unmarked"  subject="unmarked" mmax_level="unit" />
<markable id="markable_296" span="word_34..word_39" finite="unmarked"  utype="unmarked"  verbed="unmarked"  subject="unmarked" mmax_level="unit" />
<markable id="markable_349" span="word_354..word_359" finite="unmarked"  utype="unmarked"  verbed="unmarked"  subject="unmarked" mmax_level="unit" />
<markable id="markable_375" span="word_476..word_477" finite="unmarked"  utype="unmarked"  verbed="unmarked"  subject="unmarked" mmax_level="unit" />
<markable id="markable_324" span="word_215..word_218" finite="unmarked"  utype="unmarked"  verbed="unmarked"  subject="unmarked" mmax_level="unit" />
<markable id="markable_369" span="word_445..word_454" finite="unmarked"  utype="unmarked"  verbed="unmarked"  subject="unmarked" mmax_level="unit" />
<markable id="markable_297" span="word_40..word_45" finite="unmarked"  utype="unmarked"  verbed="unmarked"  subject="unmarked" mmax_level="unit" />
<markable id="markable_346" span="word_331..word_336" finite="unmarked"  utype="unmarked"  verbed="unmarked"  subject="unmarked" mmax_level="unit" />
<markable id="markable_302" span="word_70..word_80" finite="unmarked"  utype="unmarked"  verbed="unmarked"  subject="unmarked" mmax_level="unit" />
<markable id="markable_308" span="word_103..word_126" finite="unmarked"  utype="unmarked"  verbed="unmarked"  subject="unmarked" mmax_level="unit" />
<markable id="markable_347" span="word_334..word_336" finite="unmarked"  utype="unmarked"  verbed="unmarked"  subject="unmarked" mmax_level="unit" />
<markable id="markable_325" span="word_216..word_218" finite="unmarked"  utype="unmarked"  verbed="unmarked"  subject="unmarked" mmax_level="unit" />
<markable id="markable_368" span="word_441..word_444" finite="unmarked"  utype="unmarked"  verbed="unmarked"  subject="unmarked" mmax_level="unit" />
<markable id="markable_377" span="word_489..word_492" finite="unmarked"  utype="unmarked"  verbed="unmarked"  subject="unmarked" mmax_level="unit" />
</markables>