<?xml version="1.0" encoding="US-ASCII"?>
<!DOCTYPE markables SYSTEM "markables.dtd">
<markables xmlns="www.eml.org/NameSpaces/unit">
<markable id="markable_512" span="word_495..word_499" mmax_level="unit"  subject="unmarked"  verbed="unmarked"  utype="unmarked"  finite="unmarked" />
<markable id="markable_513" span="word_498..word_499" mmax_level="unit"  subject="unmarked"  verbed="unmarked"  utype="unmarked"  finite="unmarked" />
<markable id="markable_510" span="word_493..word_494" mmax_level="unit"  subject="unmarked"  verbed="unmarked"  utype="unmarked"  finite="unmarked" />
<markable id="markable_511" span="word_495..word_513" mmax_level="unit"  subject="unmarked"  verbed="unmarked"  utype="unmarked"  finite="unmarked" />
<markable id="markable_506" span="word_476..word_482" mmax_level="unit"  subject="unmarked"  verbed="unmarked"  utype="unmarked"  finite="unmarked" />
<markable id="markable_505" span="word_475..word_494" mmax_level="unit"  subject="unmarked"  verbed="unmarked"  utype="unmarked"  finite="unmarked" />
<markable id="markable_504" span="word_468..word_474" mmax_level="unit"  subject="unmarked"  verbed="unmarked"  utype="unmarked"  finite="unmarked" />
<markable id="markable_503" span="word_463..word_467" mmax_level="unit"  subject="unmarked"  verbed="unmarked"  utype="unmarked"  finite="unmarked" />
<markable id="markable_509" span="word_488..word_494" mmax_level="unit"  subject="unmarked"  verbed="unmarked"  utype="unmarked"  finite="unmarked" />
<markable id="markable_508" span="word_484..word_494" mmax_level="unit"  subject="unmarked"  verbed="unmarked"  utype="unmarked"  finite="unmarked" />
<markable id="markable_507" span="word_479..word_482" mmax_level="unit"  subject="unmarked"  verbed="unmarked"  utype="unmarked"  finite="unmarked" />
<markable id="markable_500" span="word_452..word_462" mmax_level="unit"  subject="unmarked"  verbed="unmarked"  utype="unmarked"  finite="unmarked" />
<markable id="markable_501" span="word_455..word_462" mmax_level="unit"  subject="unmarked"  verbed="unmarked"  utype="unmarked"  finite="unmarked" />
<markable id="markable_502" span="word_458..word_462" mmax_level="unit"  subject="unmarked"  verbed="unmarked"  utype="unmarked"  finite="unmarked" />
<markable id="markable_553" span="word_668..word_673" mmax_level="unit"  subject="unmarked"  verbed="unmarked"  utype="unmarked"  finite="unmarked" />
<markable id="markable_552" span="word_666..word_673" mmax_level="unit"  subject="unmarked"  verbed="unmarked"  utype="unmarked"  finite="unmarked" />
<markable id="markable_551" span="word_661..word_673" mmax_level="unit"  subject="unmarked"  verbed="unmarked"  utype="unmarked"  finite="unmarked" />
<markable id="markable_550" span="word_658..word_673" mmax_level="unit"  subject="unmarked"  verbed="unmarked"  utype="unmarked"  finite="unmarked" />
<markable id="markable_557" span="word_680..word_682" mmax_level="unit"  subject="unmarked"  verbed="unmarked"  utype="unmarked"  finite="unmarked" />
<markable id="markable_556" span="word_679..word_682" mmax_level="unit"  subject="unmarked"  verbed="unmarked"  utype="unmarked"  finite="unmarked" />
<markable id="markable_555" span="word_677..word_678" mmax_level="unit"  subject="unmarked"  verbed="unmarked"  utype="unmarked"  finite="unmarked" />
<markable id="markable_554" span="word_675..word_678" mmax_level="unit"  subject="unmarked"  verbed="unmarked"  utype="unmarked"  finite="unmarked" />
<markable id="markable_549" span="word_657..word_678" mmax_level="unit"  subject="unmarked"  verbed="unmarked"  utype="unmarked"  finite="unmarked" />
<markable id="markable_547" span="word_637..word_642" mmax_level="unit"  subject="unmarked"  verbed="unmarked"  utype="unmarked"  finite="unmarked" />
<markable id="markable_548" span="word_648..word_653" mmax_level="unit"  subject="unmarked"  verbed="unmarked"  utype="unmarked"  finite="unmarked" />
<markable id="markable_540" span="word_608..word_617" mmax_level="unit"  subject="unmarked"  verbed="unmarked"  utype="unmarked"  finite="unmarked" />
<markable id="markable_542" span="word_618..word_622" mmax_level="unit"  subject="unmarked"  verbed="unmarked"  utype="unmarked"  finite="unmarked" />
<markable id="markable_541" span="word_615..word_617" mmax_level="unit"  subject="unmarked"  verbed="unmarked"  utype="unmarked"  finite="unmarked" />
<markable id="markable_544" span="word_628..word_636" mmax_level="unit"  subject="unmarked"  verbed="unmarked"  utype="unmarked"  finite="unmarked" />
<markable id="markable_543" span="word_623..word_636" mmax_level="unit"  subject="unmarked"  verbed="unmarked"  utype="unmarked"  finite="unmarked" />
<markable id="markable_546" span="word_632..word_636" mmax_level="unit"  subject="unmarked"  verbed="unmarked"  utype="unmarked"  finite="unmarked" />
<markable id="markable_545" span="word_630..word_636" mmax_level="unit"  subject="unmarked"  verbed="unmarked"  utype="unmarked"  finite="unmarked" />
<markable id="markable_536" span="word_591..word_594" mmax_level="unit"  subject="unmarked"  verbed="unmarked"  utype="unmarked"  finite="unmarked" />
<markable id="markable_537" span="word_595..word_603" mmax_level="unit"  subject="unmarked"  verbed="unmarked"  utype="unmarked"  finite="unmarked" />
<markable id="markable_538" span="word_596..word_603" mmax_level="unit"  subject="unmarked"  verbed="unmarked"  utype="unmarked"  finite="unmarked" />
<markable id="markable_539" span="word_604..word_617" mmax_level="unit"  subject="unmarked"  verbed="unmarked"  utype="unmarked"  finite="unmarked" />
<markable id="markable_432" span="word_56..word_60" mmax_level="unit"  subject="unmarked"  verbed="unmarked"  utype="unmarked"  finite="unmarked" />
<markable id="markable_431" span="word_52..word_54" mmax_level="unit"  subject="unmarked"  verbed="unmarked"  utype="unmarked"  finite="unmarked" />
<markable id="markable_430" span="word_52..word_60" mmax_level="unit"  subject="unmarked"  verbed="unmarked"  utype="unmarked"  finite="unmarked" />
<markable id="markable_436" span="word_88..word_97" mmax_level="unit"  subject="unmarked"  verbed="unmarked"  utype="unmarked"  finite="unmarked" />
<markable id="markable_435" span="word_78..word_87" mmax_level="unit"  subject="unmarked"  verbed="unmarked"  utype="unmarked"  finite="unmarked" />
<markable id="markable_434" span="word_71..word_77" mmax_level="unit"  subject="unmarked"  verbed="unmarked"  utype="unmarked"  finite="unmarked" />
<markable id="markable_433" span="word_63..word_70" mmax_level="unit"  subject="unmarked"  verbed="unmarked"  utype="unmarked"  finite="unmarked" />
<markable id="markable_535" span="word_590..word_594" mmax_level="unit"  subject="unmarked"  verbed="unmarked"  utype="unmarked"  finite="unmarked" />
<markable id="markable_534" span="word_586..word_589" mmax_level="unit"  subject="unmarked"  verbed="unmarked"  utype="unmarked"  finite="unmarked" />
<markable id="markable_533" span="word_580..word_584" mmax_level="unit"  subject="unmarked"  verbed="unmarked"  utype="unmarked"  finite="unmarked" />
<markable id="markable_532" span="word_575..word_578" mmax_level="unit"  subject="unmarked"  verbed="unmarked"  utype="unmarked"  finite="unmarked" />
<markable id="markable_531" span="word_570..word_578" mmax_level="unit"  subject="unmarked"  verbed="unmarked"  utype="unmarked"  finite="unmarked" />
<markable id="markable_530" span="word_570..word_584" mmax_level="unit"  subject="unmarked"  verbed="unmarked"  utype="unmarked"  finite="unmarked" />
<markable id="markable_529" span="word_568..word_584" mmax_level="unit"  subject="unmarked"  verbed="unmarked"  utype="unmarked"  finite="unmarked" />
<markable id="markable_527" span="word_563..word_567" mmax_level="unit"  subject="unmarked"  verbed="unmarked"  utype="unmarked"  finite="unmarked" />
<markable id="markable_528" span="word_568..word_589" mmax_level="unit"  subject="unmarked"  verbed="unmarked"  utype="unmarked"  finite="unmarked" />
<markable id="markable_525" span="word_559..word_561" mmax_level="unit"  subject="unmarked"  verbed="unmarked"  utype="unmarked"  finite="unmarked" />
<markable id="markable_526" span="word_562..word_567" mmax_level="unit"  subject="unmarked"  verbed="unmarked"  utype="unmarked"  finite="unmarked" />
<markable id="markable_428" span="word_42..word_60" mmax_level="unit"  subject="unmarked"  verbed="unmarked"  utype="unmarked"  finite="unmarked" />
<markable id="markable_429" span="word_50..word_60" mmax_level="unit"  subject="unmarked"  verbed="unmarked"  utype="unmarked"  finite="unmarked" />
<markable id="markable_426" span="word_29..word_33" mmax_level="unit"  subject="unmarked"  verbed="unmarked"  utype="unmarked"  finite="unmarked" />
<markable id="markable_427" span="word_34..word_60" mmax_level="unit"  subject="unmarked"  verbed="unmarked"  utype="unmarked"  finite="unmarked" />
<markable id="markable_421" span="word_6..word_18" mmax_level="unit"  subject="unmarked"  verbed="unmarked"  utype="unmarked"  finite="unmarked" />
<markable id="markable_423" span="word_19..word_33" mmax_level="unit"  subject="unmarked"  verbed="unmarked"  utype="unmarked"  finite="unmarked" />
<markable id="markable_422" span="word_11..word_18" mmax_level="unit"  subject="unmarked"  verbed="unmarked"  utype="unmarked"  finite="unmarked" />
<markable id="markable_425" span="word_25..word_33" mmax_level="unit"  subject="unmarked"  verbed="unmarked"  utype="unmarked"  finite="unmarked" />
<markable id="markable_424" span="word_19..word_23" mmax_level="unit"  subject="unmarked"  verbed="unmarked"  utype="unmarked"  finite="unmarked" />
<markable id="markable_522" span="word_540..word_557" mmax_level="unit"  subject="unmarked"  verbed="unmarked"  utype="unmarked"  finite="unmarked" />
<markable id="markable_521" span="word_535..word_539" mmax_level="unit"  subject="unmarked"  verbed="unmarked"  utype="unmarked"  finite="unmarked" />
<markable id="markable_524" span="word_558..word_561" mmax_level="unit"  subject="unmarked"  verbed="unmarked"  utype="unmarked"  finite="unmarked" />
<markable id="markable_523" span="word_553..word_557" mmax_level="unit"  subject="unmarked"  verbed="unmarked"  utype="unmarked"  finite="unmarked" />
<markable id="markable_520" span="word_533..word_539" mmax_level="unit"  subject="unmarked"  verbed="unmarked"  utype="unmarked"  finite="unmarked" />
<markable id="markable_518" span="word_523..word_531" mmax_level="unit"  subject="unmarked"  verbed="unmarked"  utype="unmarked"  finite="unmarked" />
<markable id="markable_519" span="word_532..word_539" mmax_level="unit"  subject="unmarked"  verbed="unmarked"  utype="unmarked"  finite="unmarked" />
<markable id="markable_514" span="word_501..word_513" mmax_level="unit"  subject="unmarked"  verbed="unmarked"  utype="unmarked"  finite="unmarked" />
<markable id="markable_515" span="word_508..word_513" mmax_level="unit"  subject="unmarked"  verbed="unmarked"  utype="unmarked"  finite="unmarked" />
<markable id="markable_516" span="word_511..word_513" mmax_level="unit"  subject="unmarked"  verbed="unmarked"  utype="unmarked"  finite="unmarked" />
<markable id="markable_517" span="word_516..word_522" mmax_level="unit"  subject="unmarked"  verbed="unmarked"  utype="unmarked"  finite="unmarked" />
<markable id="markable_617" span="word_967..word_973" mmax_level="unit"  subject="unmarked"  verbed="unmarked"  utype="unmarked"  finite="unmarked" />
<markable id="markable_618" span="word_974..word_976" mmax_level="unit"  subject="unmarked"  verbed="unmarked"  utype="unmarked"  finite="unmarked" />
<markable id="markable_449" span="word_181..word_186" mmax_level="unit"  subject="unmarked"  verbed="unmarked"  utype="unmarked"  finite="unmarked" />
<markable id="markable_615" span="word_958..word_966" mmax_level="unit"  subject="unmarked"  verbed="unmarked"  utype="unmarked"  finite="unmarked" />
<markable id="markable_616" span="word_962..word_966" mmax_level="unit"  subject="unmarked"  verbed="unmarked"  utype="unmarked"  finite="unmarked" />
<markable id="markable_448" span="word_175..word_186" mmax_level="unit"  subject="unmarked"  verbed="unmarked"  utype="unmarked"  finite="unmarked" />
<markable id="markable_613" span="word_945..word_957" mmax_level="unit"  subject="unmarked"  verbed="unmarked"  utype="unmarked"  finite="unmarked" />
<markable id="markable_614" span="word_950..word_957" mmax_level="unit"  subject="unmarked"  verbed="unmarked"  utype="unmarked"  finite="unmarked" />
<markable id="markable_594" span="word_847..word_849" mmax_level="unit"  subject="unmarked"  verbed="unmarked"  utype="unmarked"  finite="unmarked" />
<markable id="markable_595" span="word_851..word_854" mmax_level="unit"  subject="unmarked"  verbed="unmarked"  utype="unmarked"  finite="unmarked" />
<markable id="markable_596" span="word_855..word_861" mmax_level="unit"  subject="unmarked"  verbed="unmarked"  utype="unmarked"  finite="unmarked" />
<markable id="markable_597" span="word_860..word_861" mmax_level="unit"  subject="unmarked"  verbed="unmarked"  utype="unmarked"  finite="unmarked" />
<markable id="markable_450" span="word_187..word_199" mmax_level="unit"  subject="unmarked"  verbed="unmarked"  utype="unmarked"  finite="unmarked" />
<markable id="markable_598" span="word_863..word_876" mmax_level="unit"  subject="unmarked"  verbed="unmarked"  utype="unmarked"  finite="unmarked" />
<markable id="markable_599" span="word_870..word_876" mmax_level="unit"  subject="unmarked"  verbed="unmarked"  utype="unmarked"  finite="unmarked" />
<markable id="markable_455" span="word_209..word_218" mmax_level="unit"  subject="unmarked"  verbed="unmarked"  utype="unmarked"  finite="unmarked" />
<markable id="markable_456" span="word_215..word_218" mmax_level="unit"  subject="unmarked"  verbed="unmarked"  utype="unmarked"  finite="unmarked" />
<markable id="markable_457" span="word_219..word_235" mmax_level="unit"  subject="unmarked"  verbed="unmarked"  utype="unmarked"  finite="unmarked" />
<markable id="markable_458" span="word_228..word_235" mmax_level="unit"  subject="unmarked"  verbed="unmarked"  utype="unmarked"  finite="unmarked" />
<markable id="markable_590" span="word_839..word_845" mmax_level="unit"  subject="unmarked"  verbed="unmarked"  utype="unmarked"  finite="unmarked" />
<markable id="markable_451" span="word_189..word_199" mmax_level="unit"  subject="unmarked"  verbed="unmarked"  utype="unmarked"  finite="unmarked" />
<markable id="markable_452" span="word_193..word_199" mmax_level="unit"  subject="unmarked"  verbed="unmarked"  utype="unmarked"  finite="unmarked" />
<markable id="markable_591" span="word_842..word_845" mmax_level="unit"  subject="unmarked"  verbed="unmarked"  utype="unmarked"  finite="unmarked" />
<markable id="markable_592" span="word_846..word_854" mmax_level="unit"  subject="unmarked"  verbed="unmarked"  utype="unmarked"  finite="unmarked" />
<markable id="markable_453" span="word_200..word_218" mmax_level="unit"  subject="unmarked"  verbed="unmarked"  utype="unmarked"  finite="unmarked" />
<markable id="markable_454" span="word_207..word_218" mmax_level="unit"  subject="unmarked"  verbed="unmarked"  utype="unmarked"  finite="unmarked" />
<markable id="markable_593" span="word_847..word_854" mmax_level="unit"  subject="unmarked"  verbed="unmarked"  utype="unmarked"  finite="unmarked" />
<markable id="markable_629" span="word_31..word_33" mmax_level="unit"  subject="unmarked"  verbed="unmarked"  utype="unmarked"  finite="unmarked" />
<markable id="markable_439" span="word_109..word_116" mmax_level="unit"  subject="unmarked"  verbed="unmarked"  utype="unmarked"  finite="unmarked" />
<markable id="markable_438" span="word_98..word_108" mmax_level="unit"  subject="unmarked"  verbed="unmarked"  utype="unmarked"  finite="unmarked" />
<markable id="markable_437" span="word_91..word_97" mmax_level="unit"  subject="unmarked"  verbed="unmarked"  utype="unmarked"  finite="unmarked" />
<markable id="markable_585" span="word_815..word_824" mmax_level="unit"  subject="unmarked"  verbed="unmarked"  utype="unmarked"  finite="unmarked" />
<markable id="markable_586" span="word_825..word_831" mmax_level="unit"  subject="unmarked"  verbed="unmarked"  utype="unmarked"  finite="unmarked" />
<markable id="markable_583" span="word_804..word_814" mmax_level="unit"  subject="unmarked"  verbed="unmarked"  utype="unmarked"  finite="unmarked" />
<markable id="markable_584" span="word_810..word_814" mmax_level="unit"  subject="unmarked"  verbed="unmarked"  utype="unmarked"  finite="unmarked" />
<markable id="markable_589" span="word_837..word_845" mmax_level="unit"  subject="unmarked"  verbed="unmarked"  utype="unmarked"  finite="unmarked" />
<markable id="markable_587" span="word_830..word_831" mmax_level="unit"  subject="unmarked"  verbed="unmarked"  utype="unmarked"  finite="unmarked" />
<markable id="markable_588" span="word_832..word_845" mmax_level="unit"  subject="unmarked"  verbed="unmarked"  utype="unmarked"  finite="unmarked" />
<markable id="markable_632" span="word_548..word_551" mmax_level="unit"  subject="unmarked"  verbed="unmarked"  utype="unmarked"  finite="unmarked" />
<markable id="markable_446" span="word_159..word_161" mmax_level="unit"  subject="unmarked"  verbed="unmarked"  utype="unmarked"  finite="unmarked" />
<markable id="markable_447" span="word_169..word_174" mmax_level="unit"  subject="unmarked"  verbed="unmarked"  utype="unmarked"  finite="unmarked" />
<markable id="markable_444" span="word_146..word_161" mmax_level="unit"  subject="unmarked"  verbed="unmarked"  utype="unmarked"  finite="unmarked" />
<markable id="markable_633" span="word_695..word_700" mmax_level="unit"  subject="unmarked"  verbed="unmarked"  utype="unmarked"  finite="unmarked" />
<markable id="markable_445" span="word_154..word_161" mmax_level="unit"  subject="unmarked"  verbed="unmarked"  utype="unmarked"  finite="unmarked" />
<markable id="markable_581" span="word_795..word_800" mmax_level="unit"  subject="unmarked"  verbed="unmarked"  utype="unmarked"  finite="unmarked" />
<markable id="markable_442" span="word_126..word_134" mmax_level="unit"  subject="unmarked"  verbed="unmarked"  utype="unmarked"  finite="unmarked" />
<markable id="markable_582" span="word_801..word_814" mmax_level="unit"  subject="unmarked"  verbed="unmarked"  utype="unmarked"  finite="unmarked" />
<markable id="markable_443" span="word_135..word_145" mmax_level="unit"  subject="unmarked"  verbed="unmarked"  utype="unmarked"  finite="unmarked" />
<markable id="markable_440" span="word_110..word_116" mmax_level="unit"  subject="unmarked"  verbed="unmarked"  utype="unmarked"  finite="unmarked" />
<markable id="markable_441" span="word_117..word_125" mmax_level="unit"  subject="unmarked"  verbed="unmarked"  utype="unmarked"  finite="unmarked" />
<markable id="markable_580" span="word_781..word_789" mmax_level="unit"  subject="unmarked"  verbed="unmarked"  utype="unmarked"  finite="unmarked" />
<markable id="markable_569" span="word_740..word_747" mmax_level="unit"  subject="unmarked"  verbed="unmarked"  utype="unmarked"  finite="unmarked" />
<markable id="markable_576" span="word_771..word_779" mmax_level="unit"  subject="unmarked"  verbed="unmarked"  utype="unmarked"  finite="unmarked" />
<markable id="markable_577" span="word_772..word_779" mmax_level="unit"  subject="unmarked"  verbed="unmarked"  utype="unmarked"  finite="unmarked" />
<markable id="markable_578" span="word_777..word_779" mmax_level="unit"  subject="unmarked"  verbed="unmarked"  utype="unmarked"  finite="unmarked" />
<markable id="markable_579" span="word_780..word_789" mmax_level="unit"  subject="unmarked"  verbed="unmarked"  utype="unmarked"  finite="unmarked" />
<markable id="markable_572" span="word_754..word_779" mmax_level="unit"  subject="unmarked"  verbed="unmarked"  utype="unmarked"  finite="unmarked" />
<markable id="markable_573" span="word_758..word_779" mmax_level="unit"  subject="unmarked"  verbed="unmarked"  utype="unmarked"  finite="unmarked" />
<markable id="markable_470" span="word_283..word_288" mmax_level="unit"  subject="unmarked"  verbed="unmarked"  utype="unmarked"  finite="unmarked" />
<markable id="markable_574" span="word_763..word_779" mmax_level="unit"  subject="unmarked"  verbed="unmarked"  utype="unmarked"  finite="unmarked" />
<markable id="markable_471" span="word_294..word_299" mmax_level="unit"  subject="unmarked"  verbed="unmarked"  utype="unmarked"  finite="unmarked" />
<markable id="markable_472" span="word_294" mmax_level="unit"  subject="unmarked"  verbed="unmarked"  utype="unmarked"  finite="unmarked" />
<markable id="markable_575" span="word_765..word_768" mmax_level="unit"  subject="unmarked"  verbed="unmarked"  utype="unmarked"  finite="unmarked" />
<markable id="markable_473" span="word_296..word_299" mmax_level="unit"  subject="unmarked"  verbed="unmarked"  utype="unmarked"  finite="unmarked" />
<markable id="markable_474" span="word_302..word_308" mmax_level="unit"  subject="unmarked"  verbed="unmarked"  utype="unmarked"  finite="unmarked" />
<markable id="markable_475" span="word_309..word_313" mmax_level="unit"  subject="unmarked"  verbed="unmarked"  utype="unmarked"  finite="unmarked" />
<markable id="markable_570" span="word_745..word_747" mmax_level="unit"  subject="unmarked"  verbed="unmarked"  utype="unmarked"  finite="unmarked" />
<markable id="markable_476" span="word_314..word_319" mmax_level="unit"  subject="unmarked"  verbed="unmarked"  utype="unmarked"  finite="unmarked" />
<markable id="markable_571" span="word_750..word_753" mmax_level="unit"  subject="unmarked"  verbed="unmarked"  utype="unmarked"  finite="unmarked" />
<markable id="markable_477" span="word_320..word_332" mmax_level="unit"  subject="unmarked"  verbed="unmarked"  utype="unmarked"  finite="unmarked" />
<markable id="markable_601" span="word_877..word_889" mmax_level="unit"  subject="unmarked"  verbed="unmarked"  utype="unmarked"  finite="unmarked" />
<markable id="markable_478" span="word_325..word_332" mmax_level="unit"  subject="unmarked"  verbed="unmarked"  utype="unmarked"  finite="unmarked" />
<markable id="markable_600" span="word_872..word_876" mmax_level="unit"  subject="unmarked"  verbed="unmarked"  utype="unmarked"  finite="unmarked" />
<markable id="markable_479" span="word_328..word_332" mmax_level="unit"  subject="unmarked"  verbed="unmarked"  utype="unmarked"  finite="unmarked" />
<markable id="markable_602" span="word_878..word_883" mmax_level="unit"  subject="unmarked"  verbed="unmarked"  utype="unmarked"  finite="unmarked" />
<markable id="markable_603" span="word_882..word_883" mmax_level="unit"  subject="unmarked"  verbed="unmarked"  utype="unmarked"  finite="unmarked" />
<markable id="markable_604" span="word_885..word_889" mmax_level="unit"  subject="unmarked"  verbed="unmarked"  utype="unmarked"  finite="unmarked" />
<markable id="markable_605" span="word_890..word_894" mmax_level="unit"  subject="unmarked"  verbed="unmarked"  utype="unmarked"  finite="unmarked" />
<markable id="markable_459" span="word_232..word_235" mmax_level="unit"  subject="unmarked"  verbed="unmarked"  utype="unmarked"  finite="unmarked" />
<markable id="markable_606" span="word_895..word_909" mmax_level="unit"  subject="unmarked"  verbed="unmarked"  utype="unmarked"  finite="unmarked" />
<markable id="markable_607" span="word_916..word_924" mmax_level="unit"  subject="unmarked"  verbed="unmarked"  utype="unmarked"  finite="unmarked" />
<markable id="markable_608" span="word_922..word_924" mmax_level="unit"  subject="unmarked"  verbed="unmarked"  utype="unmarked"  finite="unmarked" />
<markable id="markable_609" span="word_926..word_940" mmax_level="unit"  subject="unmarked"  verbed="unmarked"  utype="unmarked"  finite="unmarked" />
<markable id="markable_559" span="word_684..word_688" mmax_level="unit"  subject="unmarked"  verbed="unmarked"  utype="unmarked"  finite="unmarked" />
<markable id="markable_558" span="word_683..word_688" mmax_level="unit"  subject="unmarked"  verbed="unmarked"  utype="unmarked"  finite="unmarked" />
<markable id="markable_567" span="word_732..word_735" mmax_level="unit"  subject="unmarked"  verbed="unmarked"  utype="unmarked"  finite="unmarked" />
<markable id="markable_568" span="word_736..word_747" mmax_level="unit"  subject="unmarked"  verbed="unmarked"  utype="unmarked"  finite="unmarked" />
<markable id="markable_565" span="word_724..word_727" mmax_level="unit"  subject="unmarked"  verbed="unmarked"  utype="unmarked"  finite="unmarked" />
<markable id="markable_566" span="word_728..word_735" mmax_level="unit"  subject="unmarked"  verbed="unmarked"  utype="unmarked"  finite="unmarked" />
<markable id="markable_460" span="word_240..word_246" mmax_level="unit"  subject="unmarked"  verbed="unmarked"  utype="unmarked"  finite="unmarked" />
<markable id="markable_563" span="word_701..word_703" mmax_level="unit"  subject="unmarked"  verbed="unmarked"  utype="unmarked"  finite="unmarked" />
<markable id="markable_461" span="word_247..word_248" mmax_level="unit"  subject="unmarked"  verbed="unmarked"  utype="unmarked"  finite="unmarked" />
<markable id="markable_564" span="word_712..word_718" mmax_level="unit"  subject="unmarked"  verbed="unmarked"  utype="unmarked"  finite="unmarked" />
<markable id="markable_561" span="word_696..word_700" mmax_level="unit"  subject="unmarked"  verbed="unmarked"  utype="unmarked"  finite="unmarked" />
<markable id="markable_562" span="word_701..word_711" mmax_level="unit"  subject="unmarked"  verbed="unmarked"  utype="unmarked"  finite="unmarked" />
<markable id="markable_464" span="word_263..word_266" mmax_level="unit"  subject="unmarked"  verbed="unmarked"  utype="unmarked"  finite="unmarked" />
<markable id="markable_465" span="word_264..word_266" mmax_level="unit"  subject="unmarked"  verbed="unmarked"  utype="unmarked"  finite="unmarked" />
<markable id="markable_560" span="word_689..word_694" mmax_level="unit"  subject="unmarked"  verbed="unmarked"  utype="unmarked"  finite="unmarked" />
<markable id="markable_462" span="word_251..word_253" mmax_level="unit"  subject="unmarked"  verbed="unmarked"  utype="unmarked"  finite="unmarked" />
<markable id="markable_463" span="word_258..word_262" mmax_level="unit"  subject="unmarked"  verbed="unmarked"  utype="unmarked"  finite="unmarked" />
<markable id="markable_610" span="word_928..word_929" mmax_level="unit"  subject="unmarked"  verbed="unmarked"  utype="unmarked"  finite="unmarked" />
<markable id="markable_468" span="word_279..word_288" mmax_level="unit"  subject="unmarked"  verbed="unmarked"  utype="unmarked"  finite="unmarked" />
<markable id="markable_469" span="word_280..word_288" mmax_level="unit"  subject="unmarked"  verbed="unmarked"  utype="unmarked"  finite="unmarked" />
<markable id="markable_612" span="word_938..word_940" mmax_level="unit"  subject="unmarked"  verbed="unmarked"  utype="unmarked"  finite="unmarked" />
<markable id="markable_466" span="word_267..word_278" mmax_level="unit"  subject="unmarked"  verbed="unmarked"  utype="unmarked"  finite="unmarked" />
<markable id="markable_611" span="word_932..word_940" mmax_level="unit"  subject="unmarked"  verbed="unmarked"  utype="unmarked"  finite="unmarked" />
<markable id="markable_467" span="word_273..word_278" mmax_level="unit"  subject="unmarked"  verbed="unmarked"  utype="unmarked"  finite="unmarked" />
<markable id="markable_499" span="word_434..word_441" mmax_level="unit"  subject="unmarked"  verbed="unmarked"  utype="unmarked"  finite="unmarked" />
<markable id="markable_496" span="word_420..word_426" mmax_level="unit"  subject="unmarked"  verbed="unmarked"  utype="unmarked"  finite="unmarked" />
<markable id="markable_495" span="word_407..word_415" mmax_level="unit"  subject="unmarked"  verbed="unmarked"  utype="unmarked"  finite="unmarked" />
<markable id="markable_498" span="word_428..word_433" mmax_level="unit"  subject="unmarked"  verbed="unmarked"  utype="unmarked"  finite="unmarked" />
<markable id="markable_497" span="word_427..word_433" mmax_level="unit"  subject="unmarked"  verbed="unmarked"  utype="unmarked"  finite="unmarked" />
<markable id="markable_492" span="word_392..word_400" mmax_level="unit"  subject="unmarked"  verbed="unmarked"  utype="unmarked"  finite="unmarked" />
<markable id="markable_491" span="word_388..word_391" mmax_level="unit"  subject="unmarked"  verbed="unmarked"  utype="unmarked"  finite="unmarked" />
<markable id="markable_494" span="word_405..word_415" mmax_level="unit"  subject="unmarked"  verbed="unmarked"  utype="unmarked"  finite="unmarked" />
<markable id="markable_493" span="word_401..word_404" mmax_level="unit"  subject="unmarked"  verbed="unmarked"  utype="unmarked"  finite="unmarked" />
<markable id="markable_490" span="word_381..word_387" mmax_level="unit"  subject="unmarked"  verbed="unmarked"  utype="unmarked"  finite="unmarked" />
<markable id="markable_489" span="word_377..word_380" mmax_level="unit"  subject="unmarked"  verbed="unmarked"  utype="unmarked"  finite="unmarked" />
<markable id="markable_488" span="word_367..word_380" mmax_level="unit"  subject="unmarked"  verbed="unmarked"  utype="unmarked"  finite="unmarked" />
<markable id="markable_487" span="word_360..word_366" mmax_level="unit"  subject="unmarked"  verbed="unmarked"  utype="unmarked"  finite="unmarked" />
<markable id="markable_486" span="word_356..word_359" mmax_level="unit"  subject="unmarked"  verbed="unmarked"  utype="unmarked"  finite="unmarked" />
<markable id="markable_485" span="word_354..word_355" mmax_level="unit"  subject="unmarked"  verbed="unmarked"  utype="unmarked"  finite="unmarked" />
<markable id="markable_484" span="word_349..word_351" mmax_level="unit"  subject="unmarked"  verbed="unmarked"  utype="unmarked"  finite="unmarked" />
<markable id="markable_483" span="word_346..word_351" mmax_level="unit"  subject="unmarked"  verbed="unmarked"  utype="unmarked"  finite="unmarked" />
<markable id="markable_482" span="word_341..word_351" mmax_level="unit"  subject="unmarked"  verbed="unmarked"  utype="unmarked"  finite="unmarked" />
<markable id="markable_481" span="word_337..word_340" mmax_level="unit"  subject="unmarked"  verbed="unmarked"  utype="unmarked"  finite="unmarked" />
<markable id="markable_480" span="word_333..word_340" mmax_level="unit"  subject="unmarked"  verbed="unmarked"  utype="unmarked"  finite="unmarked" />
</markables>