<?xml version="1.0" encoding="MacRoman"?>
<!DOCTYPE markables SYSTEM "markables.dtd">
<markables xmlns="www.eml.org/NameSpaces/parse">
<markable id="markable_0" span="word_1..word_2" tag="(ROOT (NP (NNP Speaker) (CD 5)))" mmax_level="parse" />
<markable id="markable_1" span="word_3" tag="(ROOT (INTJ (UH Okay)))" mmax_level="parse" />
<markable id="markable_2" span="word_4" tag="(ROOT (INTJ (UH well)))" mmax_level="parse" />
<markable id="markable_3" span="word_5..word_20" tag="(ROOT (S (NP (PRP it)) (VP (VBZ starts) (SBAR (IN out) (S (NP (PRP it)) (VP (VBZ 's) (SBAR (S (NP (DT the) (NN setting)) (VP (VBZ looks) (SBAR (IN like) (S (NP (PRP it)) (VP (VBZ 's) (NP (NP (DT a) (NN place)) (PP (ADVP (RB maybe)) (IN in) (NP (NNP California))))))))))))))))" mmax_level="parse" />
<markable id="markable_4" span="word_21..word_24" tag="(ROOT (NP (DT the) (NNP Santa) (NNP Barbara) (NN area)))" mmax_level="parse" />
<markable id="markable_5" span="word_25..word_28" tag="(ROOT (PRN (CC or) (NP (NP (NN something)) (PP (IN like) (NP (DT that))))))" mmax_level="parse" />
<markable id="markable_6" span="word_29..word_35" tag="(ROOT (SQ (VBD Uh) (NP (EX there)) (VBD was) (NP (NP (DT this) (NN orchard)) (VP (VBG surrounding) (NP (PRP him))))))" mmax_level="parse" />
<markable id="markable_7" span="word_36..word_43" tag="(ROOT (S (NP (PRP I)) (VP (VBP guess) (SBAR (S (SBAR (WHNP (WP what)) (S (NP (PRP he)) (VP (VBZ 's) (VP (VBG picking))))) (VP (VBZ is) (NP (NNS pears))))))))" mmax_level="parse" />
<markable id="markable_8" span="word_44..word_48" tag="(ROOT (S (NP (EX There)) (VP (VBZ 's) (NP (JJ auh) (NN farm) (NN laborer)))))" mmax_level="parse" />
<markable id="markable_9" span="word_49..word_59" tag="(ROOT (S (S (NP (DT a) (JJ Mexican) (NN farm) (NN laborer)) (VP (VBG picking) (NP (NNS pears)))) (CC and) (NP (PRP he)) (VP (VBZ has) (NP (CD three) (NNS baskets)))))" mmax_level="parse" />
<markable id="markable_10" span="word_60..word_68" tag="(ROOT (S (S (VP (VBN filled) (PP (IN with)))) (CC and) (S (NP (PRP he)) (VP (VBZ 's) (VP (VBG filling) (NP (PRP them)) (PP (IN with) (NP (NNS pears))))))))" mmax_level="parse" />
<markable id="markable_11" span="word_69..word_76" tag="(ROOT (S (CC And) (NP (NP (NN um)) (PP (IN in) (NP (NP (DT the) (NN course)) (PP (IN of) (NP (PRP him)))))) (VP (VBG picking))))" mmax_level="parse" />
<markable id="markable_12" span="word_77..word_83" tag="(ROOT (FRAG (X (SYM a)) (VP (VBZ mangoes) (PRT (RP by)) (PP (IN with) (NP (DT a) (JJ tsk) (NN goat))))))" mmax_level="parse" />
<markable id="markable_13" span="word_84..word_92" tag="(ROOT (X (CC and) (S (NP (DT that)) (VP (VBZ 's) (NP (NP (DT the) (JJ last)) (SBAR (S (NP (PRP you)) (VP (VBP see) (PP (IN of) (NP (PRP him)))))))))))" mmax_level="parse" />
<markable id="markable_14" span="word_93..word_102" tag="(ROOT (FRAG (CC and) (RB then) (S (NP (DT this) (JJ little) (NN boy)) (VP (VBZ is) (VP (VBG riding) (PRT (RP by)) (PP (IN on) (NP (NN bicycle))))))))" mmax_level="parse" />
<markable id="markable_15" span="word_103..word_107" tag="(ROOT (S (CC And) (NP (PRP he)) (VP (VBZ sees) (NP (DT the) (NNS pears)))))" mmax_level="parse" />
<markable id="markable_16" span="word_108..word_114" tag="(ROOT (SBAR (IN so) (S (NP (PRP he)) (VP (VBZ stops) (S (VP (TO to) (VP (VB take) (NP (DT a) (NN pear)))))))))" mmax_level="parse" />
<markable id="markable_17" span="word_115..word_124" tag="(ROOT (S (ADVP (RB then)) (NP (PRP he)) (VP (VBZ decides) (SBAR (IN since) (S (NP (DT the) (NN farm) (NN laborer)) (VP (VBZ is) (RB n't) (VP (VBG watching))))))))" mmax_level="parse" />
<markable id="markable_18" span="word_125..word_129" tag="(ROOT (S (VP (TO to) (VP (VB take) (NP (DT the) (JJ whole) (NN bushel))))))" mmax_level="parse" />
<markable id="markable_19" span="word_130..word_134" tag="(ROOT (S (IN So) (NP (PRP he)) (VP (VBZ takes) (NP (DT the) (NN bushel)))))" mmax_level="parse" />
<markable id="markable_20" span="word_135..word_138" tag="(ROOT (S (VP (VBZ puts) (NP (PRP it)) (PP (IN on) (NP (NN bike))))))" mmax_level="parse" />
<markable id="markable_21" span="word_139..word_143" tag="(ROOT (S (NP (CC and)) (VP (VBZ starts) (S (VP (TO to) (VP (VB ride) (PRT (RB away))))))))" mmax_level="parse" />
<markable id="markable_22" span="word_144..word_146" tag="(ROOT (FRAG (CC And) (RB on) (NP (NN way))))" mmax_level="parse" />
<markable id="markable_23" span="word_147" tag="(ROOT (NP (NN riding)))" mmax_level="parse" />
<markable id="markable_24" span="word_148..word_152" tag="(ROOT (S (NP (PRP he)) (VP (VBZ comes) (PP (IN across) (NP (DT another) (NN bicyclist))))))" mmax_level="parse" />
<markable id="markable_25" span="word_153" tag="(ROOT (NP (NN bicyclist)))" mmax_level="parse" />
<markable id="markable_26" span="word_154..word_158" tag="(ROOT (S (NP (PRP it)) (VP (VBZ 's) (NP (DT a) (JJ young) (NN woman)))))" mmax_level="parse" />
<markable id="markable_27" span="word_159..word_165" tag="(ROOT (PRN (CC and) (PP (IN for) (NP (NP (DT some) (NN reason)) (SBAR (S (NP (PRP she)) (VP (VBZ catches) (NP (NN attention)))))))))" mmax_level="parse" />
<markable id="markable_28" span="word_166..word_170" tag="(ROOT (X (CC and) (S (NP (PRP he)) (VP (VBZ 's) (VP (VBG turning) (NP (NN head)))))))" mmax_level="parse" />
<markable id="markable_29" span="word_171..word_172" tag="(ROOT (PP (IN behind) (NP (PRP him))))" mmax_level="parse" />
<markable id="markable_30" span="word_173..word_175" tag="(ROOT (S (VP (VBG looking) (PP (IN at) (NP (PRP her))))))" mmax_level="parse" />
<markable id="markable_31" span="word_176..word_184" tag="(ROOT (X (CC and) (S (NP (EX there)) (VP (VBZ 's) (NP (DT a) (NN rock)) (PP (IN in) (NP (DT the) (NN r) (NN road)))))))" mmax_level="parse" />
<markable id="markable_32" span="word_185..word_190" tag="(ROOT (X (CC and) (S (NP (PRP he)) (VP (VBZ hits) (NP (PRP it)) (PP (IN with) (NP (NN bike)))))))" mmax_level="parse" />
<markable id="markable_33" span="word_191..word_192" tag="(ROOT (X (CC and) (S (VP (VBZ falls)))))" mmax_level="parse" />
<markable id="markable_34" span="word_193..word_201" tag="(ROOT (FRAG (CC And) (ADVP (RB then)) (S (NP (NN um) (NNS pears)) (VP (VBP go) (PP (DT all) (IN over) (NP (DT the) (NN road)))))))" mmax_level="parse" />
<markable id="markable_35" span="word_202..word_209" tag="(ROOT (S (CC And) (RB then) (NP (EX there)) (VP (VBZ 's) (NP (DT these) (CD three) (JJ little) (NNS boys)))))" mmax_level="parse" />
<markable id="markable_36" span="word_210..word_212" tag="(ROOT (SBARQ (WHNP (WP who)) (SQ (VP (VBP are) (VP (VBG walking))))))" mmax_level="parse" />
<markable id="markable_37" span="word_213..word_219" tag="(ROOT (S (NP (PRP they)) (VP (VBP 're) (SBAR (IN around) (S (NP (PRP they)) (VP (VBP 're) (NP (RB little) (NNS boys))))))))" mmax_level="parse" />
<markable id="markable_38" span="word_220..word_227" tag="(ROOT (S (NP (PRP They)) (VP (VBP 're) (ADJP (NP (QP (IN from) (CD nine) (TO to) (CD twelve)) (NNS years)) (JJ old)))))" mmax_level="parse" />
<markable id="markable_39" span="word_228..word_239" tag="(ROOT (FRAG (CC And) (SBAR (IN that) (S (NP (DT the) (JJ little) (NN boy)) (VP (VBZ is) (PP (IN like) (NP (NN approx)))))) (IN about) (S (ADJP (NP (JJ ten) (NNS years)) (JJ old)))))" mmax_level="parse" />
<markable id="markable_40" span="word_240..word_242" tag="(ROOT (S (CC And) (NP (PRP they)) (VP (VBP see))))" mmax_level="parse" />
<markable id="markable_41" span="word_243..word_246" tag="(ROOT (NP (NP (PRP him)) (PP (IN on) (NP (DT the) (NN ground)))))" mmax_level="parse" />
<markable id="markable_42" span="word_247..word_256" tag="(ROOT (PP (IN with) (NP (NP (PDT all) (DT these) (NNS pears)) (VP (VBN strewn) (PRT (RP out)) (PP (DT all) (IN over) (NP (DT the) (NN road)))))))" mmax_level="parse" />
<markable id="markable_43" span="word_257..word_268" tag="(ROOT (FRAG (CC and) (RB so) (S (NP (PRP they)) (VP (VBP decide) (SBAR (IN like) (S (NP (EX there)) (VP (VBZ 's) (NP (DT no) (VBN spoken) (NN communication)) (ADVP (IN at) (DT all)))))))))" mmax_level="parse" />
<markable id="markable_44" span="word_269..word_270" tag="(ROOT (S (VP (VBG Going) (PP (IN on)))))" mmax_level="parse" />
<markable id="markable_45" span="word_271..word_274" tag="(ROOT (PP (IN Throughout) (NP (DT the) (JJ whole) (NN movie))))" mmax_level="parse" />
<markable id="markable_46" span="word_275..word_280" tag="(ROOT (X (CC and) (S (NP (PRP they)) (ADVP (RB just)) (VP (VB pick) (PRT (RP up)) (NP (NN basket))))))" mmax_level="parse" />
<markable id="markable_47" span="word_281..word_285" tag="(ROOT (S (CC And) (NP (DT no) (NN word)) (VP (VBZ is) (VP (VBN exchanged)))))" mmax_level="parse" />
<markable id="markable_48" span="word_286..word_291" tag="(ROOT (S (NP (PRP It)) (VP (VBZ 's) (ADVP (RB really)) (ADJP (ADVP (NN kind) (IN of)) (JJ neat)))))" mmax_level="parse" />
<markable id="markable_49" span="word_292..word_297" tag="(ROOT (S (CC And) (RB then) (NP (PRP they)) (VP (VBP start) (S (VP (VBG walking) (ADVP (RB away)))))))" mmax_level="parse" />
<markable id="markable_50" span="word_298..word_306" tag="(ROOT (X (CC and) (S (NP (PRP they)) (VP (VBP get) (S (NP (PRP him) (DT all)) (VP (VBN set) (PRT (RP up)) (PP (IN on) (NP (NN bike)))))))))" mmax_level="parse" />
<markable id="markable_51" span="word_307..word_311" tag="(ROOT (FRAG (CC and) (RB then) (S (VP (VBP start) (S (VP (VBG walking) (ADVP (RB away))))))))" mmax_level="parse" />
<markable id="markable_52" span="word_312..word_316" tag="(ROOT (NP (CC and) (DT the) (S (NP (PRP they)) (VP (VBP find))) (NN hat)))" mmax_level="parse" />
<markable id="markable_53" span="word_317..word_319" tag="(ROOT (PP (IN on) (NP (DT the) (NN road))))" mmax_level="parse" />
<markable id="markable_54" span="word_320..word_327" tag="(ROOT (FRAG (CC and) (RB then) (SBAR (IN w) (S (NP (NP (CD one)) (PP (IN of) (NP (PRP them)))) (VP (VBZ comes) (ADVP (RB back)))))))" mmax_level="parse" />
<markable id="markable_55" span="word_328..word_345" tag="(ROOT (X (CC and) (S (NP (DT this) (CD one) (POS 's)) (VP (VBG playing) (PP (IN with) (NP (NP (CD one)) (PP (IN of) (NP (DT those) (NP (NP (DT those) (JJ wooden) (NNS things)) (SBAR (WHNP (IN that)) (S (NP (PRP you)) (VP (VBD hit) (PP (IN with) (NP (DT a) (NN ball)))))))))))))))" mmax_level="parse" />
<markable id="markable_56" span="word_346..word_350" tag="(ROOT (S (CC And) (NP (PRP he)) (NP (PRP he)) (VP (VBZ comes) (ADVP (RB back)))))" mmax_level="parse" />
<markable id="markable_57" span="word_351..word_354" tag="(ROOT (X (CC and) (VP (VBZ gives) (NP (PRP him))) (NN hat)))" mmax_level="parse" />
<markable id="markable_58" span="word_355..word_361" tag="(ROOT (FRAG (CC and) (RB so) (S (NP (PRP he)) (VP (VBZ gives) (NP (PRP him)) (NP (DT some) (NNS pears))))))" mmax_level="parse" />
<markable id="markable_59" span="word_362..word_366" tag="(ROOT (FRAG (CC and) (RB so) (S (NP (PRP they)) (VP (VBP walk) (PRT (RP off))))))" mmax_level="parse" />
<markable id="markable_60" span="word_367..word_371" tag="(ROOT (FRAG (X (FW eating) (FW th) (X (SYM e)) (FW se)) (NP (NNS pears))))" mmax_level="parse" />
<markable id="markable_61" span="word_372..word_381" tag="(ROOT (S (CC And) (RB then) (NP (PRP they)) (VP (VBP pass) (PP (IN by) (SBAR (WHADVP (WRB where)) (S (NP (DT the) (NN farm) (NN laborer)) (VP (VBZ is))))))))" mmax_level="parse" />
<markable id="markable_62" span="word_382..word_397" tag="(ROOT (X (CC and) (S (SBAR (IN while) (S (NP (DT this)) (VP (VBZ is) (VP (VBG going) (PP (IN on) (NP (DT the) (NN farm) (NN laborer))))))) (VP (VBZ realizes) (SBAR (IN that) (S (NP (DT a) (JJ whole) (NN basket)) (VP (VBZ 's) (VP (VBG missing)))))))))" mmax_level="parse" />
<markable id="markable_63" span="word_398..word_411" tag="(ROOT (S (CC And) (S (NP (PRP he)) (VP (VBZ 's) (VP (VBG wondering) (SBAR (WHADVP (WRB where)) (S (NP (PRP it)) (VP (VBZ is))))))) (CC and) (S (NP (PRP he)) (VP (VBZ sees) (S (NP (DT these) (CD three) (NNS boys)) (VP (VBG approaching)))))))" mmax_level="parse" />
<markable id="markable_64" span="word_412..word_416" tag="(ROOT (FRAG (X (CC and) (S (NP (PRP they)) (VP (VBP 're) (VP (VBG eating))))) (NP (NNS pears))))" mmax_level="parse" />
<markable id="markable_65" span="word_417..word_420" tag="(ROOT (X (CC and) (S (NP (PRP they)) (VP (VBP walk) (PRT (RP off))))))" mmax_level="parse" />
<markable id="markable_66" span="word_421..word_423" tag="(ROOT (PP (IN into) (NP (DT the) (NN distance))))" mmax_level="parse" />
<markable id="markable_67" span="word_424..word_428" tag="(ROOT (X (CC and) (S (NP (PRP he)) (VP (VBZ 's) (VP (VBG sitting) (ADVP (RB there)))))))" mmax_level="parse" />
<markable id="markable_68" span="word_429..word_434" tag="(ROOT (PP (IN with) (NP (NP (DT a) (JJ puzzled) (NN look)) (PP (IN on) (NP (NN face))))))" mmax_level="parse" />
<markable id="markable_69" span="word_435..word_437" tag="(ROOT (S (NP (DT That)) (VP (POS 's) (NP (PRP it)))))" mmax_level="parse" />
</markables>
