<?xml version="1.0" encoding="US-ASCII"?>
<!DOCTYPE markables SYSTEM "markables.dtd">
<markables xmlns="www.eml.org/NameSpaces/section">
<markable id="markable_1" span="word_1..word_2" tag="text" mmax_level="section" />
<markable id="markable_2" span="word_3..word_5" tag="text" mmax_level="section" />
<markable id="markable_3" span="word_6..word_8" tag="text" mmax_level="section" />
<markable id="markable_4" span="word_9..word_12" tag="text" mmax_level="section" />
<markable id="markable_5" span="word_13..word_16" tag="text" mmax_level="section" />
<markable id="markable_6" span="word_17..word_26" tag="text" mmax_level="section" />
<markable id="markable_7" span="word_27..word_32" tag="text" mmax_level="section" />
<markable id="markable_8" span="word_33..word_36" tag="text" mmax_level="section" />
<markable id="markable_9" span="word_37..word_41" tag="text" mmax_level="section" />
<markable id="markable_10" span="word_42..word_58" tag="text" mmax_level="section" />
<markable id="markable_11" span="word_59..word_66" tag="text" mmax_level="section" />
<markable id="markable_12" span="word_67..word_69" tag="text" mmax_level="section" />
<markable id="markable_13" span="word_70..word_79" tag="text" mmax_level="section" />
<markable id="markable_14" span="word_80..word_86" tag="text" mmax_level="section" />
<markable id="markable_15" span="word_87..word_96" tag="text" mmax_level="section" />
<markable id="markable_16" span="word_97..word_100" tag="text" mmax_level="section" />
<markable id="markable_17" span="word_101..word_106" tag="text" mmax_level="section" />
<markable id="markable_18" span="word_107..word_110" tag="text" mmax_level="section" />
<markable id="markable_19" span="word_111..word_123" tag="text" mmax_level="section" />
<markable id="markable_20" span="word_124..word_133" tag="text" mmax_level="section" />
<markable id="markable_21" span="word_134..word_145" tag="text" mmax_level="section" />
<markable id="markable_22" span="word_146..word_149" tag="text" mmax_level="section" />
<markable id="markable_23" span="word_150..word_151" tag="text" mmax_level="section" />
<markable id="markable_24" span="word_152..word_157" tag="text" mmax_level="section" />
<markable id="markable_25" span="word_158..word_168" tag="text" mmax_level="section" />
<markable id="markable_26" span="word_169..word_173" tag="text" mmax_level="section" />
<markable id="markable_27" span="word_174..word_182" tag="text" mmax_level="section" />
<markable id="markable_28" span="word_183..word_187" tag="text" mmax_level="section" />
<markable id="markable_29" span="word_188..word_193" tag="text" mmax_level="section" />
<markable id="markable_30" span="word_194..word_197" tag="text" mmax_level="section" />
<markable id="markable_31" span="word_198..word_200" tag="text" mmax_level="section" />
<markable id="markable_32" span="word_201..word_210" tag="text" mmax_level="section" />
<markable id="markable_33" span="word_211..word_220" tag="text" mmax_level="section" />
<markable id="markable_34" span="word_221..word_231" tag="text" mmax_level="section" />
<markable id="markable_35" span="word_232..word_248" tag="text" mmax_level="section" />
<markable id="markable_36" span="word_249..word_261" tag="text" mmax_level="section" />
<markable id="markable_37" span="word_262..word_272" tag="text" mmax_level="section" />
<markable id="markable_38" span="word_273..word_278" tag="text" mmax_level="section" />
<markable id="markable_39" span="word_279..word_291" tag="text" mmax_level="section" />
<markable id="markable_40" span="word_292..word_300" tag="text" mmax_level="section" />
<markable id="markable_41" span="word_301..word_305" tag="text" mmax_level="section" />
<markable id="markable_42" span="word_306..word_308" tag="text" mmax_level="section" />
<markable id="markable_43" span="word_309..word_316" tag="text" mmax_level="section" />
<markable id="markable_44" span="word_317..word_320" tag="text" mmax_level="section" />
<markable id="markable_45" span="word_321..word_327" tag="text" mmax_level="section" />
<markable id="markable_46" span="word_328..word_336" tag="text" mmax_level="section" />
<markable id="markable_47" span="word_337..word_347" tag="text" mmax_level="section" />
<markable id="markable_48" span="word_348..word_370" tag="text" mmax_level="section" />
<markable id="markable_49" span="word_371..word_384" tag="text" mmax_level="section" />
<markable id="markable_50" span="word_385..word_397" tag="text" mmax_level="section" />
<markable id="markable_51" span="word_398..word_400" tag="text" mmax_level="section" />
<markable id="markable_52" span="word_401..word_408" tag="text" mmax_level="section" />
<markable id="markable_53" span="word_409..word_418" tag="text" mmax_level="section" />
<markable id="markable_54" span="word_419..word_431" tag="text" mmax_level="section" />
<markable id="markable_55" span="word_432..word_436" tag="text" mmax_level="section" />
<markable id="markable_56" span="word_437..word_441" tag="text" mmax_level="section" />
<markable id="markable_57" span="word_442..word_456" tag="text" mmax_level="section" />
<markable id="markable_58" span="word_457..word_461" tag="text" mmax_level="section" />
<markable id="markable_59" span="word_462..word_469" tag="text" mmax_level="section" />
<markable id="markable_60" span="word_470..word_489" tag="text" mmax_level="section" />
<markable id="markable_61" span="word_490..word_499" tag="text" mmax_level="section" />
<markable id="markable_62" span="word_500..word_514" tag="text" mmax_level="section" />
<markable id="markable_63" span="word_515..word_525" tag="text" mmax_level="section" />
<markable id="markable_64" span="word_526..word_533" tag="text" mmax_level="section" />
<markable id="markable_65" span="word_534..word_549" tag="text" mmax_level="section" />
<markable id="markable_66" span="word_550..word_554" tag="text" mmax_level="section" />
<markable id="markable_67" span="word_555..word_564" tag="text" mmax_level="section" />
<markable id="markable_68" span="word_565..word_571" tag="text" mmax_level="section" />
<markable id="markable_69" span="word_572..word_574" tag="text" mmax_level="section" />
<markable id="markable_70" span="word_575..word_578" tag="text" mmax_level="section" />
<markable id="markable_71" span="word_579..word_581" tag="text" mmax_level="section" />
<markable id="markable_72" span="word_582..word_591" tag="text" mmax_level="section" />
<markable id="markable_73" span="word_592..word_600" tag="text" mmax_level="section" />
<markable id="markable_74" span="word_601..word_611" tag="text" mmax_level="section" />
<markable id="markable_75" span="word_612..word_615" tag="text" mmax_level="section" />
<markable id="markable_76" span="word_616..word_627" tag="text" mmax_level="section" />
<markable id="markable_77" span="word_628..word_634" tag="text" mmax_level="section" />
<markable id="markable_78" span="word_635..word_639" tag="text" mmax_level="section" />
<markable id="markable_79" span="word_640..word_653" tag="text" mmax_level="section" />
<markable id="markable_80" span="word_654..word_661" tag="text" mmax_level="section" />
<markable id="markable_81" span="word_662..word_668" tag="text" mmax_level="section" />
<markable id="markable_82" span="word_669..word_683" tag="text" mmax_level="section" />
<markable id="markable_83" span="word_684..word_691" tag="text" mmax_level="section" />
<markable id="markable_84" span="word_692..word_699" tag="text" mmax_level="section" />
<markable id="markable_85" span="word_700..word_707" tag="text" mmax_level="section" />
<markable id="markable_86" span="word_708..word_718" tag="text" mmax_level="section" />
<markable id="markable_87" span="word_719..word_723" tag="text" mmax_level="section" />
<markable id="markable_88" span="word_724..word_738" tag="text" mmax_level="section" />
<markable id="markable_89" span="word_739..word_744" tag="text" mmax_level="section" />
<markable id="markable_90" span="word_745..word_747" tag="text" mmax_level="section" />
</markables>
