<?xml version="1.0" encoding="MacRoman"?>
<!DOCTYPE markables SYSTEM "markables.dtd">
<markables xmlns="www.eml.org/NameSpaces/morph">
<markable id="markable_0" span="word_1" lemma="speaker" mmax_level="morph" />
<markable id="markable_1" span="word_2" lemma="15" mmax_level="morph" />
<markable id="markable_2" span="word_3" lemma="okay" mmax_level="morph" />
<markable id="markable_3" span="word_4" lemma="uh" mmax_level="morph" />
<markable id="markable_4" span="word_5" lemma="the" mmax_level="morph" />
<markable id="markable_5" span="word_6" lemma="movie" mmax_level="morph" />
<markable id="markable_6" span="word_7" lemma="open" mmax_level="morph" />
<markable id="markable_7" span="word_8" lemma="and" mmax_level="morph" />
<markable id="markable_8" span="word_9" lemma="a" mmax_level="morph" />
<markable id="markable_9" span="word_10" lemma="man" mmax_level="morph" />
<markable id="markable_10" span="word_11" lemma="uh" mmax_level="morph" />
<markable id="markable_11" span="word_12" lemma="i" mmax_level="morph" />
<markable id="markable_12" span="word_13" lemma="would" mmax_level="morph" />
<markable id="markable_13" span="word_14" lemma="sus" mmax_level="morph" />
<markable id="markable_14" span="word_15" lemma="i" mmax_level="morph" />
<markable id="markable_15" span="word_16" lemma="would" mmax_level="morph" />
<markable id="markable_16" span="word_17" lemma="suspect" mmax_level="morph" />
<markable id="markable_17" span="word_18" lemma="that" mmax_level="morph" />
<markable id="markable_18" span="word_19" lemma="he" mmax_level="morph" />
<markable id="markable_19" span="word_20" lemma="be" mmax_level="morph" />
<markable id="markable_20" span="word_21" lemma="latin" mmax_level="morph" />
<markable id="markable_21" span="word_22" lemma="um" mmax_level="morph" />
<markable id="markable_22" span="word_23" lemma="since" mmax_level="morph" />
<markable id="markable_23" span="word_24" lemma="you" mmax_level="morph" />
<markable id="markable_24" span="word_25" lemma="associate" mmax_level="morph" />
<markable id="markable_25" span="word_26" lemma="latin" mmax_level="morph" />
<markable id="markable_26" span="word_27" lemma="people" mmax_level="morph" />
<markable id="markable_27" span="word_28" lemma="with" mmax_level="morph" />
<markable id="markable_28" span="word_29" lemma="pick" mmax_level="morph" />
<markable id="markable_29" span="word_30" lemma="fruit" mmax_level="morph" />
<markable id="markable_30" span="word_31" lemma="be" mmax_level="morph" />
<markable id="markable_31" span="word_32" lemma="pick" mmax_level="morph" />
<markable id="markable_32" span="word_33" lemma="pear" mmax_level="morph" />
<markable id="markable_33" span="word_34" lemma="and" mmax_level="morph" />
<markable id="markable_34" span="word_35" lemma="um" mmax_level="morph" />
<markable id="markable_35" span="word_36" lemma="he" mmax_level="morph" />
<markable id="markable_36" span="word_37" lemma="be" mmax_level="morph" />
<markable id="markable_37" span="word_38" lemma="drop" mmax_level="morph" />
<markable id="markable_38" span="word_39" lemma="some" mmax_level="morph" />
<markable id="markable_39" span="word_40" lemma="down" mmax_level="morph" />
<markable id="markable_40" span="word_41" lemma="on" mmax_level="morph" />
<markable id="markable_41" span="word_42" lemma="the" mmax_level="morph" />
<markable id="markable_42" span="word_43" lemma="ground" mmax_level="morph" />
<markable id="markable_43" span="word_44" lemma="on" mmax_level="morph" />
<markable id="markable_44" span="word_45" lemma="a" mmax_level="morph" />
<markable id="markable_45" span="word_46" lemma="straw" mmax_level="morph" />
<markable id="markable_46" span="word_47" lemma="mat" mmax_level="morph" />
<markable id="markable_47" span="word_48" lemma="and" mmax_level="morph" />
<markable id="markable_48" span="word_49" lemma="he" mmax_level="morph" />
<markable id="markable_49" span="word_50" lemma="be" mmax_level="morph" />
<markable id="markable_50" span="word_51" lemma="fill" mmax_level="morph" />
<markable id="markable_51" span="word_52" lemma="some" mmax_level="morph" />
<markable id="markable_52" span="word_53" lemma="up" mmax_level="morph" />
<markable id="markable_53" span="word_54" lemma="and" mmax_level="morph" />
<markable id="markable_54" span="word_55" lemma="he" mmax_level="morph" />
<markable id="markable_55" span="word_56" lemma="but" mmax_level="morph" />
<markable id="markable_56" span="word_57" lemma="i" mmax_level="morph" />
<markable id="markable_57" span="word_58" lemma="do" mmax_level="morph" />
<markable id="markable_58" span="word_59" lemma="not" mmax_level="morph" />
<markable id="markable_59" span="word_60" lemma="n" mmax_level="morph" />
<markable id="markable_60" span="word_61" lemma="i" mmax_level="morph" />
<markable id="markable_61" span="word_62" lemma="do" mmax_level="morph" />
<markable id="markable_62" span="word_63" lemma="not" mmax_level="morph" />
<markable id="markable_63" span="word_64" lemma="notice" mmax_level="morph" />
<markable id="markable_64" span="word_65" lemma="this" mmax_level="morph" />
<markable id="markable_65" span="word_66" lemma="at" mmax_level="morph" />
<markable id="markable_66" span="word_67" lemma="first" mmax_level="morph" />
<markable id="markable_67" span="word_68" lemma="but" mmax_level="morph" />
<markable id="markable_68" span="word_69" lemma="he" mmax_level="morph" />
<markable id="markable_69" span="word_70" lemma="be" mmax_level="morph" />
<markable id="markable_70" span="word_71" lemma="also" mmax_level="morph" />
<markable id="markable_71" span="word_72" lemma="he" mmax_level="morph" />
<markable id="markable_72" span="word_73" lemma="also" mmax_level="morph" />
<markable id="markable_73" span="word_74" lemma="have" mmax_level="morph" />
<markable id="markable_74" span="word_75" lemma="an" mmax_level="morph" />
<markable id="markable_75" span="word_76" lemma="apron" mmax_level="morph" />
<markable id="markable_76" span="word_77" lemma="on" mmax_level="morph" />
<markable id="markable_77" span="word_78" lemma="and" mmax_level="morph" />
<markable id="markable_78" span="word_79" lemma="he" mmax_level="morph" />
<markable id="markable_79" span="word_80" lemma="be" mmax_level="morph" />
<markable id="markable_80" span="word_81" lemma="fill" mmax_level="morph" />
<markable id="markable_81" span="word_82" lemma="those" mmax_level="morph" />
<markable id="markable_82" span="word_83" lemma="up" mmax_level="morph" />
<markable id="markable_83" span="word_84" lemma="and" mmax_level="morph" />
<markable id="markable_84" span="word_85" lemma="he" mmax_level="morph" />
<markable id="markable_85" span="word_86" lemma="go" mmax_level="morph" />
<markable id="markable_86" span="word_87" lemma="down" mmax_level="morph" />
<markable id="markable_87" span="word_88" lemma="the" mmax_level="morph" />
<markable id="markable_88" span="word_89" lemma="ladder" mmax_level="morph" />
<markable id="markable_89" span="word_90" lemma="and" mmax_level="morph" />
<markable id="markable_90" span="word_91" lemma="he" mmax_level="morph" />
<markable id="markable_91" span="word_92" lemma="dump" mmax_level="morph" />
<markable id="markable_92" span="word_93" lemma="they" mmax_level="morph" />
<markable id="markable_93" span="word_94" lemma="in" mmax_level="morph" />
<markable id="markable_94" span="word_95" lemma="the" mmax_level="morph" />
<markable id="markable_95" span="word_96" lemma="dump" mmax_level="morph" />
<markable id="markable_96" span="word_97" lemma="they" mmax_level="morph" />
<markable id="markable_97" span="word_98" lemma="in" mmax_level="morph" />
<markable id="markable_98" span="word_99" lemma="the" mmax_level="morph" />
<markable id="markable_99" span="word_100" lemma="bucket" mmax_level="morph" />
<markable id="markable_100" span="word_101" lemma="and" mmax_level="morph" />
<markable id="markable_101" span="word_102" lemma="a" mmax_level="morph" />
<markable id="markable_102" span="word_103" lemma="man" mmax_level="morph" />
<markable id="markable_103" span="word_104" lemma="with" mmax_level="morph" />
<markable id="markable_104" span="word_105" lemma="ay" mmax_level="morph" />
<markable id="markable_105" span="word_106" lemma="uh" mmax_level="morph" />
<markable id="markable_106" span="word_107" lemma="a" mmax_level="morph" />
<markable id="markable_107" span="word_108" lemma="goat" mmax_level="morph" />
<markable id="markable_108" span="word_109" lemma="i" mmax_level="morph" />
<markable id="markable_109" span="word_110" lemma="could" mmax_level="morph" />
<markable id="markable_110" span="word_111" lemma="not" mmax_level="morph" />
<markable id="markable_111" span="word_112" lemma="tell" mmax_level="morph" />
<markable id="markable_112" span="word_113" lemma="whether" mmax_level="morph" />
<markable id="markable_113" span="word_114" lemma="it" mmax_level="morph" />
<markable id="markable_114" span="word_115" lemma="be" mmax_level="morph" />
<markable id="markable_115" span="word_116" lemma="a" mmax_level="morph" />
<markable id="markable_116" span="word_117" lemma="male" mmax_level="morph" />
<markable id="markable_117" span="word_118" lemma="or" mmax_level="morph" />
<markable id="markable_118" span="word_119" lemma="female" mmax_level="morph" />
<markable id="markable_119" span="word_120" lemma="ah" mmax_level="morph" />
<markable id="markable_120" span="word_121" lemma="would" mmax_level="morph" />
<markable id="markable_121" span="word_122" lemma="you" mmax_level="morph" />
<markable id="markable_122" span="word_123" lemma="like" mmax_level="morph" />
<markable id="markable_123" span="word_124" lemma="to" mmax_level="morph" />
<markable id="markable_124" span="word_125" lemma="know" mmax_level="morph" />
<markable id="markable_125" span="word_126" lemma="what" mmax_level="morph" />
<markable id="markable_126" span="word_127" lemma="the" mmax_level="morph" />
<markable id="markable_127" span="word_128" lemma="goat" mmax_level="morph" />
<markable id="markable_128" span="word_129" lemma="look" mmax_level="morph" />
<markable id="markable_129" span="word_130" lemma="like" mmax_level="morph" />
<markable id="markable_130" span="word_131" lemma="the" mmax_level="morph" />
<markable id="markable_131" span="word_132" lemma="uh" mmax_level="morph" />
<markable id="markable_132" span="word_133" lemma="i" mmax_level="morph" />
<markable id="markable_133" span="word_134" lemma="hate" mmax_level="morph" />
<markable id="markable_134" span="word_135" lemma="to" mmax_level="morph" />
<markable id="markable_135" span="word_136" lemma="take" mmax_level="morph" />
<markable id="markable_136" span="word_137" lemma="away" mmax_level="morph" />
<markable id="markable_137" span="word_138" lemma="the" mmax_level="morph" />
<markable id="markable_138" span="word_139" lemma="suspense" mmax_level="morph" />
<markable id="markable_139" span="word_140" lemma="or" mmax_level="morph" />
<markable id="markable_140" span="word_141" lemma="anything" mmax_level="morph" />
<markable id="markable_141" span="word_142" lemma="um" mmax_level="morph" />
<markable id="markable_142" span="word_143" lemma="it" mmax_level="morph" />
<markable id="markable_143" span="word_144" lemma="be" mmax_level="morph" />
<markable id="markable_144" span="word_145" lemma="a" mmax_level="morph" />
<markable id="markable_145" span="word_146" lemma="1" mmax_level="morph" />
<markable id="markable_146" span="word_147" lemma="wou" mmax_level="morph" />
<markable id="markable_147" span="word_148" lemma="i" mmax_level="morph" />
<markable id="markable_148" span="word_149" lemma="have" mmax_level="morph" />
<markable id="markable_149" span="word_150" lemma="a" mmax_level="morph" />
<markable id="markable_150" span="word_151" lemma="i" mmax_level="morph" />
<markable id="markable_151" span="word_152" lemma="have" mmax_level="morph" />
<markable id="markable_152" span="word_153" lemma="a" mmax_level="morph" />
<markable id="markable_153" span="word_154" lemma="friend" mmax_level="morph" />
<markable id="markable_154" span="word_155" lemma="who" mmax_level="morph" />
<markable id="markable_155" span="word_156" lemma="would" mmax_level="morph" />
<markable id="markable_156" span="word_157" lemma="know" mmax_level="morph" />
<markable id="markable_157" span="word_158" lemma="what" mmax_level="morph" />
<markable id="markable_158" span="word_159" lemma="breed" mmax_level="morph" />
<markable id="markable_159" span="word_160" lemma="it" mmax_level="morph" />
<markable id="markable_160" span="word_161" lemma="be" mmax_level="morph" />
<markable id="markable_161" span="word_162" lemma="but" mmax_level="morph" />
<markable id="markable_162" span="word_163" lemma="uh" mmax_level="morph" />
<markable id="markable_163" span="word_164" lemma="it" mmax_level="morph" />
<markable id="markable_164" span="word_165" lemma="be" mmax_level="morph" />
<markable id="markable_165" span="word_166" lemma="short-haired" mmax_level="morph" />
<markable id="markable_166" span="word_167" lemma="i" mmax_level="morph" />
<markable id="markable_167" span="word_168" lemma="do" mmax_level="morph" />
<markable id="markable_168" span="word_169" lemma="not" mmax_level="morph" />
<markable id="markable_169" span="word_170" lemma="know" mmax_level="morph" />
<markable id="markable_170" span="word_171" lemma="white" mmax_level="morph" />
<markable id="markable_171" span="word_172" lemma="face" mmax_level="morph" />
<markable id="markable_172" span="word_173" lemma="and" mmax_level="morph" />
<markable id="markable_173" span="word_174" lemma="dark" mmax_level="morph" />
<markable id="markable_174" span="word_175" lemma="eye" mmax_level="morph" />
<markable id="markable_175" span="word_176" lemma="and" mmax_level="morph" />
<markable id="markable_176" span="word_177" lemma="stripe" mmax_level="morph" />
<markable id="markable_177" span="word_178" lemma="down" mmax_level="morph" />
<markable id="markable_178" span="word_179" lemma="the" mmax_level="morph" />
<markable id="markable_179" span="word_180" lemma="mi" mmax_level="morph" />
<markable id="markable_180" span="word_181" lemma="kind" mmax_level="morph" />
<markable id="markable_181" span="word_182" lemma="of" mmax_level="morph" />
<markable id="markable_182" span="word_183" lemma="a" mmax_level="morph" />
<markable id="markable_183" span="word_184" lemma="white" mmax_level="morph" />
<markable id="markable_184" span="word_185" lemma="and" mmax_level="morph" />
<markable id="markable_185" span="word_186" lemma="white" mmax_level="morph" />
<markable id="markable_186" span="word_187" lemma="and" mmax_level="morph" />
<markable id="markable_187" span="word_188" lemma="dark" mmax_level="morph" />
<markable id="markable_188" span="word_189" lemma="stripe" mmax_level="morph" />
<markable id="markable_189" span="word_190" lemma="down" mmax_level="morph" />
<markable id="markable_190" span="word_191" lemma="the" mmax_level="morph" />
<markable id="markable_191" span="word_192" lemma="middle" mmax_level="morph" />
<markable id="markable_192" span="word_193" lemma="well" mmax_level="morph" />
<markable id="markable_193" span="word_194" lemma="he" mmax_level="morph" />
<markable id="markable_194" span="word_195" lemma="walk" mmax_level="morph" />
<markable id="markable_195" span="word_196" lemma="by" mmax_level="morph" />
<markable id="markable_196" span="word_197" lemma="and" mmax_level="morph" />
<markable id="markable_197" span="word_198" lemma="he" mmax_level="morph" />
<markable id="markable_198" span="word_199" lemma="do" mmax_level="morph" />
<markable id="markable_199" span="word_200" lemma="not" mmax_level="morph" />
<markable id="markable_200" span="word_201" lemma="uh" mmax_level="morph" />
<markable id="markable_201" span="word_202" lemma="he" mmax_level="morph" />
<markable id="markable_202" span="word_203" lemma="do" mmax_level="morph" />
<markable id="markable_203" span="word_204" lemma="not" mmax_level="morph" />
<markable id="markable_204" span="word_205" lemma="bother" mmax_level="morph" />
<markable id="markable_205" span="word_206" lemma="with" mmax_level="morph" />
<markable id="markable_206" span="word_207" lemma="the" mmax_level="morph" />
<markable id="markable_207" span="word_208" lemma="pear" mmax_level="morph" />
<markable id="markable_208" span="word_209" lemma="at" mmax_level="morph" />
<markable id="markable_209" span="word_210" lemma="all" mmax_level="morph" />
<markable id="markable_210" span="word_211" lemma="the" mmax_level="morph" />
<markable id="markable_211" span="word_212" lemma="man" mmax_level="morph" />
<markable id="markable_212" span="word_213" lemma="be" mmax_level="morph" />
<markable id="markable_213" span="word_214" lemma="pick" mmax_level="morph" />
<markable id="markable_214" span="word_215" lemma="pear" mmax_level="morph" />
<markable id="markable_215" span="word_216" lemma="they" mmax_level="morph" />
<markable id="markable_216" span="word_217" lemma="be" mmax_level="morph" />
<markable id="markable_217" span="word_218" lemma="green" mmax_level="morph" />
<markable id="markable_218" span="word_219" lemma="so" mmax_level="morph" />
<markable id="markable_219" span="word_220" lemma="i" mmax_level="morph" />
<markable id="markable_220" span="word_221" lemma="suspect" mmax_level="morph" />
<markable id="markable_221" span="word_222" lemma="they" mmax_level="morph" />
<markable id="markable_222" span="word_223" lemma="be" mmax_level="morph" />
<markable id="markable_223" span="word_224" lemma="go" mmax_level="morph" />
<markable id="markable_224" span="word_225" lemma="to" mmax_level="morph" />
<markable id="markable_225" span="word_226" lemma="sell" mmax_level="morph" />
<markable id="markable_226" span="word_227" lemma="they" mmax_level="morph" />
<markable id="markable_227" span="word_228" lemma="to" mmax_level="morph" />
<markable id="markable_228" span="word_229" lemma="safeway" mmax_level="morph" />
<markable id="markable_229" span="word_230" lemma="um" mmax_level="morph" />
<markable id="markable_230" span="word_231" lemma="they" mmax_level="morph" />
<markable id="markable_231" span="word_232" lemma="be" mmax_level="morph" />
<markable id="markable_232" span="word_233" lemma="green" mmax_level="morph" />
<markable id="markable_233" span="word_234" lemma="pear" mmax_level="morph" />
<markable id="markable_234" span="word_235" lemma="and" mmax_level="morph" />
<markable id="markable_235" span="word_236" lemma="uh" mmax_level="morph" />
<markable id="markable_236" span="word_237" lemma="then" mmax_level="morph" />
<markable id="markable_237" span="word_238" lemma="a" mmax_level="morph" />
<markable id="markable_238" span="word_239" lemma="little" mmax_level="morph" />
<markable id="markable_239" span="word_240" lemma="kid" mmax_level="morph" />
<markable id="markable_240" span="word_241" lemma="happen" mmax_level="morph" />
<markable id="markable_241" span="word_242" lemma="by" mmax_level="morph" />
<markable id="markable_242" span="word_243" lemma="on" mmax_level="morph" />
<markable id="markable_243" span="word_244" lemma="a" mmax_level="morph" />
<markable id="markable_244" span="word_245" lemma="bicycle" mmax_level="morph" />
<markable id="markable_245" span="word_246" lemma="then" mmax_level="morph" />
<markable id="markable_246" span="word_247" lemma="the" mmax_level="morph" />
<markable id="markable_247" span="word_248" lemma="for" mmax_level="morph" />
<markable id="markable_248" span="word_249" lemma="some" mmax_level="morph" />
<markable id="markable_249" span="word_250" lemma="reason" mmax_level="morph" />
<markable id="markable_250" span="word_251" lemma="i" mmax_level="morph" />
<markable id="markable_251" span="word_252" lemma="go" mmax_level="morph" />
<markable id="markable_252" span="word_253" lemma="father" mmax_level="morph" />
<markable id="markable_253" span="word_254" lemma="probably" mmax_level="morph" />
<markable id="markable_254" span="word_255" lemma="own" mmax_level="morph" />
<markable id="markable_255" span="word_256" lemma="the" mmax_level="morph" />
<markable id="markable_256" span="word_257" lemma="o" mmax_level="morph" />
<markable id="markable_257" span="word_258" lemma="probably" mmax_level="morph" />
<markable id="markable_258" span="word_259" lemma="own" mmax_level="morph" />
<markable id="markable_259" span="word_260" lemma="the" mmax_level="morph" />
<markable id="markable_260" span="word_261" lemma="orchard" mmax_level="morph" />
<markable id="markable_261" span="word_262" lemma="um" mmax_level="morph" />
<markable id="markable_262" span="word_263" lemma="mm" mmax_level="morph" />
<markable id="markable_263" span="word_264" lemma="he" mmax_level="morph" />
<markable id="markable_264" span="word_265" lemma="pick" mmax_level="morph" />
<markable id="markable_265" span="word_266" lemma="he" mmax_level="morph" />
<markable id="markable_266" span="word_267" lemma="wo" mmax_level="morph" />
<markable id="markable_267" span="word_268" lemma=")" mmax_level="morph" />
<markable id="markable_268" span="word_269" lemma="he" mmax_level="morph" />
<markable id="markable_269" span="word_270" lemma="stops" mmax_level="morph" />
<markable id="markable_270" span="word_271" lemma="by" mmax_level="morph" />
<markable id="markable_271" span="word_272" lemma="the" mmax_level="morph" />
<markable id="markable_272" span="word_273" lemma="man" mmax_level="morph" />
<markable id="markable_273" span="word_274" lemma="be" mmax_level="morph" />
<markable id="markable_274" span="word_275" lemma="still" mmax_level="morph" />
<markable id="markable_275" span="word_276" lemma="pick" mmax_level="morph" />
<markable id="markable_276" span="word_277" lemma="the" mmax_level="morph" />
<markable id="markable_277" span="word_278" lemma="pear" mmax_level="morph" />
<markable id="markable_278" span="word_279" lemma="and" mmax_level="morph" />
<markable id="markable_279" span="word_280" lemma="he" mmax_level="morph" />
<markable id="markable_280" span="word_281" lemma="do" mmax_level="morph" />
<markable id="markable_281" span="word_282" lemma="not" mmax_level="morph" />
<markable id="markable_282" span="word_283" lemma="notice" mmax_level="morph" />
<markable id="markable_283" span="word_284" lemma="the" mmax_level="morph" />
<markable id="markable_284" span="word_285" lemma="kid" mmax_level="morph" />
<markable id="markable_285" span="word_286" lemma="there" mmax_level="morph" />
<markable id="markable_286" span="word_287" lemma="and" mmax_level="morph" />
<markable id="markable_287" span="word_288" lemma="the" mmax_level="morph" />
<markable id="markable_288" span="word_289" lemma="kid" mmax_level="morph" />
<markable id="markable_289" span="word_290" lemma="stop" mmax_level="morph" />
<markable id="markable_290" span="word_291" lemma="at" mmax_level="morph" />
<markable id="markable_291" span="word_292" lemma="the" mmax_level="morph" />
<markable id="markable_292" span="word_293" lemma="three" mmax_level="morph" />
<markable id="markable_293" span="word_294" lemma="basket" mmax_level="morph" />
<markable id="markable_294" span="word_295" lemma="of" mmax_level="morph" />
<markable id="markable_295" span="word_296" lemma="pear" mmax_level="morph" />
<markable id="markable_296" span="word_297" lemma="and" mmax_level="morph" />
<markable id="markable_297" span="word_298" lemma="he" mmax_level="morph" />
<markable id="markable_298" span="word_299" lemma="pick" mmax_level="morph" />
<markable id="markable_299" span="word_300" lemma="one" mmax_level="morph" />
<markable id="markable_300" span="word_301" lemma="up" mmax_level="morph" />
<markable id="markable_301" span="word_302" lemma="and" mmax_level="morph" />
<markable id="markable_302" span="word_303" lemma="he" mmax_level="morph" />
<markable id="markable_303" span="word_304" lemma="only" mmax_level="morph" />
<markable id="markable_304" span="word_305" lemma="want" mmax_level="morph" />
<markable id="markable_305" span="word_306" lemma="to" mmax_level="morph" />
<markable id="markable_306" span="word_307" lemma="steal" mmax_level="morph" />
<markable id="markable_307" span="word_308" lemma="one" mmax_level="morph" />
<markable id="markable_308" span="word_309" lemma="but" mmax_level="morph" />
<markable id="markable_309" span="word_310" lemma="then" mmax_level="morph" />
<markable id="markable_310" span="word_311" lemma="he" mmax_level="morph" />
<markable id="markable_311" span="word_312" lemma="decide" mmax_level="morph" />
<markable id="markable_312" span="word_313" lemma="he" mmax_level="morph" />
<markable id="markable_313" span="word_314" lemma="be" mmax_level="morph" />
<markable id="markable_314" span="word_315" lemma="gonna" mmax_level="morph" />
<markable id="markable_315" span="word_316" lemma="he" mmax_level="morph" />
<markable id="markable_316" span="word_317" lemma="be" mmax_level="morph" />
<markable id="markable_317" span="word_318" lemma="gonna" mmax_level="morph" />
<markable id="markable_318" span="word_319" lemma="take" mmax_level="morph" />
<markable id="markable_319" span="word_320" lemma="the" mmax_level="morph" />
<markable id="markable_320" span="word_321" lemma="whole" mmax_level="morph" />
<markable id="markable_321" span="word_322" lemma="basket" mmax_level="morph" />
<markable id="markable_322" span="word_323" lemma="um" mmax_level="morph" />
<markable id="markable_323" span="word_324" lemma="then" mmax_level="morph" />
<markable id="markable_324" span="word_325" lemma="he" mmax_level="morph" />
<markable id="markable_325" span="word_326" lemma="drive" mmax_level="morph" />
<markable id="markable_326" span="word_327" lemma="a" mmax_level="morph" />
<markable id="markable_327" span="word_328" lemma="heride" mmax_level="morph" />
<markable id="markable_328" span="word_329" lemma="away" mmax_level="morph" />
<markable id="markable_329" span="word_330" lemma="on" mmax_level="morph" />
<markable id="markable_330" span="word_331" lemma="bicycle" mmax_level="morph" />
<markable id="markable_331" span="word_332" lemma="and" mmax_level="morph" />
<markable id="markable_332" span="word_333" lemma="oh" mmax_level="morph" />
<markable id="markable_333" span="word_334" lemma="goodness" mmax_level="morph" />
<markable id="markable_334" span="word_335" lemma="and" mmax_level="morph" />
<markable id="markable_335" span="word_336" lemma="he" mmax_level="morph" />
<markable id="markable_336" span="word_337" lemma="be" mmax_level="morph" />
<markable id="markable_337" span="word_338" lemma="as" mmax_level="morph" />
<markable id="markable_338" span="word_339" lemma="he" mmax_level="morph" />
<markable id="markable_339" span="word_340" lemma="be" mmax_level="morph" />
<markable id="markable_340" span="word_341" lemma="ride" mmax_level="morph" />
<markable id="markable_341" span="word_342" lemma="through" mmax_level="morph" />
<markable id="markable_342" span="word_343" lemma="an" mmax_level="morph" />
<markable id="markable_343" span="word_344" lemma="open" mmax_level="morph" />
<markable id="markable_344" span="word_345" lemma="field" mmax_level="morph" />
<markable id="markable_345" span="word_346" lemma="um" mmax_level="morph" />
<markable id="markable_346" span="word_347" lemma="hill" mmax_level="morph" />
<markable id="markable_347" span="word_348" lemma="in" mmax_level="morph" />
<markable id="markable_348" span="word_349" lemma="the" mmax_level="morph" />
<markable id="markable_349" span="word_350" lemma="background" mmax_level="morph" />
<markable id="markable_350" span="word_351" lemma="and" mmax_level="morph" />
<markable id="markable_351" span="word_352" lemma="stuff" mmax_level="morph" />
<markable id="markable_352" span="word_353" lemma="like" mmax_level="morph" />
<markable id="markable_353" span="word_354" lemma="that" mmax_level="morph" />
<markable id="markable_354" span="word_355" lemma="he" mmax_level="morph" />
<markable id="markable_355" span="word_356" lemma="un" mmax_level="morph" />
<markable id="markable_356" span="word_357" lemma="a" mmax_level="morph" />
<markable id="markable_357" span="word_358" lemma="girl" mmax_level="morph" />
<markable id="markable_358" span="word_359" lemma="with" mmax_level="morph" />
<markable id="markable_359" span="word_360" lemma="long" mmax_level="morph" />
<markable id="markable_360" span="word_361" lemma="pigtail" mmax_level="morph" />
<markable id="markable_361" span="word_362" lemma="happen" mmax_level="morph" />
<markable id="markable_362" span="word_363" lemma="by" mmax_level="morph" />
<markable id="markable_363" span="word_364" lemma="go" mmax_level="morph" />
<markable id="markable_364" span="word_365" lemma="the" mmax_level="morph" />
<markable id="markable_365" span="word_366" lemma="other" mmax_level="morph" />
<markable id="markable_366" span="word_367" lemma="way" mmax_level="morph" />
<markable id="markable_367" span="word_368" lemma="on" mmax_level="morph" />
<markable id="markable_368" span="word_369" lemma="a" mmax_level="morph" />
<markable id="markable_369" span="word_370" lemma="bicycle" mmax_level="morph" />
<markable id="markable_370" span="word_371" lemma="and" mmax_level="morph" />
<markable id="markable_371" span="word_372" lemma="there" mmax_level="morph" />
<markable id="markable_372" span="word_373" lemma="be" mmax_level="morph" />
<markable id="markable_373" span="word_374" lemma="a" mmax_level="morph" />
<markable id="markable_374" span="word_375" lemma="long" mmax_level="morph" />
<markable id="markable_375" span="word_376" lemma="shot" mmax_level="morph" />
<markable id="markable_376" span="word_377" lemma="you" mmax_level="morph" />
<markable id="markable_377" span="word_378" lemma="see" mmax_level="morph" />
<markable id="markable_378" span="word_379" lemma="both" mmax_level="morph" />
<markable id="markable_379" span="word_380" lemma="of" mmax_level="morph" />
<markable id="markable_380" span="word_381" lemma="they" mmax_level="morph" />
<markable id="markable_381" span="word_382" lemma="converge" mmax_level="morph" />
<markable id="markable_382" span="word_383" lemma="and" mmax_level="morph" />
<markable id="markable_383" span="word_384" lemma="you" mmax_level="morph" />
<markable id="markable_384" span="word_385" lemma="see" mmax_level="morph" />
<markable id="markable_385" span="word_386" lemma="he" mmax_level="morph" />
<markable id="markable_386" span="word_387" lemma="he" mmax_level="morph" />
<markable id="markable_387" span="word_388" lemma="be" mmax_level="morph" />
<markable id="markable_388" span="word_389" lemma="more" mmax_level="morph" />
<markable id="markable_389" span="word_390" lemma="interested" mmax_level="morph" />
<markable id="markable_390" span="word_391" lemma="in" mmax_level="morph" />
<markable id="markable_391" span="word_392" lemma="the" mmax_level="morph" />
<markable id="markable_392" span="word_393" lemma="girl" mmax_level="morph" />
<markable id="markable_393" span="word_394" lemma="go" mmax_level="morph" />
<markable id="markable_394" span="word_395" lemma="by" mmax_level="morph" />
<markable id="markable_395" span="word_396" lemma="than" mmax_level="morph" />
<markable id="markable_396" span="word_397" lemma="take" mmax_level="morph" />
<markable id="markable_397" span="word_398" lemma="care" mmax_level="morph" />
<markable id="markable_398" span="word_399" lemma="of" mmax_level="morph" />
<markable id="markable_399" span="word_400" lemma="make" mmax_level="morph" />
<markable id="markable_400" span="word_401" lemma="sure" mmax_level="morph" />
<markable id="markable_401" span="word_402" lemma="the" mmax_level="morph" />
<markable id="markable_402" span="word_403" lemma="basket" mmax_level="morph" />
<markable id="markable_403" span="word_404" lemma="do" mmax_level="morph" />
<markable id="markable_404" span="word_405" lemma="not" mmax_level="morph" />
<markable id="markable_405" span="word_406" lemma="do" mmax_level="morph" />
<markable id="markable_406" span="word_407" lemma="anything" mmax_level="morph" />
<markable id="markable_407" span="word_408" lemma="weird" mmax_level="morph" />
<markable id="markable_408" span="word_409" lemma="and" mmax_level="morph" />
<markable id="markable_409" span="word_410" lemma="he" mmax_level="morph" />
<markable id="markable_410" span="word_411" lemma="see" mmax_level="morph" />
<markable id="markable_411" span="word_412" lemma="the" mmax_level="morph" />
<markable id="markable_412" span="word_413" lemma="girl" mmax_level="morph" />
<markable id="markable_413" span="word_414" lemma="go" mmax_level="morph" />
<markable id="markable_414" span="word_415" lemma="by" mmax_level="morph" />
<markable id="markable_415" span="word_416" lemma="he" mmax_level="morph" />
<markable id="markable_416" span="word_417" lemma="do" mmax_level="morph" />
<markable id="markable_417" span="word_418" lemma="not" mmax_level="morph" />
<markable id="markable_418" span="word_419" lemma="see" mmax_level="morph" />
<markable id="markable_419" span="word_420" lemma="the" mmax_level="morph" />
<markable id="markable_420" span="word_421" lemma="rock" mmax_level="morph" />
<markable id="markable_421" span="word_422" lemma="it" mmax_level="morph" />
<markable id="markable_422" span="word_423" lemma="be" mmax_level="morph" />
<markable id="markable_423" span="word_424" lemma="right" mmax_level="morph" />
<markable id="markable_424" span="word_425" lemma="in" mmax_level="morph" />
<markable id="markable_425" span="word_426" lemma="front" mmax_level="morph" />
<markable id="markable_426" span="word_427" lemma="of" mmax_level="morph" />
<markable id="markable_427" span="word_428" lemma="he" mmax_level="morph" />
<markable id="markable_428" span="word_429" lemma="and" mmax_level="morph" />
<markable id="markable_429" span="word_430" lemma="the" mmax_level="morph" />
<markable id="markable_430" span="word_431" lemma="bike" mmax_level="morph" />
<markable id="markable_431" span="word_432" lemma="stop" mmax_level="morph" />
<markable id="markable_432" span="word_433" lemma="in" mmax_level="morph" />
<markable id="markable_433" span="word_434" lemma="the" mmax_level="morph" />
<markable id="markable_434" span="word_435" lemma="rock" mmax_level="morph" />
<markable id="markable_435" span="word_436" lemma="and" mmax_level="morph" />
<markable id="markable_436" span="word_437" lemma="um" mmax_level="morph" />
<markable id="markable_437" span="word_438" lemma="he" mmax_level="morph" />
<markable id="markable_438" span="word_439" lemma="pile" mmax_level="morph" />
<markable id="markable_439" span="word_440" lemma="over" mmax_level="morph" />
<markable id="markable_440" span="word_441" lemma="and" mmax_level="morph" />
<markable id="markable_441" span="word_442" lemma="all" mmax_level="morph" />
<markable id="markable_442" span="word_443" lemma="of" mmax_level="morph" />
<markable id="markable_443" span="word_444" lemma="the" mmax_level="morph" />
<markable id="markable_444" span="word_445" lemma="pear" mmax_level="morph" />
<markable id="markable_445" span="word_446" lemma="come" mmax_level="morph" />
<markable id="markable_446" span="word_447" lemma="out" mmax_level="morph" />
<markable id="markable_447" span="word_448" lemma="and" mmax_level="morph" />
<markable id="markable_448" span="word_449" lemma="he" mmax_level="morph" />
<markable id="markable_449" span="word_450" lemma="checks" mmax_level="morph" />
<markable id="markable_450" span="word_451" lemma="and" mmax_level="morph" />
<markable id="markable_451" span="word_452" lemma="hat" mmax_level="morph" />
<markable id="markable_452" span="word_453" lemma="fly" mmax_level="morph" />
<markable id="markable_453" span="word_454" lemma="off" mmax_level="morph" />
<markable id="markable_454" span="word_455" lemma="also" mmax_level="morph" />
<markable id="markable_455" span="word_456" lemma="he" mmax_level="morph" />
<markable id="markable_456" span="word_457" lemma="check" mmax_level="morph" />
<markable id="markable_457" span="word_458" lemma="to" mmax_level="morph" />
<markable id="markable_458" span="word_459" lemma="see" mmax_level="morph" />
<markable id="markable_459" span="word_460" lemma="that" mmax_level="morph" />
<markable id="markable_460" span="word_461" lemma="knee" mmax_level="morph" />
<markable id="markable_461" span="word_462" lemma="be" mmax_level="morph" />
<markable id="markable_462" span="word_463" lemma="okay" mmax_level="morph" />
<markable id="markable_463" span="word_464" lemma="pull" mmax_level="morph" />
<markable id="markable_464" span="word_465" lemma="up" mmax_level="morph" />
<markable id="markable_465" span="word_466" lemma="pants" mmax_level="morph" />
<markable id="markable_466" span="word_467" lemma="pull" mmax_level="morph" />
<markable id="markable_467" span="word_468" lemma="it" mmax_level="morph" />
<markable id="markable_468" span="word_469" lemma="down" mmax_level="morph" />
<markable id="markable_469" span="word_470" lemma="oh" mmax_level="morph" />
<markable id="markable_470" span="word_471" lemma="goodness" mmax_level="morph" />
<markable id="markable_471" span="word_472" lemma="what" mmax_level="morph" />
<markable id="markable_472" span="word_473" lemma="else" mmax_level="morph" />
<markable id="markable_473" span="word_474" lemma="and" mmax_level="morph" />
<markable id="markable_474" span="word_475" lemma="then" mmax_level="morph" />
<markable id="markable_475" span="word_476" lemma="three" mmax_level="morph" />
<markable id="markable_476" span="word_477" lemma="boy" mmax_level="morph" />
<markable id="markable_477" span="word_478" lemma="happen" mmax_level="morph" />
<markable id="markable_478" span="word_479" lemma="by" mmax_level="morph" />
<markable id="markable_479" span="word_480" lemma="three" mmax_level="morph" />
<markable id="markable_480" span="word_481" lemma="boy" mmax_level="morph" />
<markable id="markable_481" span="word_482" lemma="three" mmax_level="morph" />
<markable id="markable_482" span="word_483" lemma="different" mmax_level="morph" />
<markable id="markable_483" span="word_484" lemma="size" mmax_level="morph" />
<markable id="markable_484" span="word_485" lemma="three" mmax_level="morph" />
<markable id="markable_485" span="word_486" lemma="different" mmax_level="morph" />
<markable id="markable_486" span="word_487" lemma="color" mmax_level="morph" />
<markable id="markable_487" span="word_488" lemma="shirt" mmax_level="morph" />
<markable id="markable_488" span="word_489" lemma="oh" mmax_level="morph" />
<markable id="markable_489" span="word_490" lemma="goodness." mmax_level="morph" />
<markable id="markable_490" span="word_491" lemma="um" mmax_level="morph" />
<markable id="markable_491" span="word_492" lemma="b" mmax_level="morph" />
<markable id="markable_492" span="word_493" lemma="and" mmax_level="morph" />
<markable id="markable_493" span="word_494" lemma="they" mmax_level="morph" />
<markable id="markable_494" span="word_495" lemma="help" mmax_level="morph" />
<markable id="markable_495" span="word_496" lemma="he" mmax_level="morph" />
<markable id="markable_496" span="word_497" lemma="pick" mmax_level="morph" />
<markable id="markable_497" span="word_498" lemma="up" mmax_level="morph" />
<markable id="markable_498" span="word_499" lemma="the" mmax_level="morph" />
<markable id="markable_499" span="word_500" lemma="pear" mmax_level="morph" />
<markable id="markable_500" span="word_501" lemma="one" mmax_level="morph" />
<markable id="markable_501" span="word_502" lemma="guy" mmax_level="morph" />
<markable id="markable_502" span="word_503" lemma="be" mmax_level="morph" />
<markable id="markable_503" span="word_504" lemma="play" mmax_level="morph" />
<markable id="markable_504" span="word_505" lemma="you" mmax_level="morph" />
<markable id="markable_505" span="word_506" lemma="remember" mmax_level="morph" />
<markable id="markable_506" span="word_507" lemma="those" mmax_level="morph" />
<markable id="markable_507" span="word_508" lemma="i" mmax_level="morph" />
<markable id="markable_508" span="word_509" lemma="do" mmax_level="morph" />
<markable id="markable_509" span="word_510" lemma="not" mmax_level="morph" />
<markable id="markable_510" span="word_511" lemma="know" mmax_level="morph" />
<markable id="markable_511" span="word_512" lemma="what" mmax_level="morph" />
<markable id="markable_512" span="word_513" lemma="they" mmax_level="morph" />
<markable id="markable_513" span="word_514" lemma="be" mmax_level="morph" />
<markable id="markable_514" span="word_515" lemma="call" mmax_level="morph" />
<markable id="markable_515" span="word_516" lemma="they" mmax_level="morph" />
<markable id="markable_516" span="word_517" lemma="have" mmax_level="morph" />
<markable id="markable_517" span="word_518" lemma="a" mmax_level="morph" />
<markable id="markable_518" span="word_519" lemma="little" mmax_level="morph" />
<markable id="markable_519" span="word_520" lemma="ball" mmax_level="morph" />
<markable id="markable_520" span="word_521" lemma="um" mmax_level="morph" />
<markable id="markable_521" span="word_522" lemma="you" mmax_level="morph" />
<markable id="markable_522" span="word_523" lemma="know" mmax_level="morph" />
<markable id="markable_523" span="word_524" lemma="like" mmax_level="morph" />
<markable id="markable_524" span="word_525" lemma="a" mmax_level="morph" />
<markable id="markable_525" span="word_526" lemma="paddleball" mmax_level="morph" />
<markable id="markable_526" span="word_527" lemma="we" mmax_level="morph" />
<markable id="markable_527" span="word_528" lemma="use" mmax_level="morph" />
<markable id="markable_528" span="word_529" lemma="to" mmax_level="morph" />
<markable id="markable_529" span="word_530" lemma="see" mmax_level="morph" />
<markable id="markable_530" span="word_531" lemma="how" mmax_level="morph" />
<markable id="markable_531" span="word_532" lemma="many" mmax_level="morph" />
<markable id="markable_532" span="word_533" lemma="we" mmax_level="morph" />
<markable id="markable_533" span="word_534" lemma="could" mmax_level="morph" />
<markable id="markable_534" span="word_535" lemma="do" mmax_level="morph" />
<markable id="markable_535" span="word_536" lemma="i" mmax_level="morph" />
<markable id="markable_536" span="word_537" lemma="could" mmax_level="morph" />
<markable id="markable_537" span="word_538" lemma="u" mmax_level="morph" />
<markable id="markable_538" span="word_539" lemma="i" mmax_level="morph" />
<markable id="markable_539" span="word_540" lemma="use" mmax_level="morph" />
<markable id="markable_540" span="word_541" lemma="to" mmax_level="morph" />
<markable id="markable_541" span="word_542" lemma="do" mmax_level="morph" />
<markable id="markable_542" span="word_543" lemma="one" mmax_level="morph" />
<markable id="markable_543" span="word_544" lemma="or" mmax_level="morph" />
<markable id="markable_544" span="word_545" lemma="two" mmax_level="morph" />
<markable id="markable_545" span="word_546" lemma="and" mmax_level="morph" />
<markable id="markable_546" span="word_547" lemma="he" mmax_level="morph" />
<markable id="markable_547" span="word_548" lemma="um" mmax_level="morph" />
<markable id="markable_548" span="word_549" lemma="and" mmax_level="morph" />
<markable id="markable_549" span="word_550" lemma="he" mmax_level="morph" />
<markable id="markable_550" span="word_551" lemma="kind" mmax_level="morph" />
<markable id="markable_551" span="word_552" lemma="of" mmax_level="morph" />
<markable id="markable_552" span="word_553" lemma="help" mmax_level="morph" />
<markable id="markable_553" span="word_554" lemma="but" mmax_level="morph" />
<markable id="markable_554" span="word_555" lemma="two" mmax_level="morph" />
<markable id="markable_555" span="word_556" lemma="fr" mmax_level="morph" />
<markable id="markable_556" span="word_557" lemma="mi" mmax_level="morph" />
<markable id="markable_557" span="word_558" lemma=")" mmax_level="morph" />
<markable id="markable_558" span="word_559" lemma="the" mmax_level="morph" />
<markable id="markable_559" span="word_560" lemma="two" mmax_level="morph" />
<markable id="markable_560" span="word_561" lemma="guy" mmax_level="morph" />
<markable id="markable_561" span="word_562" lemma="that" mmax_level="morph" />
<markable id="markable_562" span="word_563" lemma="be" mmax_level="morph" />
<markable id="markable_563" span="word_564" lemma="with" mmax_level="morph" />
<markable id="markable_564" span="word_565" lemma="he" mmax_level="morph" />
<markable id="markable_565" span="word_566" lemma="do" mmax_level="morph" />
<markable id="markable_566" span="word_567" lemma="most" mmax_level="morph" />
<markable id="markable_567" span="word_568" lemma="of" mmax_level="morph" />
<markable id="markable_568" span="word_569" lemma="the" mmax_level="morph" />
<markable id="markable_569" span="word_570" lemma="major" mmax_level="morph" />
<markable id="markable_570" span="word_571" lemma="end" mmax_level="morph" />
<markable id="markable_571" span="word_572" lemma="of" mmax_level="morph" />
<markable id="markable_572" span="word_573" lemma="the" mmax_level="morph" />
<markable id="markable_573" span="word_574" lemma="work" mmax_level="morph" />
<markable id="markable_574" span="word_575" lemma="and" mmax_level="morph" />
<markable id="markable_575" span="word_576" lemma="they" mmax_level="morph" />
<markable id="markable_576" span="word_577" lemma="help" mmax_level="morph" />
<markable id="markable_577" span="word_578" lemma="he" mmax_level="morph" />
<markable id="markable_578" span="word_579" lemma="up" mmax_level="morph" />
<markable id="markable_579" span="word_580" lemma="and" mmax_level="morph" />
<markable id="markable_580" span="word_581" lemma="they" mmax_level="morph" />
<markable id="markable_581" span="word_582" lemma="help" mmax_level="morph" />
<markable id="markable_582" span="word_583" lemma="he" mmax_level="morph" />
<markable id="markable_583" span="word_584" lemma="get" mmax_level="morph" />
<markable id="markable_584" span="word_585" lemma="the" mmax_level="morph" />
<markable id="markable_585" span="word_586" lemma="basket" mmax_level="morph" />
<markable id="markable_586" span="word_587" lemma="up" mmax_level="morph" />
<markable id="markable_587" span="word_588" lemma="and" mmax_level="morph" />
<markable id="markable_588" span="word_589" lemma="they" mmax_level="morph" />
<markable id="markable_589" span="word_590" lemma="be" mmax_level="morph" />
<markable id="markable_590" span="word_591" lemma="and" mmax_level="morph" />
<markable id="markable_591" span="word_592" lemma="he" mmax_level="morph" />
<markable id="markable_592" span="word_593" lemma="the" mmax_level="morph" />
<markable id="markable_593" span="word_594" lemma="little" mmax_level="morph" />
<markable id="markable_594" span="word_595" lemma="boy" mmax_level="morph" />
<markable id="markable_595" span="word_596" lemma="drive" mmax_level="morph" />
<markable id="markable_596" span="word_597" lemma="off" mmax_level="morph" />
<markable id="markable_597" span="word_598" lemma="drive" mmax_level="morph" />
<markable id="markable_598" span="word_599" lemma="ride" mmax_level="morph" />
<markable id="markable_599" span="word_600" lemma="bicycle" mmax_level="morph" />
<markable id="markable_600" span="word_601" lemma="off" mmax_level="morph" />
<markable id="markable_601" span="word_602" lemma="and" mmax_level="morph" />
<markable id="markable_602" span="word_603" lemma="they" mmax_level="morph" />
<markable id="markable_603" span="word_604" lemma="find" mmax_level="morph" />
<markable id="markable_604" span="word_605" lemma="a" mmax_level="morph" />
<markable id="markable_605" span="word_606" lemma="uh" mmax_level="morph" />
<markable id="markable_606" span="word_607" lemma="they" mmax_level="morph" />
<markable id="markable_607" span="word_608" lemma="find" mmax_level="morph" />
<markable id="markable_608" span="word_609" lemma="hat" mmax_level="morph" />
<markable id="markable_609" span="word_610" lemma="the" mmax_level="morph" />
<markable id="markable_610" span="word_611" lemma="three" mmax_level="morph" />
<markable id="markable_611" span="word_612" lemma="boy" mmax_level="morph" />
<markable id="markable_612" span="word_613" lemma="find" mmax_level="morph" />
<markable id="markable_613" span="word_614" lemma="the" mmax_level="morph" />
<markable id="markable_614" span="word_615" lemma="hat" mmax_level="morph" />
<markable id="markable_615" span="word_616" lemma="down" mmax_level="morph" />
<markable id="markable_616" span="word_617" lemma="the" mmax_level="morph" />
<markable id="markable_617" span="word_618" lemma="road" mmax_level="morph" />
<markable id="markable_618" span="word_619" lemma="and" mmax_level="morph" />
<markable id="markable_619" span="word_620" lemma="he" mmax_level="morph" />
<markable id="markable_620" span="word_621" lemma="give" mmax_level="morph" />
<markable id="markable_621" span="word_622" lemma="he" mmax_level="morph" />
<markable id="markable_622" span="word_623" lemma="the" mmax_level="morph" />
<markable id="markable_623" span="word_624" lemma="hat" mmax_level="morph" />
<markable id="markable_624" span="word_625" lemma="and" mmax_level="morph" />
<markable id="markable_625" span="word_626" lemma="th" mmax_level="morph" />
<markable id="markable_626" span="word_627" lemma="they" mmax_level="morph" />
<markable id="markable_627" span="word_628" lemma="whistle" mmax_level="morph" />
<markable id="markable_628" span="word_629" lemma="for" mmax_level="morph" />
<markable id="markable_629" span="word_630" lemma="he" mmax_level="morph" />
<markable id="markable_630" span="word_631" lemma=".there" mmax_level="morph" />
<markable id="markable_631" span="word_632" lemma="be" mmax_level="morph" />
<markable id="markable_632" span="word_633" lemma="no" mmax_level="morph" />
<markable id="markable_633" span="word_634" lemma="dialogue" mmax_level="morph" />
<markable id="markable_634" span="word_635" lemma="in" mmax_level="morph" />
<markable id="markable_635" span="word_636" lemma="the" mmax_level="morph" />
<markable id="markable_636" span="word_637" lemma="whole" mmax_level="morph" />
<markable id="markable_637" span="word_638" lemma="movie" mmax_level="morph" />
<markable id="markable_638" span="word_639" lemma="they" mmax_level="morph" />
<markable id="markable_639" span="word_640" lemma="whistle" mmax_level="morph" />
<markable id="markable_640" span="word_641" lemma="for" mmax_level="morph" />
<markable id="markable_641" span="word_642" lemma="he" mmax_level="morph" />
<markable id="markable_642" span="word_643" lemma="and" mmax_level="morph" />
<markable id="markable_643" span="word_644" lemma="he" mmax_level="morph" />
<markable id="markable_644" span="word_645" lemma="come" mmax_level="morph" />
<markable id="markable_645" span="word_646" lemma="back" mmax_level="morph" />
<markable id="markable_646" span="word_647" lemma="and" mmax_level="morph" />
<markable id="markable_647" span="word_648" lemma="he" mmax_level="morph" />
<markable id="markable_648" span="word_649" lemma="w" mmax_level="morph" />
<markable id="markable_649" span="word_650" lemma="and" mmax_level="morph" />
<markable id="markable_650" span="word_651" lemma="he" mmax_level="morph" />
<markable id="markable_651" span="word_652" lemma="stop" mmax_level="morph" />
<markable id="markable_652" span="word_653" lemma="and" mmax_level="morph" />
<markable id="markable_653" span="word_654" lemma="the" mmax_level="morph" />
<markable id="markable_654" span="word_655" lemma="guy" mmax_level="morph" />
<markable id="markable_655" span="word_656" lemma="walk" mmax_level="morph" />
<markable id="markable_656" span="word_657" lemma="up" mmax_level="morph" />
<markable id="markable_657" span="word_658" lemma="and" mmax_level="morph" />
<markable id="markable_658" span="word_659" lemma="give" mmax_level="morph" />
<markable id="markable_659" span="word_660" lemma="he" mmax_level="morph" />
<markable id="markable_660" span="word_661" lemma="the" mmax_level="morph" />
<markable id="markable_661" span="word_662" lemma="hat" mmax_level="morph" />
<markable id="markable_662" span="word_663" lemma="and" mmax_level="morph" />
<markable id="markable_663" span="word_664" lemma="he" mmax_level="morph" />
<markable id="markable_664" span="word_665" lemma="look" mmax_level="morph" />
<markable id="markable_665" span="word_666" lemma="in" mmax_level="morph" />
<markable id="markable_666" span="word_667" lemma="and" mmax_level="morph" />
<markable id="markable_667" span="word_668" lemma="the" mmax_level="morph" />
<markable id="markable_668" span="word_669" lemma="little" mmax_level="morph" />
<markable id="markable_669" span="word_670" lemma="and" mmax_level="morph" />
<markable id="markable_670" span="word_671" lemma="the" mmax_level="morph" />
<markable id="markable_671" span="word_672" lemma="boy" mmax_level="morph" />
<markable id="markable_672" span="word_673" lemma="look" mmax_level="morph" />
<markable id="markable_673" span="word_674" lemma="in" mmax_level="morph" />
<markable id="markable_674" span="word_675" lemma="the" mmax_level="morph" />
<markable id="markable_675" span="word_676" lemma="basket" mmax_level="morph" />
<markable id="markable_676" span="word_677" lemma="for" mmax_level="morph" />
<markable id="markable_677" span="word_678" lemma="for" mmax_level="morph" />
<markable id="markable_678" span="word_679" lemma="three" mmax_level="morph" />
<markable id="markable_679" span="word_680" lemma="pear" mmax_level="morph" />
<markable id="markable_680" span="word_681" lemma="to" mmax_level="morph" />
<markable id="markable_681" span="word_682" lemma="give" mmax_level="morph" />
<markable id="markable_682" span="word_683" lemma="to" mmax_level="morph" />
<markable id="markable_683" span="word_684" lemma="the" mmax_level="morph" />
<markable id="markable_684" span="word_685" lemma="kid" mmax_level="morph" />
<markable id="markable_685" span="word_686" lemma="and" mmax_level="morph" />
<markable id="markable_686" span="word_687" lemma="the" mmax_level="morph" />
<markable id="markable_687" span="word_688" lemma="pear" mmax_level="morph" />
<markable id="markable_688" span="word_689" lemma="that" mmax_level="morph" />
<markable id="markable_689" span="word_690" lemma="you" mmax_level="morph" />
<markable id="markable_690" span="word_691" lemma="see" mmax_level="morph" />
<markable id="markable_691" span="word_692" lemma="at" mmax_level="morph" />
<markable id="markable_692" span="word_693" lemma="the" mmax_level="morph" />
<markable id="markable_693" span="word_694" lemma="beginning" mmax_level="morph" />
<markable id="markable_694" span="word_695" lemma="be" mmax_level="morph" />
<markable id="markable_695" span="word_696" lemma="big" mmax_level="morph" />
<markable id="markable_696" span="word_697" lemma="and" mmax_level="morph" />
<markable id="markable_697" span="word_698" lemma="they" mmax_level="morph" />
<markable id="markable_698" span="word_699" lemma="be" mmax_level="morph" />
<markable id="markable_699" span="word_700" lemma="they" mmax_level="morph" />
<markable id="markable_700" span="word_701" lemma="be" mmax_level="morph" />
<markable id="markable_701" span="word_702" lemma="almost" mmax_level="morph" />
<markable id="markable_702" span="word_703" lemma="perfect" mmax_level="morph" />
<markable id="markable_703" span="word_704" lemma="m" mmax_level="morph" />
<markable id="markable_704" span="word_705" lemma="whatever" mmax_level="morph" />
<markable id="markable_705" span="word_706" lemma="you" mmax_level="morph" />
<markable id="markable_706" span="word_707" lemma="can" mmax_level="morph" />
<markable id="markable_707" span="word_708" lemma="call" mmax_level="morph" />
<markable id="markable_708" span="word_709" lemma="a" mmax_level="morph" />
<markable id="markable_709" span="word_710" lemma="pear" mmax_level="morph" />
<markable id="markable_710" span="word_711" lemma="to" mmax_level="morph" />
<markable id="markable_711" span="word_712" lemma="be" mmax_level="morph" />
<markable id="markable_712" span="word_713" lemma="perfect" mmax_level="morph" />
<markable id="markable_713" span="word_714" lemma="and" mmax_level="morph" />
<markable id="markable_714" span="word_715" lemma="but" mmax_level="morph" />
<markable id="markable_715" span="word_716" lemma="he" mmax_level="morph" />
<markable id="markable_716" span="word_717" lemma="give" mmax_level="morph" />
<markable id="markable_717" span="word_718" lemma="they" mmax_level="morph" />
<markable id="markable_718" span="word_719" lemma="the" mmax_level="morph" />
<markable id="markable_719" span="word_720" lemma="three" mmax_level="morph" />
<markable id="markable_720" span="word_721" lemma="pear" mmax_level="morph" />
<markable id="markable_721" span="word_722" lemma="and" mmax_level="morph" />
<markable id="markable_722" span="word_723" lemma="as" mmax_level="morph" />
<markable id="markable_723" span="word_724" lemma="they" mmax_level="morph" />
<markable id="markable_724" span="word_725" lemma="be" mmax_level="morph" />
<markable id="markable_725" span="word_726" lemma="walk" mmax_level="morph" />
<markable id="markable_726" span="word_727" lemma="as" mmax_level="morph" />
<markable id="markable_727" span="word_728" lemma="the" mmax_level="morph" />
<markable id="markable_728" span="word_729" lemma="guy" mmax_level="morph" />
<markable id="markable_729" span="word_730" lemma="be" mmax_level="morph" />
<markable id="markable_730" span="word_731" lemma="walk" mmax_level="morph" />
<markable id="markable_731" span="word_732" lemma="off" mmax_level="morph" />
<markable id="markable_732" span="word_733" lemma="up" mmax_level="morph" />
<markable id="markable_733" span="word_734" lemma="the" mmax_level="morph" />
<markable id="markable_734" span="word_735" lemma="road" mmax_level="morph" />
<markable id="markable_735" span="word_736" lemma="i" mmax_level="morph" />
<markable id="markable_736" span="word_737" lemma="could" mmax_level="morph" />
<markable id="markable_737" span="word_738" lemma="see" mmax_level="morph" />
<markable id="markable_738" span="word_739" lemma="that" mmax_level="morph" />
<markable id="markable_739" span="word_740" lemma="the" mmax_level="morph" />
<markable id="markable_740" span="word_741" lemma="pear" mmax_level="morph" />
<markable id="markable_741" span="word_742" lemma="be" mmax_level="morph" />
<markable id="markable_742" span="word_743" lemma="not" mmax_level="morph" />
<markable id="markable_743" span="word_744" lemma="the" mmax_level="morph" />
<markable id="markable_744" span="word_745" lemma="best" mmax_level="morph" />
<markable id="markable_745" span="word_746" lemma="of" mmax_level="morph" />
<markable id="markable_746" span="word_747" lemma="the" mmax_level="morph" />
<markable id="markable_747" span="word_748" lemma="bunch" mmax_level="morph" />
<markable id="markable_748" span="word_749" lemma="that" mmax_level="morph" />
<markable id="markable_749" span="word_750" lemma="there" mmax_level="morph" />
<markable id="markable_750" span="word_751" lemma="wa" mmax_level="morph" />
<markable id="markable_751" span="word_752" lemma="there" mmax_level="morph" />
<markable id="markable_752" span="word_753" lemma="be" mmax_level="morph" />
<markable id="markable_753" span="word_754" lemma="bruises." mmax_level="morph" />
<markable id="markable_754" span="word_755" lemma="you" mmax_level="morph" />
<markable id="markable_755" span="word_756" lemma="could" mmax_level="morph" />
<markable id="markable_756" span="word_757" lemma="only" mmax_level="morph" />
<markable id="markable_757" span="word_758" lemma="see" mmax_level="morph" />
<markable id="markable_758" span="word_759" lemma="it" mmax_level="morph" />
<markable id="markable_759" span="word_760" lemma="like" mmax_level="morph" />
<markable id="markable_760" span="word_761" lemma="in" mmax_level="morph" />
<markable id="markable_761" span="word_762" lemma="a" mmax_level="morph" />
<markable id="markable_762" span="word_763" lemma="side" mmax_level="morph" />
<markable id="markable_763" span="word_764" lemma="shoot" mmax_level="morph" />
<markable id="markable_764" span="word_765" lemma="from" mmax_level="morph" />
<markable id="markable_765" span="word_766" lemma="under" mmax_level="morph" />
<markable id="markable_766" span="word_767" lemma="here" mmax_level="morph" />
<markable id="markable_767" span="word_768" lemma="um" mmax_level="morph" />
<markable id="markable_768" span="word_769" lemma="and" mmax_level="morph" />
<markable id="markable_769" span="word_770" lemma="they" mmax_level="morph" />
<markable id="markable_770" span="word_771" lemma="walk" mmax_level="morph" />
<markable id="markable_771" span="word_772" lemma="by" mmax_level="morph" />
<markable id="markable_772" span="word_773" lemma="eat" mmax_level="morph" />
<markable id="markable_773" span="word_774" lemma="the" mmax_level="morph" />
<markable id="markable_774" span="word_775" lemma="pear" mmax_level="morph" />
<markable id="markable_775" span="word_776" lemma="and" mmax_level="morph" />
<markable id="markable_776" span="word_777" lemma="the" mmax_level="morph" />
<markable id="markable_777" span="word_778" lemma="guy" mmax_level="morph" />
<markable id="markable_778" span="word_779" lemma="in" mmax_level="morph" />
<markable id="markable_779" span="word_780" lemma="the" mmax_level="morph" />
<markable id="markable_780" span="word_781" lemma="meantime" mmax_level="morph" />
<markable id="markable_781" span="word_782" lemma="the" mmax_level="morph" />
<markable id="markable_782" span="word_783" lemma="the" mmax_level="morph" />
<markable id="markable_783" span="word_784" lemma="shot" mmax_level="morph" />
<markable id="markable_784" span="word_785" lemma="change" mmax_level="morph" />
<markable id="markable_785" span="word_786" lemma="to" mmax_level="morph" />
<markable id="markable_786" span="word_787" lemma="|" mmax_level="morph" />
<markable id="markable_787" span="word_788" lemma="the" mmax_level="morph" />
<markable id="markable_788" span="word_789" lemma="man" mmax_level="morph" />
<markable id="markable_789" span="word_790" lemma="come" mmax_level="morph" />
<markable id="markable_790" span="word_791" lemma="down" mmax_level="morph" />
<markable id="markable_791" span="word_792" lemma="the" mmax_level="morph" />
<markable id="markable_792" span="word_793" lemma="ladder" mmax_level="morph" />
<markable id="markable_793" span="word_794" lemma="and" mmax_level="morph" />
<markable id="markable_794" span="word_795" lemma="he" mmax_level="morph" />
<markable id="markable_795" span="word_796" lemma="disco" mmax_level="morph" />
<markable id="markable_796" span="word_797" lemma="and" mmax_level="morph" />
<markable id="markable_797" span="word_798" lemma="he" mmax_level="morph" />
<markable id="markable_798" span="word_799" lemma="be" mmax_level="morph" />
<markable id="markable_799" span="word_800" lemma="dump" mmax_level="morph" />
<markable id="markable_800" span="word_801" lemma="the" mmax_level="morph" />
<markable id="markable_801" span="word_802" lemma="pear" mmax_level="morph" />
<markable id="markable_802" span="word_803" lemma="that" mmax_level="morph" />
<markable id="markable_803" span="word_804" lemma="he" mmax_level="morph" />
<markable id="markable_804" span="word_805" lemma="have" mmax_level="morph" />
<markable id="markable_805" span="word_806" lemma="in" mmax_level="morph" />
<markable id="markable_806" span="word_807" lemma="apron" mmax_level="morph" />
<markable id="markable_807" span="word_808" lemma="into" mmax_level="morph" />
<markable id="markable_808" span="word_809" lemma="the" mmax_level="morph" />
<markable id="markable_809" span="word_810" lemma="basket" mmax_level="morph" />
<markable id="markable_810" span="word_811" lemma="and" mmax_level="morph" />
<markable id="markable_811" span="word_812" lemma="they" mmax_level="morph" />
<markable id="markable_812" span="word_813" lemma="discover" mmax_level="morph" />
<markable id="markable_813" span="word_814" lemma="and" mmax_level="morph" />
<markable id="markable_814" span="word_815" lemma="he" mmax_level="morph" />
<markable id="markable_815" span="word_816" lemma="discover" mmax_level="morph" />
<markable id="markable_816" span="word_817" lemma="that" mmax_level="morph" />
<markable id="markable_817" span="word_818" lemma="basket" mmax_level="morph" />
<markable id="markable_818" span="word_819" lemma="be" mmax_level="morph" />
<markable id="markable_819" span="word_820" lemma="go" mmax_level="morph" />
<markable id="markable_820" span="word_821" lemma="and" mmax_level="morph" />
<markable id="markable_821" span="word_822" lemma="he" mmax_level="morph" />
<markable id="markable_822" span="word_823" lemma="just" mmax_level="morph" />
<markable id="markable_823" span="word_824" lemma="kind" mmax_level="morph" />
<markable id="markable_824" span="word_825" lemma="of" mmax_level="morph" />
<markable id="markable_825" span="word_826" lemma="sit" mmax_level="morph" />
<markable id="markable_826" span="word_827" lemma="there" mmax_level="morph" />
<markable id="markable_827" span="word_828" lemma="and" mmax_level="morph" />
<markable id="markable_828" span="word_829" lemma="he" mmax_level="morph" />
<markable id="markable_829" span="word_830" lemma="do" mmax_level="morph" />
<markable id="markable_830" span="word_831" lemma="not" mmax_level="morph" />
<markable id="markable_831" span="word_832" lemma="really" mmax_level="morph" />
<markable id="markable_832" span="word_833" lemma="do" mmax_level="morph" />
<markable id="markable_833" span="word_834" lemma="anything" mmax_level="morph" />
<markable id="markable_834" span="word_835" lemma="the" mmax_level="morph" />
<markable id="markable_835" span="word_836" lemma="three" mmax_level="morph" />
<markable id="markable_836" span="word_837" lemma="boy" mmax_level="morph" />
<markable id="markable_837" span="word_838" lemma="happen" mmax_level="morph" />
<markable id="markable_838" span="word_839" lemma="by" mmax_level="morph" />
<markable id="markable_839" span="word_840" lemma="eat" mmax_level="morph" />
<markable id="markable_840" span="word_841" lemma="the" mmax_level="morph" />
<markable id="markable_841" span="word_842" lemma="pear" mmax_level="morph" />
<markable id="markable_842" span="word_843" lemma="i" mmax_level="morph" />
<markable id="markable_843" span="word_844" lemma="do" mmax_level="morph" />
<markable id="markable_844" span="word_845" lemma="not" mmax_level="morph" />
<markable id="markable_845" span="word_846" lemma="kn" mmax_level="morph" />
<markable id="markable_846" span="word_847" lemma="i" mmax_level="morph" />
<markable id="markable_847" span="word_848" lemma="can" mmax_level="morph" />
<markable id="markable_848" span="word_849" lemma="not" mmax_level="morph" />
<markable id="markable_849" span="word_850" lemma="remember" mmax_level="morph" />
<markable id="markable_850" span="word_851" lemma="whether" mmax_level="morph" />
<markable id="markable_851" span="word_852" lemma="they" mmax_level="morph" />
<markable id="markable_852" span="word_853" lemma="salute" mmax_level="morph" />
<markable id="markable_853" span="word_854" lemma="he" mmax_level="morph" />
<markable id="markable_854" span="word_855" lemma="or" mmax_level="morph" />
<markable id="markable_855" span="word_856" lemma="not" mmax_level="morph" />
<markable id="markable_856" span="word_857" lemma="you" mmax_level="morph" />
<markable id="markable_857" span="word_858" lemma="know" mmax_level="morph" />
<markable id="markable_858" span="word_859" lemma="give" mmax_level="morph" />
<markable id="markable_859" span="word_860" lemma="he" mmax_level="morph" />
<markable id="markable_860" span="word_861" lemma="a" mmax_level="morph" />
<markable id="markable_861" span="word_862" lemma="any" mmax_level="morph" />
<markable id="markable_862" span="word_863" lemma="kind" mmax_level="morph" />
<markable id="markable_863" span="word_864" lemma="of" mmax_level="morph" />
<markable id="markable_864" span="word_865" lemma="a" mmax_level="morph" />
<markable id="markable_865" span="word_866" lemma="salutation" mmax_level="morph" />
<markable id="markable_866" span="word_867" lemma="but" mmax_level="morph" />
<markable id="markable_867" span="word_868" lemma="he" mmax_level="morph" />
<markable id="markable_868" span="word_869" lemma="the" mmax_level="morph" />
<markable id="markable_869" span="word_870" lemma="three" mmax_level="morph" />
<markable id="markable_870" span="word_871" lemma="boy" mmax_level="morph" />
<markable id="markable_871" span="word_872" lemma="walk" mmax_level="morph" />
<markable id="markable_872" span="word_873" lemma="off" mmax_level="morph" />
<markable id="markable_873" span="word_874" lemma="and" mmax_level="morph" />
<markable id="markable_874" span="word_875" lemma="the" mmax_level="morph" />
<markable id="markable_875" span="word_876" lemma="man" mmax_level="morph" />
<markable id="markable_876" span="word_877" lemma="jus-sits" mmax_level="morph" />
<markable id="markable_877" span="word_878" lemma="there" mmax_level="morph" />
<markable id="markable_878" span="word_879" lemma="sit" mmax_level="morph" />
<markable id="markable_879" span="word_880" lemma="there" mmax_level="morph" />
<markable id="markable_880" span="word_881" lemma="on" mmax_level="morph" />
<markable id="markable_881" span="word_882" lemma="the" mmax_level="morph" />
<markable id="markable_882" span="word_883" lemma="ladder" mmax_level="morph" />
<markable id="markable_883" span="word_884" lemma="um" mmax_level="morph" />
<markable id="markable_884" span="word_885" lemma="kind" mmax_level="morph" />
<markable id="markable_885" span="word_886" lemma="of" mmax_level="morph" />
<markable id="markable_886" span="word_887" lemma="like" mmax_level="morph" />
<markable id="markable_887" span="word_888" lemma="this" mmax_level="morph" />
<markable id="markable_888" span="word_889" lemma="and" mmax_level="morph" />
<markable id="markable_889" span="word_890" lemma="jus-t" mmax_level="morph" />
<markable id="markable_890" span="word_891" lemma="watch" mmax_level="morph" />
<markable id="markable_891" span="word_892" lemma="the" mmax_level="morph" />
<markable id="markable_892" span="word_893" lemma="three" mmax_level="morph" />
<markable id="markable_893" span="word_894" lemma="boy" mmax_level="morph" />
<markable id="markable_894" span="word_895" lemma="go" mmax_level="morph" />
<markable id="markable_895" span="word_896" lemma="off" mmax_level="morph" />
<markable id="markable_896" span="word_897" lemma="and" mmax_level="morph" />
<markable id="markable_897" span="word_898" lemma="that" mmax_level="morph" />
<markable id="markable_898" span="word_899" lemma="be" mmax_level="morph" />
<markable id="markable_899" span="word_900" lemma="the" mmax_level="morph" />
<markable id="markable_900" span="word_901" lemma="end" mmax_level="morph" />
<markable id="markable_901" span="word_902" lemma="of" mmax_level="morph" />
<markable id="markable_902" span="word_903" lemma="the" mmax_level="morph" />
<markable id="markable_903" span="word_904" lemma="movie" mmax_level="morph" />
</markables>
