<?xml version="1.0" encoding="US-ASCII"?>
<!DOCTYPE markables SYSTEM "markables.dtd">
<markables xmlns="www.eml.org/NameSpaces/unit">
<markable id="markable_266" span="word_230..word_239" finite="unmarked"  utype="unmarked"  verbed="unmarked"  subject="unmarked" mmax_level="unit" />
<markable id="markable_303" span="word_417..word_420" finite="unmarked"  utype="unmarked"  verbed="unmarked"  subject="unmarked" mmax_level="unit" />
<markable id="markable_295" span="word_393..word_397" finite="unmarked"  utype="unmarked"  verbed="unmarked"  subject="unmarked" mmax_level="unit" />
<markable id="markable_236" span="word_84..word_92" finite="unmarked"  utype="unmarked"  verbed="unmarked"  subject="unmarked" mmax_level="unit" />
<markable id="markable_259" span="word_191..word_192" finite="unmarked"  utype="unmarked"  verbed="unmarked"  subject="unmarked" mmax_level="unit" />
<markable id="markable_231" span="word_60..word_68" finite="unmarked"  utype="unmarked"  verbed="unmarked"  subject="unmarked" mmax_level="unit" />
<markable id="markable_253" span="word_166..word_170" finite="unmarked"  utype="unmarked"  verbed="unmarked"  subject="unmarked" mmax_level="unit" />
<markable id="markable_281" span="word_314..word_316" finite="unmarked"  utype="unmarked"  verbed="unmarked"  subject="unmarked" mmax_level="unit" />
<markable id="markable_275" span="word_286..word_291" finite="unmarked"  utype="unmarked"  verbed="unmarked"  subject="unmarked" mmax_level="unit" />
<markable id="markable_222" span="word_14..word_20" finite="unmarked"  utype="unmarked"  verbed="unmarked"  subject="unmarked" mmax_level="unit" />
<markable id="markable_247" span="word_135..word_138" finite="unmarked"  utype="unmarked"  verbed="unmarked"  subject="unmarked" mmax_level="unit" />
<markable id="markable_288" span="word_357..word_361" finite="unmarked"  utype="unmarked"  verbed="unmarked"  subject="unmarked" mmax_level="unit" />
<markable id="markable_260" span="word_193..word_201" finite="unmarked"  utype="unmarked"  verbed="unmarked"  subject="unmarked" mmax_level="unit" />
<markable id="markable_250" span="word_148..word_152" finite="unmarked"  utype="unmarked"  verbed="unmarked"  subject="unmarked" mmax_level="unit" />
<markable id="markable_243" span="word_115..word_124" finite="unmarked"  utype="unmarked"  verbed="unmarked"  subject="unmarked" mmax_level="unit" />
<markable id="markable_300" span="word_408..word_411" finite="unmarked"  utype="unmarked"  verbed="unmarked"  subject="unmarked" mmax_level="unit" />
<markable id="markable_234" span="word_75..word_76" finite="unmarked"  utype="unmarked"  verbed="unmarked"  subject="unmarked" mmax_level="unit" />
<markable id="markable_241" span="word_108..word_114" finite="unmarked"  utype="unmarked"  verbed="unmarked"  subject="unmarked" mmax_level="unit" />
<markable id="markable_262" span="word_211..word_212" finite="unmarked"  utype="unmarked"  verbed="unmarked"  subject="unmarked" mmax_level="unit" />
<markable id="markable_282" span="word_320..word_327" finite="unmarked"  utype="unmarked"  verbed="unmarked"  subject="unmarked" mmax_level="unit" />
<markable id="markable_227" span="word_44..word_48" finite="unmarked"  utype="unmarked"  verbed="unmarked"  subject="unmarked" mmax_level="unit" />
<markable id="markable_273" span="word_275..word_280" finite="unmarked"  utype="unmarked"  verbed="unmarked"  subject="unmarked" mmax_level="unit" />
<markable id="markable_287" span="word_352..word_354" finite="unmarked"  utype="unmarked"  verbed="unmarked"  subject="unmarked" mmax_level="unit" />
<markable id="markable_301" span="word_412..word_416" finite="unmarked"  utype="unmarked"  verbed="unmarked"  subject="unmarked" mmax_level="unit" />
<markable id="markable_294" span="word_384..word_387" finite="unmarked"  utype="unmarked"  verbed="unmarked"  subject="unmarked" mmax_level="unit" />
<markable id="markable_278" span="word_299..word_306" finite="unmarked"  utype="unmarked"  verbed="unmarked"  subject="unmarked" mmax_level="unit" />
<markable id="markable_249" span="word_141..word_143" finite="unmarked"  utype="unmarked"  verbed="unmarked"  subject="unmarked" mmax_level="unit" />
<markable id="markable_256" span="word_176..word_184" finite="unmarked"  utype="unmarked"  verbed="unmarked"  subject="unmarked" mmax_level="unit" />
<markable id="markable_263" span="word_213..word_219" finite="unmarked"  utype="unmarked"  verbed="unmarked"  subject="unmarked" mmax_level="unit" />
<markable id="markable_228" span="word_49..word_59" finite="unmarked"  utype="unmarked"  verbed="unmarked"  subject="unmarked" mmax_level="unit" />
<markable id="markable_277" span="word_298..word_306" finite="unmarked"  utype="unmarked"  verbed="unmarked"  subject="unmarked" mmax_level="unit" />
<markable id="markable_255" span="word_173..word_175" finite="unmarked"  utype="unmarked"  verbed="unmarked"  subject="unmarked" mmax_level="unit" />
<markable id="markable_307" span="word_435..word_437" finite="unmarked"  utype="unmarked"  verbed="unmarked"  subject="unmarked" mmax_level="unit" />
<markable id="markable_284" span="word_341..word_345" finite="unmarked"  utype="unmarked"  verbed="unmarked"  subject="unmarked" mmax_level="unit" />
<markable id="markable_242" span="word_111..word_114" finite="unmarked"  utype="unmarked"  verbed="unmarked"  subject="unmarked" mmax_level="unit" />
<markable id="markable_285" span="word_346..word_350" finite="unmarked"  utype="unmarked"  verbed="unmarked"  subject="unmarked" mmax_level="unit" />
<markable id="markable_289" span="word_362..word_366" finite="unmarked"  utype="unmarked"  verbed="unmarked"  subject="unmarked" mmax_level="unit" />
<markable id="markable_233" span="word_63..word_68" finite="unmarked"  utype="unmarked"  verbed="unmarked"  subject="unmarked" mmax_level="unit" />
<markable id="markable_271" span="word_262..word_268" finite="unmarked"  utype="unmarked"  verbed="unmarked"  subject="unmarked" mmax_level="unit" />
<markable id="markable_286" span="word_351..word_354" finite="unmarked"  utype="unmarked"  verbed="unmarked"  subject="unmarked" mmax_level="unit" />
<markable id="markable_257" span="word_177..word_184" finite="unmarked"  utype="unmarked"  verbed="unmarked"  subject="unmarked" mmax_level="unit" />
<markable id="markable_230" span="word_56..word_59" finite="unmarked"  utype="unmarked"  verbed="unmarked"  subject="unmarked" mmax_level="unit" />
<markable id="markable_246" span="word_130..word_134" finite="unmarked"  utype="unmarked"  verbed="unmarked"  subject="unmarked" mmax_level="unit" />
<markable id="markable_261" span="word_202..word_209" finite="unmarked"  utype="unmarked"  verbed="unmarked"  subject="unmarked" mmax_level="unit" />
<markable id="markable_311" span="word_429..word_434" finite="unmarked"  utype="unmarked"  verbed="unmarked"  subject="unmarked" mmax_level="unit" />
<markable id="markable_290" span="word_367..word_371" finite="unmarked"  utype="unmarked"  verbed="unmarked"  subject="unmarked" mmax_level="unit" />
<markable id="markable_229" span="word_49..word_54" finite="unmarked"  utype="unmarked"  verbed="unmarked"  subject="unmarked" mmax_level="unit" />
<markable id="markable_245" span="word_125..word_129" finite="unmarked"  utype="unmarked"  verbed="unmarked"  subject="unmarked" mmax_level="unit" />
<markable id="markable_274" span="word_281..word_285" finite="unmarked"  utype="unmarked"  verbed="unmarked"  subject="unmarked" mmax_level="unit" />
<markable id="markable_283" span="word_328..word_345" finite="unmarked"  utype="unmarked"  verbed="unmarked"  subject="unmarked" mmax_level="unit" />
<markable id="markable_265" span="word_220..word_227" finite="unmarked"  utype="unmarked"  verbed="unmarked"  subject="unmarked" mmax_level="unit" />
<markable id="markable_276" span="word_292..word_297" finite="unmarked"  utype="unmarked"  verbed="unmarked"  subject="unmarked" mmax_level="unit" />
<markable id="markable_244" span="word_119..word_124" finite="unmarked"  utype="unmarked"  verbed="unmarked"  subject="unmarked" mmax_level="unit" />
<markable id="markable_225" span="word_39..word_43" finite="unmarked"  utype="unmarked"  verbed="unmarked"  subject="unmarked" mmax_level="unit" />
<markable id="markable_270" span="word_257..word_268" finite="unmarked"  utype="unmarked"  verbed="unmarked"  subject="unmarked" mmax_level="unit" />
<markable id="markable_304" span="word_418..word_420" finite="unmarked"  utype="unmarked"  verbed="unmarked"  subject="unmarked" mmax_level="unit" />
<markable id="markable_306" span="word_425..word_428" finite="unmarked"  utype="unmarked"  verbed="unmarked"  subject="unmarked" mmax_level="unit" />
<markable id="markable_237" span="word_85..word_92" finite="unmarked"  utype="unmarked"  verbed="unmarked"  subject="unmarked" mmax_level="unit" />
<markable id="markable_269" span="word_243..word_246" finite="unmarked"  utype="unmarked"  verbed="unmarked"  subject="unmarked" mmax_level="unit" />
<markable id="markable_258" span="word_185..word_190" finite="unmarked"  utype="unmarked"  verbed="unmarked"  subject="unmarked" mmax_level="unit" />
<markable id="markable_292" span="word_378..word_381" finite="unmarked"  utype="unmarked"  verbed="unmarked"  subject="unmarked" mmax_level="unit" />
<markable id="markable_221" span="word_8..word_11" finite="unmarked"  utype="unmarked"  verbed="unmarked"  subject="unmarked" mmax_level="unit" />
<markable id="markable_232" span="word_60..word_61" finite="unmarked"  utype="unmarked"  verbed="unmarked"  subject="unmarked" mmax_level="unit" />
<markable id="markable_272" span="word_269..word_270" finite="unmarked"  utype="unmarked"  verbed="unmarked"  subject="unmarked" mmax_level="unit" />
<markable id="markable_293" span="word_382..word_397" finite="unmarked"  utype="unmarked"  verbed="unmarked"  subject="unmarked" mmax_level="unit" />
<markable id="markable_240" span="word_103..word_107" finite="unmarked"  utype="unmarked"  verbed="unmarked"  subject="unmarked" mmax_level="unit" />
<markable id="markable_251" span="word_154..word_158" finite="unmarked"  utype="unmarked"  verbed="unmarked"  subject="unmarked" mmax_level="unit" />
<markable id="markable_280" span="word_308..word_311" finite="unmarked"  utype="unmarked"  verbed="unmarked"  subject="unmarked" mmax_level="unit" />
<markable id="markable_239" span="word_93..word_102" finite="unmarked"  utype="unmarked"  verbed="unmarked"  subject="unmarked" mmax_level="unit" />
<markable id="markable_291" span="word_372..word_381" finite="unmarked"  utype="unmarked"  verbed="unmarked"  subject="unmarked" mmax_level="unit" />
<markable id="markable_252" span="word_159..word_165" finite="unmarked"  utype="unmarked"  verbed="unmarked"  subject="unmarked" mmax_level="unit" />
<markable id="markable_248" span="word_139..word_143" finite="unmarked"  utype="unmarked"  verbed="unmarked"  subject="unmarked" mmax_level="unit" />
<markable id="markable_220" span="word_5..word_11" finite="unmarked"  utype="unmarked"  verbed="unmarked"  subject="unmarked" mmax_level="unit" />
<markable id="markable_264" span="word_216..word_219" finite="unmarked"  utype="unmarked"  verbed="unmarked"  subject="unmarked" mmax_level="unit" />
<markable id="markable_299" span="word_406..word_411" finite="unmarked"  utype="unmarked"  verbed="unmarked"  subject="unmarked" mmax_level="unit" />
<markable id="markable_226" span="word_42..word_43" finite="unmarked"  utype="unmarked"  verbed="unmarked"  subject="unmarked" mmax_level="unit" />
<markable id="markable_305" span="word_424..word_428" finite="unmarked"  utype="unmarked"  verbed="unmarked"  subject="unmarked" mmax_level="unit" />
<markable id="markable_296" span="word_398..word_411" finite="unmarked"  utype="unmarked"  verbed="unmarked"  subject="unmarked" mmax_level="unit" />
<markable id="markable_298" span="word_403..word_404" finite="unmarked"  utype="unmarked"  verbed="unmarked"  subject="unmarked" mmax_level="unit" />
<markable id="markable_223" span="word_29..word_35" finite="unmarked"  utype="unmarked"  verbed="unmarked"  subject="unmarked" mmax_level="unit" />
<markable id="markable_279" span="word_307..word_311" finite="unmarked"  utype="unmarked"  verbed="unmarked"  subject="unmarked" mmax_level="unit" />
<markable id="markable_268" span="word_241..word_242" finite="unmarked"  utype="unmarked"  verbed="unmarked"  subject="unmarked" mmax_level="unit" />
<markable id="markable_219" span="word_5..word_20" finite="unmarked"  utype="unmarked"  verbed="unmarked"  subject="unmarked" mmax_level="unit" />
<markable id="markable_238" span="word_89..word_90" finite="unmarked"  utype="unmarked"  verbed="unmarked"  subject="unmarked" mmax_level="unit" />
<markable id="markable_297" span="word_399..word_404" finite="unmarked"  utype="unmarked"  verbed="unmarked"  subject="unmarked" mmax_level="unit" />
<markable id="markable_302" span="word_413..word_416" finite="unmarked"  utype="unmarked"  verbed="unmarked"  subject="unmarked" mmax_level="unit" />
<markable id="markable_224" span="word_36..word_43" finite="unmarked"  utype="unmarked"  verbed="unmarked"  subject="unmarked" mmax_level="unit" />
<markable id="markable_267" span="word_240..word_242" finite="unmarked"  utype="unmarked"  verbed="unmarked"  subject="unmarked" mmax_level="unit" />
<markable id="markable_254" span="word_167..word_170" finite="unmarked"  utype="unmarked"  verbed="unmarked"  subject="unmarked" mmax_level="unit" />
<markable id="markable_235" span="word_77..word_83" finite="unmarked"  utype="unmarked"  verbed="unmarked"  subject="unmarked" mmax_level="unit" />
</markables>