<?xml version="1.0" encoding="MacRoman"?>
<!DOCTYPE markables SYSTEM "markables.dtd">
<markables xmlns="www.eml.org/NameSpaces/chunk">
<markable id="markable_0" span="word_1..word_2" tag="np" mmax_level="chunk" />
<markable id="markable_1" span="word_4" tag="np" mmax_level="chunk" />
<markable id="markable_2" span="word_6" tag="np" mmax_level="chunk" />
<markable id="markable_3" span="word_8..word_9" tag="np" mmax_level="chunk" />
<markable id="markable_4" span="word_10..word_12" tag="np" mmax_level="chunk" />
<markable id="markable_5" span="word_14..word_16" tag="np" mmax_level="chunk" />
<markable id="markable_6" span="word_20..word_23" tag="np" mmax_level="chunk" />
<markable id="markable_7" span="word_26" tag="np" mmax_level="chunk" />
<markable id="markable_8" span="word_28..word_30" tag="np" mmax_level="chunk" />
<markable id="markable_9" span="word_31..word_32" tag="np" mmax_level="chunk" />
<markable id="markable_10" span="word_33" tag="np" mmax_level="chunk" />
<markable id="markable_11" span="word_35" tag="np" mmax_level="chunk" />
<markable id="markable_12" span="word_37..word_39" tag="np" mmax_level="chunk" />
<markable id="markable_13" span="word_41" tag="np" mmax_level="chunk" />
<markable id="markable_14" span="word_45" tag="np" mmax_level="chunk" />
<markable id="markable_15" span="word_47..word_48" tag="np" mmax_level="chunk" />
<markable id="markable_16" span="word_50" tag="np" mmax_level="chunk" />
<markable id="markable_17" span="word_52" tag="np" mmax_level="chunk" />
<markable id="markable_18" span="word_56" tag="np" mmax_level="chunk" />
<markable id="markable_19" span="word_59" tag="np" mmax_level="chunk" />
<markable id="markable_20" span="word_61" tag="np" mmax_level="chunk" />
<markable id="markable_21" span="word_67..word_68" tag="np" mmax_level="chunk" />
<markable id="markable_22" span="word_70" tag="np" mmax_level="chunk" />
<markable id="markable_23" span="word_73" tag="np" mmax_level="chunk" />
<markable id="markable_24" span="word_75" tag="np" mmax_level="chunk" />
<markable id="markable_25" span="word_76..word_78" tag="np" mmax_level="chunk" />
<markable id="markable_26" span="word_79..word_80" tag="np" mmax_level="chunk" />
<markable id="markable_27" span="word_82" tag="np" mmax_level="chunk" />
<markable id="markable_28" span="word_90..word_91" tag="np" mmax_level="chunk" />
<markable id="markable_29" span="word_93..word_94" tag="np" mmax_level="chunk" />
<markable id="markable_30" span="word_96" tag="np" mmax_level="chunk" />
<markable id="markable_31" span="word_98" tag="np" mmax_level="chunk" />
<markable id="markable_32" span="word_100..word_103" tag="np" mmax_level="chunk" />
<markable id="markable_33" span="word_106" tag="np" mmax_level="chunk" />
<markable id="markable_34" span="word_108..word_109" tag="np" mmax_level="chunk" />
<markable id="markable_35" span="word_112" tag="np" mmax_level="chunk" />
<markable id="markable_36" span="word_115" tag="np" mmax_level="chunk" />
<markable id="markable_37" span="word_120" tag="np" mmax_level="chunk" />
<markable id="markable_38" span="word_122" tag="np" mmax_level="chunk" />
<markable id="markable_39" span="word_123" tag="np" mmax_level="chunk" />
<markable id="markable_40" span="word_130..word_132" tag="np" mmax_level="chunk" />
<markable id="markable_41" span="word_135" tag="np" mmax_level="chunk" />
<markable id="markable_42" span="word_137" tag="np" mmax_level="chunk" />
<markable id="markable_43" span="word_139" tag="np" mmax_level="chunk" />
<markable id="markable_44" span="word_143" tag="np" mmax_level="chunk" />
<markable id="markable_45" span="word_145..word_147" tag="np" mmax_level="chunk" />
<markable id="markable_46" span="word_148" tag="np" mmax_level="chunk" />
<markable id="markable_47" span="word_152..word_154" tag="np" mmax_level="chunk" />
<markable id="markable_48" span="word_157" tag="np" mmax_level="chunk" />
<markable id="markable_49" span="word_159..word_160" tag="np" mmax_level="chunk" />
<markable id="markable_50" span="word_161" tag="np" mmax_level="chunk" />
<markable id="markable_51" span="word_166" tag="np" mmax_level="chunk" />
<markable id="markable_52" span="word_169" tag="np" mmax_level="chunk" />
<markable id="markable_53" span="word_171..word_172" tag="np" mmax_level="chunk" />
<markable id="markable_54" span="word_173" tag="np" mmax_level="chunk" />
<markable id="markable_55" span="word_178" tag="np" mmax_level="chunk" />
<markable id="markable_56" span="word_181" tag="np" mmax_level="chunk" />
<markable id="markable_57" span="word_184..word_185" tag="np" mmax_level="chunk" />
<markable id="markable_58" span="word_187..word_188" tag="np" mmax_level="chunk" />
<markable id="markable_59" span="word_190..word_192" tag="np" mmax_level="chunk" />
<markable id="markable_60" span="word_199..word_200" tag="np" mmax_level="chunk" />
<markable id="markable_61" span="word_202..word_203" tag="np" mmax_level="chunk" />
<markable id="markable_62" span="word_209..word_210" tag="np" mmax_level="chunk" />
<markable id="markable_63" span="word_213..word_215" tag="np" mmax_level="chunk" />
<markable id="markable_64" span="word_221..word_223" tag="np" mmax_level="chunk" />
<markable id="markable_65" span="word_227..word_228" tag="np" mmax_level="chunk" />
<markable id="markable_66" span="word_235" tag="np" mmax_level="chunk" />
<markable id="markable_67" span="word_239" tag="np" mmax_level="chunk" />
<markable id="markable_68" span="word_242..word_247" tag="np" mmax_level="chunk" />
<markable id="markable_69" span="word_249..word_251" tag="np" mmax_level="chunk" />
<markable id="markable_70" span="word_253" tag="np" mmax_level="chunk" />
<markable id="markable_71" span="word_259..word_260" tag="np" mmax_level="chunk" />
<markable id="markable_72" span="word_262..word_263" tag="np" mmax_level="chunk" />
<markable id="markable_73" span="word_265..word_266" tag="np" mmax_level="chunk" />
<markable id="markable_74" span="word_269..word_270" tag="np" mmax_level="chunk" />
<markable id="markable_75" span="word_271" tag="np" mmax_level="chunk" />
<markable id="markable_76" span="word_274..word_276" tag="np" mmax_level="chunk" />
<markable id="markable_77" span="word_279..word_280" tag="np" mmax_level="chunk" />
<markable id="markable_78" span="word_282..word_284" tag="np" mmax_level="chunk" />
<markable id="markable_79" span="word_287" tag="np" mmax_level="chunk" />
<markable id="markable_80" span="word_292..word_293" tag="np" mmax_level="chunk" />
<markable id="markable_81" span="word_295..word_296" tag="np" mmax_level="chunk" />
<markable id="markable_82" span="word_303..word_304" tag="np" mmax_level="chunk" />
<markable id="markable_83" span="word_309" tag="np" mmax_level="chunk" />
<markable id="markable_84" span="word_313" tag="np" mmax_level="chunk" />
<markable id="markable_85" span="word_315..word_317" tag="np" mmax_level="chunk" />
<markable id="markable_86" span="word_319..word_320" tag="np" mmax_level="chunk" />
<markable id="markable_87" span="word_323..word_324" tag="np" mmax_level="chunk" />
<markable id="markable_88" span="word_329" tag="np" mmax_level="chunk" />
<markable id="markable_89" span="word_331..word_332" tag="np" mmax_level="chunk" />
<markable id="markable_90" span="word_334..word_335" tag="np" mmax_level="chunk" />
<markable id="markable_91" span="word_336..word_337" tag="np" mmax_level="chunk" />
<markable id="markable_92" span="word_338" tag="np" mmax_level="chunk" />
<markable id="markable_93" span="word_340..word_341" tag="np" mmax_level="chunk" />
<markable id="markable_94" span="word_343..word_344" tag="np" mmax_level="chunk" />
<markable id="markable_95" span="word_346" tag="np" mmax_level="chunk" />
<markable id="markable_96" span="word_353" tag="np" mmax_level="chunk" />
<markable id="markable_97" span="word_359" tag="np" mmax_level="chunk" />
<markable id="markable_98" span="word_361..word_362" tag="np" mmax_level="chunk" />
<markable id="markable_99" span="word_365" tag="np" mmax_level="chunk" />
<markable id="markable_100" span="word_374" tag="np" mmax_level="chunk" />
<markable id="markable_101" span="word_376" tag="np" mmax_level="chunk" />
<markable id="markable_102" span="word_378" tag="np" mmax_level="chunk" />
<markable id="markable_103" span="word_379..word_380" tag="np" mmax_level="chunk" />
<markable id="markable_104" span="word_385..word_387" tag="np" mmax_level="chunk" />
<markable id="markable_105" span="word_389..word_390" tag="np" mmax_level="chunk" />
<markable id="markable_106" span="word_392..word_394" tag="np" mmax_level="chunk" />
<markable id="markable_107" span="word_396..word_398" tag="np" mmax_level="chunk" />
<markable id="markable_108" span="word_399" tag="np" mmax_level="chunk" />
<markable id="markable_109" span="word_403" tag="np" mmax_level="chunk" />
<markable id="markable_110" span="word_407" tag="np" mmax_level="chunk" />
<markable id="markable_111" span="word_409" tag="np" mmax_level="chunk" />
<markable id="markable_112" span="word_413" tag="np" mmax_level="chunk" />
<markable id="markable_113" span="word_414" tag="np" mmax_level="chunk" />
<markable id="markable_114" span="word_417" tag="np" mmax_level="chunk" />
<markable id="markable_115" span="word_422..word_423" tag="np" mmax_level="chunk" />
<markable id="markable_116" span="word_425" tag="np" mmax_level="chunk" />
<markable id="markable_117" span="word_428..word_429" tag="np" mmax_level="chunk" />
<markable id="markable_118" span="word_431" tag="np" mmax_level="chunk" />
<markable id="markable_119" span="word_435..word_436" tag="np" mmax_level="chunk" />
<markable id="markable_120" span="word_437" tag="np" mmax_level="chunk" />
<markable id="markable_121" span="word_442" tag="np" mmax_level="chunk" />
<markable id="markable_122" span="word_445..word_446" tag="np" mmax_level="chunk" />
<markable id="markable_123" span="word_447" tag="np" mmax_level="chunk" />
<markable id="markable_124" span="word_451..word_452" tag="np" mmax_level="chunk" />
<markable id="markable_125" span="word_456" tag="np" mmax_level="chunk" />
<markable id="markable_126" span="word_458" tag="np" mmax_level="chunk" />
<markable id="markable_127" span="word_461..word_462" tag="np" mmax_level="chunk" />
<markable id="markable_128" span="word_464..word_465" tag="np" mmax_level="chunk" />
<markable id="markable_129" span="word_466" tag="np" mmax_level="chunk" />
<markable id="markable_130" span="word_468" tag="np" mmax_level="chunk" />
<markable id="markable_131" span="word_473..word_474" tag="np" mmax_level="chunk" />
<markable id="markable_132" span="word_476..word_477" tag="np" mmax_level="chunk" />
<markable id="markable_133" span="word_478" tag="np" mmax_level="chunk" />
<markable id="markable_134" span="word_482" tag="np" mmax_level="chunk" />
<markable id="markable_135" span="word_486..word_488" tag="np" mmax_level="chunk" />
<markable id="markable_136" span="word_490" tag="np" mmax_level="chunk" />
<markable id="markable_137" span="word_492" tag="np" mmax_level="chunk" />
<markable id="markable_138" span="word_496..word_497" tag="np" mmax_level="chunk" />
<markable id="markable_139" span="word_500..word_501" tag="np" mmax_level="chunk" />
<markable id="markable_140" span="word_505" tag="np" mmax_level="chunk" />
<markable id="markable_141" span="word_508" tag="np" mmax_level="chunk" />
<markable id="markable_142" span="word_510..word_511" tag="np" mmax_level="chunk" />
<markable id="markable_143" span="word_513" tag="np" mmax_level="chunk" />
<markable id="markable_144" span="word_516..word_517" tag="np" mmax_level="chunk" />
<markable id="markable_145" span="word_520..word_521" tag="np" mmax_level="chunk" />
<markable id="markable_146" span="word_523" tag="np" mmax_level="chunk" />
<markable id="markable_147" span="word_525" tag="np" mmax_level="chunk" />
<markable id="markable_148" span="word_527..word_529" tag="np" mmax_level="chunk" />
<markable id="markable_149" span="word_532..word_533" tag="np" mmax_level="chunk" />
<markable id="markable_150" span="word_537..word_538" tag="np" mmax_level="chunk" />
<markable id="markable_151" span="word_541..word_542" tag="np" mmax_level="chunk" />
<markable id="markable_152" span="word_547" tag="np" mmax_level="chunk" />
<markable id="markable_153" span="word_551..word_553" tag="np" mmax_level="chunk" />
<markable id="markable_154" span="word_558..word_559" tag="np" mmax_level="chunk" />
<markable id="markable_155" span="word_562..word_563" tag="np" mmax_level="chunk" />
<markable id="markable_156" span="word_568..word_569" tag="np" mmax_level="chunk" />
<markable id="markable_157" span="word_575" tag="np" mmax_level="chunk" />
<markable id="markable_158" span="word_577" tag="np" mmax_level="chunk" />
<markable id="markable_159" span="word_578" tag="np" mmax_level="chunk" />
<markable id="markable_160" span="word_581..word_582" tag="np" mmax_level="chunk" />
<markable id="markable_161" span="word_584" tag="np" mmax_level="chunk" />
<markable id="markable_162" span="word_586..word_588" tag="np" mmax_level="chunk" />
<markable id="markable_163" span="word_593..word_595" tag="np" mmax_level="chunk" />
<markable id="markable_164" span="word_596..word_597" tag="np" mmax_level="chunk" />
<markable id="markable_165" span="word_599" tag="np" mmax_level="chunk" />
<markable id="markable_166" span="word_609" tag="np" mmax_level="chunk" />
<markable id="markable_167" span="word_611" tag="np" mmax_level="chunk" />
<markable id="markable_168" span="word_614" tag="np" mmax_level="chunk" />
<markable id="markable_169" span="word_616..word_618" tag="np" mmax_level="chunk" />
<markable id="markable_170" span="word_620" tag="np" mmax_level="chunk" />
<markable id="markable_171" span="word_622" tag="np" mmax_level="chunk" />
<markable id="markable_172" span="word_626" tag="np" mmax_level="chunk" />
<markable id="markable_173" span="word_627" tag="np" mmax_level="chunk" />
<markable id="markable_174" span="word_631" tag="np" mmax_level="chunk" />
<markable id="markable_175" span="word_634" tag="np" mmax_level="chunk" />
<markable id="markable_176" span="word_639" tag="np" mmax_level="chunk" />
<markable id="markable_177" span="word_643" tag="np" mmax_level="chunk" />
<markable id="markable_178" span="word_647" tag="np" mmax_level="chunk" />
<markable id="markable_179" span="word_649" tag="np" mmax_level="chunk" />
<markable id="markable_180" span="word_651" tag="np" mmax_level="chunk" />
<markable id="markable_181" span="word_655" tag="np" mmax_level="chunk" />
<markable id="markable_182" span="word_658" tag="np" mmax_level="chunk" />
</markables>
