<?xml version="1.0" encoding="MacRoman"?>
<!DOCTYPE markables SYSTEM "markables.dtd">
<markables xmlns="www.eml.org/NameSpaces/sentence">
<markable id="markable_0" span="word_1..word_2" orderid="0" mmax_level="sentence" />
<markable id="markable_1" span="word_3" orderid="1" mmax_level="sentence" />
<markable id="markable_2" span="word_4" orderid="2" mmax_level="sentence" />
<markable id="markable_3" span="word_5..word_20" orderid="3" mmax_level="sentence" />
<markable id="markable_4" span="word_21..word_24" orderid="4" mmax_level="sentence" />
<markable id="markable_5" span="word_25..word_28" orderid="5" mmax_level="sentence" />
<markable id="markable_6" span="word_29..word_35" orderid="6" mmax_level="sentence" />
<markable id="markable_7" span="word_36..word_43" orderid="7" mmax_level="sentence" />
<markable id="markable_8" span="word_44..word_48" orderid="8" mmax_level="sentence" />
<markable id="markable_9" span="word_49..word_59" orderid="9" mmax_level="sentence" />
<markable id="markable_10" span="word_60..word_68" orderid="10" mmax_level="sentence" />
<markable id="markable_11" span="word_69..word_76" orderid="11" mmax_level="sentence" />
<markable id="markable_12" span="word_77..word_83" orderid="12" mmax_level="sentence" />
<markable id="markable_13" span="word_84..word_92" orderid="13" mmax_level="sentence" />
<markable id="markable_14" span="word_93..word_102" orderid="14" mmax_level="sentence" />
<markable id="markable_15" span="word_103..word_107" orderid="15" mmax_level="sentence" />
<markable id="markable_16" span="word_108..word_114" orderid="16" mmax_level="sentence" />
<markable id="markable_17" span="word_115..word_124" orderid="17" mmax_level="sentence" />
<markable id="markable_18" span="word_125..word_129" orderid="18" mmax_level="sentence" />
<markable id="markable_19" span="word_130..word_134" orderid="19" mmax_level="sentence" />
<markable id="markable_20" span="word_135..word_138" orderid="20" mmax_level="sentence" />
<markable id="markable_21" span="word_139..word_143" orderid="21" mmax_level="sentence" />
<markable id="markable_22" span="word_144..word_146" orderid="22" mmax_level="sentence" />
<markable id="markable_23" span="word_147" orderid="23" mmax_level="sentence" />
<markable id="markable_24" span="word_148..word_152" orderid="24" mmax_level="sentence" />
<markable id="markable_25" span="word_153" orderid="25" mmax_level="sentence" />
<markable id="markable_26" span="word_154..word_158" orderid="26" mmax_level="sentence" />
<markable id="markable_27" span="word_159..word_165" orderid="27" mmax_level="sentence" />
<markable id="markable_28" span="word_166..word_170" orderid="28" mmax_level="sentence" />
<markable id="markable_29" span="word_171..word_172" orderid="29" mmax_level="sentence" />
<markable id="markable_30" span="word_173..word_175" orderid="30" mmax_level="sentence" />
<markable id="markable_31" span="word_176..word_184" orderid="31" mmax_level="sentence" />
<markable id="markable_32" span="word_185..word_190" orderid="32" mmax_level="sentence" />
<markable id="markable_33" span="word_191..word_192" orderid="33" mmax_level="sentence" />
<markable id="markable_34" span="word_193..word_201" orderid="34" mmax_level="sentence" />
<markable id="markable_35" span="word_202..word_209" orderid="35" mmax_level="sentence" />
<markable id="markable_36" span="word_210..word_212" orderid="36" mmax_level="sentence" />
<markable id="markable_37" span="word_213..word_219" orderid="37" mmax_level="sentence" />
<markable id="markable_38" span="word_220..word_227" orderid="38" mmax_level="sentence" />
<markable id="markable_39" span="word_228..word_239" orderid="39" mmax_level="sentence" />
<markable id="markable_40" span="word_240..word_242" orderid="40" mmax_level="sentence" />
<markable id="markable_41" span="word_243..word_246" orderid="41" mmax_level="sentence" />
<markable id="markable_42" span="word_247..word_256" orderid="42" mmax_level="sentence" />
<markable id="markable_43" span="word_257..word_268" orderid="43" mmax_level="sentence" />
<markable id="markable_44" span="word_269..word_270" orderid="44" mmax_level="sentence" />
<markable id="markable_45" span="word_271..word_274" orderid="45" mmax_level="sentence" />
<markable id="markable_46" span="word_275..word_280" orderid="46" mmax_level="sentence" />
<markable id="markable_47" span="word_281..word_285" orderid="47" mmax_level="sentence" />
<markable id="markable_48" span="word_286..word_291" orderid="48" mmax_level="sentence" />
<markable id="markable_49" span="word_292..word_297" orderid="49" mmax_level="sentence" />
<markable id="markable_50" span="word_298..word_306" orderid="50" mmax_level="sentence" />
<markable id="markable_51" span="word_307..word_311" orderid="51" mmax_level="sentence" />
<markable id="markable_52" span="word_312..word_316" orderid="52" mmax_level="sentence" />
<markable id="markable_53" span="word_317..word_319" orderid="53" mmax_level="sentence" />
<markable id="markable_54" span="word_320..word_327" orderid="54" mmax_level="sentence" />
<markable id="markable_55" span="word_328..word_345" orderid="55" mmax_level="sentence" />
<markable id="markable_56" span="word_346..word_350" orderid="56" mmax_level="sentence" />
<markable id="markable_57" span="word_351..word_354" orderid="57" mmax_level="sentence" />
<markable id="markable_58" span="word_355..word_361" orderid="58" mmax_level="sentence" />
<markable id="markable_59" span="word_362..word_366" orderid="59" mmax_level="sentence" />
<markable id="markable_60" span="word_367..word_371" orderid="60" mmax_level="sentence" />
<markable id="markable_61" span="word_372..word_381" orderid="61" mmax_level="sentence" />
<markable id="markable_62" span="word_382..word_397" orderid="62" mmax_level="sentence" />
<markable id="markable_63" span="word_398..word_411" orderid="63" mmax_level="sentence" />
<markable id="markable_64" span="word_412..word_416" orderid="64" mmax_level="sentence" />
<markable id="markable_65" span="word_417..word_420" orderid="65" mmax_level="sentence" />
<markable id="markable_66" span="word_421..word_423" orderid="66" mmax_level="sentence" />
<markable id="markable_67" span="word_424..word_428" orderid="67" mmax_level="sentence" />
<markable id="markable_68" span="word_429..word_434" orderid="68" mmax_level="sentence" />
<markable id="markable_69" span="word_435..word_437" orderid="69" mmax_level="sentence" />
</markables>
