<?xml version="1.0" encoding="US-ASCII"?>
<!DOCTYPE markables SYSTEM "markables.dtd">
<markables xmlns="www.eml.org/NameSpaces/section">
<markable id="markable_1" span="word_1..word_2" tag="text" mmax_level="section" />
<markable id="markable_2" span="word_3..word_3" tag="text" mmax_level="section" />
<markable id="markable_3" span="word_4..word_7" tag="text" mmax_level="section" />
<markable id="markable_4" span="word_8..word_14" tag="text" mmax_level="section" />
<markable id="markable_5" span="word_15..word_15" tag="text" mmax_level="section" />
<markable id="markable_6" span="word_16..word_26" tag="text" mmax_level="section" />
<markable id="markable_7" span="word_27..word_32" tag="text" mmax_level="section" />
<markable id="markable_8" span="word_33..word_37" tag="text" mmax_level="section" />
<markable id="markable_9" span="word_38..word_45" tag="text" mmax_level="section" />
<markable id="markable_10" span="word_46..word_50" tag="text" mmax_level="section" />
<markable id="markable_11" span="word_51..word_58" tag="text" mmax_level="section" />
<markable id="markable_12" span="word_59..word_67" tag="text" mmax_level="section" />
<markable id="markable_13" span="word_68..word_76" tag="text" mmax_level="section" />
<markable id="markable_14" span="word_77..word_92" tag="text" mmax_level="section" />
<markable id="markable_15" span="word_93..word_106" tag="text" mmax_level="section" />
<markable id="markable_16" span="word_107..word_115" tag="text" mmax_level="section" />
<markable id="markable_17" span="word_116..word_122" tag="text" mmax_level="section" />
<markable id="markable_18" span="word_123..word_125" tag="text" mmax_level="section" />
<markable id="markable_19" span="word_126..word_154" tag="text" mmax_level="section" />
<markable id="markable_20" span="word_155..word_164" tag="text" mmax_level="section" />
<markable id="markable_21" span="word_165..word_172" tag="text" mmax_level="section" />
<markable id="markable_22" span="word_173..word_184" tag="text" mmax_level="section" />
<markable id="markable_23" span="word_185..word_191" tag="text" mmax_level="section" />
<markable id="markable_24" span="word_192..word_198" tag="text" mmax_level="section" />
<markable id="markable_25" span="word_199..word_203" tag="text" mmax_level="section" />
<markable id="markable_26" span="word_204..word_210" tag="text" mmax_level="section" />
<markable id="markable_27" span="word_211..word_220" tag="text" mmax_level="section" />
<markable id="markable_28" span="word_221..word_226" tag="text" mmax_level="section" />
<markable id="markable_29" span="word_227..word_230" tag="text" mmax_level="section" />
<markable id="markable_30" span="word_231..word_233" tag="text" mmax_level="section" />
<markable id="markable_31" span="word_234..word_245" tag="text" mmax_level="section" />
<markable id="markable_32" span="word_246..word_264" tag="text" mmax_level="section" />
<markable id="markable_33" span="word_265..word_269" tag="text" mmax_level="section" />
<markable id="markable_34" span="word_270..word_280" tag="text" mmax_level="section" />
<markable id="markable_35" span="word_281..word_291" tag="text" mmax_level="section" />
<markable id="markable_36" span="word_292..word_296" tag="text" mmax_level="section" />
<markable id="markable_37" span="word_297..word_310" tag="text" mmax_level="section" />
<markable id="markable_38" span="word_311..word_317" tag="text" mmax_level="section" />
<markable id="markable_39" span="word_318..word_325" tag="text" mmax_level="section" />
<markable id="markable_40" span="word_326..word_329" tag="text" mmax_level="section" />
<markable id="markable_41" span="word_330..word_336" tag="text" mmax_level="section" />
<markable id="markable_42" span="word_337..word_339" tag="text" mmax_level="section" />
<markable id="markable_43" span="word_340..word_352" tag="text" mmax_level="section" />
<markable id="markable_44" span="word_353..word_367" tag="text" mmax_level="section" />
<markable id="markable_45" span="word_368..word_383" tag="text" mmax_level="section" />
<markable id="markable_46" span="word_384..word_390" tag="text" mmax_level="section" />
<markable id="markable_47" span="word_391..word_402" tag="text" mmax_level="section" />
<markable id="markable_48" span="word_403..word_412" tag="text" mmax_level="section" />
<markable id="markable_49" span="word_413..word_415" tag="text" mmax_level="section" />
<markable id="markable_50" span="word_416..word_426" tag="text" mmax_level="section" />
<markable id="markable_51" span="word_427..word_432" tag="text" mmax_level="section" />
<markable id="markable_52" span="word_433..word_438" tag="text" mmax_level="section" />
<markable id="markable_53" span="word_439..word_443" tag="text" mmax_level="section" />
<markable id="markable_54" span="word_444..word_447" tag="text" mmax_level="section" />
<markable id="markable_55" span="word_448..word_454" tag="text" mmax_level="section" />
<markable id="markable_56" span="word_455..word_485" tag="text" mmax_level="section" />
<markable id="markable_57" span="word_486..word_493" tag="text" mmax_level="section" />
<markable id="markable_58" span="word_494..word_508" tag="text" mmax_level="section" />
<markable id="markable_59" span="word_509..word_519" tag="text" mmax_level="section" />
<markable id="markable_60" span="word_520..word_528" tag="text" mmax_level="section" />
<markable id="markable_61" span="word_529..word_532" tag="text" mmax_level="section" />
<markable id="markable_62" span="word_533..word_535" tag="text" mmax_level="section" />
<markable id="markable_63" span="word_536..word_538" tag="text" mmax_level="section" />
<markable id="markable_64" span="word_539..word_544" tag="text" mmax_level="section" />
<markable id="markable_65" span="word_545..word_553" tag="text" mmax_level="section" />
<markable id="markable_66" span="word_554..word_564" tag="text" mmax_level="section" />
<markable id="markable_67" span="word_565..word_568" tag="text" mmax_level="section" />
<markable id="markable_68" span="word_569..word_570" tag="text" mmax_level="section" />
<markable id="markable_69" span="word_571..word_576" tag="text" mmax_level="section" />
<markable id="markable_70" span="word_577..word_585" tag="text" mmax_level="section" />
<markable id="markable_71" span="word_586..word_589" tag="text" mmax_level="section" />
<markable id="markable_72" span="word_590..word_593" tag="text" mmax_level="section" />
<markable id="markable_73" span="word_594..word_596" tag="text" mmax_level="section" />
<markable id="markable_74" span="word_597..word_601" tag="text" mmax_level="section" />
<markable id="markable_75" span="word_602..word_612" tag="text" mmax_level="section" />
<markable id="markable_76" span="word_613..word_615" tag="text" mmax_level="section" />
<markable id="markable_77" span="word_616..word_619" tag="text" mmax_level="section" />
<markable id="markable_78" span="word_620..word_628" tag="text" mmax_level="section" />
<markable id="markable_79" span="word_629..word_630" tag="text" mmax_level="section" />
<markable id="markable_80" span="word_631..word_631" tag="text" mmax_level="section" />
<markable id="markable_81" span="word_632..word_639" tag="text" mmax_level="section" />
<markable id="markable_82" span="word_640..word_648" tag="text" mmax_level="section" />
<markable id="markable_83" span="word_649..word_654" tag="text" mmax_level="section" />
<markable id="markable_84" span="word_655..word_665" tag="text" mmax_level="section" />
<markable id="markable_85" span="word_666..word_677" tag="text" mmax_level="section" />
<markable id="markable_86" span="word_678..word_682" tag="text" mmax_level="section" />
<markable id="markable_87" span="word_683..word_692" tag="text" mmax_level="section" />
<markable id="markable_88" span="word_693..word_700" tag="text" mmax_level="section" />
<markable id="markable_89" span="word_701..word_703" tag="text" mmax_level="section" />
<markable id="markable_90" span="word_704..word_706" tag="text" mmax_level="section" />
<markable id="markable_91" span="word_707..word_712" tag="text" mmax_level="section" />
<markable id="markable_92" span="word_713..word_714" tag="text" mmax_level="section" />
<markable id="markable_93" span="word_715..word_718" tag="text" mmax_level="section" />
<markable id="markable_94" span="word_719..word_721" tag="text" mmax_level="section" />
<markable id="markable_95" span="word_722..word_730" tag="text" mmax_level="section" />
<markable id="markable_96" span="word_731..word_731" tag="text" mmax_level="section" />
<markable id="markable_97" span="word_732..word_735" tag="text" mmax_level="section" />
<markable id="markable_98" span="word_736..word_746" tag="text" mmax_level="section" />
<markable id="markable_99" span="word_747..word_749" tag="text" mmax_level="section" />
<markable id="markable_100" span="word_750..word_759" tag="text" mmax_level="section" />
<markable id="markable_101" span="word_760..word_769" tag="text" mmax_level="section" />
<markable id="markable_102" span="word_770..word_779" tag="text" mmax_level="section" />
<markable id="markable_103" span="word_780..word_783" tag="text" mmax_level="section" />
<markable id="markable_104" span="word_784..word_787" tag="text" mmax_level="section" />
<markable id="markable_105" span="word_788..word_789" tag="text" mmax_level="section" />
<markable id="markable_106" span="word_790..word_794" tag="text" mmax_level="section" />
<markable id="markable_107" span="word_795..word_799" tag="text" mmax_level="section" />
<markable id="markable_108" span="word_800..word_805" tag="text" mmax_level="section" />
<markable id="markable_109" span="word_806..word_812" tag="text" mmax_level="section" />
<markable id="markable_110" span="word_813..word_825" tag="text" mmax_level="section" />
<markable id="markable_111" span="word_826..word_832" tag="text" mmax_level="section" />
<markable id="markable_112" span="word_833..word_838" tag="text" mmax_level="section" />
<markable id="markable_113" span="word_839..word_843" tag="text" mmax_level="section" />
<markable id="markable_114" span="word_844..word_849" tag="text" mmax_level="section" />
<markable id="markable_115" span="word_850..word_856" tag="text" mmax_level="section" />
<markable id="markable_116" span="word_857..word_859" tag="text" mmax_level="section" />
<markable id="markable_117" span="word_860..word_860" tag="text" mmax_level="section" />
<markable id="markable_118" span="word_861..word_868" tag="text" mmax_level="section" />
<markable id="markable_119" span="word_869..word_874" tag="text" mmax_level="section" />
<markable id="markable_120" span="word_875..word_889" tag="text" mmax_level="section" />
<markable id="markable_121" span="word_890..word_901" tag="text" mmax_level="section" />
<markable id="markable_122" span="word_902..word_904" tag="text" mmax_level="section" />
<markable id="markable_123" span="word_905..word_906" tag="text" mmax_level="section" />
<markable id="markable_124" span="word_907..word_913" tag="text" mmax_level="section" />
<markable id="markable_125" span="word_914..word_927" tag="text" mmax_level="section" />
<markable id="markable_126" span="word_928..word_932" tag="text" mmax_level="section" />
<markable id="markable_127" span="word_933..word_941" tag="text" mmax_level="section" />
<markable id="markable_128" span="word_942..word_952" tag="text" mmax_level="section" />
<markable id="markable_129" span="word_953..word_954" tag="text" mmax_level="section" />
<markable id="markable_130" span="word_955..word_957" tag="text" mmax_level="section" />
<markable id="markable_131" span="word_958..word_969" tag="text" mmax_level="section" />
<markable id="markable_132" span="word_970..word_978" tag="text" mmax_level="section" />
<markable id="markable_133" span="word_979..word_982" tag="text" mmax_level="section" />
<markable id="markable_134" span="word_983..word_984" tag="text" mmax_level="section" />
<markable id="markable_135" span="word_985..word_998" tag="text" mmax_level="section" />
<markable id="markable_136" span="word_999..word_1006" tag="text" mmax_level="section" />
<markable id="markable_137" span="word_1007..word_1008" tag="text" mmax_level="section" />
<markable id="markable_138" span="word_1009..word_1016" tag="text" mmax_level="section" />
<markable id="markable_139" span="word_1017..word_1019" tag="text" mmax_level="section" />
<markable id="markable_140" span="word_1020..word_1020" tag="text" mmax_level="section" />
<markable id="markable_141" span="word_1021..word_1026" tag="text" mmax_level="section" />
<markable id="markable_142" span="word_1027..word_1036" tag="text" mmax_level="section" />
<markable id="markable_143" span="word_1037..word_1042" tag="text" mmax_level="section" />
<markable id="markable_144" span="word_1043..word_1047" tag="text" mmax_level="section" />
<markable id="markable_145" span="word_1048..word_1054" tag="text" mmax_level="section" />
<markable id="markable_146" span="word_1055..word_1058" tag="text" mmax_level="section" />
</markables>
