<?xml version="1.0" encoding="US-ASCII"?>
<!DOCTYPE markables SYSTEM "markables.dtd">
<markables xmlns="www.eml.org/NameSpaces/coref">
<markable id="markable_224" span="word_8..word_12" min_ids="word_8" generic="generic-no"  person="per3"  related_object="no"  gram_fnc="obj"  number="sing"   reference="new"  category="abstract"  mmax_level="coref"  gender="neut"  min_words="what" coref_set="set_14" />
<markable id="markable_46" span="word_11..word_12" generic="generic-no"  person="per3"  related_object="no"  gram_fnc="adjunct"  number="sing"  object="movie"   reference="new"  category="abstract"  mmax_level="coref"  gender="neut"  min_ids="word_12"  min_words="movie" coref_set="set_15" />
<markable id="markable_48" span="word_15..word_16" generic="generic-no"  person="per3"  related_object="no"  gram_fnc="subj"  number="sing"  object="man"   reference="new"  category="person"  mmax_level="coref"  gender="masc"  min_ids="word_16"  min_words="man" coref_set="set_4" />
<markable id="markable_49" span="word_19" generic="generic-yes"  person="per3"  related_object="no"  gram_fnc="obj"  number="plur"  object="pears"   reference="new"  category="concrete"  mmax_level="coref"  gender="neut"  min_ids="word_19"  min_words="pears" coref_set="set_9" />
<markable id="markable_225" span="word_21..word_25" min_ids="word_21" generic="generic-no"  person="per3"  related_object="no"  gram_fnc="adjunct"  number="sing"   reference="new"  category="concrete"  mmax_level="coref"  gender="neut"  min_words="what" coref_set="set_16" />
<markable id="markable_50" span="word_25" person="per3"  non_ref_type="predicate"  mmax_level="coref"  gram_fnc="predicate"  gender="neut"  number="sing"  min_ids="word_25"   reference="non_referring"  min_words="orchard" coref_set="set_17" />
<markable id="markable_51" span="word_30" generic="generic-no"  person="per3"  related_object="no"  gram_fnc="subj"  number="sing"  object="unknown person"   reference="new"  category="person"  mmax_level="coref"  gender="undersp-gen"  min_ids="word_30"  min_words="someone" coref_set="set_1" />
<markable id="markable_52" span="word_34" generic="generic-no"  person="per3"  related_object="no"  ambiguity="unambiguous"  gram_fnc="subj"  number="sing"  object="unknown person"   reference="old"  phrase_antecedent="single_phrase"  category="person"  mmax_level="coref"  ref_type="phrase"  gender="undersp-gen"  min_ids="word_34"  single_phrase_antecedent="markable_51"  min_words="someone" coref_set="set_1" />
<markable id="markable_53" span="word_38..word_42" generic="generic-no"  person="per3"  related_object="no"  gram_fnc="adjunct"  number="sing"  object="kid"   reference="new"  category="person"  mmax_level="coref"  gender="undersp-gen"  min_ids="word_39"  min_words="kid" coref_set="set_2" />
<markable id="markable_54" span="word_41..word_42" generic="generic-no"  person="per3"  related_object="no"  gram_fnc="adjunct"  number="sing"  object="bicycle"   reference="new"  category="concrete"  mmax_level="coref"  gender="neut"  min_ids="word_42"  min_words="bicycle" coref_set="set_3" />
<markable id="markable_55" span="word_44" generic="generic-no"  person="per1"  related_object="no"  gram_fnc="subj"  number="sing"  object="speaker"   reference="new"  category="person"  mmax_level="coref"  gender="undersp-gen"  min_ids="word_44"  min_words="i" coref_set="set_12" />
<markable id="markable_226" span="word_48..word_50" min_ids="word_48" person="per3"  non_ref_type="quantifier"  mmax_level="coref"  gram_fnc="obj"  gender="neut"  number="sing"   reference="non_referring"  min_words="who" coref_set="set_18" />
<markable id="markable_56" span="word_49" generic="generic-no"  person="per3"  related_object="no"  ambiguity="unambiguous"  gram_fnc="subj"  number="sing"   reference="old"  phrase_antecedent="single_phrase"  category="person"  mmax_level="coref"  ref_type="phrase"  gender="undersp-gen"  min_ids="word_49"  single_phrase_antecedent="markable_52"  min_words="it" coref_set="set_1" />
<markable id="markable_57" span="word_52..word_53" generic="generic-no"  person="per3"  related_object="no"  ambiguity="unambiguous"  gram_fnc="subj"  number="sing"  object="kid"   reference="old"  phrase_antecedent="single_phrase"  category="person"  mmax_level="coref"  ref_type="phrase"  gender="neut"  min_ids="word_53"  single_phrase_antecedent="markable_53"  min_words="kid" coref_set="set_2" />
<markable id="markable_58" span="word_57..word_58" generic="generic-no"  person="per3"  related_object="no"  ambiguity="unambiguous"  gram_fnc="adjunct"  number="sing"  object="bicycle"   reference="old"  phrase_antecedent="single_phrase"  category="concrete"  mmax_level="coref"  ref_type="phrase"  gender="neut"  min_ids="word_58"  single_phrase_antecedent="markable_54"  min_words="bicycle" coref_set="set_3" />
<markable id="markable_59" span="word_61..word_62" generic="generic-no"  person="per3"  related_object="no"  ambiguity="unambiguous"  gram_fnc="obj"  number="sing"  object="bicycle"   reference="old"  phrase_antecedent="single_phrase"  category="concrete"  mmax_level="coref"  ref_type="phrase"  gender="neut"  min_ids="word_62"  single_phrase_antecedent="markable_58"  min_words="bicycle" coref_set="set_3" />
<markable id="markable_60" span="word_65..word_66" generic="generic-no"  person="per3"  related_object="yes"  gram_fnc="obj"  number="sing"  object="tree"   reference="new"  category="concrete"  mmax_level="coref"  related_phrase="markable_49"  gender="neut"  min_ids="word_66"  min_words="tree" coref_set="set_10" />
<markable id="markable_61" span="word_70..word_71" generic="generic-no"  person="per3"  related_object="no"  ambiguity="unambiguous"  gram_fnc="subj"  number="sing"  object="man"   reference="old"  phrase_antecedent="single_phrase"  category="person"  mmax_level="coref"  ref_type="phrase"  gender="masc"  min_ids="word_71"  single_phrase_antecedent="markable_48"  min_words="man" coref_set="set_4" />
<markable id="markable_62" span="word_76" generic="generic-no"  person="per3"  related_object="no"  ambiguity="unambiguous"  gram_fnc="subj"  number="sing"  object="kid"   reference="old"  phrase_antecedent="single_phrase"  category="person"  mmax_level="coref"  ref_type="phrase"  gender="masc"  min_ids="word_76"  single_phrase_antecedent="markable_57"  min_words="he" coref_set="set_2" />
<markable id="markable_63" span="word_81..word_82" generic="generic-no"  person="per3"  related_object="yes"  gram_fnc="obj"  number="sing"  object="pear"   reference="new"  category="concrete"  mmax_level="coref"  related_phrase="markable_49"  gender="neut"  min_ids="word_82"  min_words="pear" coref_set="set_19" />
<markable id="markable_64" span="word_84..word_87" generic="generic-no"  person="per3"  related_object="no"  ambiguity="unambiguous"  gram_fnc="subj"  number="sing"  object="kid"   reference="old"  phrase_antecedent="single_phrase"  category="person"  mmax_level="coref"  ref_type="phrase"  gender="masc"  min_ids="word_84"  single_phrase_antecedent="markable_62"  min_words="he" coref_set="set_2" />
<markable id="markable_67" span="word_90..word_91" generic="generic-no"  person="per3"  related_object="yes"  gram_fnc="obj"  number="sing"  object="basket"   reference="new"  category="concrete"  mmax_level="coref"  related_phrase="markable_49"  gender="neut"  min_ids="word_91"  min_words="basket" coref_set="set_5" />
<markable id="markable_68" span="word_97..word_98" generic="generic-no"  person="per3"  related_object="no"  gram_fnc="adjunct"  number="sing"  object="road"   reference="new"  category="concrete"  mmax_level="coref"  gender="neut"  min_ids="word_98"  min_words="road" coref_set="set_6" />
<markable id="markable_69" span="word_100..word_101" generic="generic-no"  person="per3"  related_object="no"  ambiguity="unambiguous"  gram_fnc="adjunct"  number="sing"  object="bicycle"   reference="old"  phrase_antecedent="single_phrase"  category="concrete"  mmax_level="coref"  ref_type="phrase"  gender="neut"  min_ids="word_101"  single_phrase_antecedent="markable_59"  min_words="bicycle" coref_set="set_3" />
<markable id="markable_70" span="word_103" generic="generic-no"  person="per3"  related_object="no"  ambiguity="unambiguous"  gram_fnc="subj"  number="sing"  object="kid"   reference="old"  phrase_antecedent="single_phrase"  category="person"  mmax_level="coref"  ref_type="phrase"  gender="masc"  min_ids="word_103"  single_phrase_antecedent="markable_64"  min_words="he" coref_set="set_2" />
<markable id="markable_71" span="word_105..word_110" generic="generic-no"  person="per3"  related_object="no"  gram_fnc="obj"  number="sing"  object="little girl"   reference="new"  category="person"  mmax_level="coref"  gender="fem"  min_ids="word_107"  min_words="girl" coref_set="set_20" />
<markable id="markable_73" span="word_109..word_110" generic="generic-no"  person="per3"  related_object="no"  gram_fnc="np-mod"  number="sing"  object="bicycle"   reference="new"  category="concrete"  mmax_level="coref"  gender="neut"  min_ids="word_110"  min_words="bicycle" coref_set="set_21" />
<markable id="markable_74" span="word_113" generic="generic-no"  person="per3"  related_object="yes"  gram_fnc="obj"  number="sing"  object="head"   reference="new"  category="concrete"  mmax_level="coref"  related_phrase="markable_70"  gender="neut"  min_ids="word_113"  min_words="head" coref_set="set_22" />
<markable id="markable_75" span="word_116..word_117" generic="generic-no"  person="per3"  related_object="no"  gram_fnc="obj"  number="sing"  object="rock"   reference="new"  category="concrete"  mmax_level="coref"  gender="neut"  min_ids="word_117"  min_words="rock" coref_set="set_23" />
<markable id="markable_76" span="word_123..word_124" generic="generic-no"  phrase_antecedent_2="single_phrase"  person="per3"  gram_fnc="obj"  ambiguity="ambiguous"  single_phrase_antecedent_2="markable_49"  object="pears"   related_object_2="no"  mmax_level="coref"  ref_type="phrase"  gender="neut"  min_words="pears"  ref_type_2="phrase"  generic_2="generic-no"  related_object="no"  category_2="concrete"  number="plur"  phrase_antecedent="single_phrase"  reference="old"  category="concrete"  min_ids="word_124"  single_phrase_antecedent="markable_67" coref_set="set_5" />
<markable id="markable_77" span="word_127..word_128" generic="generic-no"  person="per3"  related_object="no"  ambiguity="unambiguous"  gram_fnc="adjunct"  number="sing"  object="road"   reference="old"  phrase_antecedent="single_phrase"  category="concrete"  mmax_level="coref"  ref_type="phrase"  gender="neut"  min_ids="word_128"  single_phrase_antecedent="markable_68"  min_words="road" coref_set="set_6" />
<markable id="markable_78" span="word_130..word_131" generic="generic-no"  person="per3"  related_object="no"  gram_fnc="adjunct"  number="sing"  object="meantime"   reference="new"  category="time"  mmax_level="coref"  gender="neut"  min_ids="word_131"  min_words="meantime" coref_set="set_24" />
<markable id="markable_79" span="word_132..word_135" generic="generic-no"  person="per3"  related_object="yes"  gram_fnc="subj"  number="plur"  object="other kids"   reference="new"  category="person"  mmax_level="coref"  related_phrase="markable_70"  gender="neut"  min_ids="word_135"  min_words="kids" coref_set="set_7" />
<markable id="markable_80" span="word_140" generic="generic-no"  person="per3"  related_object="no"  ambiguity="unambiguous"  gram_fnc="obj"  number="sing"  object="kid"   reference="old"  phrase_antecedent="single_phrase"  category="person"  mmax_level="coref"  ref_type="phrase"  gender="masc"  min_ids="word_140"  single_phrase_antecedent="markable_70"  min_words="him" coref_set="set_2" />
<markable id="markable_81" span="word_143..word_144" generic="generic-no"  person="per3"  related_object="no"  ambiguity="unambiguous"  gram_fnc="obj"  number="plur"  object="pears"   reference="old"  phrase_antecedent="single_phrase"  category="concrete"  mmax_level="coref"  ref_type="phrase"  gender="neut"  min_ids="word_144"  single_phrase_antecedent="markable_76"  min_words="pears" coref_set="set_5" />
<markable id="markable_82" span="word_147" generic="generic-no"  person="per3"  related_object="no"  ambiguity="unambiguous"  gram_fnc="obj"  number="sing"  object="kid"   reference="old"  phrase_antecedent="single_phrase"  category="person"  mmax_level="coref"  ref_type="phrase"  gender="masc"  min_ids="word_147"  single_phrase_antecedent="markable_80"  min_words="him" coref_set="set_2" />
<markable id="markable_84" span="word_150..word_153" person="per3"  non_ref_type="idiom"  mmax_level="coref"  gram_fnc="unsure-gf"  gender="neut"  number="sing"  min_ids="word_153"   reference="non_referring"  min_words="thing" coref_set="set_25" />
<markable id="markable_87" span="word_155" generic="generic-no"  person="per3"  related_object="no"  ambiguity="unambiguous"  gram_fnc="subj"  number="sing"  object="kid"   reference="old"  phrase_antecedent="single_phrase"  category="person"  mmax_level="coref"  ref_type="phrase"  gender="masc"  min_ids="word_155"  single_phrase_antecedent="markable_82"  min_words="he" coref_set="set_2" />
<markable id="markable_89" span="word_160..word_162" generic="generic-no"  person="per3"  related_object="yes"  gram_fnc="subj"  number="sing"  object="one of other kids"   reference="new"  category="person"  mmax_level="coref"  related_phrase="markable_79"  gender="undersp-gen"  min_ids="word_160"  min_words="one" coref_set="set_26" />
<markable id="markable_91" span="word_162" generic="generic-no"  person="per3"  related_object="no"  ambiguity="unambiguous"  gram_fnc="np-compl"  number="plur"  object="other kids"   reference="old"  phrase_antecedent="single_phrase"  category="person"  mmax_level="coref"  ref_type="phrase"  gender="neut"  min_ids="word_162"  single_phrase_antecedent="markable_79"  min_words="them" coref_set="set_7" />
<markable id="markable_92" span="word_164" generic="generic-no"  person="per3"  related_object="no"  ambiguity="unambiguous"  gram_fnc="obj"  number="sing"  object="kid"   reference="old"  phrase_antecedent="single_phrase"  category="person"  mmax_level="coref"  ref_type="phrase"  gender="masc"  min_ids="word_164"  single_phrase_antecedent="markable_87"  min_words="him" coref_set="set_2" />
<markable id="markable_93" span="word_166" generic="generic-no"  person="per3"  related_object="no"  ambiguity="unambiguous"  gram_fnc="subj"  number="sing"  object="kid"   reference="old"  phrase_antecedent="single_phrase"  category="person"  mmax_level="coref"  ref_type="phrase"  gender="masc"  min_ids="word_166"  single_phrase_antecedent="markable_92"  min_words="he" coref_set="set_2" />
<markable id="markable_94" span="word_169" generic="generic-no"  person="per3"  related_object="no"  gram_fnc="obj"  number="sing"  object="hat"   reference="new"  category="concrete"  mmax_level="coref"  gender="neut"  min_ids="word_169"  min_words="hat" coref_set="set_8" />
<markable id="markable_95" span="word_172" generic="generic-no"  person="per3"  related_object="no"  ambiguity="unambiguous"  gram_fnc="comp"  number="sing"  object="kid"   reference="old"  phrase_antecedent="single_phrase"  category="person"  mmax_level="coref"  ref_type="phrase"  gender="masc"  min_ids="word_172"  single_phrase_antecedent="markable_93"  min_words="him" coref_set="set_2" />
<markable id="markable_96" span="word_173" generic="generic-no"  person="per3"  related_object="no"  ambiguity="unambiguous"  gram_fnc="obj"  number="sing"  object="hat"   reference="old"  phrase_antecedent="single_phrase"  category="concrete"  mmax_level="coref"  ref_type="phrase"  gender="neut"  min_ids="word_173"  single_phrase_antecedent="markable_94"  min_words="hat" coref_set="set_8" />
<markable id="markable_97" span="word_175" generic="generic-no"  person="per3"  related_object="no"  ambiguity="unambiguous"  gram_fnc="subj"  number="sing"  object="kid"   reference="old"  phrase_antecedent="single_phrase"  category="person"  mmax_level="coref"  ref_type="phrase"  gender="masc"  min_ids="word_175"  single_phrase_antecedent="markable_95"  min_words="he" coref_set="set_2" />
<markable id="markable_98" span="word_177" generic="generic-no"  person="per3"  related_object="no"  ambiguity="unambiguous"  gram_fnc="comp"  number="plur"  object="other kids"   reference="old"  phrase_antecedent="single_phrase"  category="person"  mmax_level="coref"  ref_type="phrase"  gender="undersp-gen"  min_ids="word_177"  single_phrase_antecedent="markable_91"  min_words="them" coref_set="set_7" />
<markable id="markable_101" span="word_179" generic="generic-no"  person="per3"  related_object="no"  ambiguity="unambiguous"  gram_fnc="subj"  number="sing"  object="kid"   reference="old"  phrase_antecedent="single_phrase"  category="person"  mmax_level="coref"  ref_type="phrase"  gender="masc"  min_ids="word_179"  single_phrase_antecedent="markable_97"  min_words="he" coref_set="set_2" />
<markable id="markable_103" span="word_181..word_183" generic="generic-no"  person="per3"  related_object="no"  ambiguity="unambiguous"  gram_fnc="comp"  number="plur"  object="other kids"   reference="old"  phrase_antecedent="single_phrase"  category="person"  mmax_level="coref"  ref_type="phrase"  gender="undersp-gen"  min_ids="word_183"  single_phrase_antecedent="markable_98"  min_words="kids" coref_set="set_7" />
<markable id="markable_105" span="word_185..word_186" generic="generic-no"  person="per3"  related_object="yes"  gram_fnc="obj"  number="sing"  object="pear"   reference="new"  category="concrete"  mmax_level="coref"  related_phrase="markable_81"  gender="neut"  min_ids="word_186"  min_words="pear" coref_set="set_27" />
<markable id="markable_106" span="word_187" generic="generic-no"  person="per3"  related_object="no"  ambiguity="unambiguous"  gram_fnc="subj"  number="plur"  object="other kids"   reference="old"  phrase_antecedent="single_phrase"  category="person"  mmax_level="coref"  ref_type="phrase"  gender="neut"  min_ids="word_187"  single_phrase_antecedent="markable_103"  min_words="they" coref_set="set_7" />
<markable id="markable_107" span="word_192..word_205" generic="generic-no"  person="per3"  related_object="yes"  gram_fnc="adjunct"  number="sing"  object="direction"   reference="new"  category="abstract"  mmax_level="coref"  related_phrase="markable_77"  gender="neut"  min_ids="word_193"  min_words="direction" coref_set="set_28" />
<markable id="markable_111" span="word_196..word_205" generic="generic-no"  person="per3"  related_object="no"  ambiguity="unambiguous"  gram_fnc="adjunct"  number="sing"  object="man"   reference="old"  phrase_antecedent="single_phrase"  category="person"  mmax_level="coref"  ref_type="phrase"  gender="masc"  min_ids="word_197"  single_phrase_antecedent="markable_61"  min_words="man" coref_set="set_4" />
<markable id="markable_112" span="word_201" generic="generic-yes"  person="per3"  related_object="no"  ambiguity="unambiguous"  gram_fnc="obj"  number="plur"  object="pears"   reference="old"  phrase_antecedent="single_phrase"  category="concrete"  mmax_level="coref"  ref_type="phrase"  gender="neut"  min_ids="word_201"  single_phrase_antecedent="markable_49"  min_words="pears" coref_set="set_9" />
<markable id="markable_113" span="word_203..word_205" generic="generic-no"  person="per3"  related_object="no"  ambiguity="unambiguous"  gram_fnc="adjunct"  number="sing"  object="pear tree"   reference="old"  phrase_antecedent="single_phrase"  category="concrete"  mmax_level="coref"  ref_type="phrase"  gender="neut"  min_ids="word_205"  single_phrase_antecedent="markable_60"  min_words="tree" coref_set="set_10" />
<markable id="markable_227" span="word_204" min_ids="word_204" generic="generic-yes"  person="per3"  related_object="no"  ambiguity="unambiguous"  gram_fnc="np-mod"  number="sing"   reference="old"  phrase_antecedent="single_phrase"  category="concrete"  mmax_level="coref"  ref_type="phrase"  gender="neut"  single_phrase_antecedent="markable_112"  min_words="pear" coref_set="set_9" />
<markable id="markable_114" span="word_208..word_224" generic="generic-no"  person="per3"  related_object="no"  gram_fnc="adjunct"  number="sing"  object="time"   reference="new"  category="time"  mmax_level="coref"  gender="neut"  min_ids="word_209"  min_words="time" coref_set="set_29" />
<markable id="markable_115" span="word_210" generic="generic-no"  person="per3"  related_object="no"  ambiguity="unambiguous"  gram_fnc="subj"  number="sing"  object="man"   reference="old"  phrase_antecedent="single_phrase"  category="person"  mmax_level="coref"  ref_type="phrase"  gender="masc"  min_ids="word_210"  single_phrase_antecedent="markable_111"  min_words="he" coref_set="set_4" />
<markable id="markable_116" span="word_213..word_215" generic="generic-no"  person="per3"  related_object="no"  ambiguity="unambiguous"  gram_fnc="adjunct"  number="sing"  object="pear tree"   reference="old"  phrase_antecedent="single_phrase"  category="concrete"  mmax_level="coref"  ref_type="phrase"  gender="neut"  min_ids="word_215"  single_phrase_antecedent="markable_113"  min_words="tree" coref_set="set_10" />
<markable id="markable_229" span="word_214" min_ids="word_214" generic="generic-yes"  person="per3"  related_object="no"  ambiguity="unambiguous"  gram_fnc="np-mod"  number="sing"   reference="old"  phrase_antecedent="single_phrase"  category="concrete"  mmax_level="coref"  ref_type="phrase"  gender="neut"  single_phrase_antecedent="markable_227"  min_words="pear" coref_set="set_9" />
<markable id="markable_118" span="word_219..word_222" generic="generic-no"  person="per3"  related_object="no"  ambiguity="unambiguous"  gram_fnc="subj"  number="sing"  object="basket"   reference="old"  phrase_antecedent="single_phrase"  category="concrete"  mmax_level="coref"  ref_type="phrase"  gender="neut"  min_ids="word_220"  single_phrase_antecedent="markable_67"  min_words="basket" coref_set="set_5" />
<markable id="markable_120" span="word_222" generic="generic-yes"  person="per3"  related_object="no"  ambiguity="unambiguous"  gram_fnc="np-compl"  number="plur"  object="pears"   reference="old"  phrase_antecedent="single_phrase"  category="concrete"  mmax_level="coref"  ref_type="phrase"  gender="neut"  min_ids="word_222"  single_phrase_antecedent="markable_229"  min_words="pears" coref_set="set_9" />
<markable id="markable_121" span="word_225" generic="generic-no"  person="per3"  related_object="no"  ambiguity="unambiguous"  gram_fnc="subj"  number="sing"  object="man"   reference="old"  phrase_antecedent="single_phrase"  category="person"  mmax_level="coref"  ref_type="phrase"  gender="masc"  min_ids="word_225"  single_phrase_antecedent="markable_115"  min_words="he" coref_set="set_4" />
<markable id="markable_122" span="word_227..word_231" generic="generic-no"  person="per3"  related_object="no"  ambiguity="unambiguous"  gram_fnc="obj"  number="plur"  object="other kids"   reference="old"  phrase_antecedent="single_phrase"  category="person"  mmax_level="coref"  ref_type="phrase"  gender="neut"  min_ids="word_229"  single_phrase_antecedent="markable_106"  min_words="kids" coref_set="set_7" />
<markable id="markable_219" span="word_231" generic="generic-no"  person="per3"  related_object="yes"  gram_fnc="obj"  number="plur"  object="pears"   reference="new"  category="concrete"  mmax_level="coref"  related_phrase="markable_105"  gender="neut"  min_ids="word_231"  min_words="pears" coref_set="set_11" />
<markable id="markable_123" span="word_233" generic="generic-no"  person="per3"  related_object="no"  ambiguity="unambiguous"  gram_fnc="subj"  number="plur"  object="other kids"   reference="old"  phrase_antecedent="single_phrase"  category="person"  mmax_level="coref"  ref_type="phrase"  gender="neut"  min_ids="word_233"  single_phrase_antecedent="markable_122"  min_words="they" coref_set="set_7" />
<markable id="markable_124" span="word_237..word_238" generic="generic-no"  person="per3"  related_object="no"  ambiguity="unambiguous"  gram_fnc="adjunct"  number="sing"  object="road"   reference="old"  phrase_antecedent="single_phrase"  category="concrete"  mmax_level="coref"  ref_type="phrase"  gender="neut"  min_ids="word_238"  single_phrase_antecedent="markable_77"  min_words="road" coref_set="set_6" />
<markable id="markable_125" span="word_240..word_241" generic="generic-no"  person="per3"  related_object="no"  gram_fnc="adjunct"  number="sing"  object="reason"   reference="new"  category="abstract"  mmax_level="coref"  gender="neut"  min_ids="word_241"  min_words="reason" coref_set="set_30" />
<markable id="markable_126" span="word_242" generic="generic-no"  person="per3"  related_object="no"  ambiguity="unambiguous"  gram_fnc="subj"  number="sing"  object="man"   reference="old"  phrase_antecedent="single_phrase"  category="person"  mmax_level="coref"  ref_type="phrase"  gender="masc"  min_ids="word_242"  single_phrase_antecedent="markable_121"  min_words="he" coref_set="set_4" />
<markable id="markable_127" span="word_246" generic="generic-no"  person="per3"  related_object="no"  ambiguity="unambiguous"  gram_fnc="obj"  number="plur"  object="other kids"   reference="old"  phrase_antecedent="single_phrase"  category="person"  mmax_level="coref"  ref_type="phrase"  gender="undersp-gen"  min_ids="word_246"  single_phrase_antecedent="markable_123"  min_words="them" coref_set="set_7" />
<markable id="markable_128" span="word_249" generic="generic-no"  person="per3"  related_object="no"  ambiguity="unambiguous"  gram_fnc="comp"  number="sing"  object="other kids"   reference="old"  phrase_antecedent="single_phrase"  category="person"  mmax_level="coref"  ref_type="phrase"  gender="undersp-gen"  min_ids="word_249"  single_phrase_antecedent="markable_127"  min_words="them" coref_set="set_7" />
<markable id="markable_230" span="word_250..word_254" min_ids="word_250" person="per3"  non_ref_type="quantifier"  mmax_level="coref"  gram_fnc="obj"  gender="neut"  number="undersp-num"   reference="non_referring"  min_words="where" coref_set="set_31" />
<markable id="markable_129" span="word_251" generic="generic-no"  person="per3"  related_object="no"  ambiguity="unambiguous"  gram_fnc="subj"  number="sing"  object="other kids"   reference="old"  phrase_antecedent="single_phrase"  category="person"  mmax_level="coref"  ref_type="phrase"  gender="undersp-gen"  min_ids="word_251"  single_phrase_antecedent="markable_128"  min_words="they" coref_set="set_7" />
<markable id="markable_130" span="word_253..word_254" generic="generic-no"  person="per3"  related_object="no"  ambiguity="unambiguous"  gram_fnc="obj"  number="plur"  object="pears"   reference="old"  phrase_antecedent="single_phrase"  category="concrete"  mmax_level="coref"  ref_type="phrase"  gender="neut"  min_ids="word_254"  single_phrase_antecedent="markable_219"  min_words="pears" coref_set="set_11" />
<markable id="markable_131" span="word_256" generic="generic-no"  person="per3"  related_object="no"  gram_fnc="subj"  ambiguity="unambiguous"  number="sing"   reference="old"  segment_antecedent="unit:markable_203;unit:markable_206;unit:markable_208"  category="abstract"  mmax_level="coref"  ref_type="segment"  gender="neut"  min_ids="word_256"  min_words="that" coref_set="set_13" />
<markable id="markable_132" span="word_257" person="per3"  non_ref_type="expletive"  mmax_level="coref"  gram_fnc="obj"  gender="neut"  number="sing"  min_ids="word_257"   reference="non_referring"  min_words="it" coref_set="set_32" />
<markable id="markable_133" span="word_258" generic="generic-no"  person="per1"  related_object="no"  ambiguity="unambiguous"  gram_fnc="subj"  number="sing"  object="speaker"   reference="old"  phrase_antecedent="single_phrase"  category="person"  mmax_level="coref"  ref_type="phrase"  gender="undersp-gen"  min_ids="word_258"  single_phrase_antecedent="markable_55"  min_words="i" coref_set="set_12" />
<markable id="markable_134" span="word_260" generic="generic-no"  person="per3"  related_object="no"  ambiguity="unambiguous"  gram_fnc="subj"  number="sing"  object="man notices missing basket see kids eating pears leaves them alone"   reference="old"  phrase_antecedent="single_phrase"  category="abstract"  mmax_level="coref"  ref_type="phrase"  gender="neut"  min_ids="word_260"  single_phrase_antecedent="markable_131"  min_words="that" coref_set="set_13" />
<markable id="markable_135" span="word_262" person="per3"  non_ref_type="expletive"  mmax_level="coref"  gram_fnc="obj"  gender="neut"  number="sing"  min_ids="word_262"   reference="non_referring"  min_words="it" coref_set="set_33" />
<markable id="markable_136" span="word_263" generic="generic-no"  person="per3"  related_object="no"  gram_fnc="subj"  ambiguity="unambiguous"  number="sing"   reference="old"  segment_antecedent="unit:markable_153;unit:markable_161;unit:markable_221;unit:markable_222;unit:markable_223"  category="abstract"  mmax_level="coref"  ref_type="segment"  gender="neut"  min_ids="word_263"  min_words="that" coref_set="set_34" />
<markable id="markable_137" span="word_265..word_267" person="per3"  non_ref_type="predicate"  mmax_level="coref"  gram_fnc="predicate"  gender="neut"  number="sing"  min_ids="word_265"   reference="non_referring"  min_words="all" coref_set="set_35" />
<markable id="markable_139" span="word_266" generic="generic-no"  person="per1"  related_object="no"  ambiguity="unambiguous"  gram_fnc="subj"  number="sing"  object="speaker"   reference="old"  phrase_antecedent="single_phrase"  category="person"  mmax_level="coref"  ref_type="phrase"  gender="undersp-gen"  min_ids="word_266"  single_phrase_antecedent="markable_133"  min_words="i" coref_set="set_12" />
<markable id="markable_141" span="word_272" generic="operator-modal"  person="per1"  related_object="no"  ambiguity="unambiguous"  gram_fnc="obj"  number="sing"  object="speaker"   reference="old"  phrase_antecedent="single_phrase"  category="person"  mmax_level="coref"  ref_type="phrase"  gender="undersp-gen"  min_ids="word_272"  single_phrase_antecedent="markable_139"  min_words="me" coref_set="set_12" />
<markable id="markable_142" span="word_273..word_275" generic="generic-no"  person="per3"  related_object="no"  gram_fnc="adjunct"  number="plur"  object="ten minutes"   reference="new"  category="time"  mmax_level="coref"  gender="neut"  min_ids="word_274"  min_words="minutes" coref_set="set_36" />
<markable id="markable_143" span="word_277" generic="generic-no"  person="per1"  related_object="no"  ambiguity="unambiguous"  gram_fnc="subj"  number="sing"  object="speaker"   reference="old"  phrase_antecedent="single_phrase"  category="person"  mmax_level="coref"  ref_type="phrase"  gender="undersp-gen"  min_ids="word_277"  single_phrase_antecedent="markable_141"  min_words="i" coref_set="set_12" />
<markable id="markable_231" span="word_279..word_289" min_ids="word_279" generic="generic-no"  person="per3"  related_object="no"  ambiguity="unambiguous"  gram_fnc="obj"  number="sing"   reference="old"  phrase_antecedent="single_phrase"  category="person"  mmax_level="coref"  ref_type="phrase"  gender="undersp-gen"  single_phrase_antecedent="markable_56"  min_words="who" coref_set="set_1" />
<markable id="markable_145" span="word_282..word_283" generic="generic-no"  person="per3"  related_object="no"  ambiguity="unambiguous"  gram_fnc="obj"  number="sing"  object="man"   reference="old"  phrase_antecedent="single_phrase"  category="person"  mmax_level="coref"  ref_type="phrase"  gender="masc"  min_ids="word_283"  single_phrase_antecedent="markable_126"  min_words="man" coref_set="set_4" />
<markable id="markable_146" span="word_285..word_289" generic="generic-no"  person="per3"  related_object="no"  ambiguity="unambiguous"  gram_fnc="subj"  number="sing"  object="kid"   reference="old"  phrase_antecedent="single_phrase"  category="person"  mmax_level="coref"  ref_type="phrase"  gender="masc"  min_ids="word_286"  single_phrase_antecedent="markable_101"  min_words="kid" coref_set="set_2" />
<markable id="markable_148" span="word_288..word_289" generic="generic-no"  person="per3"  related_object="no"  ambiguity="unambiguous"  gram_fnc="np-mod"  number="sing"  object="bicycle"   reference="old"  phrase_antecedent="single_phrase"  category="concrete"  mmax_level="coref"  ref_type="phrase"  gender="neut"  min_ids="word_289"  single_phrase_antecedent="markable_69"  min_words="bicycle" coref_set="set_3" />
<markable id="markable_149" span="word_290" generic="generic-no"  person="per1"  related_object="no"  ambiguity="unambiguous"  gram_fnc="subj"  number="sing"  object="speaker"   reference="old"  phrase_antecedent="single_phrase"  category="person"  mmax_level="coref"  ref_type="phrase"  gender="undersp-gen"  min_ids="word_290"  single_phrase_antecedent="markable_143"  min_words="i" coref_set="set_12" />
</markables>
