<?xml version="1.0" encoding="MacRoman"?>
<!DOCTYPE markables SYSTEM "markables.dtd">
<markables xmlns="www.eml.org/NameSpaces/morph">
<markable id="markable_0" span="word_1" lemma="speaker" mmax_level="morph" />
<markable id="markable_1" span="word_2" lemma="4" mmax_level="morph" />
<markable id="markable_2" span="word_3" lemma="okay" mmax_level="morph" />
<markable id="markable_3" span="word_4" lemma="the" mmax_level="morph" />
<markable id="markable_4" span="word_5" lemma="movie" mmax_level="morph" />
<markable id="markable_5" span="word_6" lemma="seem" mmax_level="morph" />
<markable id="markable_6" span="word_7" lemma="very" mmax_level="morph" />
<markable id="markable_7" span="word_8" lemma="sound" mmax_level="morph" />
<markable id="markable_8" span="word_9" lemma="oriented" mmax_level="morph" />
<markable id="markable_9" span="word_10" lemma="even" mmax_level="morph" />
<markable id="markable_10" span="word_11" lemma="though" mmax_level="morph" />
<markable id="markable_11" span="word_12" lemma="there" mmax_level="morph" />
<markable id="markable_12" span="word_13" lemma="be" mmax_level="morph" />
<markable id="markable_13" span="word_14" lemma="not" mmax_level="morph" />
<markable id="markable_14" span="word_15" lemma="there" mmax_level="morph" />
<markable id="markable_15" span="word_16" lemma="be" mmax_level="morph" />
<markable id="markable_16" span="word_17" lemma="no" mmax_level="morph" />
<markable id="markable_17" span="word_18" lemma="dialogue" mmax_level="morph" />
<markable id="markable_18" span="word_19" lemma="and" mmax_level="morph" />
<markable id="markable_19" span="word_20" lemma="the" mmax_level="morph" />
<markable id="markable_20" span="word_21" lemma="first" mmax_level="morph" />
<markable id="markable_21" span="word_22" lemma="thing" mmax_level="morph" />
<markable id="markable_22" span="word_23" lemma="i" mmax_level="morph" />
<markable id="markable_23" span="word_24" lemma="notice" mmax_level="morph" />
<markable id="markable_24" span="word_25" lemma="be" mmax_level="morph" />
<markable id="markable_25" span="word_26" lemma="the" mmax_level="morph" />
<markable id="markable_26" span="word_27" lemma="sound" mmax_level="morph" />
<markable id="markable_27" span="word_28" lemma="of" mmax_level="morph" />
<markable id="markable_28" span="word_29" lemma="the" mmax_level="morph" />
<markable id="markable_29" span="word_30" lemma="man" mmax_level="morph" />
<markable id="markable_30" span="word_31" lemma="pick" mmax_level="morph" />
<markable id="markable_31" span="word_32" lemma="pear" mmax_level="morph" />
<markable id="markable_32" span="word_33" lemma="and" mmax_level="morph" />
<markable id="markable_33" span="word_34" lemma="of" mmax_level="morph" />
<markable id="markable_34" span="word_35" lemma="course" mmax_level="morph" />
<markable id="markable_35" span="word_36" lemma="there" mmax_level="morph" />
<markable id="markable_36" span="word_37" lemma="be" mmax_level="morph" />
<markable id="markable_37" span="word_38" lemma="a" mmax_level="morph" />
<markable id="markable_38" span="word_39" lemma="a" mmax_level="morph" />
<markable id="markable_39" span="word_40" lemma="man" mmax_level="morph" />
<markable id="markable_40" span="word_41" lemma="there" mmax_level="morph" />
<markable id="markable_41" span="word_42" lemma="standing" mmax_level="morph" />
<markable id="markable_42" span="word_43" lemma="on" mmax_level="morph" />
<markable id="markable_43" span="word_44" lemma="a" mmax_level="morph" />
<markable id="markable_44" span="word_45" lemma="ladder" mmax_level="morph" />
<markable id="markable_45" span="word_46" lemma="in" mmax_level="morph" />
<markable id="markable_46" span="word_47" lemma="a" mmax_level="morph" />
<markable id="markable_47" span="word_48" lemma="pear" mmax_level="morph" />
<markable id="markable_48" span="word_49" lemma="tree" mmax_level="morph" />
<markable id="markable_49" span="word_50" lemma="and" mmax_level="morph" />
<markable id="markable_50" span="word_51" lemma="it" mmax_level="morph" />
<markable id="markable_51" span="word_52" lemma="be" mmax_level="morph" />
<markable id="markable_52" span="word_53" lemma="very" mmax_level="morph" />
<markable id="markable_53" span="word_54" lemma="visual" mmax_level="morph" />
<markable id="markable_54" span="word_55" lemma="but" mmax_level="morph" />
<markable id="markable_55" span="word_56" lemma="you" mmax_level="morph" />
<markable id="markable_56" span="word_57" lemma="k" mmax_level="morph" />
<markable id="markable_57" span="word_58" lemma="you" mmax_level="morph" />
<markable id="markable_58" span="word_59" lemma="kind" mmax_level="morph" />
<markable id="markable_59" span="word_60" lemma="of" mmax_level="morph" />
<markable id="markable_60" span="word_61" lemma="notice" mmax_level="morph" />
<markable id="markable_61" span="word_62" lemma="the" mmax_level="morph" />
<markable id="markable_62" span="word_63" lemma="sound" mmax_level="morph" />
<markable id="markable_63" span="word_64" lemma="more" mmax_level="morph" />
<markable id="markable_64" span="word_65" lemma="than" mmax_level="morph" />
<markable id="markable_65" span="word_66" lemma="what" mmax_level="morph" />
<markable id="markable_66" span="word_67" lemma="you" mmax_level="morph" />
<markable id="markable_67" span="word_68" lemma="be" mmax_level="morph" />
<markable id="markable_68" span="word_69" lemma="see" mmax_level="morph" />
<markable id="markable_69" span="word_70" lemma="and" mmax_level="morph" />
<markable id="markable_70" span="word_71" lemma="then" mmax_level="morph" />
<markable id="markable_71" span="word_72" lemma="he" mmax_level="morph" />
<markable id="markable_72" span="word_73" lemma="drop" mmax_level="morph" />
<markable id="markable_73" span="word_74" lemma="a" mmax_level="morph" />
<markable id="markable_74" span="word_75" lemma="pear" mmax_level="morph" />
<markable id="markable_75" span="word_76" lemma="and" mmax_level="morph" />
<markable id="markable_76" span="word_77" lemma="i" mmax_level="morph" />
<markable id="markable_77" span="word_78" lemma="hear" mmax_level="morph" />
<markable id="markable_78" span="word_79" lemma="it" mmax_level="morph" />
<markable id="markable_79" span="word_80" lemma="drop" mmax_level="morph" />
<markable id="markable_80" span="word_81" lemma="and" mmax_level="morph" />
<markable id="markable_81" span="word_82" lemma="he" mmax_level="morph" />
<markable id="markable_82" span="word_83" lemma="walk" mmax_level="morph" />
<markable id="markable_83" span="word_84" lemma="down" mmax_level="morph" />
<markable id="markable_84" span="word_85" lemma="the" mmax_level="morph" />
<markable id="markable_85" span="word_86" lemma="ladder" mmax_level="morph" />
<markable id="markable_86" span="word_87" lemma="and" mmax_level="morph" />
<markable id="markable_87" span="word_88" lemma="he" mmax_level="morph" />
<markable id="markable_88" span="word_89" lemma="empty" mmax_level="morph" />
<markable id="markable_89" span="word_90" lemma="pear" mmax_level="morph" />
<markable id="markable_90" span="word_91" lemma="into" mmax_level="morph" />
<markable id="markable_91" span="word_92" lemma="basket" mmax_level="morph" />
<markable id="markable_92" span="word_93" lemma="and" mmax_level="morph" />
<markable id="markable_93" span="word_94" lemma="i" mmax_level="morph" />
<markable id="markable_94" span="word_95" lemma="hear" mmax_level="morph" />
<markable id="markable_95" span="word_96" lemma="the" mmax_level="morph" />
<markable id="markable_96" span="word_97" lemma="pear" mmax_level="morph" />
<markable id="markable_97" span="word_98" lemma="be" mmax_level="morph" />
<markable id="markable_98" span="word_99" lemma="empty" mmax_level="morph" />
<markable id="markable_99" span="word_100" lemma="into" mmax_level="morph" />
<markable id="markable_100" span="word_101" lemma="the" mmax_level="morph" />
<markable id="markable_101" span="word_102" lemma="basket" mmax_level="morph" />
<markable id="markable_102" span="word_103" lemma="and" mmax_level="morph" />
<markable id="markable_103" span="word_104" lemma="when" mmax_level="morph" />
<markable id="markable_104" span="word_105" lemma="he" mmax_level="morph" />
<markable id="markable_105" span="word_106" lemma="walk" mmax_level="morph" />
<markable id="markable_106" span="word_107" lemma="backup" mmax_level="morph" />
<markable id="markable_107" span="word_108" lemma="i" mmax_level="morph" />
<markable id="markable_108" span="word_109" lemma="hear" mmax_level="morph" />
<markable id="markable_109" span="word_110" lemma="the" mmax_level="morph" />
<markable id="markable_110" span="word_111" lemma="ladder" mmax_level="morph" />
<markable id="markable_111" span="word_112" lemma="creak" mmax_level="morph" />
<markable id="markable_112" span="word_113" lemma="as" mmax_level="morph" />
<markable id="markable_113" span="word_114" lemma="he" mmax_level="morph" />
<markable id="markable_114" span="word_115" lemma="step" mmax_level="morph" />
<markable id="markable_115" span="word_116" lemma="on" mmax_level="morph" />
<markable id="markable_116" span="word_117" lemma="each" mmax_level="morph" />
<markable id="markable_117" span="word_118" lemma="rung" mmax_level="morph" />
<markable id="markable_118" span="word_119" lemma="and" mmax_level="morph" />
<markable id="markable_119" span="word_120" lemma="before" mmax_level="morph" />
<markable id="markable_120" span="word_121" lemma="the" mmax_level="morph" />
<markable id="markable_121" span="word_122" lemma="film" mmax_level="morph" />
<markable id="markable_122" span="word_123" lemma="start" mmax_level="morph" />
<markable id="markable_123" span="word_124" lemma="see" mmax_level="morph" />
<markable id="markable_124" span="word_125" lemma="there" mmax_level="morph" />
<markable id="markable_125" span="word_126" lemma="be" mmax_level="morph" />
<markable id="markable_126" span="word_127" lemma="a" mmax_level="morph" />
<markable id="markable_127" span="word_128" lemma="rooster" mmax_level="morph" />
<markable id="markable_128" span="word_129" lemma="crowing" mmax_level="morph" />
<markable id="markable_129" span="word_130" lemma="so" mmax_level="morph" />
<markable id="markable_130" span="word_131" lemma="immediately" mmax_level="morph" />
<markable id="markable_131" span="word_132" lemma="i" mmax_level="morph" />
<markable id="markable_132" span="word_133" lemma="feel" mmax_level="morph" />
<markable id="markable_133" span="word_134" lemma="that" mmax_level="morph" />
<markable id="markable_134" span="word_135" lemma="it" mmax_level="morph" />
<markable id="markable_135" span="word_136" lemma="be" mmax_level="morph" />
<markable id="markable_136" span="word_137" lemma="go" mmax_level="morph" />
<markable id="markable_137" span="word_138" lemma="to" mmax_level="morph" />
<markable id="markable_138" span="word_139" lemma="be" mmax_level="morph" />
<markable id="markable_139" span="word_140" lemma="sort" mmax_level="morph" />
<markable id="markable_140" span="word_141" lemma="of" mmax_level="morph" />
<markable id="markable_141" span="word_142" lemma="a" mmax_level="morph" />
<markable id="markable_142" span="word_143" lemma="film" mmax_level="morph" />
<markable id="markable_143" span="word_144" lemma="orient" mmax_level="morph" />
<markable id="markable_144" span="word_145" lemma="towards" mmax_level="morph" />
<markable id="markable_145" span="word_146" lemma="hear" mmax_level="morph" />
<markable id="markable_146" span="word_147" lemma="rather" mmax_level="morph" />
<markable id="markable_147" span="word_148" lemma="than" mmax_level="morph" />
<markable id="markable_148" span="word_149" lemma="a" mmax_level="morph" />
<markable id="markable_149" span="word_150" lemma="visually" mmax_level="morph" />
<markable id="markable_150" span="word_151" lemma="orient" mmax_level="morph" />
<markable id="markable_151" span="word_152" lemma="film" mmax_level="morph" />
<markable id="markable_152" span="word_153" lemma="and" mmax_level="morph" />
<markable id="markable_153" span="word_154" lemma="later" mmax_level="morph" />
<markable id="markable_154" span="word_155" lemma="on" mmax_level="morph" />
<markable id="markable_155" span="word_156" lemma="as" mmax_level="morph" />
<markable id="markable_156" span="word_157" lemma="he" mmax_level="morph" />
<markable id="markable_157" span="word_158" lemma="be" mmax_level="morph" />
<markable id="markable_158" span="word_159" lemma="pick" mmax_level="morph" />
<markable id="markable_159" span="word_160" lemma="pear" mmax_level="morph" />
<markable id="markable_160" span="word_161" lemma="a" mmax_level="morph" />
<markable id="markable_161" span="word_162" lemma="man" mmax_level="morph" />
<markable id="markable_162" span="word_163" lemma="come" mmax_level="morph" />
<markable id="markable_163" span="word_164" lemma="along" mmax_level="morph" />
<markable id="markable_164" span="word_165" lemma="with" mmax_level="morph" />
<markable id="markable_165" span="word_166" lemma="a" mmax_level="morph" />
<markable id="markable_166" span="word_167" lemma="goat" mmax_level="morph" />
<markable id="markable_167" span="word_168" lemma="and" mmax_level="morph" />
<markable id="markable_168" span="word_169" lemma="the" mmax_level="morph" />
<markable id="markable_169" span="word_170" lemma="goat" mmax_level="morph" />
<markable id="markable_170" span="word_171" lemma="be" mmax_level="morph" />
<markable id="markable_171" span="word_172" lemma="bahy" mmax_level="morph" />
<markable id="markable_172" span="word_173" lemma="or" mmax_level="morph" />
<markable id="markable_173" span="word_174" lemma="whatever" mmax_level="morph" />
<markable id="markable_174" span="word_175" lemma="goat" mmax_level="morph" />
<markable id="markable_175" span="word_176" lemma="do" mmax_level="morph" />
<markable id="markable_176" span="word_177" lemma="what" mmax_level="morph" />
<markable id="markable_177" span="word_178" lemma="do" mmax_level="morph" />
<markable id="markable_178" span="word_179" lemma="goat" mmax_level="morph" />
<markable id="markable_179" span="word_180" lemma="do" mmax_level="morph" />
<markable id="markable_180" span="word_181" lemma="baeing" mmax_level="morph" />
<markable id="markable_181" span="word_182" lemma="hrnm" mmax_level="morph" />
<markable id="markable_182" span="word_183" lemma="bae" mmax_level="morph" />
<markable id="markable_183" span="word_184" lemma="and" mmax_level="morph" />
<markable id="markable_184" span="word_185" lemma="then" mmax_level="morph" />
<markable id="markable_185" span="word_186" lemma="i" mmax_level="morph" />
<markable id="markable_186" span="word_187" lemma="hear" mmax_level="morph" />
<markable id="markable_187" span="word_188" lemma="the" mmax_level="morph" />
<markable id="markable_188" span="word_189" lemma="bell" mmax_level="morph" />
<markable id="markable_189" span="word_190" lemma="on" mmax_level="morph" />
<markable id="markable_190" span="word_191" lemma="the" mmax_level="morph" />
<markable id="markable_191" span="word_192" lemma="goat" mmax_level="morph" />
<markable id="markable_192" span="word_193" lemma="'s" mmax_level="morph" />
<markable id="markable_193" span="word_194" lemma="neck" mmax_level="morph" />
<markable id="markable_194" span="word_195" lemma="and" mmax_level="morph" />
<markable id="markable_195" span="word_196" lemma="someone" mmax_level="morph" />
<markable id="markable_196" span="word_197" lemma="let" mmax_level="morph" />
<markable id="markable_197" span="word_198" lemma="'s" mmax_level="morph" />
<markable id="markable_198" span="word_199" lemma="see" mmax_level="morph" />
<markable id="markable_199" span="word_200" lemma="someone" mmax_level="morph" />
<markable id="markable_200" span="word_201" lemma="come" mmax_level="morph" />
<markable id="markable_201" span="word_202" lemma="by" mmax_level="morph" />
<markable id="markable_202" span="word_203" lemma="on" mmax_level="morph" />
<markable id="markable_203" span="word_204" lemma="a" mmax_level="morph" />
<markable id="markable_204" span="word_205" lemma="bicycle" mmax_level="morph" />
<markable id="markable_205" span="word_206" lemma="you" mmax_level="morph" />
<markable id="markable_206" span="word_207" lemma="could" mmax_level="morph" />
<markable id="markable_207" span="word_208" lemma="hear" mmax_level="morph" />
<markable id="markable_208" span="word_209" lemma="the" mmax_level="morph" />
<markable id="markable_209" span="word_210" lemma="bicycle" mmax_level="morph" />
<markable id="markable_210" span="word_211" lemma="wheel" mmax_level="morph" />
<markable id="markable_211" span="word_212" lemma="go" mmax_level="morph" />
<markable id="markable_212" span="word_213" lemma="round" mmax_level="morph" />
<markable id="markable_213" span="word_214" lemma="and" mmax_level="morph" />
<markable id="markable_214" span="word_215" lemma="someone" mmax_level="morph" />
<markable id="markable_215" span="word_216" lemma="stop" mmax_level="morph" />
<markable id="markable_216" span="word_217" lemma="and" mmax_level="morph" />
<markable id="markable_217" span="word_218" lemma="pick" mmax_level="morph" />
<markable id="markable_218" span="word_219" lemma="up" mmax_level="morph" />
<markable id="markable_219" span="word_220" lemma="a" mmax_level="morph" />
<markable id="markable_220" span="word_221" lemma="basket" mmax_level="morph" />
<markable id="markable_221" span="word_222" lemma="of" mmax_level="morph" />
<markable id="markable_222" span="word_223" lemma="pear" mmax_level="morph" />
<markable id="markable_223" span="word_224" lemma="that" mmax_level="morph" />
<markable id="markable_224" span="word_225" lemma="the" mmax_level="morph" />
<markable id="markable_225" span="word_226" lemma="man" mmax_level="morph" />
<markable id="markable_226" span="word_227" lemma="have" mmax_level="morph" />
<markable id="markable_227" span="word_228" lemma="pick" mmax_level="morph" />
<markable id="markable_228" span="word_229" lemma="and" mmax_level="morph" />
<markable id="markable_229" span="word_230" lemma="while" mmax_level="morph" />
<markable id="markable_230" span="word_231" lemma="he" mmax_level="morph" />
<markable id="markable_231" span="word_232" lemma="be" mmax_level="morph" />
<markable id="markable_232" span="word_233" lemma="not" mmax_level="morph" />
<markable id="markable_233" span="word_234" lemma="look" mmax_level="morph" />
<markable id="markable_234" span="word_235" lemma="take" mmax_level="morph" />
<markable id="markable_235" span="word_236" lemma="the" mmax_level="morph" />
<markable id="markable_236" span="word_237" lemma="whole" mmax_level="morph" />
<markable id="markable_237" span="word_238" lemma="basket" mmax_level="morph" />
<markable id="markable_238" span="word_239" lemma="away" mmax_level="morph" />
<markable id="markable_239" span="word_240" lemma="on" mmax_level="morph" />
<markable id="markable_240" span="word_241" lemma="bicycle" mmax_level="morph" />
<markable id="markable_241" span="word_242" lemma="so" mmax_level="morph" />
<markable id="markable_242" span="word_243" lemma="he" mmax_level="morph" />
<markable id="markable_243" span="word_244" lemma="be" mmax_level="morph" />
<markable id="markable_244" span="word_245" lemma="go" mmax_level="morph" />
<markable id="markable_245" span="word_246" lemma="down" mmax_level="morph" />
<markable id="markable_246" span="word_247" lemma="the" mmax_level="morph" />
<markable id="markable_247" span="word_248" lemma="road" mmax_level="morph" />
<markable id="markable_248" span="word_249" lemma="he" mmax_level="morph" />
<markable id="markable_249" span="word_250" lemma="approach" mmax_level="morph" />
<markable id="markable_250" span="word_251" lemma="a" mmax_level="morph" />
<markable id="markable_251" span="word_252" lemma="girl" mmax_level="morph" />
<markable id="markable_252" span="word_253" lemma="on" mmax_level="morph" />
<markable id="markable_253" span="word_254" lemma="a" mmax_level="morph" />
<markable id="markable_254" span="word_255" lemma="bicycle" mmax_level="morph" />
<markable id="markable_255" span="word_256" lemma="and" mmax_level="morph" />
<markable id="markable_256" span="word_257" lemma="look" mmax_level="morph" />
<markable id="markable_257" span="word_258" lemma="up" mmax_level="morph" />
<markable id="markable_258" span="word_259" lemma="at" mmax_level="morph" />
<markable id="markable_259" span="word_260" lemma="the" mmax_level="morph" />
<markable id="markable_260" span="word_261" lemma="girl" mmax_level="morph" />
<markable id="markable_261" span="word_262" lemma="and" mmax_level="morph" />
<markable id="markable_262" span="word_263" lemma="bike" mmax_level="morph" />
<markable id="markable_263" span="word_264" lemma="get" mmax_level="morph" />
<markable id="markable_264" span="word_265" lemma="catch" mmax_level="morph" />
<markable id="markable_265" span="word_266" lemma="on" mmax_level="morph" />
<markable id="markable_266" span="word_267" lemma="the" mmax_level="morph" />
<markable id="markable_267" span="word_268" lemma="rock" mmax_level="morph" />
<markable id="markable_268" span="word_269" lemma="and" mmax_level="morph" />
<markable id="markable_269" span="word_270" lemma="he" mmax_level="morph" />
<markable id="markable_270" span="word_271" lemma="fall" mmax_level="morph" />
<markable id="markable_271" span="word_272" lemma="over" mmax_level="morph" />
<markable id="markable_272" span="word_273" lemma="and" mmax_level="morph" />
<markable id="markable_273" span="word_274" lemma="all" mmax_level="morph" />
<markable id="markable_274" span="word_275" lemma="the" mmax_level="morph" />
<markable id="markable_275" span="word_276" lemma="pear" mmax_level="morph" />
<markable id="markable_276" span="word_277" lemma="spill" mmax_level="morph" />
<markable id="markable_277" span="word_278" lemma="all" mmax_level="morph" />
<markable id="markable_278" span="word_279" lemma="over" mmax_level="morph" />
<markable id="markable_279" span="word_280" lemma="three" mmax_level="morph" />
<markable id="markable_280" span="word_281" lemma="boy" mmax_level="morph" />
<markable id="markable_281" span="word_282" lemma="come" mmax_level="morph" />
<markable id="markable_282" span="word_283" lemma="out" mmax_level="morph" />
<markable id="markable_283" span="word_284" lemma="help" mmax_level="morph" />
<markable id="markable_284" span="word_285" lemma="he" mmax_level="morph" />
<markable id="markable_285" span="word_286" lemma="pick" mmax_level="morph" />
<markable id="markable_286" span="word_287" lemma="himself" mmax_level="morph" />
<markable id="markable_287" span="word_288" lemma="up" mmax_level="morph" />
<markable id="markable_288" span="word_289" lemma="pick" mmax_level="morph" />
<markable id="markable_289" span="word_290" lemma="up" mmax_level="morph" />
<markable id="markable_290" span="word_291" lemma="bike" mmax_level="morph" />
<markable id="markable_291" span="word_292" lemma="pick" mmax_level="morph" />
<markable id="markable_292" span="word_293" lemma="up" mmax_level="morph" />
<markable id="markable_293" span="word_294" lemma="the" mmax_level="morph" />
<markable id="markable_294" span="word_295" lemma="pear" mmax_level="morph" />
<markable id="markable_295" span="word_296" lemma="one" mmax_level="morph" />
<markable id="markable_296" span="word_297" lemma="of" mmax_level="morph" />
<markable id="markable_297" span="word_298" lemma="they" mmax_level="morph" />
<markable id="markable_298" span="word_299" lemma="have" mmax_level="morph" />
<markable id="markable_299" span="word_300" lemma="a" mmax_level="morph" />
<markable id="markable_300" span="word_301" lemma="toy" mmax_level="morph" />
<markable id="markable_301" span="word_302" lemma="which" mmax_level="morph" />
<markable id="markable_302" span="word_303" lemma="be" mmax_level="morph" />
<markable id="markable_303" span="word_304" lemma="like" mmax_level="morph" />
<markable id="markable_304" span="word_305" lemma="a" mmax_level="morph" />
<markable id="markable_305" span="word_306" lemma="clapper" mmax_level="morph" />
<markable id="markable_306" span="word_307" lemma="and" mmax_level="morph" />
<markable id="markable_307" span="word_308" lemma="i" mmax_level="morph" />
<markable id="markable_308" span="word_309" lemma="do" mmax_level="morph" />
<markable id="markable_309" span="word_310" lemma="not" mmax_level="morph" />
<markable id="markable_310" span="word_311" lemma="know" mmax_level="morph" />
<markable id="markable_311" span="word_312" lemma="what" mmax_level="morph" />
<markable id="markable_312" span="word_313" lemma="you" mmax_level="morph" />
<markable id="markable_313" span="word_314" lemma="call" mmax_level="morph" />
<markable id="markable_314" span="word_315" lemma="it" mmax_level="morph" />
<markable id="markable_315" span="word_316" lemma="except" mmax_level="morph" />
<markable id="markable_316" span="word_317" lemma="a" mmax_level="morph" />
<markable id="markable_317" span="word_318" lemma="paddle" mmax_level="morph" />
<markable id="markable_318" span="word_319" lemma="with" mmax_level="morph" />
<markable id="markable_319" span="word_320" lemma="a" mmax_level="morph" />
<markable id="markable_320" span="word_321" lemma="ball" mmax_level="morph" />
<markable id="markable_321" span="word_322" lemma="suspend" mmax_level="morph" />
<markable id="markable_322" span="word_323" lemma="on" mmax_level="morph" />
<markable id="markable_323" span="word_324" lemma="a" mmax_level="morph" />
<markable id="markable_324" span="word_325" lemma="string" mmax_level="morph" />
<markable id="markable_325" span="word_326" lemma="so" mmax_level="morph" />
<markable id="markable_326" span="word_327" lemma="you" mmax_level="morph" />
<markable id="markable_327" span="word_328" lemma="could" mmax_level="morph" />
<markable id="markable_328" span="word_329" lemma="hear" mmax_level="morph" />
<markable id="markable_329" span="word_330" lemma="he" mmax_level="morph" />
<markable id="markable_330" span="word_331" lemma="play" mmax_level="morph" />
<markable id="markable_331" span="word_332" lemma="with" mmax_level="morph" />
<markable id="markable_332" span="word_333" lemma="that" mmax_level="morph" />
<markable id="markable_333" span="word_334" lemma="and" mmax_level="morph" />
<markable id="markable_334" span="word_335" lemma="then" mmax_level="morph" />
<markable id="markable_335" span="word_336" lemma="he" mmax_level="morph" />
<markable id="markable_336" span="word_337" lemma="ride" mmax_level="morph" />
<markable id="markable_337" span="word_338" lemma="off" mmax_level="morph" />
<markable id="markable_338" span="word_339" lemma="but" mmax_level="morph" />
<markable id="markable_339" span="word_340" lemma="he" mmax_level="morph" />
<markable id="markable_340" span="word_341" lemma="forget" mmax_level="morph" />
<markable id="markable_341" span="word_342" lemma="hat" mmax_level="morph" />
<markable id="markable_342" span="word_343" lemma="so" mmax_level="morph" />
<markable id="markable_343" span="word_344" lemma="one" mmax_level="morph" />
<markable id="markable_344" span="word_345" lemma="of" mmax_level="morph" />
<markable id="markable_345" span="word_346" lemma="the" mmax_level="morph" />
<markable id="markable_346" span="word_347" lemma="boy" mmax_level="morph" />
<markable id="markable_347" span="word_348" lemma="whistle" mmax_level="morph" />
<markable id="markable_348" span="word_349" lemma="to" mmax_level="morph" />
<markable id="markable_349" span="word_350" lemma="he" mmax_level="morph" />
<markable id="markable_350" span="word_351" lemma="and" mmax_level="morph" />
<markable id="markable_351" span="word_352" lemma="then" mmax_level="morph" />
<markable id="markable_352" span="word_353" lemma="he" mmax_level="morph" />
<markable id="markable_353" span="word_354" lemma="go" mmax_level="morph" />
<markable id="markable_354" span="word_355" lemma="and" mmax_level="morph" />
<markable id="markable_355" span="word_356" lemma="give" mmax_level="morph" />
<markable id="markable_356" span="word_357" lemma="he" mmax_level="morph" />
<markable id="markable_357" span="word_358" lemma="the" mmax_level="morph" />
<markable id="markable_358" span="word_359" lemma="hat" mmax_level="morph" />
<markable id="markable_359" span="word_360" lemma="and" mmax_level="morph" />
<markable id="markable_360" span="word_361" lemma="in" mmax_level="morph" />
<markable id="markable_361" span="word_362" lemma="return" mmax_level="morph" />
<markable id="markable_362" span="word_363" lemma="the" mmax_level="morph" />
<markable id="markable_363" span="word_364" lemma="boy" mmax_level="morph" />
<markable id="markable_364" span="word_365" lemma="that" mmax_level="morph" />
<markable id="markable_365" span="word_366" lemma="lose" mmax_level="morph" />
<markable id="markable_366" span="word_367" lemma="the" mmax_level="morph" />
<markable id="markable_367" span="word_368" lemma="hat" mmax_level="morph" />
<markable id="markable_368" span="word_369" lemma="give" mmax_level="morph" />
<markable id="markable_369" span="word_370" lemma="friend" mmax_level="morph" />
<markable id="markable_370" span="word_371" lemma="the" mmax_level="morph" />
<markable id="markable_371" span="word_372" lemma="boy" mmax_level="morph" />
<markable id="markable_372" span="word_373" lemma="three" mmax_level="morph" />
<markable id="markable_373" span="word_374" lemma="pear" mmax_level="morph" />
<markable id="markable_374" span="word_375" lemma="to" mmax_level="morph" />
<markable id="markable_375" span="word_376" lemma="give" mmax_level="morph" />
<markable id="markable_376" span="word_377" lemma="back" mmax_level="morph" />
<markable id="markable_377" span="word_378" lemma="to" mmax_level="morph" />
<markable id="markable_378" span="word_379" lemma="friend" mmax_level="morph" />
<markable id="markable_379" span="word_380" lemma="and" mmax_level="morph" />
<markable id="markable_380" span="word_381" lemma="they" mmax_level="morph" />
<markable id="markable_381" span="word_382" lemma="go" mmax_level="morph" />
<markable id="markable_382" span="word_383" lemma="off" mmax_level="morph" />
<markable id="markable_383" span="word_384" lemma="eat" mmax_level="morph" />
<markable id="markable_384" span="word_385" lemma="the" mmax_level="morph" />
<markable id="markable_385" span="word_386" lemma="pear" mmax_level="morph" />
<markable id="markable_386" span="word_387" lemma="and" mmax_level="morph" />
<markable id="markable_387" span="word_388" lemma="they" mmax_level="morph" />
<markable id="markable_388" span="word_389" lemma="walk" mmax_level="morph" />
<markable id="markable_389" span="word_390" lemma="by" mmax_level="morph" />
<markable id="markable_390" span="word_391" lemma="the" mmax_level="morph" />
<markable id="markable_391" span="word_392" lemma="p" mmax_level="morph" />
<markable id="markable_392" span="word_393" lemma="the" mmax_level="morph" />
<markable id="markable_393" span="word_394" lemma="pear" mmax_level="morph" />
<markable id="markable_394" span="word_395" lemma="tree" mmax_level="morph" />
<markable id="markable_395" span="word_396" lemma="the" mmax_level="morph" />
<markable id="markable_396" span="word_397" lemma="man" mmax_level="morph" />
<markable id="markable_397" span="word_398" lemma="be" mmax_level="morph" />
<markable id="markable_398" span="word_399" lemma="pick" mmax_level="morph" />
<markable id="markable_399" span="word_400" lemma="pear" mmax_level="morph" />
<markable id="markable_400" span="word_401" lemma="and" mmax_level="morph" />
<markable id="markable_401" span="word_402" lemma="he" mmax_level="morph" />
<markable id="markable_402" span="word_403" lemma="look" mmax_level="morph" />
<markable id="markable_403" span="word_404" lemma="down" mmax_level="morph" />
<markable id="markable_404" span="word_405" lemma="see" mmax_level="morph" />
<markable id="markable_405" span="word_406" lemma="that" mmax_level="morph" />
<markable id="markable_406" span="word_407" lemma="he" mmax_level="morph" />
<markable id="markable_407" span="word_408" lemma="be" mmax_level="morph" />
<markable id="markable_408" span="word_409" lemma="miss" mmax_level="morph" />
<markable id="markable_409" span="word_410" lemma="a" mmax_level="morph" />
<markable id="markable_410" span="word_411" lemma="basket" mmax_level="morph" />
<markable id="markable_411" span="word_412" lemma="and" mmax_level="morph" />
<markable id="markable_412" span="word_413" lemma="he" mmax_level="morph" />
<markable id="markable_413" span="word_414" lemma="look" mmax_level="morph" />
<markable id="markable_414" span="word_415" lemma="at" mmax_level="morph" />
<markable id="markable_415" span="word_416" lemma="the" mmax_level="morph" />
<markable id="markable_416" span="word_417" lemma="boy" mmax_level="morph" />
<markable id="markable_417" span="word_418" lemma="walk" mmax_level="morph" />
<markable id="markable_418" span="word_419" lemma="off" mmax_level="morph" />
<markable id="markable_419" span="word_420" lemma="eat" mmax_level="morph" />
<markable id="markable_420" span="word_421" lemma="the" mmax_level="morph" />
<markable id="markable_421" span="word_422" lemma="pear" mmax_level="morph" />
<markable id="markable_422" span="word_423" lemma="and" mmax_level="morph" />
<markable id="markable_423" span="word_424" lemma="i" mmax_level="morph" />
<markable id="markable_424" span="word_425" lemma="think" mmax_level="morph" />
<markable id="markable_425" span="word_426" lemma="it" mmax_level="morph" />
<markable id="markable_426" span="word_427" lemma="end" mmax_level="morph" />
<markable id="markable_427" span="word_428" lemma="there" mmax_level="morph" />
</markables>
