<?xml version="1.0" encoding="US-ASCII"?>
<!DOCTYPE markables SYSTEM "markables.dtd">
<markables xmlns="www.eml.org/NameSpaces/unit">
<markable id="markable_266" span="word_274..word_279" finite="unmarked"  utype="unmarked"  verbed="unmarked"  subject="unmarked" mmax_level="unit" />
<markable id="markable_295" span="word_426..word_428" finite="unmarked"  utype="unmarked"  verbed="unmarked"  subject="unmarked" mmax_level="unit" />
<markable id="markable_236" span="word_121..word_123" finite="unmarked"  utype="unmarked"  verbed="unmarked"  subject="unmarked" mmax_level="unit" />
<markable id="markable_259" span="word_242..word_248" finite="unmarked"  utype="unmarked"  verbed="unmarked"  subject="unmarked" mmax_level="unit" />
<markable id="markable_231" span="word_103..word_112" finite="unmarked"  utype="unmarked"  verbed="unmarked"  subject="unmarked" mmax_level="unit" />
<markable id="markable_253" span="word_214..word_216" finite="unmarked"  utype="unmarked"  verbed="unmarked"  subject="unmarked" mmax_level="unit" />
<markable id="markable_281" span="word_366..word_368" finite="unmarked"  utype="unmarked"  verbed="unmarked"  subject="unmarked" mmax_level="unit" />
<markable id="markable_275" span="word_313..word_325" finite="unmarked"  utype="unmarked"  verbed="unmarked"  subject="unmarked" mmax_level="unit" />
<markable id="markable_222" span="word_70..word_75" finite="unmarked"  utype="unmarked"  verbed="unmarked"  subject="unmarked" mmax_level="unit" />
<markable id="markable_215" span="word_19..word_32" finite="unmarked"  utype="unmarked"  verbed="unmarked"  subject="unmarked" mmax_level="unit" />
<markable id="markable_247" span="word_184..word_194" finite="unmarked"  utype="unmarked"  verbed="unmarked"  subject="unmarked" mmax_level="unit" />
<markable id="markable_288" span="word_402..word_404" finite="unmarked"  utype="unmarked"  verbed="unmarked"  subject="unmarked" mmax_level="unit" />
<markable id="markable_260" span="word_249..word_255" finite="unmarked"  utype="unmarked"  verbed="unmarked"  subject="unmarked" mmax_level="unit" />
<markable id="markable_243" span="word_157..word_160" finite="unmarked"  utype="unmarked"  verbed="unmarked"  subject="unmarked" mmax_level="unit" />
<markable id="markable_250" span="word_200..word_210" finite="unmarked"  utype="unmarked"  verbed="unmarked"  subject="unmarked" mmax_level="unit" />
<markable id="markable_234" span="word_110..word_112" finite="unmarked"  utype="unmarked"  verbed="unmarked"  subject="unmarked" mmax_level="unit" />
<markable id="markable_241" span="word_138..word_152" finite="unmarked"  utype="unmarked"  verbed="unmarked"  subject="unmarked" mmax_level="unit" />
<markable id="markable_282" span="word_375..word_379" finite="unmarked"  utype="unmarked"  verbed="unmarked"  subject="unmarked" mmax_level="unit" />
<markable id="markable_262" span="word_257..word_261" finite="unmarked"  utype="unmarked"  verbed="unmarked"  subject="unmarked" mmax_level="unit" />
<markable id="markable_212" span="word_4..word_9" finite="unmarked"  utype="unmarked"  verbed="unmarked"  subject="unmarked" mmax_level="unit" />
<markable id="markable_287" span="word_401..word_404" finite="unmarked"  utype="unmarked"  verbed="unmarked"  subject="unmarked" mmax_level="unit" />
<markable id="markable_273" span="word_302..word_306" finite="unmarked"  utype="unmarked"  verbed="unmarked"  subject="unmarked" mmax_level="unit" />
<markable id="markable_227" span="word_81..word_86" finite="unmarked"  utype="unmarked"  verbed="unmarked"  subject="unmarked" mmax_level="unit" />
<markable id="markable_294" span="word_423..word_428" finite="unmarked"  utype="unmarked"  verbed="unmarked"  subject="unmarked" mmax_level="unit" />
<markable id="markable_278" span="word_339..word_342" finite="unmarked"  utype="unmarked"  verbed="unmarked"  subject="unmarked" mmax_level="unit" />
<markable id="markable_249" span="word_195..word_199" finite="unmarked"  utype="unmarked"  verbed="unmarked"  subject="unmarked" mmax_level="unit" />
<markable id="markable_256" span="word_225..word_228" finite="unmarked"  utype="unmarked"  verbed="unmarked"  subject="unmarked" mmax_level="unit" />
<markable id="markable_218" span="word_50..word_54" finite="unmarked"  utype="unmarked"  verbed="unmarked"  subject="unmarked" mmax_level="unit" />
<markable id="markable_263" span="word_263..word_268" finite="unmarked"  utype="unmarked"  verbed="unmarked"  subject="unmarked" mmax_level="unit" />
<markable id="markable_228" span="word_87..word_92" finite="unmarked"  utype="unmarked"  verbed="unmarked"  subject="unmarked" mmax_level="unit" />
<markable id="markable_277" span="word_334..word_338" finite="unmarked"  utype="unmarked"  verbed="unmarked"  subject="unmarked" mmax_level="unit" />
<markable id="markable_255" span="word_217..word_234" finite="unmarked"  utype="unmarked"  verbed="unmarked"  subject="unmarked" mmax_level="unit" />
<markable id="markable_284" span="word_387..word_395" finite="unmarked"  utype="unmarked"  verbed="unmarked"  subject="unmarked" mmax_level="unit" />
<markable id="markable_242" span="word_156..word_167" finite="unmarked"  utype="unmarked"  verbed="unmarked"  subject="unmarked" mmax_level="unit" />
<markable id="markable_285" span="word_388..word_395" finite="unmarked"  utype="unmarked"  verbed="unmarked"  subject="unmarked" mmax_level="unit" />
<markable id="markable_289" span="word_405..word_411" finite="unmarked"  utype="unmarked"  verbed="unmarked"  subject="unmarked" mmax_level="unit" />
<markable id="markable_233" span="word_105..word_107" finite="unmarked"  utype="unmarked"  verbed="unmarked"  subject="unmarked" mmax_level="unit" />
<markable id="markable_271" span="word_292..word_295" finite="unmarked"  utype="unmarked"  verbed="unmarked"  subject="unmarked" mmax_level="unit" />
<markable id="markable_286" span="word_396..word_400" finite="unmarked"  utype="unmarked"  verbed="unmarked"  subject="unmarked" mmax_level="unit" />
<markable id="markable_257" span="word_231..word_234" finite="unmarked"  utype="unmarked"  verbed="unmarked"  subject="unmarked" mmax_level="unit" />
<markable id="markable_261" span="word_256..word_268" finite="unmarked"  utype="unmarked"  verbed="unmarked"  subject="unmarked" mmax_level="unit" />
<markable id="markable_230" span="word_96..word_102" finite="unmarked"  utype="unmarked"  verbed="unmarked"  subject="unmarked" mmax_level="unit" />
<markable id="markable_246" span="word_181..word_183" finite="unmarked"  utype="unmarked"  verbed="unmarked"  subject="unmarked" mmax_level="unit" />
<markable id="markable_290" span="word_407..word_411" finite="unmarked"  utype="unmarked"  verbed="unmarked"  subject="unmarked" mmax_level="unit" />
<markable id="markable_216" span="word_23..word_24" finite="unmarked"  utype="unmarked"  verbed="unmarked"  subject="unmarked" mmax_level="unit" />
<markable id="markable_229" span="word_93..word_102" finite="unmarked"  utype="unmarked"  verbed="unmarked"  subject="unmarked" mmax_level="unit" />
<markable id="markable_245" span="word_176" finite="unmarked"  utype="unmarked"  verbed="unmarked"  subject="unmarked" mmax_level="unit" />
<markable id="markable_274" span="word_307..word_325" finite="unmarked"  utype="unmarked"  verbed="unmarked"  subject="unmarked" mmax_level="unit" />
<markable id="markable_213" span="word_10..word_18" finite="unmarked"  utype="unmarked"  verbed="unmarked"  subject="unmarked" mmax_level="unit" />
<markable id="markable_283" span="word_380..word_383" finite="unmarked"  utype="unmarked"  verbed="unmarked"  subject="unmarked" mmax_level="unit" />
<markable id="markable_265" span="word_270..word_272" finite="unmarked"  utype="unmarked"  verbed="unmarked"  subject="unmarked" mmax_level="unit" />
<markable id="markable_276" span="word_326..word_333" finite="unmarked"  utype="unmarked"  verbed="unmarked"  subject="unmarked" mmax_level="unit" />
<markable id="markable_214" span="word_12..word_15" finite="unmarked"  utype="unmarked"  verbed="unmarked"  subject="unmarked" mmax_level="unit" />
<markable id="markable_244" span="word_168..word_176" finite="unmarked"  utype="unmarked"  verbed="unmarked"  subject="unmarked" mmax_level="unit" />
<markable id="markable_270" span="word_289..word_291" finite="unmarked"  utype="unmarked"  verbed="unmarked"  subject="unmarked" mmax_level="unit" />
<markable id="markable_225" span="word_77..word_80" finite="unmarked"  utype="unmarked"  verbed="unmarked"  subject="unmarked" mmax_level="unit" />
<markable id="markable_269" span="word_289..word_295" finite="unmarked"  utype="unmarked"  verbed="unmarked"  subject="unmarked" mmax_level="unit" />
<markable id="markable_237" span="word_124..word_129" finite="unmarked"  utype="unmarked"  verbed="unmarked"  subject="unmarked" mmax_level="unit" />
<markable id="markable_292" span="word_413..word_419" finite="unmarked"  utype="unmarked"  verbed="unmarked"  subject="unmarked" mmax_level="unit" />
<markable id="markable_258" span="word_235..word_241" finite="unmarked"  utype="unmarked"  verbed="unmarked"  subject="unmarked" mmax_level="unit" />
<markable id="markable_232" span="word_104..word_112" finite="unmarked"  utype="unmarked"  verbed="unmarked"  subject="unmarked" mmax_level="unit" />
<markable id="markable_221" span="word_67..word_69" finite="unmarked"  utype="unmarked"  verbed="unmarked"  subject="unmarked" mmax_level="unit" />
<markable id="markable_272" span="word_296..word_301" finite="unmarked"  utype="unmarked"  verbed="unmarked"  subject="unmarked" mmax_level="unit" />
<markable id="markable_293" span="word_416..word_419" finite="unmarked"  utype="unmarked"  verbed="unmarked"  subject="unmarked" mmax_level="unit" />
<markable id="markable_240" span="word_135..word_152" finite="unmarked"  utype="unmarked"  verbed="unmarked"  subject="unmarked" mmax_level="unit" />
<markable id="markable_251" span="word_206..word_210" finite="unmarked"  utype="unmarked"  verbed="unmarked"  subject="unmarked" mmax_level="unit" />
<markable id="markable_280" span="word_353..word_359" finite="unmarked"  utype="unmarked"  verbed="unmarked"  subject="unmarked" mmax_level="unit" />
<markable id="markable_291" span="word_412..word_419" finite="unmarked"  utype="unmarked"  verbed="unmarked"  subject="unmarked" mmax_level="unit" />
<markable id="markable_239" span="word_130..word_152" finite="unmarked"  utype="unmarked"  verbed="unmarked"  subject="unmarked" mmax_level="unit" />
<markable id="markable_217" span="word_33..word_49" finite="unmarked"  utype="unmarked"  verbed="unmarked"  subject="unmarked" mmax_level="unit" />
<markable id="markable_252" span="word_211..word_213" finite="unmarked"  utype="unmarked"  verbed="unmarked"  subject="unmarked" mmax_level="unit" />
<markable id="markable_248" span="word_185..word_194" finite="unmarked"  utype="unmarked"  verbed="unmarked"  subject="unmarked" mmax_level="unit" />
<markable id="markable_220" span="word_58..word_69" finite="unmarked"  utype="unmarked"  verbed="unmarked"  subject="unmarked" mmax_level="unit" />
<markable id="markable_264" span="word_269..word_279" finite="unmarked"  utype="unmarked"  verbed="unmarked"  subject="unmarked" mmax_level="unit" />
<markable id="markable_226" span="word_79..word_80" finite="unmarked"  utype="unmarked"  verbed="unmarked"  subject="unmarked" mmax_level="unit" />
<markable id="markable_279" span="word_343..word_350" finite="unmarked"  utype="unmarked"  verbed="unmarked"  subject="unmarked" mmax_level="unit" />
<markable id="markable_223" span="word_71..word_75" finite="unmarked"  utype="unmarked"  verbed="unmarked"  subject="unmarked" mmax_level="unit" />
<markable id="markable_268" span="word_285..word_288" finite="unmarked"  utype="unmarked"  verbed="unmarked"  subject="unmarked" mmax_level="unit" />
<markable id="markable_219" span="word_55..word_69" finite="unmarked"  utype="unmarked"  verbed="unmarked"  subject="unmarked" mmax_level="unit" />
<markable id="markable_238" span="word_125..word_129" finite="unmarked"  utype="unmarked"  verbed="unmarked"  subject="unmarked" mmax_level="unit" />
<markable id="markable_308" span="word_317..word_325" finite="unmarked"  utype="unmarked"  verbed="unmarked"  subject="unmarked" mmax_level="unit" />
<markable id="markable_224" span="word_76..word_80" finite="unmarked"  utype="unmarked"  verbed="unmarked"  subject="unmarked" mmax_level="unit" />
<markable id="markable_267" span="word_280..word_283" finite="unmarked"  utype="unmarked"  verbed="unmarked"  subject="unmarked" mmax_level="unit" />
<markable id="markable_254" span="word_215..word_216" finite="unmarked"  utype="unmarked"  verbed="unmarked"  subject="unmarked" mmax_level="unit" />
<markable id="markable_235" span="word_114..word_118" finite="unmarked"  utype="unmarked"  verbed="unmarked"  subject="unmarked" mmax_level="unit" />
</markables>