<?xml version="1.0" encoding="US-ASCII"?>
<!DOCTYPE markables SYSTEM "markables.dtd">
<markables xmlns="www.eml.org/NameSpaces/unit">
<markable id="markable_512" span="word_508..word_515" mmax_level="unit"  subject="unmarked"  verbed="unmarked"  utype="unmarked"  finite="unmarked" />
<markable id="markable_449" span="word_162..word_166" mmax_level="unit"  subject="unmarked"  verbed="unmarked"  utype="unmarked"  finite="unmarked" />
<markable id="markable_448" span="word_160..word_161" mmax_level="unit"  subject="unmarked"  verbed="unmarked"  utype="unmarked"  finite="unmarked" />
<markable id="markable_513" span="word_513..word_515" mmax_level="unit"  subject="unmarked"  verbed="unmarked"  utype="unmarked"  finite="unmarked" />
<markable id="markable_510" span="word_501..word_507" mmax_level="unit"  subject="unmarked"  verbed="unmarked"  utype="unmarked"  finite="unmarked" />
<markable id="markable_511" span="word_505..word_507" mmax_level="unit"  subject="unmarked"  verbed="unmarked"  utype="unmarked"  finite="unmarked" />
<markable id="markable_450" span="word_163..word_166" mmax_level="unit"  subject="unmarked"  verbed="unmarked"  utype="unmarked"  finite="unmarked" />
<markable id="markable_455" span="word_202..word_210" mmax_level="unit"  subject="unmarked"  verbed="unmarked"  utype="unmarked"  finite="unmarked" />
<markable id="markable_506" span="word_461..word_463" mmax_level="unit"  subject="unmarked"  verbed="unmarked"  utype="unmarked"  finite="unmarked" />
<markable id="markable_505" span="word_458..word_463" mmax_level="unit"  subject="unmarked"  verbed="unmarked"  utype="unmarked"  finite="unmarked" />
<markable id="markable_456" span="word_211..word_215" mmax_level="unit"  subject="unmarked"  verbed="unmarked"  utype="unmarked"  finite="unmarked" />
<markable id="markable_457" span="word_216..word_218" mmax_level="unit"  subject="unmarked"  verbed="unmarked"  utype="unmarked"  finite="unmarked" />
<markable id="markable_504" span="word_456..word_463" mmax_level="unit"  subject="unmarked"  verbed="unmarked"  utype="unmarked"  finite="unmarked" />
<markable id="markable_458" span="word_219..word_229" mmax_level="unit"  subject="unmarked"  verbed="unmarked"  utype="unmarked"  finite="unmarked" />
<markable id="markable_503" span="word_452..word_455" mmax_level="unit"  subject="unmarked"  verbed="unmarked"  utype="unmarked"  finite="unmarked" />
<markable id="markable_451" span="word_167..word_175" mmax_level="unit"  subject="unmarked"  verbed="unmarked"  utype="unmarked"  finite="unmarked" />
<markable id="markable_590" span="word_889..word_896" mmax_level="unit"  subject="unmarked"  verbed="unmarked"  utype="unmarked"  finite="unmarked" />
<markable id="markable_591" span="word_892..word_896" mmax_level="unit"  subject="unmarked"  verbed="unmarked"  utype="unmarked"  finite="unmarked" />
<markable id="markable_452" span="word_167..word_170" mmax_level="unit"  subject="unmarked"  verbed="unmarked"  utype="unmarked"  finite="unmarked" />
<markable id="markable_509" span="word_496..word_500" mmax_level="unit"  subject="unmarked"  verbed="unmarked"  utype="unmarked"  finite="unmarked" />
<markable id="markable_453" span="word_193..word_196" mmax_level="unit"  subject="unmarked"  verbed="unmarked"  utype="unmarked"  finite="unmarked" />
<markable id="markable_592" span="word_897..word_904" mmax_level="unit"  subject="unmarked"  verbed="unmarked"  utype="unmarked"  finite="unmarked" />
<markable id="markable_508" span="word_489..word_500" mmax_level="unit"  subject="unmarked"  verbed="unmarked"  utype="unmarked"  finite="unmarked" />
<markable id="markable_454" span="word_197..word_210" mmax_level="unit"  subject="unmarked"  verbed="unmarked"  utype="unmarked"  finite="unmarked" />
<markable id="markable_507" span="word_474..word_479" mmax_level="unit"  subject="unmarked"  verbed="unmarked"  utype="unmarked"  finite="unmarked" />
<markable id="markable_625" span="word_749..word_754" mmax_level="unit"  subject="unmarked"  verbed="unmarked"  utype="unmarked"  finite="unmarked" />
<markable id="markable_439" span="word_124..word_132" mmax_level="unit"  subject="unmarked"  verbed="unmarked"  utype="unmarked"  finite="unmarked" />
<markable id="markable_500" span="word_441..word_447" mmax_level="unit"  subject="unmarked"  verbed="unmarked"  utype="unmarked"  finite="unmarked" />
<markable id="markable_438" span="word_120..word_132" mmax_level="unit"  subject="unmarked"  verbed="unmarked"  utype="unmarked"  finite="unmarked" />
<markable id="markable_501" span="word_448..word_455" mmax_level="unit"  subject="unmarked"  verbed="unmarked"  utype="unmarked"  finite="unmarked" />
<markable id="markable_502" span="word_449..word_450" mmax_level="unit"  subject="unmarked"  verbed="unmarked"  utype="unmarked"  finite="unmarked" />
<markable id="markable_437" span="word_114..word_119" mmax_level="unit"  subject="unmarked"  verbed="unmarked"  utype="unmarked"  finite="unmarked" />
<markable id="markable_585" span="word_857..word_858" mmax_level="unit"  subject="unmarked"  verbed="unmarked"  utype="unmarked"  finite="unmarked" />
<markable id="markable_586" span="word_859..word_866" mmax_level="unit"  subject="unmarked"  verbed="unmarked"  utype="unmarked"  finite="unmarked" />
<markable id="markable_583" span="word_847..word_856" mmax_level="unit"  subject="unmarked"  verbed="unmarked"  utype="unmarked"  finite="unmarked" />
<markable id="markable_584" span="word_852..word_854" mmax_level="unit"  subject="unmarked"  verbed="unmarked"  utype="unmarked"  finite="unmarked" />
<markable id="markable_589" span="word_884..word_888" mmax_level="unit"  subject="unmarked"  verbed="unmarked"  utype="unmarked"  finite="unmarked" />
<markable id="markable_587" span="word_867..word_873" mmax_level="unit"  subject="unmarked"  verbed="unmarked"  utype="unmarked"  finite="unmarked" />
<markable id="markable_588" span="word_874..word_883" mmax_level="unit"  subject="unmarked"  verbed="unmarked"  utype="unmarked"  finite="unmarked" />
<markable id="markable_446" span="word_156..word_161" mmax_level="unit"  subject="unmarked"  verbed="unmarked"  utype="unmarked"  finite="unmarked" />
<markable id="markable_447" span="word_159..word_161" mmax_level="unit"  subject="unmarked"  verbed="unmarked"  utype="unmarked"  finite="unmarked" />
<markable id="markable_444" span="word_148..word_161" mmax_level="unit"  subject="unmarked"  verbed="unmarked"  utype="unmarked"  finite="unmarked" />
<markable id="markable_445" span="word_151..word_161" mmax_level="unit"  subject="unmarked"  verbed="unmarked"  utype="unmarked"  finite="unmarked" />
<markable id="markable_442" span="word_135..word_141" mmax_level="unit"  subject="unmarked"  verbed="unmarked"  utype="unmarked"  finite="unmarked" />
<markable id="markable_581" span="word_840..word_842" mmax_level="unit"  subject="unmarked"  verbed="unmarked"  utype="unmarked"  finite="unmarked" />
<markable id="markable_443" span="word_142..word_161" mmax_level="unit"  subject="unmarked"  verbed="unmarked"  utype="unmarked"  finite="unmarked" />
<markable id="markable_582" span="word_843..word_856" mmax_level="unit"  subject="unmarked"  verbed="unmarked"  utype="unmarked"  finite="unmarked" />
<markable id="markable_440" span="word_127..word_132" mmax_level="unit"  subject="unmarked"  verbed="unmarked"  utype="unmarked"  finite="unmarked" />
<markable id="markable_580" span="word_835..word_842" mmax_level="unit"  subject="unmarked"  verbed="unmarked"  utype="unmarked"  finite="unmarked" />
<markable id="markable_441" span="word_133..word_141" mmax_level="unit"  subject="unmarked"  verbed="unmarked"  utype="unmarked"  finite="unmarked" />
<markable id="markable_569" span="word_773..word_775" mmax_level="unit"  subject="unmarked"  verbed="unmarked"  utype="unmarked"  finite="unmarked" />
<markable id="markable_576" span="word_815..word_820" mmax_level="unit"  subject="unmarked"  verbed="unmarked"  utype="unmarked"  finite="unmarked" />
<markable id="markable_577" span="word_818..word_820" mmax_level="unit"  subject="unmarked"  verbed="unmarked"  utype="unmarked"  finite="unmarked" />
<markable id="markable_578" span="word_821..word_827" mmax_level="unit"  subject="unmarked"  verbed="unmarked"  utype="unmarked"  finite="unmarked" />
<markable id="markable_579" span="word_828..word_834" mmax_level="unit"  subject="unmarked"  verbed="unmarked"  utype="unmarked"  finite="unmarked" />
<markable id="markable_572" span="word_794..word_807" mmax_level="unit"  subject="unmarked"  verbed="unmarked"  utype="unmarked"  finite="unmarked" />
<markable id="markable_470" span="word_280..word_286" mmax_level="unit"  subject="unmarked"  verbed="unmarked"  utype="unmarked"  finite="unmarked" />
<markable id="markable_573" span="word_804..word_807" mmax_level="unit"  subject="unmarked"  verbed="unmarked"  utype="unmarked"  finite="unmarked" />
<markable id="markable_471" span="word_287..word_290" mmax_level="unit"  subject="unmarked"  verbed="unmarked"  utype="unmarked"  finite="unmarked" />
<markable id="markable_574" span="word_811..word_820" mmax_level="unit"  subject="unmarked"  verbed="unmarked"  utype="unmarked"  finite="unmarked" />
<markable id="markable_575" span="word_812..word_813" mmax_level="unit"  subject="unmarked"  verbed="unmarked"  utype="unmarked"  finite="unmarked" />
<markable id="markable_472" span="word_297..word_301" mmax_level="unit"  subject="unmarked"  verbed="unmarked"  utype="unmarked"  finite="unmarked" />
<markable id="markable_473" span="word_302..word_308" mmax_level="unit"  subject="unmarked"  verbed="unmarked"  utype="unmarked"  finite="unmarked" />
<markable id="markable_474" span="word_306..word_308" mmax_level="unit"  subject="unmarked"  verbed="unmarked"  utype="unmarked"  finite="unmarked" />
<markable id="markable_570" span="word_782..word_793" mmax_level="unit"  subject="unmarked"  verbed="unmarked"  utype="unmarked"  finite="unmarked" />
<markable id="markable_475" span="word_309..word_322" mmax_level="unit"  subject="unmarked"  verbed="unmarked"  utype="unmarked"  finite="unmarked" />
<markable id="markable_476" span="word_313..word_322" mmax_level="unit"  subject="unmarked"  verbed="unmarked"  utype="unmarked"  finite="unmarked" />
<markable id="markable_571" span="word_788..word_793" mmax_level="unit"  subject="unmarked"  verbed="unmarked"  utype="unmarked"  finite="unmarked" />
<markable id="markable_477" span="word_316..word_322" mmax_level="unit"  subject="unmarked"  verbed="unmarked"  utype="unmarked"  finite="unmarked" />
<markable id="markable_478" span="word_319..word_322" mmax_level="unit"  subject="unmarked"  verbed="unmarked"  utype="unmarked"  finite="unmarked" />
<markable id="markable_479" span="word_323..word_331" mmax_level="unit"  subject="unmarked"  verbed="unmarked"  utype="unmarked"  finite="unmarked" />
<markable id="markable_459" span="word_222..word_229" mmax_level="unit"  subject="unmarked"  verbed="unmarked"  utype="unmarked"  finite="unmarked" />
<markable id="markable_559" span="word_715..word_721" mmax_level="unit"  subject="unmarked"  verbed="unmarked"  utype="unmarked"  finite="unmarked" />
<markable id="markable_558" span="word_714..word_721" mmax_level="unit"  subject="unmarked"  verbed="unmarked"  utype="unmarked"  finite="unmarked" />
<markable id="markable_567" span="word_759..word_767" mmax_level="unit"  subject="unmarked"  verbed="unmarked"  utype="unmarked"  finite="unmarked" />
<markable id="markable_568" span="word_768..word_775" mmax_level="unit"  subject="unmarked"  verbed="unmarked"  utype="unmarked"  finite="unmarked" />
<markable id="markable_565" span="word_752..word_767" mmax_level="unit"  subject="unmarked"  verbed="unmarked"  utype="unmarked"  finite="unmarked" />
<markable id="markable_566" span="word_755..word_767" mmax_level="unit"  subject="unmarked"  verbed="unmarked"  utype="unmarked"  finite="unmarked" />
<markable id="markable_460" span="word_225..word_229" mmax_level="unit"  subject="unmarked"  verbed="unmarked"  utype="unmarked"  finite="unmarked" />
<markable id="markable_563" span="word_740..word_748" mmax_level="unit"  subject="unmarked"  verbed="unmarked"  utype="unmarked"  finite="unmarked" />
<markable id="markable_564" span="word_749..word_767" mmax_level="unit"  subject="unmarked"  verbed="unmarked"  utype="unmarked"  finite="unmarked" />
<markable id="markable_461" span="word_230..word_234" mmax_level="unit"  subject="unmarked"  verbed="unmarked"  utype="unmarked"  finite="unmarked" />
<markable id="markable_561" span="word_728..word_735" mmax_level="unit"  subject="unmarked"  verbed="unmarked"  utype="unmarked"  finite="unmarked" />
<markable id="markable_562" span="word_736..word_748" mmax_level="unit"  subject="unmarked"  verbed="unmarked"  utype="unmarked"  finite="unmarked" />
<markable id="markable_464" span="word_256..word_261" mmax_level="unit"  subject="unmarked"  verbed="unmarked"  utype="unmarked"  finite="unmarked" />
<markable id="markable_560" span="word_724..word_726" mmax_level="unit"  subject="unmarked"  verbed="unmarked"  utype="unmarked"  finite="unmarked" />
<markable id="markable_465" span="word_262..word_271" mmax_level="unit"  subject="unmarked"  verbed="unmarked"  utype="unmarked"  finite="unmarked" />
<markable id="markable_462" span="word_246..word_252" mmax_level="unit"  subject="unmarked"  verbed="unmarked"  utype="unmarked"  finite="unmarked" />
<markable id="markable_463" span="word_253..word_261" mmax_level="unit"  subject="unmarked"  verbed="unmarked"  utype="unmarked"  finite="unmarked" />
<markable id="markable_468" span="word_272..word_278" mmax_level="unit"  subject="unmarked"  verbed="unmarked"  utype="unmarked"  finite="unmarked" />
<markable id="markable_469" span="word_279..word_286" mmax_level="unit"  subject="unmarked"  verbed="unmarked"  utype="unmarked"  finite="unmarked" />
<markable id="markable_466" span="word_264..word_267" mmax_level="unit"  subject="unmarked"  verbed="unmarked"  utype="unmarked"  finite="unmarked" />
<markable id="markable_467" span="word_266..word_267" mmax_level="unit"  subject="unmarked"  verbed="unmarked"  utype="unmarked"  finite="unmarked" />
<markable id="markable_553" span="word_690..word_694" mmax_level="unit"  subject="unmarked"  verbed="unmarked"  utype="unmarked"  finite="unmarked" />
<markable id="markable_552" span="word_686..word_696" mmax_level="unit"  subject="unmarked"  verbed="unmarked"  utype="unmarked"  finite="unmarked" />
<markable id="markable_551" span="word_681..word_685" mmax_level="unit"  subject="unmarked"  verbed="unmarked"  utype="unmarked"  finite="unmarked" />
<markable id="markable_550" span="word_668..word_685" mmax_level="unit"  subject="unmarked"  verbed="unmarked"  utype="unmarked"  finite="unmarked" />
<markable id="markable_557" span="word_711..word_713" mmax_level="unit"  subject="unmarked"  verbed="unmarked"  utype="unmarked"  finite="unmarked" />
<markable id="markable_556" span="word_706..word_713" mmax_level="unit"  subject="unmarked"  verbed="unmarked"  utype="unmarked"  finite="unmarked" />
<markable id="markable_555" span="word_700..word_703" mmax_level="unit"  subject="unmarked"  verbed="unmarked"  utype="unmarked"  finite="unmarked" />
<markable id="markable_554" span="word_697..word_703" mmax_level="unit"  subject="unmarked"  verbed="unmarked"  utype="unmarked"  finite="unmarked" />
<markable id="markable_549" span="word_664..word_666" mmax_level="unit"  subject="unmarked"  verbed="unmarked"  utype="unmarked"  finite="unmarked" />
<markable id="markable_499" span="word_436..word_440" mmax_level="unit"  subject="unmarked"  verbed="unmarked"  utype="unmarked"  finite="unmarked" />
<markable id="markable_547" span="word_654..word_662" mmax_level="unit"  subject="unmarked"  verbed="unmarked"  utype="unmarked"  finite="unmarked" />
<markable id="markable_548" span="word_663..word_685" mmax_level="unit"  subject="unmarked"  verbed="unmarked"  utype="unmarked"  finite="unmarked" />
<markable id="markable_496" span="word_416..word_421" mmax_level="unit"  subject="unmarked"  verbed="unmarked"  utype="unmarked"  finite="unmarked" />
<markable id="markable_495" span="word_412..word_415" mmax_level="unit"  subject="unmarked"  verbed="unmarked"  utype="unmarked"  finite="unmarked" />
<markable id="markable_498" span="word_429..word_435" mmax_level="unit"  subject="unmarked"  verbed="unmarked"  utype="unmarked"  finite="unmarked" />
<markable id="markable_497" span="word_422..word_428" mmax_level="unit"  subject="unmarked"  verbed="unmarked"  utype="unmarked"  finite="unmarked" />
<markable id="markable_492" span="word_400..word_408" mmax_level="unit"  subject="unmarked"  verbed="unmarked"  utype="unmarked"  finite="unmarked" />
<markable id="markable_491" span="word_397..word_408" mmax_level="unit"  subject="unmarked"  verbed="unmarked"  utype="unmarked"  finite="unmarked" />
<markable id="markable_494" span="word_409..word_415" mmax_level="unit"  subject="unmarked"  verbed="unmarked"  utype="unmarked"  finite="unmarked" />
<markable id="markable_493" span="word_402..word_408" mmax_level="unit"  subject="unmarked"  verbed="unmarked"  utype="unmarked"  finite="unmarked" />
<markable id="markable_490" span="word_392..word_395" mmax_level="unit"  subject="unmarked"  verbed="unmarked"  utype="unmarked"  finite="unmarked" />
<markable id="markable_540" span="word_630..word_638" mmax_level="unit"  subject="unmarked"  verbed="unmarked"  utype="unmarked"  finite="unmarked" />
<markable id="markable_542" span="word_639..word_642" mmax_level="unit"  subject="unmarked"  verbed="unmarked"  utype="unmarked"  finite="unmarked" />
<markable id="markable_541" span="word_632..word_638" mmax_level="unit"  subject="unmarked"  verbed="unmarked"  utype="unmarked"  finite="unmarked" />
<markable id="markable_544" span="word_644..word_646" mmax_level="unit"  subject="unmarked"  verbed="unmarked"  utype="unmarked"  finite="unmarked" />
<markable id="markable_543" span="word_643..word_662" mmax_level="unit"  subject="unmarked"  verbed="unmarked"  utype="unmarked"  finite="unmarked" />
<markable id="markable_546" span="word_649..word_652" mmax_level="unit"  subject="unmarked"  verbed="unmarked"  utype="unmarked"  finite="unmarked" />
<markable id="markable_545" span="word_648..word_662" mmax_level="unit"  subject="unmarked"  verbed="unmarked"  utype="unmarked"  finite="unmarked" />
<markable id="markable_536" span="word_606..word_609" mmax_level="unit"  subject="unmarked"  verbed="unmarked"  utype="unmarked"  finite="unmarked" />
<markable id="markable_537" span="word_610..word_618" mmax_level="unit"  subject="unmarked"  verbed="unmarked"  utype="unmarked"  finite="unmarked" />
<markable id="markable_489" span="word_387..word_395" mmax_level="unit"  subject="unmarked"  verbed="unmarked"  utype="unmarked"  finite="unmarked" />
<markable id="markable_538" span="word_619..word_624" mmax_level="unit"  subject="unmarked"  verbed="unmarked"  utype="unmarked"  finite="unmarked" />
<markable id="markable_539" span="word_625..word_638" mmax_level="unit"  subject="unmarked"  verbed="unmarked"  utype="unmarked"  finite="unmarked" />
<markable id="markable_488" span="word_384..word_386" mmax_level="unit"  subject="unmarked"  verbed="unmarked"  utype="unmarked"  finite="unmarked" />
<markable id="markable_487" span="word_382" mmax_level="unit"  subject="unmarked"  verbed="unmarked"  utype="unmarked"  finite="unmarked" />
<markable id="markable_486" span="word_382..word_386" mmax_level="unit"  subject="unmarked"  verbed="unmarked"  utype="unmarked"  finite="unmarked" />
<markable id="markable_485" span="word_377..word_381" mmax_level="unit"  subject="unmarked"  verbed="unmarked"  utype="unmarked"  finite="unmarked" />
<markable id="markable_484" span="word_372..word_376" mmax_level="unit"  subject="unmarked"  verbed="unmarked"  utype="unmarked"  finite="unmarked" />
<markable id="markable_483" span="word_371..word_376" mmax_level="unit"  subject="unmarked"  verbed="unmarked"  utype="unmarked"  finite="unmarked" />
<markable id="markable_482" span="word_355..word_361" mmax_level="unit"  subject="unmarked"  verbed="unmarked"  utype="unmarked"  finite="unmarked" />
<markable id="markable_481" span="word_339..word_345" mmax_level="unit"  subject="unmarked"  verbed="unmarked"  utype="unmarked"  finite="unmarked" />
<markable id="markable_480" span="word_335..word_345" mmax_level="unit"  subject="unmarked"  verbed="unmarked"  utype="unmarked"  finite="unmarked" />
<markable id="markable_432" span="word_84..word_89" mmax_level="unit"  subject="unmarked"  verbed="unmarked"  utype="unmarked"  finite="unmarked" />
<markable id="markable_431" span="word_79..word_83" mmax_level="unit"  subject="unmarked"  verbed="unmarked"  utype="unmarked"  finite="unmarked" />
<markable id="markable_430" span="word_72..word_83" mmax_level="unit"  subject="unmarked"  verbed="unmarked"  utype="unmarked"  finite="unmarked" />
<markable id="markable_436" span="word_109..word_119" mmax_level="unit"  subject="unmarked"  verbed="unmarked"  utype="unmarked"  finite="unmarked" />
<markable id="markable_435" span="word_97..word_100" mmax_level="unit"  subject="unmarked"  verbed="unmarked"  utype="unmarked"  finite="unmarked" />
<markable id="markable_434" span="word_91..word_100" mmax_level="unit"  subject="unmarked"  verbed="unmarked"  utype="unmarked"  finite="unmarked" />
<markable id="markable_433" span="word_90..word_100" mmax_level="unit"  subject="unmarked"  verbed="unmarked"  utype="unmarked"  finite="unmarked" />
<markable id="markable_535" span="word_602..word_609" mmax_level="unit"  subject="unmarked"  verbed="unmarked"  utype="unmarked"  finite="unmarked" />
<markable id="markable_534" span="word_598..word_601" mmax_level="unit"  subject="unmarked"  verbed="unmarked"  utype="unmarked"  finite="unmarked" />
<markable id="markable_533" span="word_592..word_597" mmax_level="unit"  subject="unmarked"  verbed="unmarked"  utype="unmarked"  finite="unmarked" />
<markable id="markable_532" span="word_589..word_590" mmax_level="unit"  subject="unmarked"  verbed="unmarked"  utype="unmarked"  finite="unmarked" />
<markable id="markable_531" span="word_588..word_597" mmax_level="unit"  subject="unmarked"  verbed="unmarked"  utype="unmarked"  finite="unmarked" />
<markable id="markable_530" span="word_583..word_587" mmax_level="unit"  subject="unmarked"  verbed="unmarked"  utype="unmarked"  finite="unmarked" />
<markable id="markable_529" span="word_580..word_587" mmax_level="unit"  subject="unmarked"  verbed="unmarked"  utype="unmarked"  finite="unmarked" />
<markable id="markable_527" span="word_566..word_574" mmax_level="unit"  subject="unmarked"  verbed="unmarked"  utype="unmarked"  finite="unmarked" />
<markable id="markable_528" span="word_575..word_579" mmax_level="unit"  subject="unmarked"  verbed="unmarked"  utype="unmarked"  finite="unmarked" />
<markable id="markable_525" span="word_554..word_565" mmax_level="unit"  subject="unmarked"  verbed="unmarked"  utype="unmarked"  finite="unmarked" />
<markable id="markable_526" span="word_563..word_565" mmax_level="unit"  subject="unmarked"  verbed="unmarked"  utype="unmarked"  finite="unmarked" />
<markable id="markable_428" span="word_61..word_67" mmax_level="unit"  subject="unmarked"  verbed="unmarked"  utype="unmarked"  finite="unmarked" />
<markable id="markable_429" span="word_68..word_83" mmax_level="unit"  subject="unmarked"  verbed="unmarked"  utype="unmarked"  finite="unmarked" />
<markable id="markable_426" span="word_54..word_67" mmax_level="unit"  subject="unmarked"  verbed="unmarked"  utype="unmarked"  finite="unmarked" />
<markable id="markable_427" span="word_55..word_67" mmax_level="unit"  subject="unmarked"  verbed="unmarked"  utype="unmarked"  finite="unmarked" />
<markable id="markable_421" span="word_24..word_30" mmax_level="unit"  subject="unmarked"  verbed="unmarked"  utype="unmarked"  finite="unmarked" />
<markable id="markable_420" span="word_22..word_30" mmax_level="unit"  subject="unmarked"  verbed="unmarked"  utype="unmarked"  finite="unmarked" />
<markable id="markable_423" span="word_31..word_33" mmax_level="unit"  subject="unmarked"  verbed="unmarked"  utype="unmarked"  finite="unmarked" />
<markable id="markable_422" span="word_29..word_30" mmax_level="unit"  subject="unmarked"  verbed="unmarked"  utype="unmarked"  finite="unmarked" />
<markable id="markable_425" span="word_48..word_53" mmax_level="unit"  subject="unmarked"  verbed="unmarked"  utype="unmarked"  finite="unmarked" />
<markable id="markable_424" span="word_34..word_43" mmax_level="unit"  subject="unmarked"  verbed="unmarked"  utype="unmarked"  finite="unmarked" />
<markable id="markable_522" span="word_546..word_553" mmax_level="unit"  subject="unmarked"  verbed="unmarked"  utype="unmarked"  finite="unmarked" />
<markable id="markable_521" span="word_541..word_545" mmax_level="unit"  subject="unmarked"  verbed="unmarked"  utype="unmarked"  finite="unmarked" />
<markable id="markable_524" span="word_550..word_553" mmax_level="unit"  subject="unmarked"  verbed="unmarked"  utype="unmarked"  finite="unmarked" />
<markable id="markable_523" span="word_547..word_548" mmax_level="unit"  subject="unmarked"  verbed="unmarked"  utype="unmarked"  finite="unmarked" />
<markable id="markable_520" span="word_539..word_545" mmax_level="unit"  subject="unmarked"  verbed="unmarked"  utype="unmarked"  finite="unmarked" />
<markable id="markable_518" span="word_533..word_535" mmax_level="unit"  subject="unmarked"  verbed="unmarked"  utype="unmarked"  finite="unmarked" />
<markable id="markable_519" span="word_536..word_545" mmax_level="unit"  subject="unmarked"  verbed="unmarked"  utype="unmarked"  finite="unmarked" />
<markable id="markable_514" span="word_516..word_520" mmax_level="unit"  subject="unmarked"  verbed="unmarked"  utype="unmarked"  finite="unmarked" />
<markable id="markable_515" span="word_521..word_526" mmax_level="unit"  subject="unmarked"  verbed="unmarked"  utype="unmarked"  finite="unmarked" />
<markable id="markable_516" span="word_527..word_535" mmax_level="unit"  subject="unmarked"  verbed="unmarked"  utype="unmarked"  finite="unmarked" />
<markable id="markable_517" span="word_529..word_535" mmax_level="unit"  subject="unmarked"  verbed="unmarked"  utype="unmarked"  finite="unmarked" />
<markable id="markable_416" span="word_4..word_7" mmax_level="unit"  subject="unmarked"  verbed="unmarked"  utype="unmarked"  finite="unmarked" />
<markable id="markable_417" span="word_11..word_21" mmax_level="unit"  subject="unmarked"  verbed="unmarked"  utype="unmarked"  finite="unmarked" />
<markable id="markable_418" span="word_15..word_21" mmax_level="unit"  subject="unmarked"  verbed="unmarked"  utype="unmarked"  finite="unmarked" />
<markable id="markable_419" span="word_19..word_21" mmax_level="unit"  subject="unmarked"  verbed="unmarked"  utype="unmarked"  finite="unmarked" />
</markables>