<?xml version="1.0" encoding="MacRoman"?>
<!DOCTYPE markables SYSTEM "markables.dtd">
<markables xmlns="www.eml.org/NameSpaces/sentence">
<markable id="markable_0" span="word_1..word_2" orderid="0" mmax_level="sentence" />
<markable id="markable_1" span="word_3" orderid="1" mmax_level="sentence" />
<markable id="markable_2" span="word_4" orderid="2" mmax_level="sentence" />
<markable id="markable_3" span="word_5..word_8" orderid="3" mmax_level="sentence" />
<markable id="markable_4" span="word_9..word_15" orderid="4" mmax_level="sentence" />
<markable id="markable_5" span="word_16..word_19" orderid="5" mmax_level="sentence" />
<markable id="markable_6" span="word_20..word_26" orderid="6" mmax_level="sentence" />
<markable id="markable_7" span="word_27..word_32" orderid="7" mmax_level="sentence" />
<markable id="markable_8" span="word_33..word_39" orderid="8" mmax_level="sentence" />
<markable id="markable_9" span="word_40..word_47" orderid="9" mmax_level="sentence" />
<markable id="markable_10" span="word_48..word_57" orderid="10" mmax_level="sentence" />
<markable id="markable_11" span="word_58..word_71" orderid="11" mmax_level="sentence" />
<markable id="markable_12" span="word_72..word_82" orderid="12" mmax_level="sentence" />
<markable id="markable_13" span="word_83..word_91" orderid="13" mmax_level="sentence" />
<markable id="markable_14" span="word_92..word_95" orderid="14" mmax_level="sentence" />
<markable id="markable_15" span="word_96..word_101" orderid="15" mmax_level="sentence" />
<markable id="markable_16" span="word_102..word_109" orderid="16" mmax_level="sentence" />
<markable id="markable_17" span="word_110..word_117" orderid="17" mmax_level="sentence" />
<markable id="markable_18" span="word_118..word_127" orderid="18" mmax_level="sentence" />
<markable id="markable_19" span="word_128..word_134" orderid="19" mmax_level="sentence" />
<markable id="markable_20" span="word_135..word_145" orderid="20" mmax_level="sentence" />
<markable id="markable_21" span="word_146..word_158" orderid="21" mmax_level="sentence" />
<markable id="markable_22" span="word_159..word_161" orderid="22" mmax_level="sentence" />
<markable id="markable_23" span="word_162..word_166" orderid="23" mmax_level="sentence" />
<markable id="markable_24" span="word_167..word_171" orderid="24" mmax_level="sentence" />
<markable id="markable_25" span="word_172..word_179" orderid="25" mmax_level="sentence" />
<markable id="markable_26" span="word_180" orderid="26" mmax_level="sentence" />
<markable id="markable_27" span="word_181..word_185" orderid="27" mmax_level="sentence" />
<markable id="markable_28" span="word_186..word_191" orderid="28" mmax_level="sentence" />
<markable id="markable_29" span="word_192..word_203" orderid="29" mmax_level="sentence" />
<markable id="markable_30" span="word_204..word_209" orderid="30" mmax_level="sentence" />
<markable id="markable_31" span="word_210..word_220" orderid="31" mmax_level="sentence" />
<markable id="markable_32" span="word_221..word_229" orderid="32" mmax_level="sentence" />
<markable id="markable_33" span="word_230..word_242" orderid="33" mmax_level="sentence" />
<markable id="markable_34" span="word_243..word_253" orderid="34" mmax_level="sentence" />
<markable id="markable_35" span="word_254..word_258" orderid="35" mmax_level="sentence" />
<markable id="markable_36" span="word_259..word_266" orderid="36" mmax_level="sentence" />
<markable id="markable_37" span="word_267..word_278" orderid="37" mmax_level="sentence" />
<markable id="markable_38" span="word_279..word_285" orderid="38" mmax_level="sentence" />
<markable id="markable_39" span="word_286..word_290" orderid="39" mmax_level="sentence" />
<markable id="markable_40" span="word_291..word_294" orderid="40" mmax_level="sentence" />
<markable id="markable_41" span="word_295..word_298" orderid="41" mmax_level="sentence" />
<markable id="markable_42" span="word_299..word_300" orderid="42" mmax_level="sentence" />
<markable id="markable_43" span="word_301..word_303" orderid="43" mmax_level="sentence" />
<markable id="markable_44" span="word_304..word_308" orderid="44" mmax_level="sentence" />
<markable id="markable_45" span="word_309..word_315" orderid="45" mmax_level="sentence" />
<markable id="markable_46" span="word_316..word_324" orderid="46" mmax_level="sentence" />
<markable id="markable_47" span="word_325..word_330" orderid="47" mmax_level="sentence" />
<markable id="markable_48" span="word_331..word_335" orderid="48" mmax_level="sentence" />
<markable id="markable_49" span="word_336..word_343" orderid="49" mmax_level="sentence" />
<markable id="markable_50" span="word_344" orderid="50" mmax_level="sentence" />
<markable id="markable_51" span="word_345" orderid="51" mmax_level="sentence" />
<markable id="markable_52" span="word_346..word_350" orderid="52" mmax_level="sentence" />
<markable id="markable_53" span="word_351..word_357" orderid="53" mmax_level="sentence" />
<markable id="markable_54" span="word_358..word_363" orderid="54" mmax_level="sentence" />
<markable id="markable_55" span="word_364..word_368" orderid="55" mmax_level="sentence" />
<markable id="markable_56" span="word_369..word_372" orderid="56" mmax_level="sentence" />
<markable id="markable_57" span="word_373..word_375" orderid="57" mmax_level="sentence" />
<markable id="markable_58" span="word_376..word_383" orderid="58" mmax_level="sentence" />
<markable id="markable_59" span="word_384..word_398" orderid="59" mmax_level="sentence" />
<markable id="markable_60" span="word_399..word_412" orderid="60" mmax_level="sentence" />
<markable id="markable_61" span="word_413..word_417" orderid="61" mmax_level="sentence" />
<markable id="markable_62" span="word_418..word_420" orderid="62" mmax_level="sentence" />
<markable id="markable_63" span="word_421..word_425" orderid="63" mmax_level="sentence" />
<markable id="markable_64" span="word_426..word_431" orderid="64" mmax_level="sentence" />
<markable id="markable_65" span="word_432..word_437" orderid="65" mmax_level="sentence" />
<markable id="markable_66" span="word_438" orderid="66" mmax_level="sentence" />
<markable id="markable_67" span="word_439..word_446" orderid="67" mmax_level="sentence" />
<markable id="markable_68" span="word_447..word_452" orderid="68" mmax_level="sentence" />
<markable id="markable_69" span="word_453..word_461" orderid="69" mmax_level="sentence" />
<markable id="markable_70" span="word_462..word_464" orderid="70" mmax_level="sentence" />
<markable id="markable_71" span="word_465..word_470" orderid="71" mmax_level="sentence" />
<markable id="markable_72" span="word_471" orderid="72" mmax_level="sentence" />
<markable id="markable_73" span="word_472..word_477" orderid="73" mmax_level="sentence" />
<markable id="markable_74" span="word_478..word_490" orderid="74" mmax_level="sentence" />
<markable id="markable_75" span="word_491..word_495" orderid="75" mmax_level="sentence" />
<markable id="markable_76" span="word_496..word_502" orderid="76" mmax_level="sentence" />
<markable id="markable_77" span="word_503..word_513" orderid="77" mmax_level="sentence" />
<markable id="markable_78" span="word_514..word_517" orderid="78" mmax_level="sentence" />
<markable id="markable_79" span="word_518..word_523" orderid="79" mmax_level="sentence" />
<markable id="markable_80" span="word_524..word_529" orderid="80" mmax_level="sentence" />
<markable id="markable_81" span="word_530..word_547" orderid="81" mmax_level="sentence" />
<markable id="markable_82" span="word_548..word_553" orderid="82" mmax_level="sentence" />
<markable id="markable_83" span="word_554..word_561" orderid="83" mmax_level="sentence" />
<markable id="markable_84" span="word_562..word_569" orderid="84" mmax_level="sentence" />
<markable id="markable_85" span="word_570..word_575" orderid="85" mmax_level="sentence" />
<markable id="markable_86" span="word_576..word_582" orderid="86" mmax_level="sentence" />
<markable id="markable_87" span="word_583..word_587" orderid="87" mmax_level="sentence" />
<markable id="markable_88" span="word_588..word_591" orderid="88" mmax_level="sentence" />
<markable id="markable_89" span="word_592..word_602" orderid="89" mmax_level="sentence" />
<markable id="markable_90" span="word_603..word_614" orderid="90" mmax_level="sentence" />
<markable id="markable_91" span="word_615..word_625" orderid="91" mmax_level="sentence" />
<markable id="markable_92" span="word_626..word_630" orderid="92" mmax_level="sentence" />
<markable id="markable_93" span="word_631..word_640" orderid="93" mmax_level="sentence" />
<markable id="markable_94" span="word_641..word_646" orderid="94" mmax_level="sentence" />
<markable id="markable_95" span="word_647..word_654" orderid="95" mmax_level="sentence" />
</markables>
