<?xml version="1.0" encoding="MacRoman"?>
<!DOCTYPE markables SYSTEM "markables.dtd">
<markables xmlns="www.eml.org/NameSpaces/sentence">
<markable id="markable_0" span="word_1..word_2" orderid="0" mmax_level="sentence" />
<markable id="markable_1" span="word_3..word_4" orderid="1" mmax_level="sentence" />
<markable id="markable_2" span="word_5..word_6" orderid="2" mmax_level="sentence" />
<markable id="markable_3" span="word_7..word_11" orderid="3" mmax_level="sentence" />
<markable id="markable_4" span="word_12..word_14" orderid="4" mmax_level="sentence" />
<markable id="markable_5" span="word_15..word_17" orderid="5" mmax_level="sentence" />
<markable id="markable_6" span="word_18..word_22" orderid="6" mmax_level="sentence" />
<markable id="markable_7" span="word_23..word_27" orderid="7" mmax_level="sentence" />
<markable id="markable_8" span="word_28..word_34" orderid="8" mmax_level="sentence" />
<markable id="markable_9" span="word_35..word_38" orderid="9" mmax_level="sentence" />
<markable id="markable_10" span="word_39..word_40" orderid="10" mmax_level="sentence" />
<markable id="markable_11" span="word_41..word_43" orderid="11" mmax_level="sentence" />
<markable id="markable_12" span="word_44..word_46" orderid="12" mmax_level="sentence" />
<markable id="markable_13" span="word_47..word_49" orderid="13" mmax_level="sentence" />
<markable id="markable_14" span="word_50..word_52" orderid="14" mmax_level="sentence" />
<markable id="markable_15" span="word_53..word_56" orderid="15" mmax_level="sentence" />
<markable id="markable_16" span="word_57..word_59" orderid="16" mmax_level="sentence" />
<markable id="markable_17" span="word_60..word_65" orderid="17" mmax_level="sentence" />
<markable id="markable_18" span="word_66..word_69" orderid="18" mmax_level="sentence" />
<markable id="markable_19" span="word_70..word_72" orderid="19" mmax_level="sentence" />
<markable id="markable_20" span="word_73..word_79" orderid="20" mmax_level="sentence" />
<markable id="markable_21" span="word_80..word_82" orderid="21" mmax_level="sentence" />
<markable id="markable_22" span="word_83..word_90" orderid="22" mmax_level="sentence" />
<markable id="markable_23" span="word_91..word_96" orderid="23" mmax_level="sentence" />
<markable id="markable_24" span="word_97..word_99" orderid="24" mmax_level="sentence" />
<markable id="markable_25" span="word_100" orderid="25" mmax_level="sentence" />
<markable id="markable_26" span="word_101..word_108" orderid="26" mmax_level="sentence" />
<markable id="markable_27" span="word_109..word_113" orderid="27" mmax_level="sentence" />
<markable id="markable_28" span="word_114..word_119" orderid="28" mmax_level="sentence" />
<markable id="markable_29" span="word_120..word_125" orderid="29" mmax_level="sentence" />
<markable id="markable_30" span="word_126..word_132" orderid="30" mmax_level="sentence" />
<markable id="markable_31" span="word_133" orderid="31" mmax_level="sentence" />
<markable id="markable_32" span="word_134..word_137" orderid="32" mmax_level="sentence" />
<markable id="markable_33" span="word_138..word_140" orderid="33" mmax_level="sentence" />
<markable id="markable_34" span="word_141..word_148" orderid="34" mmax_level="sentence" />
<markable id="markable_35" span="word_149..word_153" orderid="35" mmax_level="sentence" />
<markable id="markable_36" span="word_154..word_156" orderid="36" mmax_level="sentence" />
<markable id="markable_37" span="word_157..word_159" orderid="37" mmax_level="sentence" />
<markable id="markable_38" span="word_160..word_168" orderid="38" mmax_level="sentence" />
<markable id="markable_39" span="word_169..word_173" orderid="39" mmax_level="sentence" />
<markable id="markable_40" span="word_174..word_181" orderid="40" mmax_level="sentence" />
<markable id="markable_41" span="word_182..word_185" orderid="41" mmax_level="sentence" />
<markable id="markable_42" span="word_186..word_190" orderid="42" mmax_level="sentence" />
<markable id="markable_43" span="word_191..word_199" orderid="43" mmax_level="sentence" />
<markable id="markable_44" span="word_200..word_205" orderid="44" mmax_level="sentence" />
<markable id="markable_45" span="word_206..word_210" orderid="45" mmax_level="sentence" />
<markable id="markable_46" span="word_211..word_217" orderid="46" mmax_level="sentence" />
<markable id="markable_47" span="word_218..word_220" orderid="47" mmax_level="sentence" />
<markable id="markable_48" span="word_221..word_224" orderid="48" mmax_level="sentence" />
<markable id="markable_49" span="word_225..word_227" orderid="49" mmax_level="sentence" />
<markable id="markable_50" span="word_228..word_231" orderid="50" mmax_level="sentence" />
<markable id="markable_51" span="word_232" orderid="51" mmax_level="sentence" />
<markable id="markable_52" span="word_233..word_237" orderid="52" mmax_level="sentence" />
<markable id="markable_53" span="word_238..word_243" orderid="53" mmax_level="sentence" />
<markable id="markable_54" span="word_244..word_249" orderid="54" mmax_level="sentence" />
<markable id="markable_55" span="word_250..word_257" orderid="55" mmax_level="sentence" />
<markable id="markable_56" span="word_258..word_264" orderid="56" mmax_level="sentence" />
<markable id="markable_57" span="word_265..word_271" orderid="57" mmax_level="sentence" />
<markable id="markable_58" span="word_272..word_279" orderid="58" mmax_level="sentence" />
<markable id="markable_59" span="word_280..word_285" orderid="59" mmax_level="sentence" />
<markable id="markable_60" span="word_286..word_287" orderid="60" mmax_level="sentence" />
<markable id="markable_61" span="word_288..word_291" orderid="61" mmax_level="sentence" />
<markable id="markable_62" span="word_292..word_294" orderid="62" mmax_level="sentence" />
<markable id="markable_63" span="word_295..word_301" orderid="63" mmax_level="sentence" />
<markable id="markable_64" span="word_302..word_304" orderid="64" mmax_level="sentence" />
<markable id="markable_65" span="word_305..word_310" orderid="65" mmax_level="sentence" />
<markable id="markable_66" span="word_311..word_312" orderid="66" mmax_level="sentence" />
<markable id="markable_67" span="word_313..word_315" orderid="67" mmax_level="sentence" />
<markable id="markable_68" span="word_316..word_319" orderid="68" mmax_level="sentence" />
<markable id="markable_69" span="word_320..word_326" orderid="69" mmax_level="sentence" />
<markable id="markable_70" span="word_327..word_331" orderid="70" mmax_level="sentence" />
<markable id="markable_71" span="word_332..word_344" orderid="71" mmax_level="sentence" />
<markable id="markable_72" span="word_345..word_350" orderid="72" mmax_level="sentence" />
<markable id="markable_73" span="word_351..word_352" orderid="73" mmax_level="sentence" />
<markable id="markable_74" span="word_353..word_356" orderid="74" mmax_level="sentence" />
<markable id="markable_75" span="word_357..word_361" orderid="75" mmax_level="sentence" />
<markable id="markable_76" span="word_362..word_366" orderid="76" mmax_level="sentence" />
<markable id="markable_77" span="word_367..word_372" orderid="77" mmax_level="sentence" />
<markable id="markable_78" span="word_373" orderid="78" mmax_level="sentence" />
<markable id="markable_79" span="word_374..word_376" orderid="79" mmax_level="sentence" />
<markable id="markable_80" span="word_377..word_379" orderid="80" mmax_level="sentence" />
<markable id="markable_81" span="word_380..word_384" orderid="81" mmax_level="sentence" />
<markable id="markable_82" span="word_385..word_392" orderid="82" mmax_level="sentence" />
<markable id="markable_83" span="word_393..word_399" orderid="83" mmax_level="sentence" />
<markable id="markable_84" span="word_400..word_411" orderid="84" mmax_level="sentence" />
<markable id="markable_85" span="word_412..word_416" orderid="85" mmax_level="sentence" />
<markable id="markable_86" span="word_417..word_427" orderid="86" mmax_level="sentence" />
<markable id="markable_87" span="word_428..word_440" orderid="87" mmax_level="sentence" />
<markable id="markable_88" span="word_441..word_451" orderid="88" mmax_level="sentence" />
<markable id="markable_89" span="word_452..word_458" orderid="89" mmax_level="sentence" />
<markable id="markable_90" span="word_459..word_464" orderid="90" mmax_level="sentence" />
</markables>
