<?xml version="1.0" encoding="MacRoman"?>
<!DOCTYPE markables SYSTEM "markables.dtd">
<markables xmlns="www.eml.org/NameSpaces/chunk">
<markable id="markable_0" span="word_1..word_2" tag="np" mmax_level="chunk" />
<markable id="markable_1" span="word_5" tag="np" mmax_level="chunk" />
<markable id="markable_2" span="word_7..word_8" tag="np" mmax_level="chunk" />
<markable id="markable_3" span="word_9" tag="np" mmax_level="chunk" />
<markable id="markable_4" span="word_12..word_15" tag="np" mmax_level="chunk" />
<markable id="markable_5" span="word_16" tag="np" mmax_level="chunk" />
<markable id="markable_6" span="word_19" tag="np" mmax_level="chunk" />
<markable id="markable_7" span="word_22" tag="np" mmax_level="chunk" />
<markable id="markable_8" span="word_26" tag="np" mmax_level="chunk" />
<markable id="markable_9" span="word_27" tag="np" mmax_level="chunk" />
<markable id="markable_10" span="word_31..word_32" tag="np" mmax_level="chunk" />
<markable id="markable_11" span="word_33..word_34" tag="np" mmax_level="chunk" />
<markable id="markable_12" span="word_36" tag="np" mmax_level="chunk" />
<markable id="markable_13" span="word_38..word_39" tag="np" mmax_level="chunk" />
<markable id="markable_14" span="word_41..word_42" tag="np" mmax_level="chunk" />
<markable id="markable_15" span="word_44" tag="np" mmax_level="chunk" />
<markable id="markable_16" span="word_49" tag="np" mmax_level="chunk" />
<markable id="markable_17" span="word_52" tag="np" mmax_level="chunk" />
<markable id="markable_18" span="word_54" tag="np" mmax_level="chunk" />
<markable id="markable_19" span="word_58" tag="np" mmax_level="chunk" />
<markable id="markable_20" span="word_62..word_64" tag="np" mmax_level="chunk" />
<markable id="markable_21" span="word_66..word_68" tag="np" mmax_level="chunk" />
<markable id="markable_22" span="word_72" tag="np" mmax_level="chunk" />
<markable id="markable_23" span="word_74" tag="np" mmax_level="chunk" />
<markable id="markable_24" span="word_76..word_77" tag="np" mmax_level="chunk" />
<markable id="markable_25" span="word_79..word_80" tag="np" mmax_level="chunk" />
<markable id="markable_26" span="word_83" tag="np" mmax_level="chunk" />
<markable id="markable_27" span="word_85" tag="np" mmax_level="chunk" />
<markable id="markable_28" span="word_89..word_91" tag="np" mmax_level="chunk" />
<markable id="markable_29" span="word_92" tag="np" mmax_level="chunk" />
<markable id="markable_30" span="word_96" tag="np" mmax_level="chunk" />
<markable id="markable_31" span="word_100..word_101" tag="np" mmax_level="chunk" />
<markable id="markable_32" span="word_104..word_105" tag="np" mmax_level="chunk" />
<markable id="markable_33" span="word_106..word_107" tag="np" mmax_level="chunk" />
<markable id="markable_34" span="word_109" tag="np" mmax_level="chunk" />
<markable id="markable_35" span="word_110..word_111" tag="np" mmax_level="chunk" />
<markable id="markable_36" span="word_113" tag="np" mmax_level="chunk" />
<markable id="markable_37" span="word_116..word_117" tag="np" mmax_level="chunk" />
<markable id="markable_38" span="word_120..word_122" tag="np" mmax_level="chunk" />
<markable id="markable_39" span="word_123" tag="np" mmax_level="chunk" />
<markable id="markable_40" span="word_127" tag="np" mmax_level="chunk" />
<markable id="markable_41" span="word_129..word_131" tag="np" mmax_level="chunk" />
<markable id="markable_42" span="word_134" tag="np" mmax_level="chunk" />
<markable id="markable_43" span="word_136" tag="np" mmax_level="chunk" />
<markable id="markable_44" span="word_140" tag="np" mmax_level="chunk" />
<markable id="markable_45" span="word_142" tag="np" mmax_level="chunk" />
<markable id="markable_46" span="word_144" tag="np" mmax_level="chunk" />
<markable id="markable_47" span="word_148" tag="np" mmax_level="chunk" />
<markable id="markable_48" span="word_150..word_151" tag="np" mmax_level="chunk" />
<markable id="markable_49" span="word_154" tag="np" mmax_level="chunk" />
<markable id="markable_50" span="word_158" tag="np" mmax_level="chunk" />
<markable id="markable_51" span="word_161" tag="np" mmax_level="chunk" />
<markable id="markable_52" span="word_163" tag="np" mmax_level="chunk" />
<markable id="markable_53" span="word_166" tag="np" mmax_level="chunk" />
<markable id="markable_54" span="word_167..word_169" tag="np" mmax_level="chunk" />
<markable id="markable_55" span="word_171" tag="np" mmax_level="chunk" />
<markable id="markable_56" span="word_174" tag="np" mmax_level="chunk" />
<markable id="markable_57" span="word_178..word_179" tag="np" mmax_level="chunk" />
<markable id="markable_58" span="word_181" tag="np" mmax_level="chunk" />
<markable id="markable_59" span="word_183" tag="np" mmax_level="chunk" />
<markable id="markable_60" span="word_185" tag="np" mmax_level="chunk" />
<markable id="markable_61" span="word_186" tag="np" mmax_level="chunk" />
<markable id="markable_62" span="word_188..word_189" tag="np" mmax_level="chunk" />
<markable id="markable_63" span="word_191" tag="np" mmax_level="chunk" />
<markable id="markable_64" span="word_193" tag="np" mmax_level="chunk" />
<markable id="markable_65" span="word_198" tag="np" mmax_level="chunk" />
<markable id="markable_66" span="word_201..word_203" tag="np" mmax_level="chunk" />
<markable id="markable_67" span="word_205" tag="np" mmax_level="chunk" />
<markable id="markable_68" span="word_208..word_209" tag="np" mmax_level="chunk" />
<markable id="markable_69" span="word_210" tag="np" mmax_level="chunk" />
<markable id="markable_70" span="word_214..word_215" tag="np" mmax_level="chunk" />
<markable id="markable_71" span="word_220" tag="np" mmax_level="chunk" />
<markable id="markable_72" span="word_223..word_224" tag="np" mmax_level="chunk" />
<markable id="markable_73" span="word_226" tag="np" mmax_level="chunk" />
<markable id="markable_74" span="word_229" tag="np" mmax_level="chunk" />
<markable id="markable_75" span="word_230" tag="np" mmax_level="chunk" />
<markable id="markable_76" span="word_233" tag="np" mmax_level="chunk" />
<markable id="markable_77" span="word_235" tag="np" mmax_level="chunk" />
<markable id="markable_78" span="word_240" tag="np" mmax_level="chunk" />
<markable id="markable_79" span="word_242" tag="np" mmax_level="chunk" />
<markable id="markable_80" span="word_244" tag="np" mmax_level="chunk" />
<markable id="markable_81" span="word_246..word_249" tag="np" mmax_level="chunk" />
<markable id="markable_82" span="word_251" tag="np" mmax_level="chunk" />
<markable id="markable_83" span="word_253" tag="np" mmax_level="chunk" />
<markable id="markable_84" span="word_256" tag="np" mmax_level="chunk" />
<markable id="markable_85" span="word_259..word_260" tag="np" mmax_level="chunk" />
<markable id="markable_86" span="word_264" tag="np" mmax_level="chunk" />
<markable id="markable_87" span="word_266" tag="np" mmax_level="chunk" />
<markable id="markable_88" span="word_268..word_270" tag="np" mmax_level="chunk" />
<markable id="markable_89" span="word_271..word_272" tag="np" mmax_level="chunk" />
<markable id="markable_90" span="word_275..word_277" tag="np" mmax_level="chunk" />
<markable id="markable_91" span="word_280" tag="np" mmax_level="chunk" />
<markable id="markable_92" span="word_284..word_285" tag="np" mmax_level="chunk" />
<markable id="markable_93" span="word_286" tag="np" mmax_level="chunk" />
<markable id="markable_94" span="word_291" tag="np" mmax_level="chunk" />
<markable id="markable_95" span="word_293..word_294" tag="np" mmax_level="chunk" />
<markable id="markable_96" span="word_297..word_298" tag="np" mmax_level="chunk" />
<markable id="markable_97" span="word_300" tag="np" mmax_level="chunk" />
<markable id="markable_98" span="word_302..word_303" tag="np" mmax_level="chunk" />
<markable id="markable_99" span="word_306" tag="np" mmax_level="chunk" />
<markable id="markable_100" span="word_310" tag="np" mmax_level="chunk" />
<markable id="markable_101" span="word_311" tag="np" mmax_level="chunk" />
<markable id="markable_102" span="word_315" tag="np" mmax_level="chunk" />
<markable id="markable_103" span="word_316" tag="np" mmax_level="chunk" />
<markable id="markable_104" span="word_320..word_322" tag="np" mmax_level="chunk" />
<markable id="markable_105" span="word_324" tag="np" mmax_level="chunk" />
<markable id="markable_106" span="word_326" tag="np" mmax_level="chunk" />
<markable id="markable_107" span="word_329..word_330" tag="np" mmax_level="chunk" />
<markable id="markable_108" span="word_331" tag="np" mmax_level="chunk" />
<markable id="markable_109" span="word_333..word_335" tag="np" mmax_level="chunk" />
<markable id="markable_110" span="word_336" tag="np" mmax_level="chunk" />
<markable id="markable_111" span="word_339..word_340" tag="np" mmax_level="chunk" />
<markable id="markable_112" span="word_346" tag="np" mmax_level="chunk" />
<markable id="markable_113" span="word_348..word_350" tag="np" mmax_level="chunk" />
<markable id="markable_114" span="word_353..word_354" tag="np" mmax_level="chunk" />
<markable id="markable_115" span="word_355..word_357" tag="np" mmax_level="chunk" />
<markable id="markable_116" span="word_359" tag="np" mmax_level="chunk" />
<markable id="markable_117" span="word_361..word_363" tag="np" mmax_level="chunk" />
<markable id="markable_118" span="word_366" tag="np" mmax_level="chunk" />
<markable id="markable_119" span="word_370" tag="np" mmax_level="chunk" />
<markable id="markable_120" span="word_372" tag="np" mmax_level="chunk" />
<markable id="markable_121" span="word_374" tag="np" mmax_level="chunk" />
<markable id="markable_122" span="word_377" tag="np" mmax_level="chunk" />
<markable id="markable_123" span="word_380..word_381" tag="np" mmax_level="chunk" />
<markable id="markable_124" span="word_383" tag="np" mmax_level="chunk" />
<markable id="markable_125" span="word_385..word_387" tag="np" mmax_level="chunk" />
<markable id="markable_126" span="word_388" tag="np" mmax_level="chunk" />
<markable id="markable_127" span="word_390" tag="np" mmax_level="chunk" />
<markable id="markable_128" span="word_392..word_395" tag="np" mmax_level="chunk" />
<markable id="markable_129" span="word_401" tag="np" mmax_level="chunk" />
<markable id="markable_130" span="word_403..word_404" tag="np" mmax_level="chunk" />
<markable id="markable_131" span="word_405" tag="np" mmax_level="chunk" />
<markable id="markable_132" span="word_410" tag="np" mmax_level="chunk" />
<markable id="markable_133" span="word_412" tag="np" mmax_level="chunk" />
<markable id="markable_134" span="word_414" tag="np" mmax_level="chunk" />
<markable id="markable_135" span="word_416..word_417" tag="np" mmax_level="chunk" />
<markable id="markable_136" span="word_419..word_420" tag="np" mmax_level="chunk" />
<markable id="markable_137" span="word_424..word_425" tag="np" mmax_level="chunk" />
<markable id="markable_138" span="word_427" tag="np" mmax_level="chunk" />
<markable id="markable_139" span="word_429" tag="np" mmax_level="chunk" />
<markable id="markable_140" span="word_431" tag="np" mmax_level="chunk" />
<markable id="markable_141" span="word_433..word_434" tag="np" mmax_level="chunk" />
<markable id="markable_142" span="word_439" tag="np" mmax_level="chunk" />
<markable id="markable_143" span="word_441..word_443" tag="np" mmax_level="chunk" />
<markable id="markable_144" span="word_448" tag="np" mmax_level="chunk" />
<markable id="markable_145" span="word_451" tag="np" mmax_level="chunk" />
<markable id="markable_146" span="word_454..word_455" tag="np" mmax_level="chunk" />
<markable id="markable_147" span="word_457" tag="np" mmax_level="chunk" />
<markable id="markable_148" span="word_460..word_461" tag="np" mmax_level="chunk" />
<markable id="markable_149" span="word_463..word_464" tag="np" mmax_level="chunk" />
<markable id="markable_150" span="word_465..word_466" tag="np" mmax_level="chunk" />
<markable id="markable_151" span="word_469..word_470" tag="np" mmax_level="chunk" />
<markable id="markable_152" span="word_471" tag="np" mmax_level="chunk" />
<markable id="markable_153" span="word_473" tag="np" mmax_level="chunk" />
<markable id="markable_154" span="word_476..word_477" tag="np" mmax_level="chunk" />
<markable id="markable_155" span="word_480..word_481" tag="np" mmax_level="chunk" />
<markable id="markable_156" span="word_483..word_484" tag="np" mmax_level="chunk" />
<markable id="markable_157" span="word_485" tag="np" mmax_level="chunk" />
<markable id="markable_158" span="word_489..word_490" tag="np" mmax_level="chunk" />
<markable id="markable_159" span="word_492" tag="np" mmax_level="chunk" />
<markable id="markable_160" span="word_495" tag="np" mmax_level="chunk" />
<markable id="markable_161" span="word_497..word_499" tag="np" mmax_level="chunk" />
<markable id="markable_162" span="word_502" tag="np" mmax_level="chunk" />
<markable id="markable_163" span="word_503" tag="np" mmax_level="chunk" />
<markable id="markable_164" span="word_505" tag="np" mmax_level="chunk" />
<markable id="markable_165" span="word_509..word_510" tag="np" mmax_level="chunk" />
<markable id="markable_166" span="word_512..word_513" tag="np" mmax_level="chunk" />
<markable id="markable_167" span="word_514" tag="np" mmax_level="chunk" />
<markable id="markable_168" span="word_516" tag="np" mmax_level="chunk" />
<markable id="markable_169" span="word_519" tag="np" mmax_level="chunk" />
<markable id="markable_170" span="word_520" tag="np" mmax_level="chunk" />
<markable id="markable_171" span="word_525" tag="np" mmax_level="chunk" />
<markable id="markable_172" span="word_529" tag="np" mmax_level="chunk" />
<markable id="markable_173" span="word_530..word_533" tag="np" mmax_level="chunk" />
<markable id="markable_174" span="word_535" tag="np" mmax_level="chunk" />
<markable id="markable_175" span="word_536..word_538" tag="np" mmax_level="chunk" />
<markable id="markable_176" span="word_542..word_544" tag="np" mmax_level="chunk" />
<markable id="markable_177" span="word_547" tag="np" mmax_level="chunk" />
<markable id="markable_178" span="word_551" tag="np" mmax_level="chunk" />
<markable id="markable_179" span="word_555" tag="np" mmax_level="chunk" />
<markable id="markable_180" span="word_557..word_558" tag="np" mmax_level="chunk" />
<markable id="markable_181" span="word_560..word_561" tag="np" mmax_level="chunk" />
<markable id="markable_182" span="word_564" tag="np" mmax_level="chunk" />
<markable id="markable_183" span="word_568..word_569" tag="np" mmax_level="chunk" />
<markable id="markable_184" span="word_571" tag="np" mmax_level="chunk" />
<markable id="markable_185" span="word_575" tag="np" mmax_level="chunk" />
<markable id="markable_186" span="word_578" tag="np" mmax_level="chunk" />
<markable id="markable_187" span="word_581..word_582" tag="np" mmax_level="chunk" />
<markable id="markable_188" span="word_584" tag="np" mmax_level="chunk" />
<markable id="markable_189" span="word_586" tag="np" mmax_level="chunk" />
<markable id="markable_190" span="word_589" tag="np" mmax_level="chunk" />
<markable id="markable_191" span="word_591" tag="np" mmax_level="chunk" />
<markable id="markable_192" span="word_594" tag="np" mmax_level="chunk" />
<markable id="markable_193" span="word_604..word_605" tag="np" mmax_level="chunk" />
<markable id="markable_194" span="word_606" tag="np" mmax_level="chunk" />
<markable id="markable_195" span="word_609..word_611" tag="np" mmax_level="chunk" />
<markable id="markable_196" span="word_613..word_614" tag="np" mmax_level="chunk" />
<markable id="markable_197" span="word_623..word_624" tag="np" mmax_level="chunk" />
<markable id="markable_198" span="word_627" tag="np" mmax_level="chunk" />
<markable id="markable_199" span="word_630" tag="np" mmax_level="chunk" />
<markable id="markable_200" span="word_632..word_633" tag="np" mmax_level="chunk" />
<markable id="markable_201" span="word_638" tag="np" mmax_level="chunk" />
<markable id="markable_202" span="word_640" tag="np" mmax_level="chunk" />
<markable id="markable_203" span="word_643" tag="np" mmax_level="chunk" />
<markable id="markable_204" span="word_645..word_646" tag="np" mmax_level="chunk" />
<markable id="markable_205" span="word_648" tag="np" mmax_level="chunk" />
<markable id="markable_206" span="word_650..word_651" tag="np" mmax_level="chunk" />
<markable id="markable_207" span="word_653..word_654" tag="np" mmax_level="chunk" />
</markables>
