<?xml version="1.0" encoding="MacRoman"?>
<!DOCTYPE markables SYSTEM "markables.dtd">
<markables xmlns="www.eml.org/NameSpaces/pos">
<markable id="markable_0" span="word_1" tag="nnp" mmax_level="pos" />
<markable id="markable_1" span="word_2" tag="cd" mmax_level="pos" />
<markable id="markable_2" span="word_3" tag="uh" mmax_level="pos" />
<markable id="markable_3" span="word_4" tag="nnp" mmax_level="pos" />
<markable id="markable_4" span="word_5" tag="vbd" mmax_level="pos" />
<markable id="markable_5" span="word_6" tag="prp" mmax_level="pos" />
<markable id="markable_6" span="word_7" tag="vb" mmax_level="pos" />
<markable id="markable_7" span="word_8" tag="jj" mmax_level="pos" />
<markable id="markable_8" span="word_9" tag="nnp" mmax_level="pos" />
<markable id="markable_9" span="word_10" tag="dt" mmax_level="pos" />
<markable id="markable_10" span="word_11" tag="jj" mmax_level="pos" />
<markable id="markable_11" span="word_12" tag="nn" mmax_level="pos" />
<markable id="markable_12" span="word_13" tag="in" mmax_level="pos" />
<markable id="markable_13" span="word_14" tag="dt" mmax_level="pos" />
<markable id="markable_14" span="word_15" tag="jj" mmax_level="pos" />
<markable id="markable_15" span="word_16" tag="nn" mmax_level="pos" />
<markable id="markable_16" span="word_17" tag="uh" mmax_level="pos" />
<markable id="markable_17" span="word_18" tag="uh" mmax_level="pos" />
<markable id="markable_18" span="word_19" tag="dt" mmax_level="pos" />
<markable id="markable_19" span="word_20" tag="dt" mmax_level="pos" />
<markable id="markable_20" span="word_21" tag="dt" mmax_level="pos" />
<markable id="markable_21" span="word_22" tag="jj" mmax_level="pos" />
<markable id="markable_22" span="word_23" tag="nn" mmax_level="pos" />
<markable id="markable_23" span="word_24" tag="vbz" mmax_level="pos" />
<markable id="markable_24" span="word_25" tag="in" mmax_level="pos" />
<markable id="markable_25" span="word_26" tag="ex" mmax_level="pos" />
<markable id="markable_26" span="word_27" tag="vbz" mmax_level="pos" />
<markable id="markable_27" span="word_28" tag="dt" mmax_level="pos" />
<markable id="markable_28" span="word_29" tag="nn" mmax_level="pos" />
<markable id="markable_29" span="word_30" tag="nn" mmax_level="pos" />
<markable id="markable_30" span="word_31" tag="dt" mmax_level="pos" />
<markable id="markable_31" span="word_32" tag="nn" mmax_level="pos" />
<markable id="markable_32" span="word_33" tag="uh" mmax_level="pos" />
<markable id="markable_33" span="word_34" tag="vbg" mmax_level="pos" />
<markable id="markable_34" span="word_35" tag="nns" mmax_level="pos" />
<markable id="markable_35" span="word_36" tag="in" mmax_level="pos" />
<markable id="markable_36" span="word_37" tag="dt" mmax_level="pos" />
<markable id="markable_37" span="word_38" tag="nn" mmax_level="pos" />
<markable id="markable_38" span="word_39" tag="nn" mmax_level="pos" />
<markable id="markable_39" span="word_40" tag="cc" mmax_level="pos" />
<markable id="markable_40" span="word_41" tag="prp" mmax_level="pos" />
<markable id="markable_41" span="word_42" tag="vbz" mmax_level="pos" />
<markable id="markable_42" span="word_43" tag="jj" mmax_level="pos" />
<markable id="markable_43" span="word_44" tag="in" mmax_level="pos" />
<markable id="markable_44" span="word_45" tag="prp" mmax_level="pos" />
<markable id="markable_45" span="word_46" tag="vbp" mmax_level="pos" />
<markable id="markable_46" span="word_47" tag="dt" mmax_level="pos" />
<markable id="markable_47" span="word_48" tag="nn" mmax_level="pos" />
<markable id="markable_48" span="word_49" tag="in" mmax_level="pos" />
<markable id="markable_49" span="word_50" tag="prp" mmax_level="pos" />
<markable id="markable_50" span="word_51" tag="vbz" mmax_level="pos" />
<markable id="markable_51" span="word_52" tag="prp" mmax_level="pos" />
<markable id="markable_52" span="word_53" tag="vbz" mmax_level="pos" />
<markable id="markable_53" span="word_54" tag="nn" mmax_level="pos" />
<markable id="markable_54" span="word_55" tag="in" mmax_level="pos" />
<markable id="markable_55" span="word_56" tag="nn" mmax_level="pos" />
<markable id="markable_56" span="word_57" tag="cc" mmax_level="pos" />
<markable id="markable_57" span="word_58" tag="vbg" mmax_level="pos" />
<markable id="markable_58" span="word_59" tag="nn" mmax_level="pos" />
<markable id="markable_59" span="word_60" tag="in" mmax_level="pos" />
<markable id="markable_60" span="word_61" tag="cd" mmax_level="pos" />
<markable id="markable_61" span="word_62" tag="rb" mmax_level="pos" />
<markable id="markable_62" span="word_63" tag="jj" mmax_level="pos" />
<markable id="markable_63" span="word_64" tag="to" mmax_level="pos" />
<markable id="markable_64" span="word_65" tag="to" mmax_level="pos" />
<markable id="markable_65" span="word_66" tag="vb" mmax_level="pos" />
<markable id="markable_66" span="word_67" tag="dt" mmax_level="pos" />
<markable id="markable_67" span="word_68" tag="nn" mmax_level="pos" />
<markable id="markable_68" span="word_69" tag="in" mmax_level="pos" />
<markable id="markable_69" span="word_70" tag="nn" mmax_level="pos" />
<markable id="markable_70" span="word_71" tag="cc" mmax_level="pos" />
<markable id="markable_71" span="word_72" tag="vbg" mmax_level="pos" />
<markable id="markable_72" span="word_73" tag="nn" mmax_level="pos" />
<markable id="markable_73" span="word_74" tag="in" mmax_level="pos" />
<markable id="markable_74" span="word_75" tag="cd" mmax_level="pos" />
<markable id="markable_75" span="word_76" tag="dt" mmax_level="pos" />
<markable id="markable_76" span="word_77" tag="jj" mmax_level="pos" />
<markable id="markable_77" span="word_78" tag="nn" mmax_level="pos" />
<markable id="markable_78" span="word_79" tag="jj" mmax_level="pos" />
<markable id="markable_79" span="word_80" tag="nns" mmax_level="pos" />
<markable id="markable_80" span="word_81" tag="ls" mmax_level="pos" />
<markable id="markable_81" span="word_82" tag="prp" mmax_level="pos" />
<markable id="markable_82" span="word_83" tag="vbz" mmax_level="pos" />
<markable id="markable_83" span="word_84" tag="rb" mmax_level="pos" />
<markable id="markable_84" span="word_85" tag="rb" mmax_level="pos" />
<markable id="markable_85" span="word_86" tag="vbg" mmax_level="pos" />
<markable id="markable_86" span="word_87" tag="dt" mmax_level="pos" />
<markable id="markable_87" span="word_88" tag="dt" mmax_level="pos" />
<markable id="markable_88" span="word_89" tag="jj" mmax_level="pos" />
<markable id="markable_89" span="word_90" tag="dt" mmax_level="pos" />
<markable id="markable_90" span="word_91" tag="nns" mmax_level="pos" />
<markable id="markable_91" span="word_92" tag="in" mmax_level="pos" />
<markable id="markable_92" span="word_93" tag="dt" mmax_level="pos" />
<markable id="markable_93" span="word_94" tag="nn" mmax_level="pos" />
<markable id="markable_94" span="word_95" tag="cc" mmax_level="pos" />
<markable id="markable_95" span="word_96" tag="prp" mmax_level="pos" />
<markable id="markable_96" span="word_97" tag="vbp" mmax_level="pos" />
<markable id="markable_97" span="word_98" tag="prp" mmax_level="pos" />
<markable id="markable_98" span="word_99" tag="vbp" mmax_level="pos" />
<markable id="markable_99" span="word_100" tag="dt" mmax_level="pos" />
<markable id="markable_100" span="word_101" tag="jj" mmax_level="pos" />
<markable id="markable_101" span="word_102" tag="jj" mmax_level="pos" />
<markable id="markable_102" span="word_103" tag="nn" mmax_level="pos" />
<markable id="markable_103" span="word_104" tag="in" mmax_level="pos" />
<markable id="markable_104" span="word_105" tag="in" mmax_level="pos" />
<markable id="markable_105" span="word_106" tag="prp" mmax_level="pos" />
<markable id="markable_106" span="word_107" tag="vbz" mmax_level="pos" />
<markable id="markable_107" span="word_108" tag="dt" mmax_level="pos" />
<markable id="markable_108" span="word_109" tag="cd" mmax_level="pos" />
<markable id="markable_109" span="word_110" tag="rp" mmax_level="pos" />
<markable id="markable_110" span="word_111" tag="cc" mmax_level="pos" />
<markable id="markable_111" span="word_112" tag="prp" mmax_level="pos" />
<markable id="markable_112" span="word_113" tag="vbz" mmax_level="pos" />
<markable id="markable_113" span="word_114" tag="vbg" mmax_level="pos" />
<markable id="markable_114" span="word_115" tag="prp" mmax_level="pos" />
<markable id="markable_115" span="word_116" tag="rb" mmax_level="pos" />
<markable id="markable_116" span="word_117" tag="rb" mmax_level="pos" />
<markable id="markable_117" span="word_118" tag="cc" mmax_level="pos" />
<markable id="markable_118" span="word_119" tag="vbg" mmax_level="pos" />
<markable id="markable_119" span="word_120" tag="prp" mmax_level="pos" />
<markable id="markable_120" span="word_121" tag="in" mmax_level="pos" />
<markable id="markable_121" span="word_122" tag="nn" mmax_level="pos" />
<markable id="markable_122" span="word_123" tag="nn" mmax_level="pos" />
<markable id="markable_123" span="word_124" tag="cc" mmax_level="pos" />
<markable id="markable_124" span="word_125" tag="rb" mmax_level="pos" />
<markable id="markable_125" span="word_126" tag="vbg" mmax_level="pos" />
<markable id="markable_126" span="word_127" tag="rb" mmax_level="pos" />
<markable id="markable_127" span="word_128" tag="rb" mmax_level="pos" />
<markable id="markable_128" span="word_129" tag="in" mmax_level="pos" />
<markable id="markable_129" span="word_130" tag="dt" mmax_level="pos" />
<markable id="markable_130" span="word_131" tag="dt" mmax_level="pos" />
<markable id="markable_131" span="word_132" tag="nn" mmax_level="pos" />
<markable id="markable_132" span="word_133" tag="cc" mmax_level="pos" />
<markable id="markable_133" span="word_134" tag="vbg" mmax_level="pos" />
<markable id="markable_134" span="word_135" tag="prp" mmax_level="pos" />
<markable id="markable_135" span="word_136" tag="in" mmax_level="pos" />
<markable id="markable_136" span="word_137" tag="nns" mmax_level="pos" />
<markable id="markable_137" span="word_138" tag="cc" mmax_level="pos" />
<markable id="markable_138" span="word_139" tag="prp" mmax_level="pos" />
<markable id="markable_139" span="word_140" tag="md" mmax_level="pos" />
<markable id="markable_140" span="word_141" tag="rb" mmax_level="pos" />
<markable id="markable_141" span="word_142" tag="vb" mmax_level="pos" />
<markable id="markable_142" span="word_143" tag="prp" mmax_level="pos" />
<markable id="markable_143" span="word_144" tag="in" mmax_level="pos" />
<markable id="markable_144" span="word_145" tag="dt" mmax_level="pos" />
<markable id="markable_145" span="word_146" tag="nn" mmax_level="pos" />
<markable id="markable_146" span="word_147" tag="nn" mmax_level="pos" />
<markable id="markable_147" span="word_148" tag="prp" mmax_level="pos" />
<markable id="markable_148" span="word_149" tag="jj" mmax_level="pos" />
<markable id="markable_149" span="word_150" tag="nn" mmax_level="pos" />
<markable id="markable_150" span="word_151" tag="cc" mmax_level="pos" />
<markable id="markable_151" span="word_152" tag="cd" mmax_level="pos" />
<markable id="markable_152" span="word_153" tag="jj" mmax_level="pos" />
<markable id="markable_153" span="word_154" tag="nns" mmax_level="pos" />
<markable id="markable_154" span="word_155" tag="vbp" mmax_level="pos" />
<markable id="markable_155" span="word_156" tag="in" mmax_level="pos" />
<markable id="markable_156" span="word_157" tag="prp" mmax_level="pos" />
<markable id="markable_157" span="word_158" tag="cc" mmax_level="pos" />
<markable id="markable_158" span="word_159" tag="nn" mmax_level="pos" />
<markable id="markable_159" span="word_160" tag="cd" mmax_level="pos" />
<markable id="markable_160" span="word_161" tag="prp" mmax_level="pos" />
<markable id="markable_161" span="word_162" tag="vbp" mmax_level="pos" />
<markable id="markable_162" span="word_163" tag="rb" mmax_level="pos" />
<markable id="markable_163" span="word_164" tag="vb" mmax_level="pos" />
<markable id="markable_164" span="word_165" tag="uh" mmax_level="pos" />
<markable id="markable_165" span="word_166" tag="nn" mmax_level="pos" />
<markable id="markable_166" span="word_167" tag="vbd" mmax_level="pos" />
<markable id="markable_167" span="word_168" tag="in" mmax_level="pos" />
<markable id="markable_168" span="word_169" tag="prp" mmax_level="pos" />
<markable id="markable_169" span="word_170" tag="in" mmax_level="pos" />
<markable id="markable_170" span="word_171" tag="dt" mmax_level="pos" />
<markable id="markable_171" span="word_172" tag="nn" mmax_level="pos" />
<markable id="markable_172" span="word_173" tag="prp" mmax_level="pos" />
<markable id="markable_173" span="word_174" tag="vbp" mmax_level="pos" />
<markable id="markable_174" span="word_175" tag="rb" mmax_level="pos" />
<markable id="markable_175" span="word_176" tag="vb" mmax_level="pos" />
<markable id="markable_176" span="word_177" tag="wrb" mmax_level="pos" />
<markable id="markable_177" span="word_178" tag="prp" mmax_level="pos" />
<markable id="markable_178" span="word_179" tag="vbp" mmax_level="pos" />
<markable id="markable_179" span="word_180" tag="in" mmax_level="pos" />
<markable id="markable_180" span="word_181" tag="prp" mmax_level="pos" />
<markable id="markable_181" span="word_182" tag="vbp" mmax_level="pos" />
<markable id="markable_182" span="word_183" tag="ls" mmax_level="pos" />
<markable id="markable_183" span="word_184" tag="dt" mmax_level="pos" />
<markable id="markable_184" span="word_185" tag="nn" mmax_level="pos" />
<markable id="markable_185" span="word_186" tag="in" mmax_level="pos" />
<markable id="markable_186" span="word_187" tag="nn" mmax_level="pos" />
<markable id="markable_187" span="word_188" tag="nn" mmax_level="pos" />
<markable id="markable_188" span="word_189" tag="in" mmax_level="pos" />
<markable id="markable_189" span="word_190" tag="rb" mmax_level="pos" />
<markable id="markable_190" span="word_191" tag="dt" mmax_level="pos" />
<markable id="markable_191" span="word_192" tag="nn" mmax_level="pos" />
<markable id="markable_192" span="word_193" tag="vbz" mmax_level="pos" />
<markable id="markable_193" span="word_194" tag="vbg" mmax_level="pos" />
<markable id="markable_194" span="word_195" tag="to" mmax_level="pos" />
<markable id="markable_195" span="word_196" tag="vb" mmax_level="pos" />
<markable id="markable_196" span="word_197" tag="rb" mmax_level="pos" />
<markable id="markable_197" span="word_198" tag="in" mmax_level="pos" />
<markable id="markable_198" span="word_199" tag="dt" mmax_level="pos" />
<markable id="markable_199" span="word_200" tag="nn" mmax_level="pos" />
<markable id="markable_200" span="word_201" tag="cc" mmax_level="pos" />
<markable id="markable_201" span="word_202" tag="dt" mmax_level="pos" />
<markable id="markable_202" span="word_203" tag="nn" mmax_level="pos" />
<markable id="markable_203" span="word_204" tag="vbz" mmax_level="pos" />
<markable id="markable_204" span="word_205" tag="vbg" mmax_level="pos" />
<markable id="markable_205" span="word_206" tag="to" mmax_level="pos" />
<markable id="markable_206" span="word_207" tag="vb" mmax_level="pos" />
<markable id="markable_207" span="word_208" tag="rp" mmax_level="pos" />
<markable id="markable_208" span="word_209" tag="dt" mmax_level="pos" />
<markable id="markable_209" span="word_210" tag="nn" mmax_level="pos" />
<markable id="markable_210" span="word_211" tag="cc" mmax_level="pos" />
<markable id="markable_211" span="word_212" tag="vb" mmax_level="pos" />
<markable id="markable_212" span="word_213" tag="pdt" mmax_level="pos" />
<markable id="markable_213" span="word_214" tag="dt" mmax_level="pos" />
<markable id="markable_214" span="word_215" tag="nns" mmax_level="pos" />
<markable id="markable_215" span="word_216" tag="cc" mmax_level="pos" />
<markable id="markable_216" span="word_217" tag="wp" mmax_level="pos" />
<markable id="markable_217" span="word_218" tag="vbz" mmax_level="pos" />
<markable id="markable_218" span="word_219" tag="vb" mmax_level="pos" />
<markable id="markable_219" span="word_220" tag="vbz" mmax_level="pos" />
<markable id="markable_220" span="word_221" tag="dt" mmax_level="pos" />
<markable id="markable_221" span="word_222" tag="jj" mmax_level="pos" />
<markable id="markable_222" span="word_223" tag="nn" mmax_level="pos" />
<markable id="markable_223" span="word_224" tag="vbz" mmax_level="pos" />
<markable id="markable_224" span="word_225" tag="rb" mmax_level="pos" />
<markable id="markable_225" span="word_226" tag="in" mmax_level="pos" />
<markable id="markable_226" span="word_227" tag="dt" mmax_level="pos" />
<markable id="markable_227" span="word_228" tag="nn" mmax_level="pos" />
<markable id="markable_228" span="word_229" tag="wdt" mmax_level="pos" />
<markable id="markable_229" span="word_230" tag="vbz" mmax_level="pos" />
<markable id="markable_230" span="word_231" tag="rb" mmax_level="pos" />
<markable id="markable_231" span="word_232" tag="rb" mmax_level="pos" />
<markable id="markable_232" span="word_233" tag="jj" mmax_level="pos" />
<markable id="markable_233" span="word_234" tag="in" mmax_level="pos" />
<markable id="markable_234" span="word_235" tag="prp" mmax_level="pos" />
<markable id="markable_235" span="word_236" tag="to" mmax_level="pos" />
<markable id="markable_236" span="word_237" tag="vb" mmax_level="pos" />
<markable id="markable_237" span="word_238" tag="cc" mmax_level="pos" />
<markable id="markable_238" span="word_239" tag="prp" mmax_level="pos" />
<markable id="markable_239" span="word_240" tag="vbz" mmax_level="pos" />
<markable id="markable_240" span="word_241" tag="rp" mmax_level="pos" />
<markable id="markable_241" span="word_242" tag="rb" mmax_level="pos" />
<markable id="markable_242" span="word_243" tag="rb" mmax_level="pos" />
<markable id="markable_243" span="word_244" tag="cd" mmax_level="pos" />
<markable id="markable_244" span="word_245" tag="cc" mmax_level="pos" />
<markable id="markable_245" span="word_246" tag="cd" mmax_level="pos" />
<markable id="markable_246" span="word_247" tag="nns" mmax_level="pos" />
<markable id="markable_247" span="word_248" tag="cc" mmax_level="pos" />
<markable id="markable_248" span="word_249" tag="dt" mmax_level="pos" />
<markable id="markable_249" span="word_250" tag="jj" mmax_level="pos" />
<markable id="markable_250" span="word_251" tag="nn" mmax_level="pos" />
<markable id="markable_251" span="word_252" tag="in" mmax_level="pos" />
<markable id="markable_252" span="word_253" tag="nns" mmax_level="pos" />
<markable id="markable_253" span="word_254" tag="cc" mmax_level="pos" />
<markable id="markable_254" span="word_255" tag="vbz" mmax_level="pos" />
<markable id="markable_255" span="word_256" tag="rp" mmax_level="pos" />
<markable id="markable_256" span="word_257" tag="rp" mmax_level="pos" />
<markable id="markable_257" span="word_258" tag="dt" mmax_level="pos" />
<markable id="markable_258" span="word_259" tag="dt" mmax_level="pos" />
<markable id="markable_259" span="word_260" tag="nn" mmax_level="pos" />
<markable id="markable_260" span="word_261" tag="in" mmax_level="pos" />
<markable id="markable_261" span="word_262" tag="dt" mmax_level="pos" />
<markable id="markable_262" span="word_263" tag="nn" mmax_level="pos" />
<markable id="markable_263" span="word_264" tag="in" mmax_level="pos" />
<markable id="markable_264" span="word_265" tag="dt" mmax_level="pos" />
<markable id="markable_265" span="word_266" tag="nns" mmax_level="pos" />
<markable id="markable_266" span="word_267" tag="cc" mmax_level="pos" />
<markable id="markable_267" span="word_268" tag="in" mmax_level="pos" />
<markable id="markable_268" span="word_269" tag="dt" mmax_level="pos" />
<markable id="markable_269" span="word_270" tag="nn" mmax_level="pos" />
<markable id="markable_270" span="word_271" tag="prp" mmax_level="pos" />
<markable id="markable_271" span="word_272" tag="vbz" mmax_level="pos" />
<markable id="markable_272" span="word_273" tag="uh" mmax_level="pos" />
<markable id="markable_273" span="word_274" tag="dt" mmax_level="pos" />
<markable id="markable_274" span="word_275" tag="cd" mmax_level="pos" />
<markable id="markable_275" span="word_276" tag="nn" mmax_level="pos" />
<markable id="markable_276" span="word_277" tag="vbg" mmax_level="pos" />
<markable id="markable_277" span="word_278" tag="in" mmax_level="pos" />
<markable id="markable_278" span="word_279" tag="dt" mmax_level="pos" />
<markable id="markable_279" span="word_280" tag="nn" mmax_level="pos" />
<markable id="markable_280" span="word_281" tag="in" mmax_level="pos" />
<markable id="markable_281" span="word_282" tag="dt" mmax_level="pos" />
<markable id="markable_282" span="word_283" tag="jj" mmax_level="pos" />
<markable id="markable_283" span="word_284" tag="nn" mmax_level="pos" />
<markable id="markable_284" span="word_285" tag="cc" mmax_level="pos" />
<markable id="markable_285" span="word_286" tag="rb" mmax_level="pos" />
<markable id="markable_286" span="word_287" tag="prp" mmax_level="pos" />
<markable id="markable_287" span="word_288" tag="vbp" mmax_level="pos" />
<markable id="markable_288" span="word_289" tag="rb" mmax_level="pos" />
<markable id="markable_289" span="word_290" tag="rb" mmax_level="pos" />
<markable id="markable_290" span="word_291" tag="in" mmax_level="pos" />
<markable id="markable_291" span="word_292" tag="dt" mmax_level="pos" />
<markable id="markable_292" span="word_293" tag="jj" mmax_level="pos" />
<markable id="markable_293" span="word_294" tag="in" mmax_level="pos" />
<markable id="markable_294" span="word_295" tag="dt" mmax_level="pos" />
<markable id="markable_295" span="word_296" tag="nn" mmax_level="pos" />
<markable id="markable_296" span="word_297" tag="vbz" mmax_level="pos" />
<markable id="markable_297" span="word_298" tag="jj" mmax_level="pos" />
<markable id="markable_298" span="word_299" tag="cc" mmax_level="pos" />
<markable id="markable_299" span="word_300" tag="rb" mmax_level="pos" />
<markable id="markable_300" span="word_301" tag="rb" mmax_level="pos" />
<markable id="markable_301" span="word_302" tag="in" mmax_level="pos" />
<markable id="markable_302" span="word_303" tag="dt" mmax_level="pos" />
<markable id="markable_303" span="word_304" tag="nn" mmax_level="pos" />
<markable id="markable_304" span="word_305" tag="vbz" mmax_level="pos" />
<markable id="markable_305" span="word_306" tag="rb" mmax_level="pos" />
<markable id="markable_306" span="word_307" tag="vb" mmax_level="pos" />
<markable id="markable_307" span="word_308" tag="wrb" mmax_level="pos" />
<markable id="markable_308" span="word_309" tag="prp" mmax_level="pos" />
<markable id="markable_309" span="word_310" tag="vbz" mmax_level="pos" />
<markable id="markable_310" span="word_311" tag="vbg" mmax_level="pos" />
<markable id="markable_311" span="word_312" tag="cc" mmax_level="pos" />
<markable id="markable_312" span="word_313" tag="nn" mmax_level="pos" />
<markable id="markable_313" span="word_314" tag="vbz" mmax_level="pos" />
<markable id="markable_314" span="word_315" tag="dt" mmax_level="pos" />
<markable id="markable_315" span="word_316" tag="jj" mmax_level="pos" />
<markable id="markable_316" span="word_317" tag="nn" mmax_level="pos" />
<markable id="markable_317" span="word_318" tag="in" mmax_level="pos" />
<markable id="markable_318" span="word_319" tag="dt" mmax_level="pos" />
<markable id="markable_319" span="word_320" tag="nn" mmax_level="pos" />
<markable id="markable_320" span="word_321" tag="cc" mmax_level="pos" />
<markable id="markable_321" span="word_322" tag="rb" mmax_level="pos" />
<markable id="markable_322" span="word_323" tag="dt" mmax_level="pos" />
<markable id="markable_323" span="word_324" tag="nns" mmax_level="pos" />
<markable id="markable_324" span="word_325" tag="vbp" mmax_level="pos" />
<markable id="markable_325" span="word_326" tag="rb" mmax_level="pos" />
<markable id="markable_326" span="word_327" tag="cc" mmax_level="pos" />
<markable id="markable_327" span="word_328" tag="rb" mmax_level="pos" />
<markable id="markable_328" span="word_329" tag="ex" mmax_level="pos" />
<markable id="markable_329" span="word_330" tag="vbz" mmax_level="pos" />
<markable id="markable_330" span="word_331" tag="dt" mmax_level="pos" />
<markable id="markable_331" span="word_332" tag="nn" mmax_level="pos" />
<markable id="markable_332" span="word_333" tag="in" mmax_level="pos" />
<markable id="markable_333" span="word_334" tag="nn" mmax_level="pos" />
<markable id="markable_334" span="word_335" tag="nns" mmax_level="pos" />
<markable id="markable_335" span="word_336" tag="cd" mmax_level="pos" />
<markable id="markable_336" span="word_337" tag="nns" mmax_level="pos" />
<markable id="markable_337" span="word_338" tag="nn" mmax_level="pos" />
<markable id="markable_338" span="word_339" tag="in" mmax_level="pos" />
<markable id="markable_339" span="word_340" tag="jj" mmax_level="pos" />
<markable id="markable_340" span="word_341" tag="nn" mmax_level="pos" />
<markable id="markable_341" span="word_342" tag="in" mmax_level="pos" />
<markable id="markable_342" span="word_343" tag="dt" mmax_level="pos" />
<markable id="markable_343" span="word_344" tag="nn" mmax_level="pos" />
<markable id="markable_344" span="word_345" tag="cc" mmax_level="pos" />
<markable id="markable_345" span="word_346" tag="prp" mmax_level="pos" />
<markable id="markable_346" span="word_347" tag="vbp" mmax_level="pos" />
<markable id="markable_347" span="word_348" tag="rb" mmax_level="pos" />
<markable id="markable_348" span="word_349" tag="vb" mmax_level="pos" />
<markable id="markable_349" span="word_350" tag="in" mmax_level="pos" />
<markable id="markable_350" span="word_351" tag="jjs" mmax_level="pos" />
<markable id="markable_351" span="word_352" tag="in" mmax_level="pos" />
<markable id="markable_352" span="word_353" tag="prp" mmax_level="pos" />
<markable id="markable_353" span="word_354" tag="vbp" mmax_level="pos" />
<markable id="markable_354" span="word_355" tag="jj" mmax_level="pos" />
<markable id="markable_355" span="word_356" tag="cc" mmax_level="pos" />
<markable id="markable_356" span="word_357" tag="rb" mmax_level="pos" />
<markable id="markable_357" span="word_358" tag="cc" mmax_level="pos" />
<markable id="markable_358" span="word_359" tag="prp" mmax_level="pos" />
<markable id="markable_359" span="word_360" tag="vbp" mmax_level="pos" />
<markable id="markable_360" span="word_361" tag="dt" mmax_level="pos" />
<markable id="markable_361" span="word_362" tag="nn" mmax_level="pos" />
<markable id="markable_362" span="word_363" tag="rb" mmax_level="pos" />
<markable id="markable_363" span="word_364" tag="in" mmax_level="pos" />
<markable id="markable_364" span="word_365" tag="prp" mmax_level="pos" />
<markable id="markable_365" span="word_366" tag="vbp" mmax_level="pos" />
<markable id="markable_366" span="word_367" tag="nn" mmax_level="pos" />
<markable id="markable_367" span="word_368" tag="in" mmax_level="pos" />
<markable id="markable_368" span="word_369" tag="vbg" mmax_level="pos" />
<markable id="markable_369" span="word_370" tag="rb" mmax_level="pos" />
<markable id="markable_370" span="word_371" tag="jj" mmax_level="pos" />
<markable id="markable_371" span="word_372" tag="cc" mmax_level="pos" />
<markable id="markable_372" span="word_373" tag="vbg" mmax_level="pos" />
<markable id="markable_373" span="word_374" tag="nn" mmax_level="pos" />
<markable id="markable_374" span="word_375" tag="uh" mmax_level="pos" />
<markable id="markable_375" span="word_376" tag="prp" mmax_level="pos" />
<markable id="markable_376" span="word_377" tag="md" mmax_level="pos" />
<markable id="markable_377" span="word_378" tag="cd" mmax_level="pos" />
<markable id="markable_378" span="word_379" tag="dt" mmax_level="pos" />
<markable id="markable_379" span="word_380" tag="nn" mmax_level="pos" />
<markable id="markable_380" span="word_381" tag="md" mmax_level="pos" />
<markable id="markable_381" span="word_382" tag="vb" mmax_level="pos" />
<markable id="markable_382" span="word_383" tag="vbn" mmax_level="pos" />
<markable id="markable_383" span="word_384" tag="in" mmax_level="pos" />
<markable id="markable_384" span="word_385" tag="dt" mmax_level="pos" />
<markable id="markable_385" span="word_386" tag="jj" mmax_level="pos" />
<markable id="markable_386" span="word_387" tag="nn" mmax_level="pos" />
<markable id="markable_387" span="word_388" tag="cc" mmax_level="pos" />
<markable id="markable_388" span="word_389" tag="dt" mmax_level="pos" />
<markable id="markable_389" span="word_390" tag="cd" mmax_level="pos" />
<markable id="markable_390" span="word_391" tag="cc" mmax_level="pos" />
<markable id="markable_391" span="word_392" tag="dt" mmax_level="pos" />
<markable id="markable_392" span="word_393" tag="jj" mmax_level="pos" />
<markable id="markable_393" span="word_394" tag="nn" mmax_level="pos" />
<markable id="markable_394" span="word_395" tag="cc" mmax_level="pos" />
<markable id="markable_395" span="word_396" tag="rb" mmax_level="pos" />
<markable id="markable_396" span="word_397" tag="dt" mmax_level="pos" />
<markable id="markable_397" span="word_398" tag="nn" mmax_level="pos" />
<markable id="markable_398" span="word_399" tag="nns" mmax_level="pos" />
<markable id="markable_399" span="word_400" tag="vbp" mmax_level="pos" />
<markable id="markable_400" span="word_401" tag="cc" mmax_level="pos" />
<markable id="markable_401" span="word_402" tag="uh" mmax_level="pos" />
<markable id="markable_402" span="word_403" tag="prp" mmax_level="pos" />
<markable id="markable_403" span="word_404" tag="vbp" mmax_level="pos" />
<markable id="markable_404" span="word_405" tag="rp" mmax_level="pos" />
<markable id="markable_405" span="word_406" tag="to" mmax_level="pos" />
<markable id="markable_406" span="word_407" tag="prp" mmax_level="pos" />
<markable id="markable_407" span="word_408" tag="cc" mmax_level="pos" />
<markable id="markable_408" span="word_409" tag="prp" mmax_level="pos" />
<markable id="markable_409" span="word_410" tag="jj" mmax_level="pos" />
<markable id="markable_410" span="word_411" tag="uh" mmax_level="pos" />
<markable id="markable_411" span="word_412" tag="vb" mmax_level="pos" />
<markable id="markable_412" span="word_413" tag="prp" mmax_level="pos" />
<markable id="markable_413" span="word_414" tag="prp" mmax_level="pos" />
<markable id="markable_414" span="word_415" tag="vb" mmax_level="pos" />
<markable id="markable_415" span="word_416" tag="vbg" mmax_level="pos" />
<markable id="markable_416" span="word_417" tag="prp" mmax_level="pos" />
<markable id="markable_417" span="word_418" tag="rp" mmax_level="pos" />
<markable id="markable_418" span="word_419" tag="cc" mmax_level="pos" />
<markable id="markable_419" span="word_420" tag="vbg" mmax_level="pos" />
<markable id="markable_420" span="word_421" tag="rp" mmax_level="pos" />
<markable id="markable_421" span="word_422" tag="dt" mmax_level="pos" />
<markable id="markable_422" span="word_423" tag="nns" mmax_level="pos" />
<markable id="markable_423" span="word_424" tag="in" mmax_level="pos" />
<markable id="markable_424" span="word_425" tag="prp" mmax_level="pos" />
<markable id="markable_425" span="word_426" tag="cc" mmax_level="pos" />
<markable id="markable_426" span="word_427" tag="vbp" mmax_level="pos" />
<markable id="markable_427" span="word_428" tag="dt" mmax_level="pos" />
<markable id="markable_428" span="word_429" tag="nn" mmax_level="pos" />
<markable id="markable_429" span="word_430" tag="in" mmax_level="pos" />
<markable id="markable_430" span="word_431" tag="prp" mmax_level="pos" />
<markable id="markable_431" span="word_432" tag="vbz" mmax_level="pos" />
<markable id="markable_432" span="word_433" tag="rp" mmax_level="pos" />
<markable id="markable_433" span="word_434" tag="in" mmax_level="pos" />
<markable id="markable_434" span="word_435" tag="dt" mmax_level="pos" />
<markable id="markable_435" span="word_436" tag="nn" mmax_level="pos" />
<markable id="markable_436" span="word_437" tag="cc" mmax_level="pos" />
<markable id="markable_437" span="word_438" tag="vbp" mmax_level="pos" />
<markable id="markable_438" span="word_439" tag="rb" mmax_level="pos" />
<markable id="markable_439" span="word_440" tag="rb" mmax_level="pos" />
<markable id="markable_440" span="word_441" tag="jj" mmax_level="pos" />
<markable id="markable_441" span="word_442" tag="prp" mmax_level="pos" />
<markable id="markable_442" span="word_443" tag="vbp" mmax_level="pos" />
<markable id="markable_443" span="word_444" tag="rp" mmax_level="pos" />
<markable id="markable_444" span="word_445" tag="dt" mmax_level="pos" />
<markable id="markable_445" span="word_446" tag="nn" mmax_level="pos" />
<markable id="markable_446" span="word_447" tag="prp" mmax_level="pos" />
<markable id="markable_447" span="word_448" tag="vbz" mmax_level="pos" />
<markable id="markable_448" span="word_449" tag="rb" mmax_level="pos" />
<markable id="markable_449" span="word_450" tag="in" mmax_level="pos" />
<markable id="markable_450" span="word_451" tag="dt" mmax_level="pos" />
<markable id="markable_451" span="word_452" tag="nn" mmax_level="pos" />
<markable id="markable_452" span="word_453" tag="vb" mmax_level="pos" />
<markable id="markable_453" span="word_454" tag="rp" mmax_level="pos" />
<markable id="markable_454" span="word_455" tag="vbz" mmax_level="pos" />
<markable id="markable_455" span="word_456" tag="nn" mmax_level="pos" />
<markable id="markable_456" span="word_457" tag="cc" mmax_level="pos" />
<markable id="markable_457" span="word_458" tag="prp" mmax_level="pos" />
<markable id="markable_458" span="word_459" tag="vb" mmax_level="pos" />
<markable id="markable_459" span="word_460" tag="in" mmax_level="pos" />
<markable id="markable_460" span="word_461" tag="dt" mmax_level="pos" />
<markable id="markable_461" span="word_462" tag="nn" mmax_level="pos" />
<markable id="markable_462" span="word_463" tag="cc" mmax_level="pos" />
<markable id="markable_463" span="word_464" tag="nn" mmax_level="pos" />
<markable id="markable_464" span="word_465" tag="nn" mmax_level="pos" />
<markable id="markable_465" span="word_466" tag="prp" mmax_level="pos" />
<markable id="markable_466" span="word_467" tag="vbp" mmax_level="pos" />
<markable id="markable_467" span="word_468" tag="nn" mmax_level="pos" />
<markable id="markable_468" span="word_469" tag="rb" mmax_level="pos" />
<markable id="markable_469" span="word_470" tag="vb" mmax_level="pos" />
<markable id="markable_470" span="word_471" tag="rb" mmax_level="pos" />
<markable id="markable_471" span="word_472" tag="in" mmax_level="pos" />
<markable id="markable_472" span="word_473" tag="dt" mmax_level="pos" />
<markable id="markable_473" span="word_474" tag="nn" mmax_level="pos" />
<markable id="markable_474" span="word_475" tag="in" mmax_level="pos" />
<markable id="markable_475" span="word_476" tag="dt" mmax_level="pos" />
<markable id="markable_476" span="word_477" tag="nn" mmax_level="pos" />
<markable id="markable_477" span="word_478" tag="prp" mmax_level="pos" />
<markable id="markable_478" span="word_479" tag="vbp" mmax_level="pos" />
<markable id="markable_479" span="word_480" tag="vbg" mmax_level="pos" />
<markable id="markable_480" span="word_481" tag="cc" mmax_level="pos" />
<markable id="markable_481" span="word_482" tag="prp" mmax_level="pos" />
<markable id="markable_482" span="word_483" tag="vbz" mmax_level="pos" />
<markable id="markable_483" span="word_484" tag="vbg" mmax_level="pos" />
<markable id="markable_484" span="word_485" tag="in" mmax_level="pos" />
<markable id="markable_485" span="word_486" tag="dt" mmax_level="pos" />
<markable id="markable_486" span="word_487" tag="jj" mmax_level="pos" />
<markable id="markable_487" span="word_488" tag="nn" mmax_level="pos" />
<markable id="markable_488" span="word_489" tag="in" mmax_level="pos" />
<markable id="markable_489" span="word_490" tag="cd" mmax_level="pos" />
<markable id="markable_490" span="word_491" tag="in" mmax_level="pos" />
<markable id="markable_491" span="word_492" tag="prp" mmax_level="pos" />
<markable id="markable_492" span="word_493" tag="vbz" mmax_level="pos" />
<markable id="markable_493" span="word_494" tag="rb" mmax_level="pos" />
<markable id="markable_494" span="word_495" tag="in" mmax_level="pos" />
<markable id="markable_495" span="word_496" tag="dt" mmax_level="pos" />
<markable id="markable_496" span="word_497" tag="nn" mmax_level="pos" />
<markable id="markable_497" span="word_498" tag="cc" mmax_level="pos" />
<markable id="markable_498" span="word_499" tag="vbz" mmax_level="pos" />
<markable id="markable_499" span="word_500" tag="uh" mmax_level="pos" />
<markable id="markable_500" span="word_501" tag="uh" mmax_level="pos" />
<markable id="markable_501" span="word_502" tag="vbz" mmax_level="pos" />
<markable id="markable_502" span="word_503" tag="rb" mmax_level="pos" />
<markable id="markable_503" span="word_504" tag="vb" mmax_level="pos" />
<markable id="markable_504" span="word_505" tag="nn" mmax_level="pos" />
<markable id="markable_505" span="word_506" tag="cc" mmax_level="pos" />
<markable id="markable_506" span="word_507" tag="vbz" mmax_level="pos" />
<markable id="markable_507" span="word_508" tag="prp" mmax_level="pos" />
<markable id="markable_508" span="word_509" tag="rp" mmax_level="pos" />
<markable id="markable_509" span="word_510" tag="dt" mmax_level="pos" />
<markable id="markable_510" span="word_511" tag="nn" mmax_level="pos" />
<markable id="markable_511" span="word_512" tag="in" mmax_level="pos" />
<markable id="markable_512" span="word_513" tag="prp$" mmax_level="pos" />
<markable id="markable_513" span="word_514" tag="vbz" mmax_level="pos" />
<markable id="markable_514" span="word_515" tag="in" mmax_level="pos" />
<markable id="markable_515" span="word_516" tag="dt" mmax_level="pos" />
<markable id="markable_516" span="word_517" tag="nn" mmax_level="pos" />
<markable id="markable_517" span="word_518" tag="vbz" mmax_level="pos" />
<markable id="markable_518" span="word_519" tag="rp" mmax_level="pos" />
<markable id="markable_519" span="word_520" tag="cd" mmax_level="pos" />
<markable id="markable_520" span="word_521" tag="nns" mmax_level="pos" />
<markable id="markable_521" span="word_522" tag="cc" mmax_level="pos" />
<markable id="markable_522" span="word_523" tag="uh" mmax_level="pos" />
<markable id="markable_523" span="word_524" tag="vbz" mmax_level="pos" />
<markable id="markable_524" span="word_525" tag="prp" mmax_level="pos" />
<markable id="markable_525" span="word_526" tag="to" mmax_level="pos" />
<markable id="markable_526" span="word_527" tag="dt" mmax_level="pos" />
<markable id="markable_527" span="word_528" tag="nn" mmax_level="pos" />
<markable id="markable_528" span="word_529" tag="nns" mmax_level="pos" />
<markable id="markable_529" span="word_530" tag="cc" mmax_level="pos" />
<markable id="markable_530" span="word_531" tag="rb" mmax_level="pos" />
<markable id="markable_531" span="word_532" tag="dt" mmax_level="pos" />
<markable id="markable_532" span="word_533" tag="nns" mmax_level="pos" />
<markable id="markable_533" span="word_534" tag="vbp" mmax_level="pos" />
<markable id="markable_534" span="word_535" tag="vbg" mmax_level="pos" />
<markable id="markable_535" span="word_536" tag="in" mmax_level="pos" />
<markable id="markable_536" span="word_537" tag="dt" mmax_level="pos" />
<markable id="markable_537" span="word_538" tag="nn" mmax_level="pos" />
<markable id="markable_538" span="word_539" tag="in" mmax_level="pos" />
<markable id="markable_539" span="word_540" tag="wdt" mmax_level="pos" />
<markable id="markable_540" span="word_541" tag="dt" mmax_level="pos" />
<markable id="markable_541" span="word_542" tag="nn" mmax_level="pos" />
<markable id="markable_542" span="word_543" tag="vbd" mmax_level="pos" />
<markable id="markable_543" span="word_544" tag="rb" mmax_level="pos" />
<markable id="markable_544" span="word_545" tag="in" mmax_level="pos" />
<markable id="markable_545" span="word_546" tag="rb" mmax_level="pos" />
<markable id="markable_546" span="word_547" tag="prp" mmax_level="pos" />
<markable id="markable_547" span="word_548" tag="md" mmax_level="pos" />
<markable id="markable_548" span="word_549" tag="vb" mmax_level="pos" />
<markable id="markable_549" span="word_550" tag="in" mmax_level="pos" />
<markable id="markable_550" span="word_551" tag="dt" mmax_level="pos" />
<markable id="markable_551" span="word_552" tag="dt" mmax_level="pos" />
<markable id="markable_552" span="word_553" tag="nn" mmax_level="pos" />
<markable id="markable_553" span="word_554" tag="wp" mmax_level="pos" />
<markable id="markable_554" span="word_555" tag="vbz" mmax_level="pos" />
<markable id="markable_555" span="word_556" tag="vbn" mmax_level="pos" />
<markable id="markable_556" span="word_557" tag="vbg" mmax_level="pos" />
<markable id="markable_557" span="word_558" tag="dt" mmax_level="pos" />
<markable id="markable_558" span="word_559" tag="nns" mmax_level="pos" />
<markable id="markable_559" span="word_560" tag="wp" mmax_level="pos" />
<markable id="markable_560" span="word_561" tag="in" mmax_level="pos" />
<markable id="markable_561" span="word_562" tag="dt" mmax_level="pos" />
<markable id="markable_562" span="word_563" tag="nn" mmax_level="pos" />
<markable id="markable_563" span="word_564" tag="vbz" mmax_level="pos" />
<markable id="markable_564" span="word_565" tag="vbn" mmax_level="pos" />
<markable id="markable_565" span="word_566" tag="rp" mmax_level="pos" />
<markable id="markable_566" span="word_567" tag="in" mmax_level="pos" />
<markable id="markable_567" span="word_568" tag="dt" mmax_level="pos" />
<markable id="markable_568" span="word_569" tag="nn" mmax_level="pos" />
<markable id="markable_569" span="word_570" tag="cc" mmax_level="pos" />
<markable id="markable_570" span="word_571" tag="vbz" mmax_level="pos" />
<markable id="markable_571" span="word_572" tag="cc" mmax_level="pos" />
<markable id="markable_572" span="word_573" tag="vbz" mmax_level="pos" />
<markable id="markable_573" span="word_574" tag="in" mmax_level="pos" />
<markable id="markable_574" span="word_575" tag="prp" mmax_level="pos" />
<markable id="markable_575" span="word_576" tag="vbz" mmax_level="pos" />
<markable id="markable_576" span="word_577" tag="uh" mmax_level="pos" />
<markable id="markable_577" span="word_578" tag="prp" mmax_level="pos" />
<markable id="markable_578" span="word_579" tag="vbz" mmax_level="pos" />
<markable id="markable_579" span="word_580" tag="vbg" mmax_level="pos" />
<markable id="markable_580" span="word_581" tag="dt" mmax_level="pos" />
<markable id="markable_581" span="word_582" tag="nn" mmax_level="pos" />
<markable id="markable_582" span="word_583" tag="in" mmax_level="pos" />
<markable id="markable_583" span="word_584" tag="nns" mmax_level="pos" />
<markable id="markable_584" span="word_585" tag="cc" mmax_level="pos" />
<markable id="markable_585" span="word_586" tag="dt" mmax_level="pos" />
<markable id="markable_586" span="word_587" tag="jj" mmax_level="pos" />
<markable id="markable_587" span="word_588" tag="cd" mmax_level="pos" />
<markable id="markable_588" span="word_589" tag="nns" mmax_level="pos" />
<markable id="markable_589" span="word_590" tag="vbp" mmax_level="pos" />
<markable id="markable_590" span="word_591" tag="jj" mmax_level="pos" />
<markable id="markable_591" span="word_592" tag="in" mmax_level="pos" />
<markable id="markable_592" span="word_593" tag="dt" mmax_level="pos" />
<markable id="markable_593" span="word_594" tag="jj" mmax_level="pos" />
<markable id="markable_594" span="word_595" tag="nn" mmax_level="pos" />
<markable id="markable_595" span="word_596" tag="jj" mmax_level="pos" />
<markable id="markable_596" span="word_597" tag="nns" mmax_level="pos" />
<markable id="markable_597" span="word_598" tag="cc" mmax_level="pos" />
<markable id="markable_598" span="word_599" tag="prp" mmax_level="pos" />
<markable id="markable_599" span="word_600" tag="vbz" mmax_level="pos" />
<markable id="markable_600" span="word_601" tag="vbg" mmax_level="pos" />
<markable id="markable_601" span="word_602" tag="to" mmax_level="pos" />
<markable id="markable_602" span="word_603" tag="vb" mmax_level="pos" />
<markable id="markable_603" span="word_604" tag="rp" mmax_level="pos" />
<markable id="markable_604" span="word_605" tag="rb" mmax_level="pos" />
<markable id="markable_605" span="word_606" tag="wrb" mmax_level="pos" />
<markable id="markable_606" span="word_607" tag="wrb" mmax_level="pos" />
<markable id="markable_607" span="word_608" tag="vbd" mmax_level="pos" />
<markable id="markable_608" span="word_609" tag="dt" mmax_level="pos" />
<markable id="markable_609" span="word_610" tag="vb" mmax_level="pos" />
<markable id="markable_610" span="word_611" tag="prp" mmax_level="pos" />
<markable id="markable_611" span="word_612" tag="&quot;" mmax_level="pos" />
<markable id="markable_612" span="word_613" tag="vbp" mmax_level="pos" />
<markable id="markable_613" span="word_614" tag="ex" mmax_level="pos" />
<markable id="markable_614" span="word_615" tag="vbz" mmax_level="pos" />
<markable id="markable_615" span="word_616" tag="rb" mmax_level="pos" />
<markable id="markable_616" span="word_617" tag="dt" mmax_level="pos" />
<markable id="markable_617" span="word_618" tag="nn" mmax_level="pos" />
<markable id="markable_618" span="word_619" tag="in" mmax_level="pos" />
<markable id="markable_619" span="word_620" tag="nn" mmax_level="pos" />
<markable id="markable_620" span="word_621" tag="in" mmax_level="pos" />
<markable id="markable_621" span="word_622" tag="nn" mmax_level="pos" />
<markable id="markable_622" span="word_623" tag="cc" mmax_level="pos" />
<markable id="markable_623" span="word_624" tag="in" mmax_level="pos" />
<markable id="markable_624" span="word_625" tag="jjs" mmax_level="pos" />
<markable id="markable_625" span="word_626" tag="prp" mmax_level="pos" />
<markable id="markable_626" span="word_627" tag="prp" mmax_level="pos" />
<markable id="markable_627" span="word_628" tag="nn" mmax_level="pos" />
<markable id="markable_628" span="word_629" tag="in" mmax_level="pos" />
<markable id="markable_629" span="word_630" tag="vbp" mmax_level="pos" />
<markable id="markable_630" span="word_631" tag="nn" mmax_level="pos" />
<markable id="markable_631" span="word_632" tag="vbp" mmax_level="pos" />
<markable id="markable_632" span="word_633" tag="in" mmax_level="pos" />
<markable id="markable_633" span="word_634" tag="prp" mmax_level="pos" />
<markable id="markable_634" span="word_635" tag="vbz" mmax_level="pos" />
<markable id="markable_635" span="word_636" tag="vbg" mmax_level="pos" />
<markable id="markable_636" span="word_637" tag="to" mmax_level="pos" />
<markable id="markable_637" span="word_638" tag="vb" mmax_level="pos" />
<markable id="markable_638" span="word_639" tag="prp" mmax_level="pos" />
<markable id="markable_639" span="word_640" tag="in" mmax_level="pos" />
<markable id="markable_640" span="word_641" tag="vbg" mmax_level="pos" />
<markable id="markable_641" span="word_642" tag="vbn" mmax_level="pos" />
<markable id="markable_642" span="word_643" tag="nns" mmax_level="pos" />
<markable id="markable_643" span="word_644" tag="cc" mmax_level="pos" />
<markable id="markable_644" span="word_645" tag="uh" mmax_level="pos" />
<markable id="markable_645" span="word_646" tag="dt" mmax_level="pos" />
<markable id="markable_646" span="word_647" tag="prp" mmax_level="pos" />
<markable id="markable_647" span="word_648" tag="vbz" mmax_level="pos" />
<markable id="markable_648" span="word_649" tag="prp" mmax_level="pos" />
<markable id="markable_649" span="word_650" tag="vbz" mmax_level="pos" />
<markable id="markable_650" span="word_651" tag="prp" mmax_level="pos" />
<markable id="markable_651" span="word_652" tag="vbg" mmax_level="pos" />
<markable id="markable_652" span="word_653" tag="cc" mmax_level="pos" />
<markable id="markable_653" span="word_654" tag="vbz" mmax_level="pos" />
<markable id="markable_654" span="word_655" tag="prp" mmax_level="pos" />
<markable id="markable_655" span="word_656" tag="vbg" mmax_level="pos" />
<markable id="markable_656" span="word_657" tag="cc" mmax_level="pos" />
<markable id="markable_657" span="word_658" tag="prp" mmax_level="pos" />
<markable id="markable_658" span="word_659" tag="vbz" mmax_level="pos" />
<markable id="markable_659" span="word_660" tag="rb" mmax_level="pos" />
<markable id="markable_660" span="word_661" tag="rb" mmax_level="pos" />
<markable id="markable_661" span="word_662" tag="jj" mmax_level="pos" />
</markables>
