<?xml version="1.0" encoding="US-ASCII"?>
<!DOCTYPE markables SYSTEM "markables.dtd">
<markables xmlns="www.eml.org/NameSpaces/coref">
<markable id="markable_107" span="word_5" person="per3"  non_ref_type="expletive"  mmax_level="coref"  gram_fnc="subj"  gender="neut"  number="sing"  min_ids="word_5"   reference="non_referring"  min_words="there" coref_set="set_26" />
<markable id="markable_108" span="word_7..word_8" person="per3"  non_ref_type="incomplete"  mmax_level="coref"  gram_fnc="there-obj"  gender="neut"  number="sing"  min_ids="word_8"   reference="non_referring"  min_words="uh" coref_set="set_27" />
<markable id="markable_109" span="word_9" person="per3"  non_ref_type="expletive"  mmax_level="coref"  gram_fnc="subj"  gender="neut"  number="sing"  min_ids="word_9"   reference="non_referring"  min_words="there" coref_set="set_28" />
<markable id="markable_110" span="word_11..word_17" generic="generic-no"  person="per3"  related_object="no"  gram_fnc="there-obj"  number="sing"  object="man"   reference="new"  category="person"  mmax_level="coref"  gender="masc"  min_ids="word_12"  min_words="man" coref_set="set_1" />
<markable id="markable_111" span="word_16..word_17" generic="generic-no"  person="per3"  related_object="no"  gram_fnc="adjunct"  number="sing"  object="origin"   reference="new"  category="abstract"  mmax_level="coref"  gender="neut"  min_ids="word_17"  min_words="descent" coref_set="set_29" />
<markable id="markable_112" span="word_19" generic="generic-no"  person="per3"  related_object="no"  ambiguity="unambiguous"  gram_fnc="subj"  number="sing"  object="man"   reference="old"  phrase_antecedent="single_phrase"  category="person"  mmax_level="coref"  ref_type="phrase"  gender="masc"  min_ids="word_19"  single_phrase_antecedent="markable_110"  min_words="he" coref_set="set_1" />
<markable id="markable_114" span="word_22..word_23" generic="generic-no"  person="per3"  related_object="no"  gram_fnc="adjunct"  number="sing"  object="ladder"   reference="new"  category="concrete"  mmax_level="coref"  gender="neut"  min_ids="word_23"  min_words="ladder" coref_set="set_2" />
<markable id="markable_115" span="word_24" generic="generic-no"  person="per3"  related_object="no"  ambiguity="unambiguous"  gram_fnc="subj"  number="sing"  object="man"   reference="old"  phrase_antecedent="single_phrase"  category="person"  mmax_level="coref"  ref_type="phrase"  gender="masc"  min_ids="word_24"  single_phrase_antecedent="markable_112"  min_words="he" coref_set="set_1" />
<markable id="markable_116" span="word_30" generic="generic-no"  person="per3"  related_object="no"  ambiguity="unambiguous"  gram_fnc="subj"  number="sing"  object="man"   reference="old"  phrase_antecedent="single_phrase"  category="person"  mmax_level="coref"  ref_type="phrase"  gender="masc"  min_ids="word_30"  single_phrase_antecedent="markable_115"  min_words="he" coref_set="set_1" />
<markable id="markable_117" span="word_33..word_34" generic="generic-no"  person="per3"  related_object="no"  ambiguity="unambiguous"  gram_fnc="adjunct"  number="sing"  object="ladder"   reference="old"  phrase_antecedent="single_phrase"  category="concrete"  mmax_level="coref"  ref_type="phrase"  gender="neut"  min_ids="word_34"  single_phrase_antecedent="markable_114"  min_words="ladder" coref_set="set_2" />
<markable id="markable_119" span="word_36" generic="generic-yes"  person="per3"  related_object="no"  gram_fnc="obj"  number="plur"  object="pears"   reference="new"  category="concrete"  mmax_level="coref"  gender="neut"  min_ids="word_36"  min_words="pears" coref_set="set_3" />
<markable id="markable_120" span="word_38..word_39" generic="generic-no"  person="per3"  related_object="no"  gram_fnc="adjunct"  number="sing"  object="tree"   reference="new"  category="concrete"  mmax_level="coref"  gender="neut"  min_ids="word_39"  min_words="tree" coref_set="set_30" />
<markable id="markable_121" span="word_42" generic="generic-yes"  person="per3"  related_object="no"  ambiguity="unambiguous"  gram_fnc="obj"  number="sing"  object="pears"   reference="old"  phrase_antecedent="single_phrase"  category="concrete"  mmax_level="coref"  ref_type="phrase"  gender="neut"  min_ids="word_42"  single_phrase_antecedent="markable_119"  min_words="it" coref_set="set_3" />
<markable id="markable_122" span="word_44" generic="generic-no"  person="per3"  related_object="no"  gram_fnc="adj-mod"  number="sing"  object="apron"   reference="new"  category="concrete"  mmax_level="coref"  gender="neut"  min_ids="word_44"  min_words="apron" coref_set="set_22" />
<markable id="markable_123" span="word_50" person="per2"  non_ref_type="unknown"  mmax_level="coref"  gram_fnc="subj"  gender="undersp-gen"  number="sing"  min_ids="word_50"   comment="impersonal you"  reference="non_referring"  min_words="you" coref_set="set_31" />
<markable id="markable_124" span="word_52" generic="generic-no"  person="per3"  related_object="no"  ambiguity="unambiguous"  gram_fnc="obj"  number="sing"  object="man"   reference="old"  phrase_antecedent="single_phrase"  category="person"  mmax_level="coref"  ref_type="phrase"  gender="masc"  min_ids="word_52"  single_phrase_antecedent="markable_116"  min_words="him" coref_set="set_1" />
<markable id="markable_125" span="word_54..word_55" generic="generic-no"  person="per3"  related_object="no"  gram_fnc="subj"  number="sing"  object="sound"   reference="new"  category="abstract"  mmax_level="coref"  gender="neut"  min_ids="word_55"  min_words="sound" coref_set="set_4" />
<markable id="markable_126" span="word_65" generic="generic-no"  person="per3"  related_object="no"  ambiguity="unambiguous"  gram_fnc="subj"  number="sing"  object="sound"   reference="old"  phrase_antecedent="single_phrase"  category="abstract"  mmax_level="coref"  ref_type="phrase"  gender="neut"  min_ids="word_65"  single_phrase_antecedent="markable_125"  min_words="it" coref_set="set_4" />
<markable id="markable_127" span="word_69" generic="generic-no"  person="per1"  related_object="no"  gram_fnc="subj"  number="sing"  object="speaker"   reference="new"  category="person"  mmax_level="coref"  gender="undersp-gen"  min_ids="word_69"  min_words="i" coref_set="set_24" />
<markable id="markable_129" span="word_73" person="per3"  non_ref_type="expletive"  mmax_level="coref"  gram_fnc="subj"  gender="neut"  number="sing"  min_ids="word_73"   reference="non_referring"  min_words="it" coref_set="set_32" />
<markable id="markable_130" span="word_76" generic="generic-no"  person="per3"  related_object="no"  gram_fnc="subj"  number="plur"  object="unknown person"   reference="new"  category="person"  mmax_level="coref"  gender="neut"  min_ids="word_76"  min_words="they" coref_set="set_33" />
<markable id="markable_132" span="word_78..word_79" generic="generic-no"  person="per3"  related_object="no"  gram_fnc="obj"  number="sing"  object="microphone"   reference="new"  category="concrete"  mmax_level="coref"  gender="neut"  min_ids="word_79"  min_words="microphone" coref_set="set_34" />
<markable id="markable_133" span="word_83..word_84" generic="generic-no"  person="per3"  related_object="yes"  gram_fnc="adjunct"  number="sing"  object="branch"   reference="new"  category="concrete"  mmax_level="coref"  related_phrase="markable_120"  gender="neut"  min_ids="word_84"  min_words="branch" coref_set="set_35" />
<markable id="markable_134" span="word_86" person="per2"  non_ref_type="unknown"  mmax_level="coref"  gram_fnc="subj"  gender="undersp-gen"  number="sing"  min_ids="word_86"   comment="impersonal you"  reference="non_referring"  min_words="you" coref_set="set_36" />
<markable id="markable_135" span="word_89" generic="generic-no"  person="per3"  related_object="no"  ambiguity="unambiguous"  gram_fnc="obj"  number="sing"  object="man"   reference="old"  phrase_antecedent="single_phrase"  category="person"  mmax_level="coref"  ref_type="phrase"  gender="masc"  min_ids="word_89"  single_phrase_antecedent="markable_124"  min_words="him" coref_set="set_1" />
<markable id="markable_136" span="word_93..word_94" generic="generic-no"  person="per3"  related_object="no"  gram_fnc="obj"  number="plur"  object="pears"   reference="new"  category="concrete"  mmax_level="coref"  gender="neut"  min_ids="word_94"  min_words="pears" coref_set="set_5" />
<markable id="markable_138" span="word_98" generic="generic-no"  person="per3"  related_object="no"  ambiguity="unambiguous"  gram_fnc="subj"  number="sing"  object="sound"   reference="old"  phrase_antecedent="single_phrase"  category="abstract"  mmax_level="coref"  ref_type="phrase"  gender="neut"  min_ids="word_98"  single_phrase_antecedent="markable_126"  min_words="that" coref_set="set_4" />
<markable id="markable_139" span="word_106..word_114" generic="generic-no"  person="per3"  related_object="no"  gram_fnc="subj"  number="sing"  object="awareness"   reference="new"  category="abstract"  mmax_level="coref"  gender="neut"  min_ids="word_106"  min_words="something" coref_set="set_37" />
<markable id="markable_141" span="word_108" person="per2"  non_ref_type="unknown"  mmax_level="coref"  gram_fnc="subj"  gender="undersp-gen"  number="sing"  min_ids="word_108"   comment="impersonal you"  reference="non_referring"  min_words="you" coref_set="set_38" />
<markable id="markable_142" span="word_113..word_114" generic="generic-no"  person="per3"  related_object="no"  gram_fnc="np-mod"  number="sing"  object="film"   reference="new"  category="abstract"  mmax_level="coref"  gender="neut"  min_ids="word_114"  min_words="film" coref_set="set_6" />
<markable id="markable_143" span="word_116..word_117" person="per3"  non_ref_type="quantifier"  mmax_level="coref"  gram_fnc="subj"  gender="neut"  number="sing"  min_ids="word_116..word_117"   reference="non_referring"  min_words="no one" coref_set="set_39" />
<markable id="markable_144" span="word_120" generic="generic-no"  person="per3"  related_object="no"  gram_fnc="subj"  ambiguity="unambiguous"  number="sing"   reference="old"  segment_antecedent="unit:markable_385"  category="abstract"  mmax_level="coref"  ref_type="segment"  gender="neut"  min_ids="word_120"  min_words="it" coref_set="set_40" />
<markable id="markable_147" span="word_128..word_129" generic="generic-no"  person="per3"  related_object="no"  ambiguity="unambiguous"  gram_fnc="obj"  number="sing"  object="sound"   reference="old"  phrase_antecedent="single_phrase"  category="abstract"  mmax_level="coref"  ref_type="phrase"  gender="neut"  min_ids="word_129"  single_phrase_antecedent="markable_138"  min_words="sound" coref_set="set_4" />
<markable id="markable_509" span="word_135..word_138" generic="generic-no"  person="per3"  related_object="no"  gram_fnc="np-compl"  number="sing"   reference="new"  category="abstract"  mmax_level="coref"  gender="neut"  min_ids="word_135"  min_words="what" coref_set="set_41" />
<markable id="markable_148" span="word_140..word_144" generic="generic-no"  person="per3"  related_object="no"  gram_fnc="adjunct"  number="sing"  object="picking"   reference="new"  category="abstract"  mmax_level="coref"  gender="neut"  min_ids="word_141"  min_words="picking" coref_set="set_42" />
<markable id="markable_150" span="word_143..word_144" generic="generic-no"  person="per3"  related_object="no"  ambiguity="unambiguous"  gram_fnc="np-compl"  number="plur"  object="pears"   reference="old"  phrase_antecedent="single_phrase"  category="concrete"  mmax_level="coref"  ref_type="phrase"  gender="neut"  min_ids="word_144"  single_phrase_antecedent="markable_136"  min_words="pears" coref_set="set_5" />
<markable id="markable_151" span="word_146" person="per3"  non_ref_type="quantifier"  mmax_level="coref"  gram_fnc="adjunct"  gender="neut"  number="sing"  min_ids="word_146"   reference="non_referring"  min_words="whatever" coref_set="set_43" />
<markable id="markable_152" span="word_148" generic="generic-no"  person="per3"  related_object="no"  ambiguity="unambiguous"  gram_fnc="subj"  number="sing"  object="film"   reference="old"  phrase_antecedent="single_phrase"  category="abstract"  mmax_level="coref"  ref_type="phrase"  gender="neut"  min_ids="word_148"  single_phrase_antecedent="markable_142"  min_words="it" coref_set="set_6" />
<markable id="markable_153" span="word_150" generic="generic-no"  person="per3"  related_object="no"  ambiguity="unambiguous"  gram_fnc="obj"  number="sing"  object="man"   reference="old"  phrase_antecedent="single_phrase"  category="person"  mmax_level="coref"  ref_type="phrase"  gender="masc"  min_ids="word_150"  single_phrase_antecedent="markable_135"  min_words="him" coref_set="set_1" />
<markable id="markable_154" span="word_154" generic="generic-no"  person="per3"  related_object="no"  ambiguity="unambiguous"  gram_fnc="obj"  number="plur"  object="pears"   reference="old"  phrase_antecedent="single_phrase"  category="concrete"  mmax_level="coref"  ref_type="phrase"  gender="neut"  min_ids="word_154"  single_phrase_antecedent="markable_150"  min_words="them" coref_set="set_5" />
<markable id="markable_156" span="word_156..word_158" person="per3"  non_ref_type="incomplete"  mmax_level="coref"  gram_fnc="adjunct"  gender="neut"  number="sing"  min_ids="word_156"   reference="non_referring"  min_words="a" coref_set="set_44" />
<markable id="markable_157" span="word_160..word_161" generic="generic-no"  person="per3"  related_object="no"  gram_fnc="adjunct"  number="sing"  object="basket"   reference="new"  category="concrete"  mmax_level="coref"  gender="neut"  min_ids="word_161"  min_words="basket" coref_set="set_45" />
<markable id="markable_158" span="word_163" person="per3"  non_ref_type="expletive"  mmax_level="coref"  gram_fnc="subj"  gender="neut"  number="sing"  min_ids="word_163"   reference="non_referring"  min_words="there" coref_set="set_46" />
<markable id="markable_160" span="word_165..word_166" generic="generic-no"  person="per3"  related_object="yes"  gram_fnc="there-obj"  number="plur"  object="thrtee baskets"   reference="new"  category="concrete"  mmax_level="coref"  related_phrase="markable_157"  gender="neut"  min_ids="word_166"  min_words="baskets" coref_set="set_13" />
<markable id="markable_161" span="word_168..word_169" generic="generic-no"  person="per3"  related_object="no"  gram_fnc="adjunct"  number="sing"  object="ground"   reference="new"  category="concrete"  mmax_level="coref"  gender="neut"  min_ids="word_169"  min_words="ground" coref_set="set_47" />
<markable id="markable_510" span="word_171" generic="generic-no"  person="per3"  related_object="yes"  gram_fnc="subj"  number="plur"  object="two of three baskets"   reference="new"  category="concrete"  mmax_level="coref"  related_phrase="markable_160"  gender="neut"  min_ids="word_171"  min_words="two" coref_set="set_48" />
<markable id="markable_162" span="word_175" generic="generic-no"  person="per3"  related_object="yes"  gram_fnc="subj"  number="sing"  object="one of three baskets"   reference="new"  category="concrete"  mmax_level="coref"  related_phrase="markable_160"  gender="neut"  min_ids="word_175"  min_words="one" coref_set="set_7" />
<markable id="markable_163" span="word_184" generic="generic-no"  person="per3"  related_object="no"  ambiguity="unambiguous"  gram_fnc="subj"  number="sing"  object="man"   reference="old"  phrase_antecedent="single_phrase"  category="person"  mmax_level="coref"  ref_type="phrase"  gender="masc"  min_ids="word_184"  single_phrase_antecedent="markable_153"  min_words="he" coref_set="set_1" />
<markable id="markable_164" span="word_187" generic="generic-no"  person="per3"  related_object="no"  ambiguity="unambiguous"  gram_fnc="obj"  number="plur"  object="pears"   reference="old"  phrase_antecedent="single_phrase"  category="concrete"  mmax_level="coref"  ref_type="phrase"  gender="neut"  min_ids="word_187"  single_phrase_antecedent="markable_154"  min_words="them" coref_set="set_5" />
<markable id="markable_165" span="word_191" generic="generic-no"  person="per3"  related_object="no"  ambiguity="unambiguous"  gram_fnc="subj"  number="sing"  object="man"   reference="old"  phrase_antecedent="single_phrase"  category="person"  mmax_level="coref"  ref_type="phrase"  gender="masc"  min_ids="word_191"  single_phrase_antecedent="markable_163"  min_words="he" coref_set="set_1" />
<markable id="markable_166" span="word_196" generic="generic-no"  person="per3"  related_object="no"  ambiguity="unambiguous"  gram_fnc="adjunct"  number="sing"  object="ladder"   reference="old"  phrase_antecedent="single_phrase"  category="concrete"  mmax_level="coref"  ref_type="phrase"  gender="neut"  min_ids="word_196"  single_phrase_antecedent="markable_117"  min_words="ladder" coref_set="set_2" />
<markable id="markable_167" span="word_200..word_201" generic="generic-no"  person="per3"  related_object="no"  ambiguity="unambiguous"  gram_fnc="subj"  number="sing"  object="film"   reference="old"  phrase_antecedent="single_phrase"  category="abstract"  mmax_level="coref"  ref_type="phrase"  gender="neut"  min_ids="word_201"  single_phrase_antecedent="markable_152"  min_words="film" coref_set="set_6" />
<markable id="markable_168" span="word_205..word_212" generic="generic-no"  person="per3"  related_object="no"  gram_fnc="adjunct"  number="sing"  object="scene"   reference="new"  category="abstract"  mmax_level="coref"  gender="neut"  min_ids="word_206..word_207"  min_words="sort" coref_set="set_49" />
<markable id="markable_171" span="word_208..word_212" generic="generic-no"  person="per3"  related_object="no"  gram_fnc="np-compl"  number="sing"  object="scene"   reference="new"  category="abstract"  mmax_level="coref"  gender="neut"  min_ids="word_209"  min_words="scene" coref_set="set_50" />
<markable id="markable_172" span="word_211..word_212" generic="generic-no"  person="per3"  related_object="no"  gram_fnc="np-compl"  number="sing"  object="country"   reference="new"  category="space"  mmax_level="coref"  gender="neut"  min_ids="word_212"  min_words="country" coref_set="set_51" />
<markable id="markable_173" span="word_214..word_215" generic="generic-no"  person="per3"  related_object="no"  gram_fnc="adjunct"  number="sing"  object="path"   reference="new"  category="concrete"  mmax_level="coref"  gender="neut"  min_ids="word_215"  min_words="path" coref_set="set_52" />
<markable id="markable_174" span="word_217" person="per2"  non_ref_type="unknown"  mmax_level="coref"  gram_fnc="subj"  gender="undersp-gen"  number="sing"  min_ids="word_217"   comment="impersonal you"  reference="non_referring"  min_words="you" coref_set="set_53" />
<markable id="markable_175" span="word_219..word_220" generic="generic-no"  person="per3"  related_object="no"  gram_fnc="obj"  number="sing"  object="rooster"   reference="new"  category="animate"  mmax_level="coref"  gender="undersp-gen"  min_ids="word_220"  min_words="rooster" coref_set="set_54" />
<markable id="markable_176" span="word_224" generic="generic-no"  person="per3"  related_object="no"  ambiguity="unambiguous"  gram_fnc="subj"  number="sing"  object="scene"   reference="old"  phrase_antecedent="single_phrase"  category="abstract"  mmax_level="coref"  ref_type="phrase"  gender="neut"  min_ids="word_224"  single_phrase_antecedent="markable_167"  min_words="it" coref_set="set_6" />
<markable id="markable_177" span="word_225" generic="generic-no"  person="per3"  related_object="no"  ambiguity="unambiguous"  gram_fnc="subj"  number="sing"  object="scene"   reference="old"  phrase_antecedent="single_phrase"  category="abstract"  mmax_level="coref"  ref_type="phrase"  gender="neut"  min_ids="word_225"  single_phrase_antecedent="markable_176"  min_words="it" coref_set="set_6" />
<markable id="markable_178" span="word_228..word_229" generic="generic-no"  person="per3"  related_object="no"  ambiguity="unambiguous"  gram_fnc="adjunct"  number="sing"  object="man"   reference="old"  phrase_antecedent="single_phrase"  category="person"  mmax_level="coref"  ref_type="phrase"  gender="masc"  min_ids="word_229"  single_phrase_antecedent="markable_165"  min_words="man" coref_set="set_1" />
<markable id="markable_179" span="word_234" person="per2"  non_ref_type="unknown"  mmax_level="coref"  gram_fnc="subj"  gender="undersp-gen"  number="sing"  min_ids="word_234"   comment="impersonal you"  reference="non_referring"  min_words="you" coref_set="set_55" />
<markable id="markable_180" span="word_237" generic="generic-no"  person="per3"  related_object="no"  ambiguity="unambiguous"  gram_fnc="subj"  number="sing"  object="man"   reference="old"  phrase_antecedent="single_phrase"  category="person"  mmax_level="coref"  ref_type="phrase"  gender="masc"  min_ids="word_237"  single_phrase_antecedent="markable_178"  min_words="he" coref_set="set_1" />
<markable id="markable_181" span="word_240..word_241" generic="generic-no"  person="per3"  related_object="no"  ambiguity="unambiguous"  gram_fnc="obj"  number="plur"  object="pears"   reference="old"  phrase_antecedent="single_phrase"  category="concrete"  mmax_level="coref"  ref_type="phrase"  gender="neut"  min_ids="word_241"  single_phrase_antecedent="markable_164"  min_words="pears" coref_set="set_5" />
<markable id="markable_182" span="word_243..word_244" generic="generic-no"  person="per3"  related_object="no"  ambiguity="unambiguous"  gram_fnc="adjunct"  number="sing"  object="basket"   reference="old"  phrase_antecedent="single_phrase"  category="concrete"  mmax_level="coref"  ref_type="phrase"  gender="neut"  min_ids="word_244"  single_phrase_antecedent="markable_162"  min_words="basket" coref_set="set_7" />
<markable id="markable_183" span="word_246..word_250" generic="generic-no"  person="per3"  related_object="no"  gram_fnc="no-gf"  number="sing"  object="noise"   reference="new"  category="abstract"  mmax_level="coref"  gender="neut"  min_ids="word_250"  min_words="noise" coref_set="set_56" />
<markable id="markable_520" span="word_249" min_ids="word_249" generic="generic-no"  person="per3"  related_object="no"  gram_fnc="np-mod"  number="sing"   reference="new"  category="animate"  mmax_level="coref"  gender="neut"  min_words="animal" coref_set="set_8" />
<markable id="markable_184" span="word_251" generic="generic-no"  person="per3"  related_object="no"  ambiguity="unambiguous"  gram_fnc="subj"  number="sing"   reference="old"  phrase_antecedent="single_phrase"  category="animate"  mmax_level="coref"  ref_type="phrase"  gender="neut"  min_ids="word_251"  single_phrase_antecedent="markable_520"  min_words="which" coref_set="set_8" />
<markable id="markable_185" span="word_256..word_257" generic="generic-no"  person="per3"  related_object="no"  gram_fnc="obj"  number="sing"  object="goat"   reference="new"  category="animate"  mmax_level="coref"  gender="undersp-gen"  min_ids="word_257"  min_words="goat" coref_set="set_9" />
<markable id="markable_186" span="word_260" generic="generic-no"  person="per3"  related_object="no"  ambiguity="unambiguous"  gram_fnc="subj"  number="sing"  object="man"   reference="old"  phrase_antecedent="single_phrase"  category="person"  mmax_level="coref"  ref_type="phrase"  gender="masc"  min_ids="word_260"  single_phrase_antecedent="markable_180"  min_words="he" coref_set="set_1" />
<markable id="markable_187" span="word_264..word_265" generic="generic-no"  person="per3"  related_object="no"  ambiguity="unambiguous"  gram_fnc="adjunct"  number="sing"  object="ladder"   reference="old"  phrase_antecedent="single_phrase"  category="concrete"  mmax_level="coref"  ref_type="phrase"  gender="neut"  min_ids="word_265"  single_phrase_antecedent="markable_166"  min_words="ladder" coref_set="set_2" />
<markable id="markable_188" span="word_266" person="per2"  non_ref_type="unknown"  mmax_level="coref"  gram_fnc="subj"  gender="undersp-gen"  number="sing"  min_ids="word_266"   comment="impersonal you"  reference="non_referring"  min_words="you" coref_set="set_57" />
<markable id="markable_189" span="word_268..word_272" generic="generic-no"  person="per3"  related_object="no"  gram_fnc="obj"  number="sing"  object="man2"   reference="new"  category="person"  mmax_level="coref"  gender="masc"  min_ids="word_269"  min_words="man" coref_set="set_58" />
<markable id="markable_190" span="word_271..word_272" generic="generic-no"  person="per3"  related_object="no"  ambiguity="unambiguous"  gram_fnc="obj"  number="sing"  object="goat"   reference="old"  phrase_antecedent="single_phrase"  category="animate"  mmax_level="coref"  ref_type="phrase"  gender="undersp-gen"  min_ids="word_272"  single_phrase_antecedent="markable_185"  min_words="goat" coref_set="set_9" />
<markable id="markable_191" span="word_274" person="per2"  non_ref_type="unknown"  mmax_level="coref"  gram_fnc="subj"  gender="undersp-gen"  number="sing"  min_ids="word_274"   comment="impersonal you"  reference="non_referring"  min_words="you" coref_set="set_59" />
<markable id="markable_192" span="word_277..word_278" generic="generic-no"  person="per3"  related_object="yes"  gram_fnc="adjunct"  number="sing"  object="scene"   reference="new"  category="abstract"  mmax_level="coref"  related_phrase="markable_167"  gender="neut"  min_ids="word_278"  min_words="scene" coref_set="set_60" />
<markable id="markable_193" span="word_281" person="per2"  non_ref_type="unknown"  mmax_level="coref"  gram_fnc="subj"  gender="undersp-gen"  number="sing"  min_ids="word_281"   comment="impersonal you"  reference="non_referring"  min_words="you" coref_set="set_61" />
<markable id="markable_194" span="word_284..word_294" generic="generic-no"  person="per3"  related_object="yes"  gram_fnc="obj"  number="sing"  object="noise"   reference="new"  category="abstract"  mmax_level="coref"  related_phrase="markable_183"  gender="neut"  min_ids="word_287"  min_words="noise" coref_set="set_62" />
<markable id="markable_195" span="word_293..word_294" generic="generic-no"  person="per3"  related_object="no"  gram_fnc="obj"  number="sing"  object="bicycle"   reference="new"  category="concrete"  mmax_level="coref"  gender="neut"  min_ids="word_294"  min_words="bicycle" coref_set="set_10" />
<markable id="markable_197" span="word_296..word_305" generic="generic-no"  person="per3"  related_object="no"  gram_fnc="subj"  number="sing"  object="little boy"   reference="new"  category="person"  mmax_level="coref"  gender="masc"  min_ids="word_298"  min_words="boy" coref_set="set_11" />
<markable id="markable_198" span="word_300..word_301" generic="generic-no"  person="per3"  related_object="no"  ambiguity="unambiguous"  gram_fnc="np-mod"  number="sing"  object="bicycle"   reference="old"  phrase_antecedent="single_phrase"  category="concrete"  mmax_level="coref"  ref_type="phrase"  gender="neut"  min_ids="word_301"  single_phrase_antecedent="markable_195"  min_words="bicycle" coref_set="set_10" />
<markable id="markable_200" span="word_310" generic="generic-no"  person="per3"  related_object="no"  ambiguity="unambiguous"  gram_fnc="subj"  number="sing"  object="little boy"   reference="old"  phrase_antecedent="single_phrase"  category="person"  mmax_level="coref"  ref_type="phrase"  gender="masc"  min_ids="word_310"  single_phrase_antecedent="markable_197"  min_words="he" coref_set="set_11" />
<markable id="markable_201" span="word_315" generic="generic-no"  person="per3"  related_object="no"  ambiguity="unambiguous"  gram_fnc="subj"  number="sing"  object="little boy"   reference="old"  phrase_antecedent="single_phrase"  category="person"  mmax_level="coref"  ref_type="phrase"  gender="masc"  min_ids="word_315"  single_phrase_antecedent="markable_200"  min_words="he" coref_set="set_11" />
<markable id="markable_521" span="word_319..word_322" min_ids="word_319" generic="generic-no"  person="per3"  related_object="no"  gram_fnc="adjunct"  number="sing"   reference="new"  category="space"  mmax_level="coref"  gender="neut"  min_words="where" coref_set="set_12" />
<markable id="markable_202" span="word_320..word_321" generic="generic-no"  person="per3"  related_object="yes"  ambiguity="unambiguous"  gram_fnc="subj"  number="plur"  object="pears"   reference="old"  phrase_antecedent="single_phrase"  category="concrete"  mmax_level="coref"  related_phrase="markable_161"  ref_type="phrase"  gender="neut"  min_ids="word_321"  single_phrase_antecedent="markable_181"  min_words="pears" coref_set="set_5" />
<markable id="markable_204" span="word_328..word_334" generic="generic-no"  person="per3"  related_object="no"  ambiguity="unambiguous"  gram_fnc="adjunct"  number="sing"  object="man"   reference="old"  phrase_antecedent="single_phrase"  category="person"  mmax_level="coref"  ref_type="phrase"  gender="masc"  min_ids="word_329"  single_phrase_antecedent="markable_186"  min_words="man" coref_set="set_1" />
<markable id="markable_205" span="word_333..word_334" generic="generic-no"  person="per3"  related_object="no"  ambiguity="unambiguous"  gram_fnc="adjunct"  number="sing"  object="ladder"   reference="old"  phrase_antecedent="single_phrase"  category="concrete"  mmax_level="coref"  ref_type="phrase"  gender="neut"  min_ids="word_334"  single_phrase_antecedent="markable_187"  min_words="ladder" coref_set="set_2" />
<markable id="markable_206" span="word_336..word_337" generic="generic-no"  person="per3"  related_object="no"  ambiguity="unambiguous"  gram_fnc="subj"  number="sing"  object="man"   reference="old"  phrase_antecedent="single_phrase"  category="person"  mmax_level="coref"  ref_type="phrase"  gender="masc"  min_ids="word_337"  single_phrase_antecedent="markable_204"  min_words="man" coref_set="set_1" />
<markable id="markable_207" span="word_342..word_344" generic="generic-no"  person="per3"  related_object="no"  ambiguity="unambiguous"  gram_fnc="subj"  number="sing"  object="little boy"   reference="old"  phrase_antecedent="single_phrase"  category="person"  mmax_level="coref"  ref_type="phrase"  gender="masc"  min_ids="word_344"  single_phrase_antecedent="markable_201"  min_words="boy" coref_set="set_11" />
<markable id="markable_511" span="word_346" generic="generic-no"  person="per3"  related_object="no"  ambiguity="unambiguous"  gram_fnc="adjunct"  number="sing"   reference="old"  phrase_antecedent="single_phrase"  category="space"  mmax_level="coref"  ref_type="phrase"  gender="neut"  min_ids="word_346"  single_phrase_antecedent="markable_521"  min_words="there." coref_set="set_12" />
<markable id="markable_210" span="word_349" generic="generic-no"  person="per3"  related_object="no"  gram_fnc="subj"  ambiguity="unambiguous"  number="sing"   reference="old"  segment_antecedent="unit:markable_517"  category="abstract"  mmax_level="coref"  ref_type="segment"  gender="neut"  min_ids="word_349"  min_words="it" coref_set="set_63" />
<markable id="markable_214" span="word_355..word_359" generic="generic-no"  person="per3"  related_object="yes"  gram_fnc="adjunct"  number="sing"  object="parts of the film"   reference="new"  category="abstract"  mmax_level="coref"  related_phrase="empty"  gender="neut"  min_ids="word_356"  min_words="parts" coref_set="set_64" />
<markable id="markable_216" span="word_358..word_359" generic="generic-no"  person="per3"  related_object="no"  ambiguity="unambiguous"  gram_fnc="np-compl"  number="sing"  object="film"   reference="old"  phrase_antecedent="single_phrase"  category="abstract"  mmax_level="coref"  ref_type="phrase"  gender="neut"  min_ids="word_359"  single_phrase_antecedent="markable_177"  min_words="movie" coref_set="set_6" />
<markable id="markable_217" span="word_360" person="per3"  non_ref_type="expletive"  mmax_level="coref"  gram_fnc="subj"  gender="neut"  number="sing"  min_ids="word_360"   reference="non_referring"  min_words="it" coref_set="set_65" />
<markable id="markable_512" span="word_363..word_380" generic="generic-no"  person="per3"  related_object="no"  gram_fnc="obj"  number="plur"  object="sounds"   reference="new"  category="abstract"  mmax_level="coref"  gender="neut"  min_ids="word_363"  min_words="sounds" coref_set="set_66" />
<markable id="markable_219" span="word_372..word_380" generic="generic-no"  person="per3"  related_object="no"  gram_fnc="adjunct"  number="sing"  object="norm"   reference="new"  category="abstract"  mmax_level="coref"  gender="neut"  min_ids="word_374"  min_words="norm" coref_set="set_67" />
<markable id="markable_221" span="word_377..word_378" generic="generic-no"  person="per3"  related_object="no"  ambiguity="unambiguous"  gram_fnc="subj"  number="sing"  object="film"   reference="old"  phrase_antecedent="single_phrase"  category="abstract"  mmax_level="coref"  ref_type="phrase"  gender="neut"  min_ids="word_378"  single_phrase_antecedent="markable_216"  min_words="movie" coref_set="set_6" />
<markable id="markable_222" span="word_381" generic="generic-no"  person="per3"  related_object="no"  ambiguity="unambiguous"  gram_fnc="subj"  number="sing"  object="film"   reference="old"  phrase_antecedent="single_phrase"  category="abstract"  mmax_level="coref"  ref_type="phrase"  gender="neut"  min_ids="word_381"  single_phrase_antecedent="markable_221"  min_words="it" coref_set="set_6" />
<markable id="markable_223" span="word_389..word_390" generic="generic-no"  person="per3"  related_object="no"  ambiguity="unambiguous"  gram_fnc="subj"  number="sing"  object="man"   reference="old"  phrase_antecedent="single_phrase"  category="person"  mmax_level="coref"  ref_type="phrase"  gender="masc"  min_ids="word_390"  single_phrase_antecedent="markable_206"  min_words="man" coref_set="set_1" />
<markable id="markable_224" span="word_394..word_400" generic="generic-no"  person="per3"  related_object="no"  ambiguity="unambiguous"  gram_fnc="obj"  number="sing"  object="little boy"   reference="old"  phrase_antecedent="single_phrase"  category="person"  mmax_level="coref"  ref_type="phrase"  gender="masc"  min_ids="word_396"  single_phrase_antecedent="markable_207"  min_words="boy" coref_set="set_11" />
<markable id="markable_225" span="word_397" person="per2"  non_ref_type="unknown"  mmax_level="coref"  gram_fnc="subj"  gender="undersp-gen"  number="sing"  min_ids="word_397"   comment="impersonal you"  reference="non_referring"  min_words="you" coref_set="set_68" />
<markable id="markable_522" span="word_400" min_ids="word_400" generic="generic-no"  person="per3"  related_object="no"  ambiguity="unambiguous"  gram_fnc="adjunct"  number="sing"   reference="old"  phrase_antecedent="single_phrase"  category="space"  mmax_level="coref"  ref_type="phrase"  gender="neut"  single_phrase_antecedent="markable_511"  min_words="there" coref_set="set_12" />
<markable id="markable_226" span="word_402" generic="generic-no"  person="per3"  related_object="no"  ambiguity="unambiguous"  gram_fnc="subj"  number="sing"  object="little boy"   reference="old"  phrase_antecedent="single_phrase"  category="person"  mmax_level="coref"  ref_type="phrase"  gender="masc"  min_ids="word_402"  single_phrase_antecedent="markable_224"  min_words="he" coref_set="set_11" />
<markable id="markable_227" span="word_407..word_411" generic="generic-no"  person="per3"  related_object="yes"  gram_fnc="obj"  number="sing"  object="one of three baskets"   reference="new"  category="concrete"  mmax_level="coref"  related_phrase="markable_160"  gender="neut"  min_ids="word_407"  min_words="one" coref_set="set_14" />
<markable id="markable_229" span="word_409..word_411" generic="generic-no"  person="per3"  related_object="no"  ambiguity="unambiguous"  gram_fnc="np-compl"  number="plur"  object="three baskets"   reference="old"  phrase_antecedent="single_phrase"  category="concrete"  mmax_level="coref"  ref_type="phrase"  gender="neut"  min_ids="word_409"  single_phrase_antecedent="markable_160"  min_words="baskets" coref_set="set_13" />
<markable id="markable_230" span="word_411" generic="generic-yes"  person="per3"  related_object="no"  ambiguity="unambiguous"  gram_fnc="np-compl"  number="plur"  object="pears"   reference="old"  phrase_antecedent="single_phrase"  category="concrete"  mmax_level="coref"  ref_type="phrase"  gender="neut"  min_ids="word_411"  single_phrase_antecedent="markable_121"  min_words="pears" coref_set="set_3" />
<markable id="markable_231" span="word_414" generic="generic-no"  person="per3"  related_object="no"  ambiguity="unambiguous"  gram_fnc="obj"  number="sing"  object="one of three baskets"   reference="old"  phrase_antecedent="single_phrase"  category="concrete"  mmax_level="coref"  ref_type="phrase"  gender="neut"  min_ids="word_414"  single_phrase_antecedent="markable_227"  min_words="it" coref_set="set_14" />
<markable id="markable_233" span="word_417" generic="generic-no"  person="per3"  related_object="no"  ambiguity="unambiguous"  gram_fnc="adjunct"  number="sing"  object="bicycle"   reference="old"  phrase_antecedent="single_phrase"  category="concrete"  mmax_level="coref"  ref_type="phrase"  gender="neut"  min_ids="word_417"  single_phrase_antecedent="markable_198"  min_words="bicycle" coref_set="set_10" />
<markable id="markable_234" span="word_419..word_422" generic="generic-no"  person="per3"  related_object="yes"  gram_fnc="adjunct"  number="sing"  object="front part of bicycle"   reference="new"  category="concrete"  mmax_level="coref"  related_phrase="empty"  gender="neut"  min_ids="word_420"  min_words="front" coref_set="set_69" />
<markable id="markable_236" span="word_422" generic="generic-no"  person="per3"  related_object="no"  ambiguity="unambiguous"  gram_fnc="np-compl"  number="sing"  object="bicycle"   reference="old"  phrase_antecedent="single_phrase"  category="concrete"  mmax_level="coref"  ref_type="phrase"  gender="neut"  min_ids="word_422"  single_phrase_antecedent="markable_233"  min_words="bicycle" coref_set="set_10" />
<markable id="markable_237" span="word_431" generic="generic-no"  person="per3"  related_object="no"  ambiguity="unambiguous"  gram_fnc="subj"  number="sing"  object="little boy"   reference="old"  phrase_antecedent="single_phrase"  category="person"  mmax_level="coref"  ref_type="phrase"  gender="masc"  min_ids="word_431"  single_phrase_antecedent="markable_226"  min_words="he" coref_set="set_11" />
<markable id="markable_238" span="word_434" person="per3"  non_ref_type="expletive"  mmax_level="coref"  gram_fnc="subj"  gender="neut"  number="sing"  min_ids="word_434"   reference="non_referring"  min_words="there" coref_set="set_70" />
<markable id="markable_239" span="word_437..word_446" generic="generic-no"  person="per3"  related_object="no"  gram_fnc="obj"  number="sing"  object="girl"   reference="new"  category="person"  mmax_level="coref"  gender="fem"  min_ids="word_438"  min_words="girl" coref_set="set_16" />
<markable id="markable_513" span="word_441..word_442" generic="generic-no"  person="per3"  related_object="no"  gram_fnc="adjunct"  number="sing"  object="bicycle"   reference="new"  category="concrete"  mmax_level="coref"  gender="neut"  min_ids="word_442"  min_words="bicycle" coref_set="set_71" />
<markable id="markable_242" span="word_444..word_446" generic="generic-no"  person="per3"  related_object="no"  gram_fnc="adjunct"  number="sing"  object="direction"   reference="new"  category="abstract"  mmax_level="coref"  gender="neut"  min_ids="word_446"  min_words="direction" coref_set="set_72" />
<markable id="markable_243" span="word_448..word_449" generic="generic-no"  person="per3"  related_object="no"  ambiguity="unambiguous"  gram_fnc="subj"  number="plur"  object="little boy and girl"   reference="old"  phrase_antecedent="multiple_phrases"  category="person"  mmax_level="coref"  multiple_phrase_antecedents="markable_239;markable_237"  ref_type="phrase"  gender="undersp-gen"  min_ids="word_448"  min_words="they" coref_set="set_15" />
<markable id="markable_245" span="word_453" person="per2"  non_ref_type="unknown"  mmax_level="coref"  gram_fnc="subj"  gender="undersp-gen"  number="sing"  min_ids="word_453"   comment="impersonal you"  reference="non_referring"  min_words="you" coref_set="set_73" />
<markable id="markable_246" span="word_457" generic="generic-no"  person="per3"  related_object="no"  ambiguity="unambiguous"  gram_fnc="subj"  number="sing"  object="little boy and girl"   reference="old"  phrase_antecedent="single_phrase"  category="person"  mmax_level="coref"  ref_type="phrase"  gender="undersp-gen"  min_ids="word_457"  single_phrase_antecedent="markable_243"  min_words="they" coref_set="set_15" />
<markable id="markable_247" span="word_463..word_464" person="per3"  non_ref_type="quantifier"  mmax_level="coref"  gram_fnc="adjunct"  gender="undersp-gen"  number="plur"  min_ids="word_463..word_464"   reference="non_referring"  min_words="each other" coref_set="set_74" />
<markable id="markable_248" span="word_466" generic="generic-no"  person="per3"  related_object="no"  ambiguity="unambiguous"  gram_fnc="subj"  number="sing"  object="girl"   reference="old"  phrase_antecedent="single_phrase"  category="person"  mmax_level="coref"  ref_type="phrase"  gender="fem"  min_ids="word_466"  single_phrase_antecedent="markable_239"  min_words="she" coref_set="set_16" />
<markable id="markable_249" span="word_469..word_475" generic="generic-no"  person="per3"  related_object="no"  gram_fnc="obj"  number="sing"  object="hat"   reference="new"  category="concrete"  mmax_level="coref"  gender="neut"  min_ids="word_471"  min_words="hat" coref_set="set_17" />
<markable id="markable_250" span="word_473" generic="generic-no"  person="per3"  related_object="no"  ambiguity="unambiguous"  gram_fnc="subj"  number="sing"  object="little boy"   reference="old"  phrase_antecedent="single_phrase"  category="person"  mmax_level="coref"  ref_type="phrase"  gender="masc"  min_ids="word_473"  single_phrase_antecedent="markable_237"  min_words="he" coref_set="set_11" />
<markable id="markable_251" span="word_478" generic="generic-no"  person="per3"  related_object="no"  ambiguity="unambiguous"  gram_fnc="subj"  number="sing"  object="hat"   reference="old"  phrase_antecedent="single_phrase"  category="concrete"  mmax_level="coref"  ref_type="phrase"  gender="neut"  min_ids="word_478"  single_phrase_antecedent="markable_249"  min_words="hat" coref_set="set_17" />
<markable id="markable_252" span="word_483" generic="generic-no"  person="per3"  related_object="no"  ambiguity="unambiguous"  gram_fnc="subj"  number="sing"  object="little boy"   reference="old"  phrase_antecedent="single_phrase"  category="person"  mmax_level="coref"  ref_type="phrase"  gender="masc"  min_ids="word_483"  single_phrase_antecedent="markable_250"  min_words="he" coref_set="set_11" />
<markable id="markable_253" span="word_485" generic="generic-no"  person="per3"  related_object="yes"  gram_fnc="obj"  number="sing"  object="head"   reference="new"  category="concrete"  mmax_level="coref"  related_phrase="markable_252"  gender="neut"  min_ids="word_485"  min_words="head" coref_set="set_75" />
<markable id="markable_254" span="word_489" generic="generic-no"  person="per3"  related_object="no"  ambiguity="unambiguous"  gram_fnc="obj"  number="sing"  object="hat"   reference="old"  phrase_antecedent="single_phrase"  category="concrete"  mmax_level="coref"  ref_type="phrase"  gender="neut"  min_ids="word_489"  single_phrase_antecedent="markable_251"  min_words="it" coref_set="set_17" />
<markable id="markable_255" span="word_491" generic="generic-no"  person="per3"  related_object="no"  ambiguity="unambiguous"  gram_fnc="subj"  number="sing"  object="little boy"   reference="old"  phrase_antecedent="single_phrase"  category="person"  mmax_level="coref"  ref_type="phrase"  gender="masc"  min_ids="word_491"  single_phrase_antecedent="markable_252"  min_words="he" coref_set="set_11" />
<markable id="markable_256" span="word_496" generic="generic-no"  person="per3"  related_object="no"  ambiguity="unambiguous"  gram_fnc="subj"  number="sing"  object="little boy"   reference="old"  phrase_antecedent="single_phrase"  category="person"  mmax_level="coref"  ref_type="phrase"  gender="masc"  min_ids="word_496"  single_phrase_antecedent="markable_255"  min_words="he" coref_set="set_11" />
<markable id="markable_257" span="word_498..word_499" generic="generic-no"  person="per3"  related_object="no"  gram_fnc="obj"  number="sing"  object="rock"   reference="new"  category="concrete"  mmax_level="coref"  gender="neut"  min_ids="word_499"  min_words="rock" coref_set="set_76" />
<markable id="markable_258" span="word_504..word_505" generic="generic-no"  person="per3"  related_object="no"  ambiguity="unambiguous"  gram_fnc="subj"  number="sing"  object="bicycle"   reference="old"  phrase_antecedent="single_phrase"  category="concrete"  mmax_level="coref"  ref_type="phrase"  gender="neut"  min_ids="word_505"  single_phrase_antecedent="markable_236"  min_words="bike" coref_set="set_10" />
<markable id="markable_259" span="word_509..word_510" generic="generic-no"  phrase_antecedent_2="single_phrase"  person="per3"  gram_fnc="subj"  ambiguity="ambiguous"  single_phrase_antecedent_2="markable_230"  object="pears"   related_object_2="no"  mmax_level="coref"  ref_type="phrase"  gender="neut"  min_words="pears"  ref_type_2="phrase"  generic_2="generic-no"  related_object="no"  category_2="concrete"  number="plur"  phrase_antecedent="single_phrase"  reference="old"  category="concrete"  min_ids="word_510"  single_phrase_antecedent="markable_227" coref_set="set_14" />
<markable id="markable_263" span="word_519..word_522" person="per3"  non_ref_type="idiom"  mmax_level="coref"  gram_fnc="adjunct"  gender="neut"  number="sing"  min_ids="word_519..word_522"   reference="non_referring"  min_words="all of a sudden" coref_set="set_77" />
<markable id="markable_266" span="word_523..word_524" generic="generic-no"  person="per3"  related_object="no"  gram_fnc="subj"  number="plur"  object="three boys"   reference="new"  category="person"  mmax_level="coref"  gender="masc"  min_ids="word_524"  min_words="boys" coref_set="set_20" />
<markable id="markable_267" span="word_529" generic="generic-no"  person="per3"  related_object="yes"  gram_fnc="subj"  number="sing"  object="one of three boys"   reference="new"  category="person"  mmax_level="coref"  related_phrase="markable_266"  gender="masc"  min_ids="word_529"  min_words="one" coref_set="set_78" />
<markable id="markable_514" span="word_531..word_544" generic="generic-no"  person="per3"  related_object="no"  gram_fnc="obj"  number="sing"  object="toy"   reference="new"  category="concrete"  mmax_level="coref"  gender="neut"  min_ids="word_531"  min_words="one" coref_set="set_18" />
<markable id="markable_518" span="word_533..word_540" generic="generic-no"  person="per3"  related_object="no"  gram_fnc="np-compl"  number="plur"  object="paddles"   reference="new"  category="concrete"  mmax_level="coref"  gender="neut"  min_ids="word_534"  min_words="paddles" coref_set="set_19" />
<markable id="markable_273" span="word_536..word_538" generic="generic-no"  person="per3"  related_object="no"  gram_fnc="adjunct"  number="sing"  object="ball"   reference="new"  category="concrete"  mmax_level="coref"  gender="neut"  min_ids="word_538"  min_words="ball" coref_set="set_79" />
<markable id="markable_274" span="word_540" generic="generic-no"  person="per3"  related_object="no"  ambiguity="unambiguous"  gram_fnc="np-mod"  number="sing"  object="paddle"   reference="old"  phrase_antecedent="single_phrase"  category="concrete"  mmax_level="coref"  ref_type="phrase"  gender="neut"  min_ids="word_540"  single_phrase_antecedent="markable_514"  min_words="it" coref_set="set_18" />
<markable id="markable_275" span="word_543" person="per2"  non_ref_type="unknown"  mmax_level="coref"  gram_fnc="subj"  gender="undersp-gen"  number="sing"  min_ids="word_543"   comment="impersonal you"  reference="non_referring"  min_words="you" coref_set="set_80" />
<markable id="markable_276" span="word_545..word_548" generic="generic-no"  person="per3"  related_object="no"  ambiguity="unambiguous"  gram_fnc="obj"  number="sing"  object="toy"   reference="old"  phrase_antecedent="single_phrase"  category="concrete"  mmax_level="coref"  ref_type="phrase"  gender="neut"  min_ids="word_545"  single_phrase_antecedent="markable_514"  min_words="one" coref_set="set_18" />
<markable id="markable_523" span="word_547..word_548" min_ids="word_548" generic="generic-no"  person="per3"  related_object="no"  ambiguity="unambiguous"  gram_fnc="np-compl"  number="plur"   reference="old"  phrase_antecedent="single_phrase"  category="concrete"  mmax_level="coref"  ref_type="phrase"  gender="neut"  single_phrase_antecedent="markable_518"  min_words="things" coref_set="set_19" />
<markable id="markable_282" span="word_554" generic="generic-no"  person="per3"  related_object="no"  ambiguity="unambiguous"  gram_fnc="subj"  number="plur"  object="three boys"   reference="old"  phrase_antecedent="single_phrase"  category="person"  mmax_level="coref"  ref_type="phrase"  gender="masc"  min_ids="word_554"  single_phrase_antecedent="markable_266"  min_words="they" coref_set="set_20" />
<markable id="markable_283" span="word_556" generic="generic-no"  person="per3"  related_object="no"  ambiguity="unambiguous"  gram_fnc="obj"  number="sing"  object="little boy"   reference="old"  phrase_antecedent="single_phrase"  category="person"  mmax_level="coref"  ref_type="phrase"  gender="masc"  min_ids="word_556"  single_phrase_antecedent="markable_256"  min_words="him" coref_set="set_11" />
<markable id="markable_284" span="word_558" generic="generic-no"  person="per3"  related_object="no"  ambiguity="unambiguous"  gram_fnc="subj"  number="plur"  object="three boys"   reference="old"  phrase_antecedent="single_phrase"  category="person"  mmax_level="coref"  ref_type="phrase"  gender="masc"  min_ids="word_558"  single_phrase_antecedent="markable_282"  min_words="they" coref_set="set_20" />
<markable id="markable_285" span="word_560" generic="generic-no"  person="per3"  related_object="no"  ambiguity="unambiguous"  gram_fnc="obj"  number="sing"  object="little boy"   reference="old"  phrase_antecedent="single_phrase"  category="person"  mmax_level="coref"  ref_type="phrase"  gender="masc"  min_ids="word_560"  single_phrase_antecedent="markable_283"  min_words="him" coref_set="set_11" />
<markable id="markable_286" span="word_564..word_566" generic="generic-no"  person="per3"  related_object="no"  ambiguity="unambiguous"  gram_fnc="obj"  number="plur"   reference="old"  phrase_antecedent="single_phrase"  category="concrete"  mmax_level="coref"  ref_type="phrase"  gender="neut"  min_ids="word_566"  single_phrase_antecedent="markable_259"  min_words="pears" coref_set="set_14" />
<markable id="markable_287" span="word_569..word_570" generic="generic-no"  person="per3"  related_object="no"  ambiguity="unambiguous"  gram_fnc="adjunct"  number="sing"  object="basket"   reference="old"  phrase_antecedent="single_phrase"  category="concrete"  mmax_level="coref"  ref_type="phrase"  gender="neut"  min_ids="word_570"  single_phrase_antecedent="markable_227"  min_words="basket" coref_set="set_14" />
<markable id="markable_288" span="word_573..word_574" generic="generic-no"  person="per3"  related_object="no"  ambiguity="unambiguous"  gram_fnc="obj"  number="sing"  object="basket"   reference="old"  phrase_antecedent="single_phrase"  category="concrete"  mmax_level="coref"  ref_type="phrase"  gender="neut"  min_ids="word_574"  single_phrase_antecedent="markable_287"  min_words="basket" coref_set="set_14" />
<markable id="markable_289" span="word_577..word_578" generic="generic-no"  person="per3"  related_object="no"  ambiguity="unambiguous"  gram_fnc="adjunct"  number="sing"  object="bicycle"   reference="old"  phrase_antecedent="single_phrase"  category="concrete"  mmax_level="coref"  ref_type="phrase"  gender="neut"  min_ids="word_578"  single_phrase_antecedent="markable_258"  min_words="bicycle" coref_set="set_10" />
<markable id="markable_290" span="word_580" generic="generic-no"  person="per3"  related_object="no"  ambiguity="unambiguous"  gram_fnc="subj"  number="sing"  object="little boy"   reference="old"  phrase_antecedent="single_phrase"  category="person"  mmax_level="coref"  ref_type="phrase"  gender="masc"  min_ids="word_580"  single_phrase_antecedent="markable_285"  min_words="he" coref_set="set_11" />
<markable id="markable_291" span="word_583..word_584" generic="generic-no"  person="per3"  related_object="no"  gram_fnc="adjunct"  number="sing"  object="way  /direction"   reference="new"  category="abstract"  mmax_level="coref"  gender="neut"  min_ids="word_584"  min_words="way" coref_set="set_81" />
<markable id="markable_292" span="word_587..word_588" generic="generic-no"  person="per3"  related_object="no"  ambiguity="unambiguous"  gram_fnc="subj"  number="plur"  object="three boys"   reference="old"  phrase_antecedent="single_phrase"  category="person"  mmax_level="coref"  ref_type="phrase"  gender="masc"  min_ids="word_588"  single_phrase_antecedent="markable_284"  min_words="boys" coref_set="set_20" />
<markable id="markable_293" span="word_591..word_593" generic="generic-no"  person="per3"  related_object="no"  gram_fnc="adjunct"  number="sing"  object="direction"   reference="new"  category="abstract"  mmax_level="coref"  gender="neut"  min_ids="word_593"  min_words="direction" coref_set="set_82" />
<markable id="markable_294" span="word_596..word_599" generic="generic-no"  person="per3"  related_object="yes"  gram_fnc="subj"  number="sing"  object="one of three boys"   reference="new"  category="person"  mmax_level="coref"  related_phrase="markable_292"  gender="masc"  min_ids="word_596"  min_words="one" coref_set="set_21" />
<markable id="markable_296" span="word_598..word_599" generic="generic-no"  person="per3"  related_object="no"  ambiguity="unambiguous"  gram_fnc="np-compl"  number="plur"  object="three boys"   reference="old"  phrase_antecedent="single_phrase"  category="person"  mmax_level="coref"  ref_type="phrase"  gender="masc"  min_ids="word_599"  single_phrase_antecedent="markable_292"  min_words="boys" coref_set="set_20" />
<markable id="markable_298" span="word_602..word_607" generic="generic-no"  person="per3"  related_object="no"  ambiguity="unambiguous"  gram_fnc="obj"  number="sing"  object="hat"   reference="old"  phrase_antecedent="single_phrase"  category="concrete"  mmax_level="coref"  ref_type="phrase"  gender="neut"  min_ids="word_603"  single_phrase_antecedent="markable_254"  min_words="hat" coref_set="set_17" />
<markable id="markable_299" span="word_606..word_607" generic="generic-no"  person="per3"  related_object="no"  gram_fnc="adjunct"  number="sing"  object="road"   reference="new"  category="concrete"  mmax_level="coref"  gender="neut"  min_ids="word_607"  min_words="road" coref_set="set_83" />
<markable id="markable_300" span="word_610" generic="generic-no"  person="per3"  related_object="no"  ambiguity="unambiguous"  gram_fnc="subj"  number="sing"  object="one of three boys"   reference="old"  phrase_antecedent="single_phrase"  category="person"  mmax_level="coref"  ref_type="phrase"  gender="masc"  min_ids="word_610"  single_phrase_antecedent="markable_294"  min_words="he" coref_set="set_21" />
<markable id="markable_301" span="word_613..word_614" generic="generic-no"  person="per3"  related_object="no"  ambiguity="unambiguous"  gram_fnc="adjunct"  number="sing"  object="little boy"   reference="old"  phrase_antecedent="single_phrase"  category="person"  mmax_level="coref"  ref_type="phrase"  gender="masc"  min_ids="word_614"  single_phrase_antecedent="markable_290"  min_words="boy" coref_set="set_11" />
<markable id="markable_302" span="word_616..word_617" generic="generic-no"  person="per3"  related_object="no"  ambiguity="unambiguous"  gram_fnc="adjunct"  number="sing"  object="bicycle"   reference="old"  phrase_antecedent="single_phrase"  category="concrete"  mmax_level="coref"  ref_type="phrase"  gender="neut"  min_ids="word_617"  single_phrase_antecedent="markable_289"  min_words="bicycle" coref_set="set_10" />
<markable id="markable_303" span="word_619..word_623" generic="generic-no"  person="per3"  related_object="no"  ambiguity="unambiguous"  gram_fnc="subj"  number="sing"  object="little boy"   reference="old"  phrase_antecedent="single_phrase"  category="person"  mmax_level="coref"  ref_type="phrase"  gender="masc"  min_ids="word_620"  single_phrase_antecedent="markable_301"  min_words="boy" coref_set="set_11" />
<markable id="markable_305" span="word_622..word_623" generic="generic-no"  person="per3"  related_object="no"  ambiguity="unambiguous"  gram_fnc="np-mod"  number="sing"  object="bicycle"   reference="old"  phrase_antecedent="single_phrase"  category="concrete"  mmax_level="coref"  ref_type="phrase"  gender="neut"  min_ids="word_623"  single_phrase_antecedent="markable_302"  min_words="bicycle" coref_set="set_10" />
<markable id="markable_308" span="word_628" generic="generic-no"  person="per3"  related_object="no"  ambiguity="unambiguous"  gram_fnc="subj"  number="sing"  object="little boy"   reference="old"  phrase_antecedent="single_phrase"  category="person"  mmax_level="coref"  ref_type="phrase"  gender="masc"  min_ids="word_628"  single_phrase_antecedent="markable_303"  min_words="he" coref_set="set_11" />
<markable id="markable_309" span="word_631" generic="generic-no"  person="per3"  related_object="no"  ambiguity="unambiguous"  gram_fnc="obj"  number="sing"  object="bicycle"   reference="old"  phrase_antecedent="single_phrase"  category="concrete"  mmax_level="coref"  ref_type="phrase"  gender="neut"  min_ids="word_631"  single_phrase_antecedent="markable_305"  min_words="it" coref_set="set_10" />
<markable id="markable_310" span="word_633..word_634" generic="generic-no"  person="per3"  related_object="no"  gram_fnc="adjunct"  number="sing"  object="time"   reference="new"  category="time"  mmax_level="coref"  gender="neut"  min_ids="word_634"  min_words="time" coref_set="set_84" />
<markable id="markable_311" span="word_635" generic="generic-no"  person="per3"  related_object="no"  ambiguity="unambiguous"  gram_fnc="subj"  number="sing"  object="little boy"   reference="old"  phrase_antecedent="single_phrase"  category="person"  mmax_level="coref"  ref_type="phrase"  gender="masc"  min_ids="word_635"  single_phrase_antecedent="markable_308"  min_words="he" coref_set="set_11" />
<markable id="markable_312" span="word_638" generic="generic-no"  person="per3"  related_object="no"  ambiguity="unambiguous"  gram_fnc="subj"  number="sing"  object="little boy"   reference="old"  phrase_antecedent="single_phrase"  category="person"  mmax_level="coref"  ref_type="phrase"  gender="masc"  min_ids="word_638"  single_phrase_antecedent="markable_311"  min_words="he" coref_set="set_11" />
<markable id="markable_313" span="word_642" generic="generic-no"  person="per3"  related_object="no"  ambiguity="unambiguous"  gram_fnc="obj"  number="sing"  object="bicycle"   reference="old"  phrase_antecedent="single_phrase"  category="concrete"  mmax_level="coref"  ref_type="phrase"  gender="neut"  min_ids="word_642"  single_phrase_antecedent="markable_309"  min_words="it" coref_set="set_10" />
<markable id="markable_314" span="word_646" generic="generic-no"  person="per3"  related_object="no"  ambiguity="unambiguous"  gram_fnc="subj"  number="sing"  object="one of three boys"   reference="old"  phrase_antecedent="single_phrase"  category="person"  mmax_level="coref"  ref_type="phrase"  gender="masc"  min_ids="word_646"  single_phrase_antecedent="markable_300"  min_words="he" coref_set="set_21" />
<markable id="markable_315" span="word_650" generic="generic-no"  person="per3"  related_object="no"  ambiguity="unambiguous"  gram_fnc="adjunct"  number="sing"  object="little boy"   reference="old"  phrase_antecedent="single_phrase"  category="person"  mmax_level="coref"  ref_type="phrase"  gender="masc"  min_ids="word_650"  single_phrase_antecedent="markable_312"  min_words="him" coref_set="set_11" />
<markable id="markable_316" span="word_653..word_654" generic="generic-no"  person="per3"  related_object="no"  ambiguity="unambiguous"  gram_fnc="obj"  number="sing"  object="hat"   reference="old"  phrase_antecedent="single_phrase"  category="concrete"  mmax_level="coref"  ref_type="phrase"  gender="neut"  min_ids="word_654"  single_phrase_antecedent="markable_298"  min_words="hat" coref_set="set_17" />
<markable id="markable_317" span="word_657" generic="generic-no"  person="per3"  related_object="no"  ambiguity="unambiguous"  gram_fnc="adjunct"  number="sing"  object="little boy"   reference="old"  phrase_antecedent="single_phrase"  category="person"  mmax_level="coref"  ref_type="phrase"  gender="masc"  min_ids="word_657"  single_phrase_antecedent="markable_315"  min_words="him" coref_set="set_11" />
<markable id="markable_524" span="word_660" min_ids="word_660" generic="generic-no"  person="per3"  related_object="no"  gram_fnc="adjunct"  number="sing"   reference="new"  category="abstract"  mmax_level="coref"  gender="neut"  min_words="exchange" coref_set="set_85" />
<markable id="markable_319" span="word_661..word_662" generic="generic-no"  person="per3"  related_object="no"  ambiguity="unambiguous"  gram_fnc="subj"  number="sing"  object="little boy"   reference="old"  phrase_antecedent="single_phrase"  category="person"  mmax_level="coref"  ref_type="phrase"  gender="masc"  min_ids="word_662"  single_phrase_antecedent="markable_317"  min_words="boy" coref_set="set_11" />
<markable id="markable_320" span="word_664" generic="generic-no"  person="per3"  related_object="no"  ambiguity="unambiguous"  gram_fnc="comp"  number="sing"  object="one of three boys"   reference="old"  phrase_antecedent="single_phrase"  category="person"  mmax_level="coref"  ref_type="phrase"  gender="masc"  min_ids="word_664"  single_phrase_antecedent="markable_314"  min_words="him" coref_set="set_21" />
<markable id="markable_321" span="word_665..word_666" generic="generic-no"  person="per3"  related_object="yes"  gram_fnc="obj"  number="plur"  object="three pears"   reference="new"  category="concrete"  mmax_level="coref"  related_phrase="markable_286"  gender="neut"  min_ids="word_666"  min_words="pears" coref_set="set_23" />
<markable id="markable_322" span="word_667..word_672" person="per3"  non_ref_type="predicate"  mmax_level="coref"  gram_fnc="predicate"  gender="neut"  number="sing"  min_ids="word_667"   reference="non_referring"  min_words="one" coref_set="set_86" />
<markable id="markable_515" span="word_669..word_672" person="per3"  non_ref_type="quantifier"  mmax_level="coref"  gram_fnc="np-mod"  gender="neut"  number="sing"  min_ids="word_669"   reference="non_referring"  min_words="each" coref_set="set_87" />
<markable id="markable_326" span="word_671..word_672" generic="generic-no"  person="per3"  related_object="no"  ambiguity="unambiguous"  gram_fnc="np-compl"  number="sing"  object="three boys"   reference="old"  phrase_antecedent="single_phrase"  category="person"  mmax_level="coref"  ref_type="phrase"  gender="masc"  min_ids="word_672"  single_phrase_antecedent="markable_296"  min_words="boys" coref_set="set_20" />
<markable id="markable_327" span="word_675" generic="generic-no"  person="per3"  related_object="no"  ambiguity="unambiguous"  gram_fnc="subj"  number="sing"  object="little boy"   reference="old"  phrase_antecedent="single_phrase"  category="person"  mmax_level="coref"  ref_type="phrase"  gender="masc"  min_ids="word_675"  single_phrase_antecedent="markable_319"  min_words="he" coref_set="set_11" />
<markable id="markable_328" span="word_680..word_682" generic="generic-no"  person="per3"  related_object="no"  ambiguity="unambiguous"  gram_fnc="subj"  number="plur"  object="three boys"   reference="old"  phrase_antecedent="single_phrase"  category="person"  mmax_level="coref"  ref_type="phrase"  gender="masc"  min_ids="word_682"  single_phrase_antecedent="markable_326"  min_words="boys" coref_set="set_20" />
<markable id="markable_329" span="word_686..word_687" generic="generic-no"  person="per3"  related_object="no"  gram_fnc="adjunct"  number="sing"  object="path"   reference="new"  category="concrete"  mmax_level="coref"  gender="neut"  min_ids="word_687"  min_words="path" coref_set="set_88" />
<markable id="markable_330" span="word_691..word_692" generic="generic-no"  person="per3"  related_object="no"  gram_fnc="adjunct"  number="sing"  object="time"   reference="new"  category="time"  mmax_level="coref"  gender="neut"  min_ids="word_692"  min_words="time" coref_set="set_89" />
<markable id="markable_331" span="word_693..word_700" generic="generic-no"  person="per3"  related_object="no"  ambiguity="unambiguous"  gram_fnc="subj"  number="sing"  object="man"   reference="old"  phrase_antecedent="single_phrase"  category="person"  mmax_level="coref"  ref_type="phrase"  gender="masc"  min_ids="word_694"  single_phrase_antecedent="markable_223"  min_words="man" coref_set="set_1" />
<markable id="markable_333" span="word_698..word_699" generic="generic-no"  person="per3"  related_object="no"  ambiguity="unambiguous"  gram_fnc="obj"  number="sing"  object="pears"   reference="old"  phrase_antecedent="single_phrase"  category="concrete"  mmax_level="coref"  ref_type="phrase"  gender="neut"  min_ids="word_699"  single_phrase_antecedent="markable_286"  min_words="pears" coref_set="set_14" />
<markable id="markable_334" span="word_703" generic="generic-no"  person="per3"  related_object="no"  ambiguity="unambiguous"  gram_fnc="subj"  number="sing"  object="man"   reference="old"  phrase_antecedent="single_phrase"  category="person"  mmax_level="coref"  ref_type="phrase"  gender="masc"  min_ids="word_703"  single_phrase_antecedent="markable_331"  min_words="he" coref_set="set_1" />
<markable id="markable_335" span="word_708" generic="generic-no"  person="per3"  related_object="no"  ambiguity="unambiguous"  gram_fnc="obj"  number="sing"  object="apron"   reference="old"  phrase_antecedent="single_phrase"  category="concrete"  mmax_level="coref"  ref_type="phrase"  gender="neut"  min_ids="word_708"  single_phrase_antecedent="markable_122"  min_words="apron" coref_set="set_22" />
<markable id="markable_336" span="word_710" generic="generic-no"  person="per3"  related_object="no"  ambiguity="unambiguous"  gram_fnc="subj"  number="sing"  object="man"   reference="old"  phrase_antecedent="single_phrase"  category="person"  mmax_level="coref"  ref_type="phrase"  gender="masc"  min_ids="word_710"  single_phrase_antecedent="markable_334"  min_words="he" coref_set="set_1" />
<markable id="markable_337" span="word_712..word_714" generic="generic-no"  person="per3"  related_object="no"  ambiguity="unambiguous"  gram_fnc="subj"  number="sing"  object="basket"   reference="old"  phrase_antecedent="single_phrase"  category="concrete"  mmax_level="coref"  ref_type="phrase"  gender="neut"  min_ids="word_712"  single_phrase_antecedent="markable_288"  min_words="one" coref_set="set_14" />
<markable id="markable_339" span="word_714" generic="generic-no"  person="per3"  related_object="no"  ambiguity="unambiguous"  gram_fnc="np-compl"  number="plur"  object="three baskets"   reference="old"  phrase_antecedent="single_phrase"  category="concrete"  mmax_level="coref"  ref_type="phrase"  gender="neut"  min_ids="word_714"  single_phrase_antecedent="markable_229"  min_words="baskets" coref_set="set_13" />
<markable id="markable_340" span="word_717" generic="generic-no"  person="per3"  related_object="no"  ambiguity="unambiguous"  gram_fnc="subj"  number="sing"  object="man"   reference="old"  phrase_antecedent="single_phrase"  category="person"  mmax_level="coref"  ref_type="phrase"  gender="masc"  min_ids="word_717"  single_phrase_antecedent="markable_336"  min_words="he" coref_set="set_1" />
<markable id="markable_342" span="word_727" generic="generic-no"  person="per3"  related_object="no"  gram_fnc="unsure-gf"  number="sing"  object="counting"   reference="new"  category="abstract"  mmax_level="coref"  gender="neut"  min_ids="word_727"  min_words="one" coref_set="set_90" />
<markable id="markable_344" span="word_728" generic="generic-no"  person="per3"  related_object="no"  gram_fnc="unsure-gf"  number="sing"  object="counting"   reference="new"  category="abstract"  mmax_level="coref"  gender="neut"  min_ids="word_728"  min_words="two" coref_set="set_91" />
<markable id="markable_346" span="word_730..word_732" generic="generic-no"  person="per3"  related_object="no"  ambiguity="unambiguous"  gram_fnc="subj"  number="sing"  object="basket"   reference="old"  phrase_antecedent="single_phrase"  category="concrete"  mmax_level="coref"  ref_type="phrase"  gender="neut"  min_ids="word_732"  single_phrase_antecedent="markable_337"  min_words="one" coref_set="set_14" />
<markable id="markable_347" span="word_737" generic="generic-no"  person="per3"  related_object="no"  ambiguity="unambiguous"  gram_fnc="subj"  number="sing"  object="man"   reference="old"  phrase_antecedent="single_phrase"  category="person"  mmax_level="coref"  ref_type="phrase"  gender="masc"  min_ids="word_737"  single_phrase_antecedent="markable_340"  min_words="he" coref_set="set_1" />
<markable id="markable_348" span="word_739..word_740" generic="generic-no"  person="per3"  related_object="no"  ambiguity="unambiguous"  gram_fnc="obj"  number="plur"  object="three boys"   reference="old"  phrase_antecedent="single_phrase"  category="person"  mmax_level="coref"  ref_type="phrase"  gender="masc"  min_ids="word_740"  single_phrase_antecedent="markable_328"  min_words="three" coref_set="set_20" />
<markable id="markable_349" span="word_745" generic="generic-no"  person="per3"  related_object="no"  ambiguity="unambiguous"  gram_fnc="obj"  number="plur"  object="three pears"   reference="old"  phrase_antecedent="single_phrase"  category="concrete"  mmax_level="coref"  ref_type="phrase"  gender="neut"  min_ids="word_745"  single_phrase_antecedent="markable_321"  min_words="pears" coref_set="set_23" />
<markable id="markable_350" span="word_747" generic="generic-no"  person="per3"  related_object="no"  ambiguity="unambiguous"  gram_fnc="subj"  number="sing"  object="man"   reference="old"  phrase_antecedent="single_phrase"  category="person"  mmax_level="coref"  ref_type="phrase"  gender="masc"  min_ids="word_747"  single_phrase_antecedent="markable_347"  min_words="he" coref_set="set_1" />
<markable id="markable_351" span="word_751" generic="generic-no"  person="per3"  related_object="no"  ambiguity="unambiguous"  gram_fnc="subj"  number="sing"  object="man"   reference="old"  phrase_antecedent="single_phrase"  category="person"  mmax_level="coref"  ref_type="phrase"  gender="masc"  min_ids="word_751"  single_phrase_antecedent="markable_350"  min_words="he" coref_set="set_1" />
<markable id="markable_355" span="word_763" generic="generic-no"  person="per3"  related_object="no"  gram_fnc="subj"  ambiguity="unambiguous"  number="sing"   reference="old"  segment_antecedent="unit:markable_498;unit:markable_499;unit:markable_519"  category="abstract"  mmax_level="coref"  ref_type="segment"  gender="neut"  min_ids="word_763"  min_words="that" coref_set="set_25" />
<markable id="markable_356" span="word_764" person="per3"  non_ref_type="expletive"  mmax_level="coref"  gram_fnc="obj"  gender="neut"  number="sing"  min_ids="word_764"   reference="non_referring"  min_words="it" coref_set="set_92" />
<markable id="markable_357" span="word_766" generic="generic-no"  person="per1"  related_object="no"  ambiguity="unambiguous"  gram_fnc="subj"  number="sing"  object="speaker"   reference="old"  phrase_antecedent="single_phrase"  category="person"  mmax_level="coref"  ref_type="phrase"  gender="undersp-gen"  min_ids="word_766"  single_phrase_antecedent="markable_127"  min_words="i" coref_set="set_24" />
<markable id="markable_358" span="word_769" generic="generic-no"  person="per1"  related_object="no"  ambiguity="unambiguous"  gram_fnc="subj"  number="sing"  object="speaker"   reference="old"  phrase_antecedent="single_phrase"  category="person"  mmax_level="coref"  ref_type="phrase"  gender="undersp-gen"  min_ids="word_769"  single_phrase_antecedent="markable_357"  min_words="i" coref_set="set_24" />
<markable id="markable_359" span="word_772" generic="generic-no"  person="per1"  related_object="no"  ambiguity="unambiguous"  gram_fnc="subj"  number="sing"  object="speaker"   reference="old"  phrase_antecedent="single_phrase"  category="person"  mmax_level="coref"  ref_type="phrase"  gender="neut"  min_ids="word_772"  single_phrase_antecedent="markable_358"  min_words="i" coref_set="set_24" />
<markable id="markable_360" span="word_774" generic="generic-no"  person="per3"  related_object="no"  ambiguity="unambiguous"  gram_fnc="subj"  number="sing"  object="man sees boyseating pears"   reference="old"  phrase_antecedent="single_phrase"  category="abstract"  mmax_level="coref"  ref_type="phrase"  gender="neut"  min_ids="word_774"  single_phrase_antecedent="markable_355"  min_words="that" coref_set="set_25" />
<markable id="markable_361" span="word_777" person="per3"  non_ref_type="expletive"  mmax_level="coref"  gram_fnc="adjunct"  gender="neut"  number="sing"  min_ids="word_777"   reference="non_referring"  min_words="it" coref_set="set_93" />
</markables>
