<?xml version="1.0" encoding="MacRoman"?>
<!DOCTYPE markables SYSTEM "markables.dtd">
<markables xmlns="www.eml.org/NameSpaces/markable">
<markable id="markable_0" span="word_1..word_2" sentenceid="0" label="np" min_ids="word_1..word_2" type="chunk" lemmata="speaker 17" isprenominal="false" pos="nnp cd" mmax_level="markable" />
<markable id="markable_1" span="word_6" sentenceid="2" label="np" min_ids="word_6..word_6" type="chunk" lemmata="you" isprenominal="false" pos="prp" mmax_level="markable" />
<markable id="markable_2" span="word_10..word_12" sentenceid="3" label="np" min_ids="word_10..word_12" type="chunk" lemmata="the landscape be" isprenominal="false" pos="dt nn vbz" mmax_level="markable" />
<markable id="markable_275" span="word_11" sentenceid="3" label="np" type="chunk" lemmata="landscape" isprenominal="true" pos="nn" mmax_level="markable" />
<markable id="markable_3" span="word_16..word_18" sentenceid="3" label="np" min_ids="word_16..word_18" type="chunk" lemmata="an agricultural area" isprenominal="false" pos="dt jj nn" mmax_level="markable" />
<markable id="markable_4" span="word_19" sentenceid="4" label="np" min_ids="word_19..word_19" type="chunk" lemmata="it" isprenominal="false" pos="prp" mmax_level="markable" />
<markable id="markable_5" span="word_27" sentenceid="5" label="np" min_ids="word_27..word_27" type="chunk" lemmata="tree" isprenominal="false" pos="nns" mmax_level="markable" />
<markable id="markable_6" span="word_30" sentenceid="6" label="np" min_ids="word_30..word_30" type="chunk" lemmata="you" isprenominal="false" pos="prp" mmax_level="markable" />
<markable id="markable_7" span="word_32..word_36" sentenceid="6" label="np" min_ids="word_32..word_36" type="chunk" lemmata="a middle-aged um chicano man" isprenominal="false" pos="dt jj jj nnp nn" mmax_level="markable" />
<markable id="markable_276" span="word_35" sentenceid="6" label="np" type="chunk" lemmata="chicano" isprenominal="true" pos="nnp" mmax_level="markable" />
<markable id="markable_8" span="word_40..word_43" sentenceid="7" label="np" min_ids="word_40..word_43" type="chunk" lemmata="a navy blue shirt" isprenominal="false" pos="dt nn jj nn" mmax_level="markable" />
<markable id="markable_277" span="word_41" sentenceid="7" label="np" type="chunk" lemmata="navy" isprenominal="true" pos="nn" mmax_level="markable" />
<markable id="markable_9" span="word_45..word_48" sentenceid="8" label="np" min_ids="word_45..word_48" type="chunk" lemmata="a bright red kerchief" isprenominal="false" pos="dt jj jj nn" mmax_level="markable" />
<markable id="markable_10" span="word_50" sentenceid="8" label="np" min_ids="word_50..word_50" type="chunk" lemmata="neck" isprenominal="false" pos="nn" mmax_level="markable" />
<markable id="markable_11" span="word_52..word_54" sentenceid="9" label="np" min_ids="word_52..word_54" type="chunk" lemmata="a white apron." isprenominal="false" pos="dt jj nn" mmax_level="markable" />
<markable id="markable_12" span="word_56" sentenceid="10" label="np" min_ids="word_56..word_56" type="chunk" lemmata="heclimb" isprenominal="false" pos="nns" mmax_level="markable" />
<markable id="markable_13" span="word_57..word_58" sentenceid="10" label="np" min_ids="word_57..word_58" type="chunk" lemmata="a ladder" isprenominal="false" pos="dt nn" mmax_level="markable" />
<markable id="markable_14" span="word_59" sentenceid="11" label="np" min_ids="word_59..word_59" type="chunk" lemmata="and" isprenominal="false" pos="cc" mmax_level="markable" />
<markable id="markable_15" span="word_67" sentenceid="12" label="np" min_ids="word_67..word_67" type="chunk" lemmata="he" isprenominal="false" pos="prp" mmax_level="markable" />
<markable id="markable_16" span="word_70..word_71" sentenceid="12" label="np" min_ids="word_70..word_71" type="chunk" lemmata="a ladder" isprenominal="false" pos="dt nn" mmax_level="markable" />
<markable id="markable_17" span="word_74" sentenceid="14" label="np" min_ids="word_74..word_74" type="chunk" lemmata="he" isprenominal="false" pos="prp" mmax_level="markable" />
<markable id="markable_18" span="word_77" sentenceid="14" label="np" min_ids="word_77..word_77" type="chunk" lemmata="pear" isprenominal="false" pos="nns" mmax_level="markable" />
<markable id="markable_19" span="word_79..word_80" sentenceid="15" label="np" min_ids="word_79..word_80" type="chunk" lemmata="a tree" isprenominal="false" pos="dt nn" mmax_level="markable" />
<markable id="markable_20" span="word_82" sentenceid="16" label="np" min_ids="word_82..word_82" type="chunk" lemmata="they" isprenominal="false" pos="prp" mmax_level="markable" />
<markable id="markable_21" span="word_90" sentenceid="17" label="np" min_ids="word_90..word_90" type="chunk" lemmata="they" isprenominal="false" pos="prp" mmax_level="markable" />
<markable id="markable_22" span="word_96" sentenceid="18" label="np" min_ids="word_96..word_96" type="chunk" lemmata="they" isprenominal="false" pos="prp" mmax_level="markable" />
<markable id="markable_23" span="word_101" sentenceid="19" label="np" min_ids="word_101..word_101" type="chunk" lemmata="he" isprenominal="false" pos="prp" mmax_level="markable" />
<markable id="markable_24" span="word_103" sentenceid="19" label="np" min_ids="word_103..word_103" type="chunk" lemmata="it" isprenominal="false" pos="prp" mmax_level="markable" />
<markable id="markable_25" span="word_104..word_105" sentenceid="19" label="np" min_ids="word_104..word_105" type="chunk" lemmata="the camera" isprenominal="false" pos="dt nn" mmax_level="markable" />
<markable id="markable_26" span="word_112" sentenceid="19" label="np" min_ids="word_112..word_112" type="chunk" lemmata="he" isprenominal="false" pos="prp" mmax_level="markable" />
<markable id="markable_27" span="word_114..word_115" sentenceid="19" label="np" min_ids="word_114..word_115" type="chunk" lemmata="these pear" isprenominal="false" pos="dt nns" mmax_level="markable" />
<markable id="markable_28" span="word_117" sentenceid="20" label="np" min_ids="word_117..word_117" type="chunk" lemmata="they" isprenominal="false" pos="prp" mmax_level="markable" />
<markable id="markable_29" span="word_119" sentenceid="20" label="np" min_ids="word_119..word_119" type="chunk" lemmata="apron" isprenominal="false" pos="nn" mmax_level="markable" />
<markable id="markable_30" span="word_126..word_127" sentenceid="20" label="np" min_ids="word_126..word_127" type="chunk" lemmata="the ladder" isprenominal="false" pos="dt nn" mmax_level="markable" />
<markable id="markable_31" span="word_130" sentenceid="21" label="np" min_ids="word_130..word_130" type="chunk" lemmata="they" isprenominal="false" pos="prp" mmax_level="markable" />
<markable id="markable_32" span="word_132..word_135" sentenceid="21" label="np" min_ids="word_132..word_135" type="chunk" lemmata="these buh bushel basket" isprenominal="false" pos="dt jj nn nns" mmax_level="markable" />
<markable id="markable_278" span="word_134" sentenceid="21" label="np" type="chunk" lemmata="bushel" isprenominal="true" pos="nn" mmax_level="markable" />
<markable id="markable_33" span="word_141" sentenceid="23" label="np" min_ids="word_141..word_141" type="chunk" lemmata="part" isprenominal="false" pos="nn" mmax_level="markable" />
<markable id="markable_34" span="word_143..word_144" sentenceid="23" label="np" min_ids="word_143..word_144" type="chunk" lemmata="the activity" isprenominal="false" pos="dt nn" mmax_level="markable" />
<markable id="markable_35" span="word_147..word_149" sentenceid="23" label="np" min_ids="word_147..word_149" type="chunk" lemmata="the first portion" isprenominal="false" pos="dt jj nn" mmax_level="markable" />
<markable id="markable_36" span="word_151..word_152" sentenceid="23" label="np" min_ids="word_151..word_152" type="chunk" lemmata="the film" isprenominal="false" pos="dt nn" mmax_level="markable" />
<markable id="markable_37" span="word_154" sentenceid="24" label="np" min_ids="word_154..word_154" type="chunk" lemmata="you" isprenominal="false" pos="prp" mmax_level="markable" />
<markable id="markable_38" span="word_156" sentenceid="24" label="np" min_ids="word_156..word_156" type="chunk" lemmata="another" isprenominal="false" pos="dt" mmax_level="markable" />
<markable id="markable_39" span="word_158..word_160" sentenceid="26" label="np" min_ids="word_158..word_160" type="chunk" lemmata="more this man" isprenominal="false" pos="jjr dt nn" mmax_level="markable" />
<markable id="markable_40" span="word_162..word_164" sentenceid="26" label="np" min_ids="word_162..word_164" type="chunk" lemmata="the first man" isprenominal="false" pos="dt jj nn" mmax_level="markable" />
<markable id="markable_41" span="word_165" sentenceid="26" label="np" min_ids="word_165..word_165" type="chunk" lemmata="i" isprenominal="false" pos="prp" mmax_level="markable" />
<markable id="markable_42" span="word_171" sentenceid="27" label="np" min_ids="word_171..word_171" type="chunk" lemmata="you" isprenominal="false" pos="prp" mmax_level="markable" />
<markable id="markable_43" span="word_173..word_176" sentenceid="27" label="np" min_ids="word_173..word_176" type="chunk" lemmata="a younger chicano man" isprenominal="false" pos="dt jjr nnp nn" mmax_level="markable" />
<markable id="markable_279" span="word_175" sentenceid="27" label="np" type="chunk" lemmata="chicano" isprenominal="true" pos="nnp" mmax_level="markable" />
<markable id="markable_280" span="word_178" sentenceid="28" label="np" type="chunk" lemmata="acrosst" isprenominal="true" pos="nn" mmax_level="markable" />
<markable id="markable_44" span="word_178..word_179" sentenceid="28" label="np" min_ids="word_178..word_179" type="chunk" lemmata="acrosst um" isprenominal="false" pos="nn nn" mmax_level="markable" />
<markable id="markable_45" span="word_181..word_182" sentenceid="28" label="np" min_ids="word_181..word_182" type="chunk" lemmata="the back" isprenominal="false" pos="dt nn" mmax_level="markable" />
<markable id="markable_46" span="word_184" sentenceid="28" label="np" min_ids="word_184..word_184" type="chunk" lemmata="the" isprenominal="false" pos="dt" mmax_level="markable" />
<markable id="markable_47" span="word_186..word_188" sentenceid="28" label="np" min_ids="word_186..word_188" type="chunk" lemmata="the picture frame" isprenominal="false" pos="dt nn nn" mmax_level="markable" />
<markable id="markable_281" span="word_187" sentenceid="28" label="np" type="chunk" lemmata="picture" isprenominal="true" pos="nn" mmax_level="markable" />
<markable id="markable_48" span="word_191" sentenceid="29" label="np" min_ids="word_191..word_191" type="chunk" lemmata="he" isprenominal="false" pos="prp" mmax_level="markable" />
<markable id="markable_49" span="word_194..word_198" sentenceid="29" label="np" min_ids="word_194..word_198" type="chunk" lemmata="a brown and white goat" isprenominal="false" pos="dt jj cc jj nn" mmax_level="markable" />
<markable id="markable_50" span="word_200..word_201" sentenceid="30" label="np" min_ids="word_200..word_201" type="chunk" lemmata="this man" isprenominal="false" pos="dt nn" mmax_level="markable" />
<markable id="markable_51" span="word_206" sentenceid="30" label="np" min_ids="word_206..word_206" type="chunk" lemmata="sort" isprenominal="false" pos="nn" mmax_level="markable" />
<markable id="markable_52" span="word_208..word_209" sentenceid="30" label="np" min_ids="word_208..word_209" type="chunk" lemmata="a faded" isprenominal="false" pos="dt nn" mmax_level="markable" />
<markable id="markable_282" span="word_210" sentenceid="31" label="np" type="chunk" lemmata="navy" isprenominal="true" pos="nns" mmax_level="markable" />
<markable id="markable_53" span="word_210..word_211" sentenceid="31" label="np" min_ids="word_210..word_211" type="chunk" lemmata="navy blue" isprenominal="false" pos="nns nn" mmax_level="markable" />
<markable id="markable_283" span="word_212" sentenceid="32" label="np" type="chunk" lemmata="denim" isprenominal="true" pos="nn" mmax_level="markable" />
<markable id="markable_54" span="word_212..word_213" sentenceid="32" label="np" min_ids="word_212..word_213" type="chunk" lemmata="denim top" isprenominal="false" pos="nn nn" mmax_level="markable" />
<markable id="markable_55" span="word_215" sentenceid="33" label="np" min_ids="word_215..word_215" type="chunk" lemmata="jeans" isprenominal="false" pos="nns" mmax_level="markable" />
<markable id="markable_56" span="word_217" sentenceid="34" label="np" min_ids="word_217..word_217" type="chunk" lemmata="he" isprenominal="false" pos="prp" mmax_level="markable" />
<markable id="markable_57" span="word_220..word_221" sentenceid="34" label="np" min_ids="word_220..word_221" type="chunk" lemmata="a hat" isprenominal="false" pos="dt nn" mmax_level="markable" />
<markable id="markable_58" span="word_225..word_227" sentenceid="35" label="np" min_ids="word_225..word_227" type="chunk" lemmata="the first man" isprenominal="false" pos="dt jj nn" mmax_level="markable" />
<markable id="markable_59" span="word_229" sentenceid="35" label="np" min_ids="word_229..word_229" type="chunk" lemmata="i" isprenominal="false" pos="prp" mmax_level="markable" />
<markable id="markable_60" span="word_232" sentenceid="36" label="np" min_ids="word_232..word_232" type="chunk" lemmata="he" isprenominal="false" pos="prp" mmax_level="markable" />
<markable id="markable_61" span="word_236..word_237" sentenceid="36" label="np" min_ids="word_236..word_237" type="chunk" lemmata="the picture" isprenominal="false" pos="dt nn" mmax_level="markable" />
<markable id="markable_62" span="word_240..word_241" sentenceid="37" label="np" min_ids="word_240..word_241" type="chunk" lemmata="much attention" isprenominal="false" pos="jj nn" mmax_level="markable" />
<markable id="markable_63" span="word_243..word_245" sentenceid="37" label="np" min_ids="word_243..word_245" type="chunk" lemmata="the other man" isprenominal="false" pos="dt jj nn" mmax_level="markable" />
<markable id="markable_64" span="word_249" sentenceid="38" label="np" min_ids="word_249..word_249" type="chunk" lemmata="pear" isprenominal="false" pos="nns" mmax_level="markable" />
<markable id="markable_65" span="word_254..word_255" sentenceid="39" label="np" min_ids="word_254..word_255" type="chunk" lemmata="the distance" isprenominal="false" pos="dt nn" mmax_level="markable" />
<markable id="markable_66" span="word_256..word_257" sentenceid="40" label="np" min_ids="word_256..word_257" type="chunk" lemmata="lead goat" isprenominal="false" pos="vbg nn" mmax_level="markable" />
<markable id="markable_67" span="word_259..word_261" sentenceid="41" label="np" min_ids="word_259..word_261" type="chunk" lemmata="the third person" isprenominal="false" pos="dt jj nn" mmax_level="markable" />
<markable id="markable_68" span="word_265..word_266" sentenceid="41" label="np" min_ids="word_265..word_266" type="chunk" lemmata="the scene" isprenominal="false" pos="dt nn" mmax_level="markable" />
<markable id="markable_69" span="word_268..word_270" sentenceid="41" label="np" min_ids="word_268..word_270" type="chunk" lemmata="a little boy" isprenominal="false" pos="dt jj nn" mmax_level="markable" />
<markable id="markable_70" span="word_276" sentenceid="42" label="np" min_ids="word_276..word_276" type="chunk" lemmata="he" isprenominal="false" pos="prp" mmax_level="markable" />
<markable id="markable_71" span="word_280" sentenceid="43" label="np" min_ids="word_280..word_280" type="chunk" lemmata="he" isprenominal="false" pos="prp" mmax_level="markable" />
<markable id="markable_72" span="word_283..word_284" sentenceid="43" label="np" min_ids="word_283..word_284" type="chunk" lemmata="a hat" isprenominal="false" pos="dt nn" mmax_level="markable" />
<markable id="markable_73" span="word_286" sentenceid="44" label="np" min_ids="word_286..word_286" type="chunk" lemmata="he" isprenominal="false" pos="prp" mmax_level="markable" />
<markable id="markable_74" span="word_290" sentenceid="44" label="np" min_ids="word_290..word_290" type="chunk" lemmata="sort" isprenominal="false" pos="nn" mmax_level="markable" />
<markable id="markable_75" span="word_292..word_294" sentenceid="44" label="np" min_ids="word_292..word_294" type="chunk" lemmata="fade red clothing" isprenominal="false" pos="vbn jj nn" mmax_level="markable" />
<markable id="markable_76" span="word_296" sentenceid="45" label="np" min_ids="word_296..word_296" type="chunk" lemmata="he" isprenominal="false" pos="prp" mmax_level="markable" />
<markable id="markable_77" span="word_299" sentenceid="45" label="np" min_ids="word_299..word_299" type="chunk" lemmata="bicycle" isprenominal="false" pos="nn" mmax_level="markable" />
<markable id="markable_78" span="word_301" sentenceid="46" label="np" min_ids="word_301..word_301" type="chunk" lemmata="he" isprenominal="false" pos="prp" mmax_level="markable" />
<markable id="markable_79" span="word_304..word_305" sentenceid="47" label="np" min_ids="word_304..word_305" type="chunk" lemmata="the bottom" isprenominal="false" pos="dt nn" mmax_level="markable" />
<markable id="markable_80" span="word_307..word_308" sentenceid="47" label="np" min_ids="word_307..word_308" type="chunk" lemmata="the tree" isprenominal="false" pos="dt nn" mmax_level="markable" />
<markable id="markable_81" span="word_310" sentenceid="48" label="np" min_ids="word_310..word_310" type="chunk" lemmata="1ook" isprenominal="false" pos="nns" mmax_level="markable" />
<markable id="markable_82" span="word_313..word_314" sentenceid="48" label="np" min_ids="word_313..word_314" type="chunk" lemmata="the man" isprenominal="false" pos="dt nn" mmax_level="markable" />
<markable id="markable_83" span="word_318..word_319" sentenceid="48" label="np" min_ids="word_318..word_319" type="chunk" lemmata="the pear" isprenominal="false" pos="dt nns" mmax_level="markable" />
<markable id="markable_84" span="word_323" sentenceid="49" label="np" min_ids="word_323..word_323" type="chunk" lemmata="he" isprenominal="false" pos="prp" mmax_level="markable" />
<markable id="markable_85" span="word_328" sentenceid="49" label="np" min_ids="word_328..word_328" type="chunk" lemmata="you" isprenominal="false" pos="prp" mmax_level="markable" />
<markable id="markable_86" span="word_330" sentenceid="49" label="np" min_ids="word_330..word_330" type="chunk" lemmata="business" isprenominal="false" pos="nn" mmax_level="markable" />
<markable id="markable_87" span="word_331" sentenceid="50" label="np" min_ids="word_331..word_331" type="chunk" lemmata="he" isprenominal="false" pos="prp" mmax_level="markable" />
<markable id="markable_88" span="word_336..word_338" sentenceid="50" label="np" min_ids="word_336..word_338" type="chunk" lemmata="a bushel basket" isprenominal="false" pos="dt nn nn" mmax_level="markable" />
<markable id="markable_284" span="word_337" sentenceid="50" label="np" type="chunk" lemmata="bushel" isprenominal="true" pos="nn" mmax_level="markable" />
<markable id="markable_89" span="word_341" sentenceid="50" label="np" min_ids="word_341..word_341" type="chunk" lemmata="pear" isprenominal="false" pos="nns" mmax_level="markable" />
<markable id="markable_90" span="word_343" sentenceid="51" label="np" min_ids="word_343..word_343" type="chunk" lemmata="he" isprenominal="false" pos="prp" mmax_level="markable" />
<markable id="markable_91" span="word_346..word_347" sentenceid="51" label="np" min_ids="word_346..word_347" type="chunk" lemmata="the basket" isprenominal="false" pos="dt nn" mmax_level="markable" />
<markable id="markable_92" span="word_350..word_351" sentenceid="52" label="np" min_ids="word_350..word_351" type="chunk" lemmata="the while" isprenominal="false" pos="dt nn" mmax_level="markable" />
<markable id="markable_93" span="word_358..word_359" sentenceid="52" label="np" min_ids="word_358..word_359" type="chunk" lemmata="the man" isprenominal="false" pos="dt nn" mmax_level="markable" />
<markable id="markable_94" span="word_362" sentenceid="52" label="np" min_ids="word_362..word_362" type="chunk" lemmata="you" isprenominal="false" pos="prp" mmax_level="markable" />
<markable id="markable_95" span="word_367" sentenceid="53" label="np" min_ids="word_367..word_367" type="chunk" lemmata="he" isprenominal="false" pos="prp" mmax_level="markable" />
<markable id="markable_96" span="word_375" sentenceid="54" label="np" min_ids="word_375..word_375" type="chunk" lemmata="he" isprenominal="false" pos="prp" mmax_level="markable" />
<markable id="markable_97" span="word_379" sentenceid="55" label="np" min_ids="word_379..word_379" type="chunk" lemmata="i" isprenominal="false" pos="prp" mmax_level="markable" />
<markable id="markable_98" span="word_385" sentenceid="55" label="np" min_ids="word_385..word_385" type="chunk" lemmata="they" isprenominal="false" pos="prp" mmax_level="markable" />
<markable id="markable_99" span="word_387..word_390" sentenceid="55" label="np" min_ids="word_387..word_390" type="chunk" lemmata="only about three foot" isprenominal="false" pos="rb in cd nns" mmax_level="markable" />
<markable id="markable_100" span="word_394" sentenceid="56" label="np" min_ids="word_394..word_394" type="chunk" lemmata="he" isprenominal="false" pos="prp" mmax_level="markable" />
<markable id="markable_101" span="word_396..word_398" sentenceid="56" label="np" min_ids="word_396..word_398" type="chunk" lemmata="the bushel basket" isprenominal="false" pos="dt nn nn" mmax_level="markable" />
<markable id="markable_285" span="word_397" sentenceid="56" label="np" type="chunk" lemmata="bushel" isprenominal="true" pos="nn" mmax_level="markable" />
<markable id="markable_102" span="word_400..word_401" sentenceid="56" label="np" min_ids="word_400..word_401" type="chunk" lemmata="the front" isprenominal="false" pos="dt nn" mmax_level="markable" />
<markable id="markable_103" span="word_403" sentenceid="56" label="np" min_ids="word_403..word_403" type="chunk" lemmata="bike" isprenominal="false" pos="nn" mmax_level="markable" />
<markable id="markable_104" span="word_405" sentenceid="57" label="np" min_ids="word_405..word_405" type="chunk" lemmata="he" isprenominal="false" pos="prp" mmax_level="markable" />
<markable id="markable_105" span="word_409" sentenceid="57" label="np" min_ids="word_409..word_409" type="chunk" lemmata="it" isprenominal="false" pos="prp" mmax_level="markable" />
<markable id="markable_106" span="word_413" sentenceid="58" label="np" min_ids="word_413..word_413" type="chunk" lemmata="he" isprenominal="false" pos="prp" mmax_level="markable" />
<markable id="markable_107" span="word_417..word_418" sentenceid="58" label="np" min_ids="word_417..word_418" type="chunk" lemmata="this road" isprenominal="false" pos="dt nn" mmax_level="markable" />
<markable id="markable_108" span="word_422" sentenceid="58" label="np" min_ids="word_422..word_422" type="chunk" lemmata="it" isprenominal="false" pos="prp" mmax_level="markable" />
<markable id="markable_109" span="word_426" sentenceid="59" label="np" min_ids="word_426..word_426" type="chunk" lemmata="it" isprenominal="false" pos="prp" mmax_level="markable" />
<markable id="markable_110" span="word_429" sentenceid="59" label="np" min_ids="word_429..word_429" type="chunk" lemmata="sort" isprenominal="false" pos="nn" mmax_level="markable" />
<markable id="markable_111" span="word_431..word_433" sentenceid="59" label="np" min_ids="word_431..word_433" type="chunk" lemmata="a dirt road" isprenominal="false" pos="dt nn nn" mmax_level="markable" />
<markable id="markable_286" span="word_432" sentenceid="59" label="np" type="chunk" lemmata="dirt" isprenominal="true" pos="nn" mmax_level="markable" />
<markable id="markable_112" span="word_435" sentenceid="60" label="np" min_ids="word_435..word_435" type="chunk" lemmata="it" isprenominal="false" pos="prp" mmax_level="markable" />
<markable id="markable_113" span="word_437" sentenceid="60" label="np" min_ids="word_437..word_437" type="chunk" lemmata="sort" isprenominal="false" pos="nn" mmax_level="markable" />
<markable id="markable_114" span="word_439" sentenceid="60" label="np" min_ids="word_439..word_439" type="chunk" lemmata="jutty" isprenominal="false" pos="nn" mmax_level="markable" />
<markable id="markable_115" span="word_442" sentenceid="61" label="np" min_ids="word_442..word_442" type="chunk" lemmata="he" isprenominal="false" pos="prp" mmax_level="markable" />
<markable id="markable_116" span="word_448" sentenceid="62" label="np" min_ids="word_448..word_448" type="chunk" lemmata="bike" isprenominal="false" pos="nn" mmax_level="markable" />
<markable id="markable_117" span="word_451" sentenceid="63" label="np" min_ids="word_451..word_451" type="chunk" lemmata="he" isprenominal="false" pos="prp" mmax_level="markable" />
<markable id="markable_118" span="word_453..word_454" sentenceid="63" label="np" min_ids="word_453..word_454" type="chunk" lemmata="another person" isprenominal="false" pos="dt nn" mmax_level="markable" />
<markable id="markable_119" span="word_457" sentenceid="63" label="np" min_ids="word_457..word_457" type="chunk" lemmata="he" isprenominal="false" pos="prp" mmax_level="markable" />
<markable id="markable_120" span="word_459" sentenceid="64" label="np" min_ids="word_459..word_459" type="chunk" lemmata="it" isprenominal="false" pos="prp" mmax_level="markable" />
<markable id="markable_121" span="word_461..word_464" sentenceid="64" label="np" min_ids="word_461..word_464" type="chunk" lemmata="another little white girl" isprenominal="false" pos="dt jj jj nn" mmax_level="markable" />
<markable id="markable_122" span="word_466..word_467" sentenceid="65" label="np" min_ids="word_466..word_467" type="chunk" lemmata="long braid" isprenominal="false" pos="jj nns" mmax_level="markable" />
<markable id="markable_274" span="word_468" sentenceid="66" label="person" type="enamex" lemmata="brown" isprenominal="false" pos="jj" mmax_level="markable" />
<markable id="markable_123" span="word_468..word_469" sentenceid="66" label="np" min_ids="word_468..word_469" type="chunk" lemmata="brown hair" isprenominal="false" pos="jj nn" mmax_level="markable" />
<markable id="markable_124" span="word_471" sentenceid="67" label="np" min_ids="word_471..word_471" type="chunk" lemmata="he" isprenominal="false" pos="prp" mmax_level="markable" />
<markable id="markable_125" span="word_474" sentenceid="67" label="np" min_ids="word_474..word_474" type="chunk" lemmata="attention" isprenominal="false" pos="nn" mmax_level="markable" />
<markable id="markable_126" span="word_476" sentenceid="67" label="np" min_ids="word_476..word_476" type="chunk" lemmata="she" isprenominal="false" pos="prp" mmax_level="markable" />
<markable id="markable_127" span="word_478" sentenceid="68" label="np" min_ids="word_478..word_478" type="chunk" lemmata="she" isprenominal="false" pos="prp" mmax_level="markable" />
<markable id="markable_128" span="word_480" sentenceid="68" label="np" min_ids="word_480..word_480" type="chunk" lemmata="he" isprenominal="false" pos="prp" mmax_level="markable" />
<markable id="markable_129" span="word_481" sentenceid="69" label="np" min_ids="word_481..word_481" type="chunk" lemmata="and" isprenominal="false" pos="cc" mmax_level="markable" />
<markable id="markable_130" span="word_485..word_486" sentenceid="69" label="np" min_ids="word_485..word_486" type="chunk" lemmata="too much" isprenominal="false" pos="rb jj" mmax_level="markable" />
<markable id="markable_131" span="word_488" sentenceid="69" label="np" min_ids="word_488..word_488" type="chunk" lemmata="he" isprenominal="false" pos="prp" mmax_level="markable" />
<markable id="markable_132" span="word_493..word_494" sentenceid="70" label="np" min_ids="word_493..word_494" type="chunk" lemmata="a rock" isprenominal="false" pos="dt nn" mmax_level="markable" />
<markable id="markable_133" span="word_496..word_497" sentenceid="70" label="np" min_ids="word_496..word_497" type="chunk" lemmata="the road" isprenominal="false" pos="dt nn" mmax_level="markable" />
<markable id="markable_287" span="word_501" sentenceid="72" label="np" type="chunk" lemmata="um" isprenominal="true" pos="nn" mmax_level="markable" />
<markable id="markable_134" span="word_503..word_505" sentenceid="72" label="np" min_ids="word_503..word_505" type="chunk" lemmata="all the pear" isprenominal="false" pos="pdt dt nns" mmax_level="markable" />
<markable id="markable_135" span="word_509" sentenceid="73" label="np" min_ids="word_509..word_509" type="chunk" lemmata="the" isprenominal="false" pos="dt" mmax_level="markable" />
<markable id="markable_136" span="word_510" sentenceid="73" label="np" min_ids="word_510..word_510" type="chunk" lemmata="you" isprenominal="false" pos="prp" mmax_level="markable" />
<markable id="markable_137" span="word_512..word_514" sentenceid="73" label="np" min_ids="word_512..word_514" type="chunk" lemmata="the bushel basket" isprenominal="false" pos="dt nn nn" mmax_level="markable" />
<markable id="markable_288" span="word_513" sentenceid="73" label="np" type="chunk" lemmata="bushel" isprenominal="true" pos="nn" mmax_level="markable" />
<markable id="markable_138" span="word_519..word_520" sentenceid="74" label="np" min_ids="word_519..word_520" type="chunk" lemmata="the pear" isprenominal="false" pos="dt nns" mmax_level="markable" />
<markable id="markable_139" span="word_526..word_528" sentenceid="75" label="np" min_ids="word_526..word_528" type="chunk" lemmata="three little boy" isprenominal="false" pos="cd jj nns" mmax_level="markable" />
<markable id="markable_140" span="word_535" sentenceid="75" label="np" min_ids="word_535..word_535" type="chunk" lemmata="he" isprenominal="false" pos="prp" mmax_level="markable" />
<markable id="markable_141" span="word_537" sentenceid="76" label="np" min_ids="word_537..word_537" type="chunk" lemmata="they" isprenominal="false" pos="prp" mmax_level="markable" />
<markable id="markable_142" span="word_542..word_543" sentenceid="77" label="np" min_ids="word_542..word_543" type="chunk" lemmata="one boy" isprenominal="false" pos="cd nn" mmax_level="markable" />
<markable id="markable_143" span="word_549..word_551" sentenceid="77" label="np" min_ids="word_549..word_551" type="chunk" lemmata="those bounce-back thing" isprenominal="false" pos="dt jj nns" mmax_level="markable" />
<markable id="markable_144" span="word_552" sentenceid="78" label="np" min_ids="word_552..word_552" type="chunk" lemmata="you" isprenominal="false" pos="prp" mmax_level="markable" />
<markable id="markable_145" span="word_554..word_556" sentenceid="79" label="np" min_ids="word_554..word_556" type="chunk" lemmata="the little thing" isprenominal="false" pos="dt jj nn" mmax_level="markable" />
<markable id="markable_146" span="word_561" sentenceid="80" label="np" min_ids="word_561..word_561" type="chunk" lemmata="it" isprenominal="false" pos="prp" mmax_level="markable" />
<markable id="markable_147" span="word_563..word_564" sentenceid="80" label="np" min_ids="word_563..word_564" type="chunk" lemmata="a ball" isprenominal="false" pos="dt nn" mmax_level="markable" />
<markable id="markable_148" span="word_567" sentenceid="81" label="np" min_ids="word_567..word_567" type="chunk" lemmata="it" isprenominal="false" pos="prp" mmax_level="markable" />
<markable id="markable_149" span="word_569..word_570" sentenceid="81" label="np" min_ids="word_569..word_570" type="chunk" lemmata="a paddle" isprenominal="false" pos="dt nn" mmax_level="markable" />
<markable id="markable_150" span="word_571" sentenceid="82" label="np" min_ids="word_571..word_571" type="chunk" lemmata="he" isprenominal="false" pos="prp" mmax_level="markable" />
<markable id="markable_151" span="word_577" sentenceid="83" label="np" min_ids="word_577..word_577" type="chunk" lemmata="they" isprenominal="false" pos="prp" mmax_level="markable" />
<markable id="markable_152" span="word_579" sentenceid="83" label="np" min_ids="word_579..word_579" type="chunk" lemmata="sort" isprenominal="false" pos="nn" mmax_level="markable" />
<markable id="markable_153" span="word_581..word_582" sentenceid="83" label="np" min_ids="word_581..word_582" type="chunk" lemmata="various size" isprenominal="false" pos="jj nns" mmax_level="markable" />
<markable id="markable_154" span="word_583" sentenceid="84" label="np" min_ids="word_583..word_583" type="chunk" lemmata="i" isprenominal="false" pos="prp" mmax_level="markable" />
<markable id="markable_155" span="word_594" sentenceid="85" label="np" min_ids="word_594..word_594" type="chunk" lemmata="they" isprenominal="false" pos="prp" mmax_level="markable" />
<markable id="markable_156" span="word_600..word_602" sentenceid="85" label="np" min_ids="word_600..word_602" type="chunk" lemmata="the little boy" isprenominal="false" pos="dt jj nn" mmax_level="markable" />
<markable id="markable_157" span="word_604" sentenceid="86" label="np" min_ids="word_604..word_604" type="chunk" lemmata="they" isprenominal="false" pos="prp" mmax_level="markable" />
<markable id="markable_158" span="word_613" sentenceid="87" label="np" min_ids="word_613..word_613" type="chunk" lemmata="he" isprenominal="false" pos="prp" mmax_level="markable" />
<markable id="markable_159" span="word_616" sentenceid="87" label="np" min_ids="word_616..word_616" type="chunk" lemmata="foot" isprenominal="false" pos="nns" mmax_level="markable" />
<markable id="markable_160" span="word_619" sentenceid="88" label="np" min_ids="word_619..word_619" type="chunk" lemmata="pear" isprenominal="false" pos="nns" mmax_level="markable" />
<markable id="markable_161" span="word_621" sentenceid="88" label="np" min_ids="word_621..word_621" type="chunk" lemmata="he" isprenominal="false" pos="prp" mmax_level="markable" />
<markable id="markable_162" span="word_624" sentenceid="89" label="np" min_ids="word_624..word_624" type="chunk" lemmata="they" isprenominal="false" pos="prp" mmax_level="markable" />
<markable id="markable_163" span="word_627..word_628" sentenceid="89" label="np" min_ids="word_627..word_628" type="chunk" lemmata="the basket" isprenominal="false" pos="dt nn" mmax_level="markable" />
<markable id="markable_164" span="word_631" sentenceid="90" label="np" min_ids="word_631..word_631" type="chunk" lemmata="he" isprenominal="false" pos="prp" mmax_level="markable" />
<markable id="markable_165" span="word_634" sentenceid="91" label="np" min_ids="word_634..word_634" type="chunk" lemmata="everything" isprenominal="false" pos="nn" mmax_level="markable" />
<markable id="markable_166" span="word_639" sentenceid="92" label="np" min_ids="word_639..word_639" type="chunk" lemmata="they" isprenominal="false" pos="prp" mmax_level="markable" />
<markable id="markable_167" span="word_642" sentenceid="92" label="np" min_ids="word_642..word_642" type="chunk" lemmata="he" isprenominal="false" pos="prp" mmax_level="markable" />
<markable id="markable_289" span="word_643" sentenceid="92" label="np" type="chunk" lemmata="tsk" isprenominal="true" pos="nn" mmax_level="markable" />
<markable id="markable_168" span="word_643..word_644" sentenceid="92" label="np" min_ids="word_643..word_644" type="chunk" lemmata="tsk um" isprenominal="false" pos="nn nn" mmax_level="markable" />
<markable id="markable_169" span="word_647" sentenceid="92" label="np" min_ids="word_647..word_647" type="chunk" lemmata="bike" isprenominal="false" pos="nn" mmax_level="markable" />
<markable id="markable_170" span="word_649" sentenceid="93" label="np" min_ids="word_649..word_649" type="chunk" lemmata="he" isprenominal="false" pos="prp" mmax_level="markable" />
<markable id="markable_171" span="word_652..word_654" sentenceid="94" label="np" min_ids="word_652..word_654" type="chunk" lemmata="the little boy" isprenominal="false" pos="dt jj nn" mmax_level="markable" />
<markable id="markable_172" span="word_658..word_659" sentenceid="94" label="np" min_ids="word_658..word_659" type="chunk" lemmata="the bike" isprenominal="false" pos="dt nn" mmax_level="markable" />
<markable id="markable_173" span="word_663..word_664" sentenceid="95" label="np" min_ids="word_663..word_664" type="chunk" lemmata="a hat" isprenominal="false" pos="dt nn" mmax_level="markable" />
<markable id="markable_174" span="word_667" sentenceid="96" label="np" min_ids="word_667..word_667" type="chunk" lemmata="the" isprenominal="false" pos="dt" mmax_level="markable" />
<markable id="markable_175" span="word_670..word_672" sentenceid="96" label="np" min_ids="word_670..word_672" type="chunk" lemmata="the little girl" isprenominal="false" pos="dt jj nn" mmax_level="markable" />
<markable id="markable_176" span="word_673" sentenceid="97" label="np" min_ids="word_673..word_673" type="chunk" lemmata="it" isprenominal="false" pos="prp" mmax_level="markable" />
<markable id="markable_177" span="word_680" sentenceid="98" label="np" min_ids="word_680..word_680" type="chunk" lemmata="he" isprenominal="false" pos="prp" mmax_level="markable" />
<markable id="markable_178" span="word_685" sentenceid="98" label="np" min_ids="word_685..word_685" type="chunk" lemmata="hat" isprenominal="false" pos="nn" mmax_level="markable" />
<markable id="markable_179" span="word_687" sentenceid="99" label="np" min_ids="word_687..word_687" type="chunk" lemmata="he" isprenominal="false" pos="prp" mmax_level="markable" />
<markable id="markable_290" span="word_690" sentenceid="99" label="np" type="chunk" lemmata="bicycling" isprenominal="true" pos="nn" mmax_level="markable" />
<markable id="markable_180" span="word_690..word_691" sentenceid="99" label="np" min_ids="word_690..word_691" type="chunk" lemmata="bicycling off." isprenominal="false" pos="nn nn" mmax_level="markable" />
<markable id="markable_181" span="word_694" sentenceid="100" label="np" min_ids="word_694..word_694" type="chunk" lemmata="he" isprenominal="false" pos="prp" mmax_level="markable" />
<markable id="markable_182" span="word_698..word_699" sentenceid="100" label="np" min_ids="word_698..word_699" type="chunk" lemmata="the lus" isprenominal="false" pos="dt nn" mmax_level="markable" />
<markable id="markable_183" span="word_700..word_703" sentenceid="100" label="np" min_ids="word_700..word_703" type="chunk" lemmata="the three little boy" isprenominal="false" pos="dt cd jj nns" mmax_level="markable" />
<markable id="markable_184" span="word_708..word_710" sentenceid="100" label="np" min_ids="word_708..word_710" type="chunk" lemmata="the opposite direction" isprenominal="false" pos="dt jj nn" mmax_level="markable" />
<markable id="markable_185" span="word_712..word_713" sentenceid="101" label="np" min_ids="word_712..word_713" type="chunk" lemmata="the road" isprenominal="false" pos="dt nn" mmax_level="markable" />
<markable id="markable_186" span="word_717..word_719" sentenceid="102" label="np" min_ids="word_717..word_719" type="chunk" lemmata="the little boy" isprenominal="false" pos="dt jj nns" mmax_level="markable" />
<markable id="markable_187" span="word_721" sentenceid="103" label="np" min_ids="word_721..word_721" type="chunk" lemmata="hat" isprenominal="false" pos="nn" mmax_level="markable" />
<markable id="markable_188" span="word_723" sentenceid="104" label="np" min_ids="word_723..word_723" type="chunk" lemmata="he" isprenominal="false" pos="prp" mmax_level="markable" />
<markable id="markable_189" span="word_725" sentenceid="104" label="np" min_ids="word_725..word_725" type="chunk" lemmata="it" isprenominal="false" pos="prp" mmax_level="markable" />
<markable id="markable_190" span="word_730..word_731" sentenceid="105" label="np" min_ids="word_730..word_731" type="chunk" lemmata="the boy" isprenominal="false" pos="dt nn" mmax_level="markable" />
<markable id="markable_191" span="word_735..word_736" sentenceid="105" label="np" min_ids="word_735..word_736" type="chunk" lemmata="the bicycle" isprenominal="false" pos="dt nn" mmax_level="markable" />
<markable id="markable_192" span="word_739" sentenceid="106" label="np" min_ids="word_739..word_739" type="chunk" lemmata="you" isprenominal="false" pos="prp" mmax_level="markable" />
<markable id="markable_193" span="word_743" sentenceid="107" label="np" min_ids="word_743..word_743" type="chunk" lemmata="he" isprenominal="false" pos="prp" mmax_level="markable" />
<markable id="markable_194" span="word_745" sentenceid="107" label="np" min_ids="word_745..word_745" type="chunk" lemmata="hat" isprenominal="false" pos="nn" mmax_level="markable" />
<markable id="markable_195" span="word_747..word_749" sentenceid="108" label="np" min_ids="word_747..word_749" type="chunk" lemmata="the little boy" isprenominal="false" pos="dt jj nn" mmax_level="markable" />
<markable id="markable_196" span="word_752..word_753" sentenceid="108" label="np" min_ids="word_752..word_753" type="chunk" lemmata="the hat" isprenominal="false" pos="dt nn" mmax_level="markable" />
<markable id="markable_197" span="word_757..word_758" sentenceid="109" label="np" min_ids="word_757..word_758" type="chunk" lemmata="the boy" isprenominal="false" pos="dt nn" mmax_level="markable" />
<markable id="markable_198" span="word_760..word_761" sentenceid="109" label="np" min_ids="word_760..word_761" type="chunk" lemmata="the bicycle" isprenominal="false" pos="dt nn" mmax_level="markable" />
<markable id="markable_291" span="word_763" sentenceid="110" label="np" type="chunk" lemmata="um" isprenominal="true" pos="nn" mmax_level="markable" />
<markable id="markable_199" span="word_766" sentenceid="110" label="np" min_ids="word_766..word_766" type="chunk" lemmata="they" isprenominal="false" pos="prp" mmax_level="markable" />
<markable id="markable_200" span="word_768" sentenceid="110" label="np" min_ids="word_768..word_768" type="chunk" lemmata="he" isprenominal="false" pos="prp" mmax_level="markable" />
<markable id="markable_201" span="word_770..word_772" sentenceid="110" label="np" min_ids="word_770..word_772" type="chunk" lemmata="the little boy" isprenominal="false" pos="dt jj nn" mmax_level="markable" />
<markable id="markable_202" span="word_776..word_777" sentenceid="110" label="np" min_ids="word_776..word_777" type="chunk" lemmata="the hat" isprenominal="false" pos="dt nn" mmax_level="markable" />
<markable id="markable_203" span="word_779" sentenceid="111" label="np" min_ids="word_779..word_779" type="chunk" lemmata="it" isprenominal="false" pos="prp" mmax_level="markable" />
<markable id="markable_204" span="word_781..word_782" sentenceid="111" label="np" min_ids="word_781..word_782" type="chunk" lemmata="the boy" isprenominal="false" pos="dt nn" mmax_level="markable" />
<markable id="markable_205" span="word_784..word_785" sentenceid="111" label="np" min_ids="word_784..word_785" type="chunk" lemmata="the bicycle" isprenominal="false" pos="dt nn" mmax_level="markable" />
<markable id="markable_206" span="word_787..word_788" sentenceid="112" label="np" min_ids="word_787..word_788" type="chunk" lemmata="the boy" isprenominal="false" pos="dt nn" mmax_level="markable" />
<markable id="markable_207" span="word_792..word_793" sentenceid="112" label="np" min_ids="word_792..word_793" type="chunk" lemmata="the bicycle" isprenominal="false" pos="dt nn" mmax_level="markable" />
<markable id="markable_208" span="word_795" sentenceid="113" label="np" min_ids="word_795..word_795" type="chunk" lemmata="he" isprenominal="false" pos="prp" mmax_level="markable" />
<markable id="markable_209" span="word_796..word_797" sentenceid="113" label="np" min_ids="word_796..word_797" type="chunk" lemmata="three pear" isprenominal="false" pos="cd nns" mmax_level="markable" />
<markable id="markable_210" span="word_799..word_800" sentenceid="114" label="np" min_ids="word_799..word_800" type="chunk" lemmata="the little" isprenominal="false" pos="dt jj" mmax_level="markable" />
<markable id="markable_211" span="word_804" sentenceid="115" label="np" min_ids="word_804..word_804" type="chunk" lemmata="hat" isprenominal="false" pos="nn" mmax_level="markable" />
<markable id="markable_212" span="word_806..word_807" sentenceid="116" label="np" min_ids="word_806..word_807" type="chunk" lemmata="the pear" isprenominal="false" pos="dt nns" mmax_level="markable" />
<markable id="markable_213" span="word_812" sentenceid="118" label="np" min_ids="word_812..word_812" type="chunk" lemmata="friend" isprenominal="false" pos="nns" mmax_level="markable" />
<markable id="markable_214" span="word_814" sentenceid="119" label="np" min_ids="word_814..word_814" type="chunk" lemmata="they" isprenominal="false" pos="prp" mmax_level="markable" />
<markable id="markable_215" span="word_817..word_818" sentenceid="119" label="np" min_ids="word_817..word_818" type="chunk" lemmata="they each" isprenominal="false" pos="prp dt" mmax_level="markable" />
<markable id="markable_216" span="word_819..word_820" sentenceid="119" label="np" min_ids="word_819..word_820" type="chunk" lemmata="a pear" isprenominal="false" pos="dt nn" mmax_level="markable" />
<markable id="markable_217" span="word_823..word_824" sentenceid="120" label="np" min_ids="word_823..word_824" type="chunk" lemmata="the other" isprenominal="false" pos="dt jj" mmax_level="markable" />
<markable id="markable_218" span="word_826" sentenceid="120" label="np" min_ids="word_826..word_826" type="chunk" lemmata="ride" isprenominal="false" pos="nns" mmax_level="markable" />
<markable id="markable_219" span="word_829" sentenceid="121" label="np" min_ids="word_829..word_829" type="chunk" lemmata="they" isprenominal="false" pos="prp" mmax_level="markable" />
<markable id="markable_220" span="word_833" sentenceid="121" label="np" min_ids="word_833..word_833" type="chunk" lemmata="the" isprenominal="false" pos="dt" mmax_level="markable" />
<markable id="markable_221" span="word_835..word_837" sentenceid="121" label="np" min_ids="word_835..word_837" type="chunk" lemmata="the the direction" isprenominal="false" pos="dt dt nn" mmax_level="markable" />
<markable id="markable_222" span="word_838" sentenceid="121" label="np" min_ids="word_838..word_838" type="chunk" lemmata="they" isprenominal="false" pos="prp" mmax_level="markable" />
<markable id="markable_223" span="word_843" sentenceid="122" label="np" min_ids="word_843..word_843" type="chunk" lemmata="they" isprenominal="false" pos="prp" mmax_level="markable" />
<markable id="markable_224" span="word_846" sentenceid="122" label="np" min_ids="word_846..word_846" type="chunk" lemmata="pear" isprenominal="false" pos="nns" mmax_level="markable" />
<markable id="markable_225" span="word_849..word_850" sentenceid="123" label="np" min_ids="word_849..word_850" type="chunk" lemmata="the meantime" isprenominal="false" pos="dt nn" mmax_level="markable" />
<markable id="markable_226" span="word_851..word_852" sentenceid="124" label="np" min_ids="word_851..word_852" type="chunk" lemmata="the scene" isprenominal="false" pos="dt nn" mmax_level="markable" />
<markable id="markable_227" span="word_856..word_857" sentenceid="124" label="np" min_ids="word_856..word_857" type="chunk" lemmata="the man" isprenominal="false" pos="dt nn" mmax_level="markable" />
<markable id="markable_228" span="word_861..word_864" sentenceid="124" label="np" min_ids="word_861..word_864" type="chunk" lemmata="the ori initial man" isprenominal="false" pos="dt jj jj nn" mmax_level="markable" />
<markable id="markable_229" span="word_868" sentenceid="124" label="np" min_ids="word_868..word_868" type="chunk" lemmata="pear" isprenominal="false" pos="nns" mmax_level="markable" />
<markable id="markable_230" span="word_870" sentenceid="125" label="np" min_ids="word_870..word_870" type="chunk" lemmata="he" isprenominal="false" pos="prp" mmax_level="markable" />
<markable id="markable_231" span="word_874..word_876" sentenceid="126" label="np" min_ids="word_874..word_876" type="chunk" lemmata="the um tree" isprenominal="false" pos="dt nn nn" mmax_level="markable" />
<markable id="markable_292" span="word_875" sentenceid="126" label="np" type="chunk" lemmata="um" isprenominal="true" pos="nn" mmax_level="markable" />
<markable id="markable_232" span="word_878..word_879" sentenceid="126" label="np" min_ids="word_878..word_879" type="chunk" lemmata="the ladder" isprenominal="false" pos="dt nn" mmax_level="markable" />
<markable id="markable_233" span="word_880" sentenceid="127" label="np" min_ids="word_880..word_880" type="chunk" lemmata="and" isprenominal="false" pos="cc" mmax_level="markable" />
<markable id="markable_234" span="word_886" sentenceid="127" label="np" min_ids="word_886..word_886" type="chunk" lemmata="cape" isprenominal="false" pos="nn" mmax_level="markable" />
<markable id="markable_235" span="word_888" sentenceid="128" label="np" min_ids="word_888..word_888" type="chunk" lemmata="he" isprenominal="false" pos="prp" mmax_level="markable" />
<markable id="markable_236" span="word_893..word_894" sentenceid="128" label="np" min_ids="word_893..word_894" type="chunk" lemmata="bushel basket" isprenominal="false" pos="jj nns" mmax_level="markable" />
<markable id="markable_237" span="word_898" sentenceid="128" label="np" min_ids="word_898..word_898" type="chunk" lemmata="he" isprenominal="false" pos="prp" mmax_level="markable" />
<markable id="markable_238" span="word_900..word_902" sentenceid="128" label="np" min_ids="word_900..word_902" type="chunk" lemmata="a uh tsk" isprenominal="false" pos="dt jj nn" mmax_level="markable" />
<markable id="markable_239" span="word_903..word_904" sentenceid="128" label="np" min_ids="word_903..word_904" type="chunk" lemmata="an expression" isprenominal="false" pos="dt nn" mmax_level="markable" />
<markable id="markable_240" span="word_906" sentenceid="128" label="np" min_ids="word_906..word_906" type="chunk" lemmata="dismay" isprenominal="false" pos="nns" mmax_level="markable" />
<markable id="markable_241" span="word_907" sentenceid="128" label="np" min_ids="word_907..word_907" type="chunk" lemmata="you" isprenominal="false" pos="prp" mmax_level="markable" />
<markable id="markable_242" span="word_910" sentenceid="128" label="np" min_ids="word_910..word_910" type="chunk" lemmata="anger" isprenominal="false" pos="nn" mmax_level="markable" />
<markable id="markable_243" span="word_913" sentenceid="129" label="np" min_ids="word_913..word_913" type="chunk" lemmata="sort" isprenominal="false" pos="nn" mmax_level="markable" />
<markable id="markable_244" span="word_915" sentenceid="129" label="np" min_ids="word_915..word_915" type="chunk" lemmata="thing" isprenominal="false" pos="nn" mmax_level="markable" />
<markable id="markable_245" span="word_918" sentenceid="130" label="np" min_ids="word_918..word_918" type="chunk" lemmata="he" isprenominal="false" pos="prp" mmax_level="markable" />
<markable id="markable_246" span="word_922..word_925" sentenceid="131" label="np" min_ids="word_922..word_925" type="chunk" lemmata="the three little boy" isprenominal="false" pos="dt cd jj nns" mmax_level="markable" />
<markable id="markable_247" span="word_929..word_930" sentenceid="133" label="np" min_ids="word_929..word_930" type="chunk" lemmata="the pear" isprenominal="false" pos="dt nns" mmax_level="markable" />
<markable id="markable_248" span="word_932" sentenceid="134" label="np" min_ids="word_932..word_932" type="chunk" lemmata="he" isprenominal="false" pos="prp" mmax_level="markable" />
<markable id="markable_249" span="word_935" sentenceid="134" label="np" min_ids="word_935..word_935" type="chunk" lemmata="they" isprenominal="false" pos="prp" mmax_level="markable" />
<markable id="markable_250" span="word_937" sentenceid="135" label="np" min_ids="word_937..word_937" type="chunk" lemmata="sort" isprenominal="false" pos="nn" mmax_level="markable" />
<markable id="markable_251" span="word_939" sentenceid="135" label="np" min_ids="word_939..word_939" type="chunk" lemmata="impassionately" isprenominal="false" pos="rb" mmax_level="markable" />
<markable id="markable_252" span="word_941" sentenceid="136" label="np" min_ids="word_941..word_941" type="chunk" lemmata="i" isprenominal="false" pos="prp" mmax_level="markable" />
<markable id="markable_253" span="word_944" sentenceid="136" label="np" min_ids="word_944..word_944" type="chunk" lemmata="it" isprenominal="false" pos="prp" mmax_level="markable" />
<markable id="markable_254" span="word_951" sentenceid="137" label="np" min_ids="word_951..word_951" type="chunk" lemmata="i" isprenominal="false" pos="prp" mmax_level="markable" />
<markable id="markable_255" span="word_960..word_963" sentenceid="137" label="np" min_ids="word_960..word_963" type="chunk" lemmata="a big dramatic moment" isprenominal="false" pos="dt jj jj nn" mmax_level="markable" />
<markable id="markable_256" span="word_965" sentenceid="138" label="np" min_ids="word_965..word_965" type="chunk" lemmata="he" isprenominal="false" pos="prp" mmax_level="markable" />
<markable id="markable_257" span="word_970..word_972" sentenceid="138" label="np" min_ids="word_970..word_972" type="chunk" lemmata="the little boy" isprenominal="false" pos="dt jj nns" mmax_level="markable" />
<markable id="markable_258" span="word_978..word_979" sentenceid="138" label="np" min_ids="word_978..word_979" type="chunk" lemmata="good samaritans" isprenominal="false" pos="jj nns" mmax_level="markable" />
<markable id="markable_259" span="word_981..word_982" sentenceid="139" label="np" min_ids="word_981..word_982" type="chunk" lemmata="steal pear" isprenominal="false" pos="vbg nns" mmax_level="markable" />
<markable id="markable_260" span="word_984" sentenceid="140" label="np" min_ids="word_984..word_984" type="chunk" lemmata="he" isprenominal="false" pos="prp" mmax_level="markable" />
<markable id="markable_261" span="word_989" sentenceid="140" label="np" min_ids="word_989..word_989" type="chunk" lemmata="they" isprenominal="false" pos="prp" mmax_level="markable" />
<markable id="markable_262" span="word_991" sentenceid="141" label="np" min_ids="word_991..word_991" type="chunk" lemmata="they" isprenominal="false" pos="prp" mmax_level="markable" />
<markable id="markable_263" span="word_995" sentenceid="142" label="np" min_ids="word_995..word_995" type="chunk" lemmata="they" isprenominal="false" pos="prp" mmax_level="markable" />
<markable id="markable_264" span="word_999..word_1000" sentenceid="142" label="np" min_ids="word_999..word_1000" type="chunk" lemmata="any attention" isprenominal="false" pos="dt nn" mmax_level="markable" />
<markable id="markable_265" span="word_1002" sentenceid="142" label="np" min_ids="word_1002..word_1002" type="chunk" lemmata="they" isprenominal="false" pos="prp" mmax_level="markable" />
<markable id="markable_266" span="word_1004" sentenceid="142" label="np" min_ids="word_1004..word_1004" type="chunk" lemmata="he" isprenominal="false" pos="prp" mmax_level="markable" />
<markable id="markable_267" span="word_1005" sentenceid="143" label="np" min_ids="word_1005..word_1005" type="chunk" lemmata="he" isprenominal="false" pos="prp" mmax_level="markable" />
<markable id="markable_268" span="word_1007" sentenceid="143" label="np" min_ids="word_1007..word_1007" type="chunk" lemmata="they" isprenominal="false" pos="prp" mmax_level="markable" />
<markable id="markable_269" span="word_1011" sentenceid="143" label="np" min_ids="word_1011..word_1011" type="chunk" lemmata="pear" isprenominal="false" pos="nns" mmax_level="markable" />
<markable id="markable_270" span="word_1013" sentenceid="144" label="np" min_ids="word_1013..word_1013" type="chunk" lemmata="you" isprenominal="false" pos="prp" mmax_level="markable" />
<markable id="markable_271" span="word_1017" sentenceid="144" label="np" min_ids="word_1017..word_1017" type="chunk" lemmata="paddle" isprenominal="false" pos="nn" mmax_level="markable" />
<markable id="markable_272" span="word_1019" sentenceid="145" label="np" min_ids="word_1019..word_1019" type="chunk" lemmata="everything" isprenominal="false" pos="nn" mmax_level="markable" />
<markable id="markable_273" span="word_1024" sentenceid="146" label="np" min_ids="word_1024..word_1024" type="chunk" lemmata="it" isprenominal="false" pos="prp" mmax_level="markable" />
</markables>
