<?xml version="1.0" encoding="US-ASCII"?>
<!DOCTYPE markables SYSTEM "markables.dtd">
<markables xmlns="www.eml.org/NameSpaces/unit">
<markable id="markable_165" span="word_107..word_114" finite="unmarked"  utype="unmarked"  verbed="unmarked"  subject="unmarked" mmax_level="unit" />
<markable id="markable_203" span="word_248..word_249" finite="unmarked"  utype="unmarked"  verbed="unmarked"  subject="unmarked" mmax_level="unit" />
<markable id="markable_172" span="word_147..word_150" finite="unmarked"  utype="unmarked"  verbed="unmarked"  subject="unmarked" mmax_level="unit" />
<markable id="markable_158" span="word_63..word_72" finite="unmarked"  utype="unmarked"  verbed="unmarked"  subject="unmarked" mmax_level="unit" />
<markable id="markable_187" span="word_198..word_200" finite="unmarked"  utype="unmarked"  verbed="unmarked"  subject="unmarked" mmax_level="unit" />
<markable id="markable_194" span="word_221..word_236" finite="unmarked"  utype="unmarked"  verbed="unmarked"  subject="unmarked" mmax_level="unit" />
<markable id="markable_178" span="word_171..word_175" finite="unmarked"  utype="unmarked"  verbed="unmarked"  subject="unmarked" mmax_level="unit" />
<markable id="markable_191" span="word_211..word_213" finite="unmarked"  utype="unmarked"  verbed="unmarked"  subject="unmarked" mmax_level="unit" />
<markable id="markable_192" span="word_217..word_220" finite="unmarked"  utype="unmarked"  verbed="unmarked"  subject="unmarked" mmax_level="unit" />
<markable id="markable_212" span="word_264..word_267" finite="unmarked"  utype="unmarked"  verbed="unmarked"  subject="unmarked" mmax_level="unit" />
<markable id="markable_205" span="word_255..word_256" finite="unmarked"  utype="unmarked"  verbed="unmarked"  subject="unmarked" mmax_level="unit" />
<markable id="markable_149" span="word_20..word_26" finite="unmarked"  utype="unmarked"  verbed="unmarked"  subject="unmarked" mmax_level="unit" />
<markable id="markable_177" span="word_166..word_170" finite="unmarked"  utype="unmarked"  verbed="unmarked"  subject="unmarked" mmax_level="unit" />
<markable id="markable_164" span="word_100..word_106" finite="unmarked"  utype="unmarked"  verbed="unmarked"  subject="unmarked" mmax_level="unit" />
<markable id="markable_171" span="word_137..word_141" finite="unmarked"  utype="unmarked"  verbed="unmarked"  subject="unmarked" mmax_level="unit" />
<markable id="markable_148" span="word_4..word_8" finite="unmarked"  utype="unmarked"  verbed="unmarked"  subject="unmarked" mmax_level="unit" />
<markable id="markable_193" span="word_218..word_220" finite="unmarked"  utype="unmarked"  verbed="unmarked"  subject="unmarked" mmax_level="unit" />
<markable id="markable_206" span="word_257..word_263" finite="unmarked"  utype="unmarked"  verbed="unmarked"  subject="unmarked" mmax_level="unit" />
<markable id="markable_186" span="word_197..word_200" finite="unmarked"  utype="unmarked"  verbed="unmarked"  subject="unmarked" mmax_level="unit" />
<markable id="markable_161" span="word_82..word_87" finite="unmarked"  utype="unmarked"  verbed="unmarked"  subject="unmarked" mmax_level="unit" />
<markable id="markable_198" span="word_237..word_246" finite="unmarked"  utype="unmarked"  verbed="unmarked"  subject="unmarked" mmax_level="unit" />
<markable id="markable_199" span="word_238..word_246" finite="unmarked"  utype="unmarked"  verbed="unmarked"  subject="unmarked" mmax_level="unit" />
<markable id="markable_162" span="word_88..word_94" finite="unmarked"  utype="unmarked"  verbed="unmarked"  subject="unmarked" mmax_level="unit" />
<markable id="markable_184" span="word_187..word_196" finite="unmarked"  utype="unmarked"  verbed="unmarked"  subject="unmarked" mmax_level="unit" />
<markable id="markable_211" span="word_254..word_256" finite="unmarked"  utype="unmarked"  verbed="unmarked"  subject="unmarked" mmax_level="unit" />
<markable id="markable_163" span="word_89..word_94" finite="unmarked"  utype="unmarked"  verbed="unmarked"  subject="unmarked" mmax_level="unit" />
<markable id="markable_201" span="word_243..word_246" finite="unmarked"  utype="unmarked"  verbed="unmarked"  subject="unmarked" mmax_level="unit" />
<markable id="markable_156" span="word_54..word_62" finite="unmarked"  utype="unmarked"  verbed="unmarked"  subject="unmarked" mmax_level="unit" />
<markable id="markable_153" span="word_45..word_50" finite="unmarked"  utype="unmarked"  verbed="unmarked"  subject="unmarked" mmax_level="unit" />
<markable id="markable_185" span="word_192..word_196" finite="unmarked"  utype="unmarked"  verbed="unmarked"  subject="unmarked" mmax_level="unit" />
<markable id="markable_207" span="word_268..word_275" finite="unmarked"  utype="unmarked"  verbed="unmarked"  subject="unmarked" mmax_level="unit" />
<markable id="markable_160" span="word_73..word_78" finite="unmarked"  utype="unmarked"  verbed="unmarked"  subject="unmarked" mmax_level="unit" />
<markable id="markable_159" span="word_71..word_72" finite="unmarked"  utype="unmarked"  verbed="unmarked"  subject="unmarked" mmax_level="unit" />
<markable id="markable_197" span="word_231..word_236" finite="unmarked"  utype="unmarked"  verbed="unmarked"  subject="unmarked" mmax_level="unit" />
<markable id="markable_202" span="word_247..word_249" finite="unmarked"  utype="unmarked"  verbed="unmarked"  subject="unmarked" mmax_level="unit" />
<markable id="markable_190" span="word_210..word_213" finite="unmarked"  utype="unmarked"  verbed="unmarked"  subject="unmarked" mmax_level="unit" />
<markable id="markable_157" span="word_59..word_62" finite="unmarked"  utype="unmarked"  verbed="unmarked"  subject="unmarked" mmax_level="unit" />
<markable id="markable_152" span="word_40..word_44" finite="unmarked"  utype="unmarked"  verbed="unmarked"  subject="unmarked" mmax_level="unit" />
<markable id="markable_200" span="word_240..word_246" finite="unmarked"  utype="unmarked"  verbed="unmarked"  subject="unmarked" mmax_level="unit" />
<markable id="markable_180" span="word_177..word_181" finite="unmarked"  utype="unmarked"  verbed="unmarked"  subject="unmarked" mmax_level="unit" />
<markable id="markable_170" span="word_133..word_136" finite="unmarked"  utype="unmarked"  verbed="unmarked"  subject="unmarked" mmax_level="unit" />
<markable id="markable_169" span="word_124..word_132" finite="unmarked"  utype="unmarked"  verbed="unmarked"  subject="unmarked" mmax_level="unit" />
<markable id="markable_181" span="word_179..word_181" finite="unmarked"  utype="unmarked"  verbed="unmarked"  subject="unmarked" mmax_level="unit" />
<markable id="markable_179" span="word_176..word_181" finite="unmarked"  utype="unmarked"  verbed="unmarked"  subject="unmarked" mmax_level="unit" />
<markable id="markable_155" span="word_52..word_53" finite="unmarked"  utype="unmarked"  verbed="unmarked"  subject="unmarked" mmax_level="unit" />
<markable id="markable_150" span="word_34..word_39" finite="unmarked"  utype="unmarked"  verbed="unmarked"  subject="unmarked" mmax_level="unit" />
<markable id="markable_189" span="word_204..word_209" finite="unmarked"  utype="unmarked"  verbed="unmarked"  subject="unmarked" mmax_level="unit" />
<markable id="markable_183" span="word_183..word_186" finite="unmarked"  utype="unmarked"  verbed="unmarked"  subject="unmarked" mmax_level="unit" />
<markable id="markable_176" span="word_160..word_162" finite="unmarked"  utype="unmarked"  verbed="unmarked"  subject="unmarked" mmax_level="unit" />
<markable id="markable_188" span="word_201..word_203" finite="unmarked"  utype="unmarked"  verbed="unmarked"  subject="unmarked" mmax_level="unit" />
<markable id="markable_208" span="word_276..word_282" finite="unmarked"  utype="unmarked"  verbed="unmarked"  subject="unmarked" mmax_level="unit" />
<markable id="markable_167" span="word_115..word_123" finite="unmarked"  utype="unmarked"  verbed="unmarked"  subject="unmarked" mmax_level="unit" />
<markable id="markable_154" span="word_51..word_53" finite="unmarked"  utype="unmarked"  verbed="unmarked"  subject="unmarked" mmax_level="unit" />
<markable id="markable_209" span="word_280..word_282" finite="unmarked"  utype="unmarked"  verbed="unmarked"  subject="unmarked" mmax_level="unit" />
<markable id="markable_173" span="word_151..word_153" finite="unmarked"  utype="unmarked"  verbed="unmarked"  subject="unmarked" mmax_level="unit" />
<markable id="markable_204" span="word_250..word_256" finite="unmarked"  utype="unmarked"  verbed="unmarked"  subject="unmarked" mmax_level="unit" />
<markable id="markable_195" span="word_225..word_236" finite="unmarked"  utype="unmarked"  verbed="unmarked"  subject="unmarked" mmax_level="unit" />
<markable id="markable_166" span="word_110..word_114" finite="unmarked"  utype="unmarked"  verbed="unmarked"  subject="unmarked" mmax_level="unit" />
<markable id="markable_196" span="word_228..word_236" finite="unmarked"  utype="unmarked"  verbed="unmarked"  subject="unmarked" mmax_level="unit" />
<markable id="markable_174" span="word_152..word_153" finite="unmarked"  utype="unmarked"  verbed="unmarked"  subject="unmarked" mmax_level="unit" />
<markable id="markable_168" span="word_119..word_123" finite="unmarked"  utype="unmarked"  verbed="unmarked"  subject="unmarked" mmax_level="unit" />
<markable id="markable_182" span="word_182..word_186" finite="unmarked"  utype="unmarked"  verbed="unmarked"  subject="unmarked" mmax_level="unit" />
<markable id="markable_151" span="word_35..word_39" finite="unmarked"  utype="unmarked"  verbed="unmarked"  subject="unmarked" mmax_level="unit" />
<markable id="markable_175" span="word_154..word_159" finite="unmarked"  utype="unmarked"  verbed="unmarked"  subject="unmarked" mmax_level="unit" />
</markables>