<?xml version="1.0" encoding="US-ASCII"?>
<!DOCTYPE markables SYSTEM "markables.dtd">
<markables xmlns="www.eml.org/NameSpaces/unit">
<markable id="markable_681" span="word_833..word_838" mmax_level="unit"  subject="unmarked"  verbed="unmarked"  utype="unmarked"  finite="unmarked" />
<markable id="markable_680" span="word_826..word_832" mmax_level="unit"  subject="unmarked"  verbed="unmarked"  utype="unmarked"  finite="unmarked" />
<markable id="markable_683" span="word_840..word_843" mmax_level="unit"  subject="unmarked"  verbed="unmarked"  utype="unmarked"  finite="unmarked" />
<markable id="markable_682" span="word_839..word_843" mmax_level="unit"  subject="unmarked"  verbed="unmarked"  utype="unmarked"  finite="unmarked" />
<markable id="markable_685" span="word_861..word_868" mmax_level="unit"  subject="unmarked"  verbed="unmarked"  utype="unmarked"  finite="unmarked" />
<markable id="markable_684" span="word_844..word_849" mmax_level="unit"  subject="unmarked"  verbed="unmarked"  utype="unmarked"  finite="unmarked" />
<markable id="markable_687" span="word_885..word_889" mmax_level="unit"  subject="unmarked"  verbed="unmarked"  utype="unmarked"  finite="unmarked" />
<markable id="markable_686" span="word_878..word_883" mmax_level="unit"  subject="unmarked"  verbed="unmarked"  utype="unmarked"  finite="unmarked" />
<markable id="markable_689" span="word_903..word_904" mmax_level="unit"  subject="unmarked"  verbed="unmarked"  utype="unmarked"  finite="unmarked" />
<markable id="markable_688" span="word_897..word_901" mmax_level="unit"  subject="unmarked"  verbed="unmarked"  utype="unmarked"  finite="unmarked" />
<markable id="markable_679" span="word_822..word_825" mmax_level="unit"  subject="unmarked"  verbed="unmarked"  utype="unmarked"  finite="unmarked" />
<markable id="markable_692" span="word_910..word_913" mmax_level="unit"  subject="unmarked"  verbed="unmarked"  utype="unmarked"  finite="unmarked" />
<markable id="markable_691" span="word_907..word_913" mmax_level="unit"  subject="unmarked"  verbed="unmarked"  utype="unmarked"  finite="unmarked" />
<markable id="markable_690" span="word_905..word_906" mmax_level="unit"  subject="unmarked"  verbed="unmarked"  utype="unmarked"  finite="unmarked" />
<markable id="markable_696" span="word_935..word_937" mmax_level="unit"  subject="unmarked"  verbed="unmarked"  utype="unmarked"  finite="unmarked" />
<markable id="markable_695" span="word_933..word_941" mmax_level="unit"  subject="unmarked"  verbed="unmarked"  utype="unmarked"  finite="unmarked" />
<markable id="markable_694" span="word_928..word_932" mmax_level="unit"  subject="unmarked"  verbed="unmarked"  utype="unmarked"  finite="unmarked" />
<markable id="markable_693" span="word_914..word_927" mmax_level="unit"  subject="unmarked"  verbed="unmarked"  utype="unmarked"  finite="unmarked" />
<markable id="markable_699" span="word_947..word_952" mmax_level="unit"  subject="unmarked"  verbed="unmarked"  utype="unmarked"  finite="unmarked" />
<markable id="markable_698" span="word_943..word_952" mmax_level="unit"  subject="unmarked"  verbed="unmarked"  utype="unmarked"  finite="unmarked" />
<markable id="markable_697" span="word_942..word_952" mmax_level="unit"  subject="unmarked"  verbed="unmarked"  utype="unmarked"  finite="unmarked" />
<markable id="markable_553" span="word_127..word_144" mmax_level="unit"  subject="unmarked"  verbed="unmarked"  utype="unmarked"  finite="unmarked" />
<markable id="markable_552" span="word_127..word_154" mmax_level="unit"  subject="unmarked"  verbed="unmarked"  utype="unmarked"  finite="unmarked" />
<markable id="markable_551" span="word_126..word_154" mmax_level="unit"  subject="unmarked"  verbed="unmarked"  utype="unmarked"  finite="unmarked" />
<markable id="markable_550" span="word_119..word_122" mmax_level="unit"  subject="unmarked"  verbed="unmarked"  utype="unmarked"  finite="unmarked" />
<markable id="markable_557" span="word_155..word_164" mmax_level="unit"  subject="unmarked"  verbed="unmarked"  utype="unmarked"  finite="unmarked" />
<markable id="markable_556" span="word_153..word_154" mmax_level="unit"  subject="unmarked"  verbed="unmarked"  utype="unmarked"  finite="unmarked" />
<markable id="markable_555" span="word_146..word_154" mmax_level="unit"  subject="unmarked"  verbed="unmarked"  utype="unmarked"  finite="unmarked" />
<markable id="markable_554" span="word_132..word_144" mmax_level="unit"  subject="unmarked"  verbed="unmarked"  utype="unmarked"  finite="unmarked" />
<markable id="markable_549" span="word_114..word_115" mmax_level="unit"  subject="unmarked"  verbed="unmarked"  utype="unmarked"  finite="unmarked" />
<markable id="markable_547" span="word_107..word_115" mmax_level="unit"  subject="unmarked"  verbed="unmarked"  utype="unmarked"  finite="unmarked" />
<markable id="markable_548" span="word_112..word_115" mmax_level="unit"  subject="unmarked"  verbed="unmarked"  utype="unmarked"  finite="unmarked" />
<markable id="markable_540" span="word_77..word_92" mmax_level="unit"  subject="unmarked"  verbed="unmarked"  utype="unmarked"  finite="unmarked" />
<markable id="markable_542" span="word_78..word_83" mmax_level="unit"  subject="unmarked"  verbed="unmarked"  utype="unmarked"  finite="unmarked" />
<markable id="markable_541" span="word_78..word_92" mmax_level="unit"  subject="unmarked"  verbed="unmarked"  utype="unmarked"  finite="unmarked" />
<markable id="markable_544" span="word_88..word_92" mmax_level="unit"  subject="unmarked"  verbed="unmarked"  utype="unmarked"  finite="unmarked" />
<markable id="markable_543" span="word_85..word_92" mmax_level="unit"  subject="unmarked"  verbed="unmarked"  utype="unmarked"  finite="unmarked" />
<markable id="markable_546" span="word_99..word_106" mmax_level="unit"  subject="unmarked"  verbed="unmarked"  utype="unmarked"  finite="unmarked" />
<markable id="markable_545" span="word_93..word_106" mmax_level="unit"  subject="unmarked"  verbed="unmarked"  utype="unmarked"  finite="unmarked" />
<markable id="markable_536" span="word_56..word_58" mmax_level="unit"  subject="unmarked"  verbed="unmarked"  utype="unmarked"  finite="unmarked" />
<markable id="markable_537" span="word_59..word_67" mmax_level="unit"  subject="unmarked"  verbed="unmarked"  utype="unmarked"  finite="unmarked" />
<markable id="markable_538" span="word_60..word_67" mmax_level="unit"  subject="unmarked"  verbed="unmarked"  utype="unmarked"  finite="unmarked" />
<markable id="markable_539" span="word_68..word_76" mmax_level="unit"  subject="unmarked"  verbed="unmarked"  utype="unmarked"  finite="unmarked" />
<markable id="markable_535" span="word_51..word_54" mmax_level="unit"  subject="unmarked"  verbed="unmarked"  utype="unmarked"  finite="unmarked" />
<markable id="markable_534" span="word_51..word_58" mmax_level="unit"  subject="unmarked"  verbed="unmarked"  utype="unmarked"  finite="unmarked" />
<markable id="markable_533" span="word_49..word_50" mmax_level="unit"  subject="unmarked"  verbed="unmarked"  utype="unmarked"  finite="unmarked" />
<markable id="markable_532" span="word_46..word_50" mmax_level="unit"  subject="unmarked"  verbed="unmarked"  utype="unmarked"  finite="unmarked" />
<markable id="markable_531" span="word_39..word_45" mmax_level="unit"  subject="unmarked"  verbed="unmarked"  utype="unmarked"  finite="unmarked" />
<markable id="markable_710" span="word_1027..word_1036" mmax_level="unit"  subject="unmarked"  verbed="unmarked"  utype="unmarked"  finite="unmarked" />
<markable id="markable_711" span="word_1030..word_1036" mmax_level="unit"  subject="unmarked"  verbed="unmarked"  utype="unmarked"  finite="unmarked" />
<markable id="markable_530" span="word_38..word_45" mmax_level="unit"  subject="unmarked"  verbed="unmarked"  utype="unmarked"  finite="unmarked" />
<markable id="markable_704" span="word_1002..word_1006" mmax_level="unit"  subject="unmarked"  verbed="unmarked"  utype="unmarked"  finite="unmarked" />
<markable id="markable_703" span="word_991..word_994" mmax_level="unit"  subject="unmarked"  verbed="unmarked"  utype="unmarked"  finite="unmarked" />
<markable id="markable_529" span="word_33..word_37" mmax_level="unit"  subject="unmarked"  verbed="unmarked"  utype="unmarked"  finite="unmarked" />
<markable id="markable_702" span="word_985..word_998" mmax_level="unit"  subject="unmarked"  verbed="unmarked"  utype="unmarked"  finite="unmarked" />
<markable id="markable_701" span="word_962..word_969" mmax_level="unit"  subject="unmarked"  verbed="unmarked"  utype="unmarked"  finite="unmarked" />
<markable id="markable_527" span="word_27..word_32" mmax_level="unit"  subject="unmarked"  verbed="unmarked"  utype="unmarked"  finite="unmarked" />
<markable id="markable_708" span="word_1018..word_1019" mmax_level="unit"  subject="unmarked"  verbed="unmarked"  utype="unmarked"  finite="unmarked" />
<markable id="markable_528" span="word_28..word_32" mmax_level="unit"  subject="unmarked"  verbed="unmarked"  utype="unmarked"  finite="unmarked" />
<markable id="markable_707" span="word_1017..word_1019" mmax_level="unit"  subject="unmarked"  verbed="unmarked"  utype="unmarked"  finite="unmarked" />
<markable id="markable_525" span="word_19..word_26" mmax_level="unit"  subject="unmarked"  verbed="unmarked"  utype="unmarked"  finite="unmarked" />
<markable id="markable_706" span="word_1014..word_1016" mmax_level="unit"  subject="unmarked"  verbed="unmarked"  utype="unmarked"  finite="unmarked" />
<markable id="markable_526" span="word_23..word_26" mmax_level="unit"  subject="unmarked"  verbed="unmarked"  utype="unmarked"  finite="unmarked" />
<markable id="markable_705" span="word_1009..word_1016" mmax_level="unit"  subject="unmarked"  verbed="unmarked"  utype="unmarked"  finite="unmarked" />
<markable id="markable_709" span="word_1021..word_1026" mmax_level="unit"  subject="unmarked"  verbed="unmarked"  utype="unmarked"  finite="unmarked" />
<markable id="markable_524" span="word_16..word_26" mmax_level="unit"  subject="unmarked"  verbed="unmarked"  utype="unmarked"  finite="unmarked" />
<markable id="markable_700" span="word_959..word_969" mmax_level="unit"  subject="unmarked"  verbed="unmarked"  utype="unmarked"  finite="unmarked" />
<markable id="markable_619" span="word_486..word_493" mmax_level="unit"  subject="unmarked"  verbed="unmarked"  utype="unmarked"  finite="unmarked" />
<markable id="markable_617" span="word_478..word_485" mmax_level="unit"  subject="unmarked"  verbed="unmarked"  utype="unmarked"  finite="unmarked" />
<markable id="markable_618" span="word_483..word_485" mmax_level="unit"  subject="unmarked"  verbed="unmarked"  utype="unmarked"  finite="unmarked" />
<markable id="markable_615" span="word_468..word_473" mmax_level="unit"  subject="unmarked"  verbed="unmarked"  utype="unmarked"  finite="unmarked" />
<markable id="markable_616" span="word_475..word_485" mmax_level="unit"  subject="unmarked"  verbed="unmarked"  utype="unmarked"  finite="unmarked" />
<markable id="markable_613" span="word_464..word_485" mmax_level="unit"  subject="unmarked"  verbed="unmarked"  utype="unmarked"  finite="unmarked" />
<markable id="markable_614" span="word_468..word_485" mmax_level="unit"  subject="unmarked"  verbed="unmarked"  utype="unmarked"  finite="unmarked" />
<markable id="markable_714" span="word_1048..word_1054" mmax_level="unit"  subject="unmarked"  verbed="unmarked"  utype="unmarked"  finite="unmarked" />
<markable id="markable_715" span="word_1049..word_1054" mmax_level="unit"  subject="unmarked"  verbed="unmarked"  utype="unmarked"  finite="unmarked" />
<markable id="markable_712" span="word_1037..word_1042" mmax_level="unit"  subject="unmarked"  verbed="unmarked"  utype="unmarked"  finite="unmarked" />
<markable id="markable_713" span="word_1044..word_1047" mmax_level="unit"  subject="unmarked"  verbed="unmarked"  utype="unmarked"  finite="unmarked" />
<markable id="markable_716" span="word_1055..word_1058" mmax_level="unit"  subject="unmarked"  verbed="unmarked"  utype="unmarked"  finite="unmarked" />
<markable id="markable_594" span="word_363..word_365" mmax_level="unit"  subject="unmarked"  verbed="unmarked"  utype="unmarked"  finite="unmarked" />
<markable id="markable_595" span="word_368..word_383" mmax_level="unit"  subject="unmarked"  verbed="unmarked"  utype="unmarked"  finite="unmarked" />
<markable id="markable_596" span="word_371..word_383" mmax_level="unit"  subject="unmarked"  verbed="unmarked"  utype="unmarked"  finite="unmarked" />
<markable id="markable_597" span="word_384..word_390" mmax_level="unit"  subject="unmarked"  verbed="unmarked"  utype="unmarked"  finite="unmarked" />
<markable id="markable_598" span="word_391..word_402" mmax_level="unit"  subject="unmarked"  verbed="unmarked"  utype="unmarked"  finite="unmarked" />
<markable id="markable_599" span="word_398..word_402" mmax_level="unit"  subject="unmarked"  verbed="unmarked"  utype="unmarked"  finite="unmarked" />
<markable id="markable_623" span="word_495..word_508" mmax_level="unit"  subject="unmarked"  verbed="unmarked"  utype="unmarked"  finite="unmarked" />
<markable id="markable_622" span="word_494..word_508" mmax_level="unit"  subject="unmarked"  verbed="unmarked"  utype="unmarked"  finite="unmarked" />
<markable id="markable_621" span="word_489..word_493" mmax_level="unit"  subject="unmarked"  verbed="unmarked"  utype="unmarked"  finite="unmarked" />
<markable id="markable_620" span="word_487..word_493" mmax_level="unit"  subject="unmarked"  verbed="unmarked"  utype="unmarked"  finite="unmarked" />
<markable id="markable_590" span="word_350..word_352" mmax_level="unit"  subject="unmarked"  verbed="unmarked"  utype="unmarked"  finite="unmarked" />
<markable id="markable_591" span="word_353..word_367" mmax_level="unit"  subject="unmarked"  verbed="unmarked"  utype="unmarked"  finite="unmarked" />
<markable id="markable_592" span="word_355..word_367" mmax_level="unit"  subject="unmarked"  verbed="unmarked"  utype="unmarked"  finite="unmarked" />
<markable id="markable_593" span="word_360..word_365" mmax_level="unit"  subject="unmarked"  verbed="unmarked"  utype="unmarked"  finite="unmarked" />
<markable id="markable_628" span="word_536..word_538" mmax_level="unit"  subject="unmarked"  verbed="unmarked"  utype="unmarked"  finite="unmarked" />
<markable id="markable_629" span="word_540..word_544" mmax_level="unit"  subject="unmarked"  verbed="unmarked"  utype="unmarked"  finite="unmarked" />
<markable id="markable_624" span="word_505..word_508" mmax_level="unit"  subject="unmarked"  verbed="unmarked"  utype="unmarked"  finite="unmarked" />
<markable id="markable_625" span="word_509..word_519" mmax_level="unit"  subject="unmarked"  verbed="unmarked"  utype="unmarked"  finite="unmarked" />
<markable id="markable_626" span="word_520..word_528" mmax_level="unit"  subject="unmarked"  verbed="unmarked"  utype="unmarked"  finite="unmarked" />
<markable id="markable_627" span="word_531..word_532" mmax_level="unit"  subject="unmarked"  verbed="unmarked"  utype="unmarked"  finite="unmarked" />
<markable id="markable_725" span="word_123..word_125" mmax_level="unit"  subject="unmarked"  verbed="unmarked"  utype="unmarked"  finite="unmarked" />
<markable id="markable_726" span="word_267..word_280" mmax_level="unit"  subject="unmarked"  verbed="unmarked"  utype="unmarked"  finite="unmarked" />
<markable id="markable_727" span="word_613..word_615" mmax_level="unit"  subject="unmarked"  verbed="unmarked"  utype="unmarked"  finite="unmarked" />
<markable id="markable_728" span="word_736..word_738" mmax_level="unit"  subject="unmarked"  verbed="unmarked"  utype="unmarked"  finite="unmarked" />
<markable id="markable_729" span="word_985..word_994" mmax_level="unit"  subject="unmarked"  verbed="unmarked"  utype="unmarked"  finite="unmarked" />
<markable id="markable_585" span="word_311..word_317" mmax_level="unit"  subject="unmarked"  verbed="unmarked"  utype="unmarked"  finite="unmarked" />
<markable id="markable_586" span="word_318..word_325" mmax_level="unit"  subject="unmarked"  verbed="unmarked"  utype="unmarked"  finite="unmarked" />
<markable id="markable_583" span="word_302..word_310" mmax_level="unit"  subject="unmarked"  verbed="unmarked"  utype="unmarked"  finite="unmarked" />
<markable id="markable_584" span="word_307..word_310" mmax_level="unit"  subject="unmarked"  verbed="unmarked"  utype="unmarked"  finite="unmarked" />
<markable id="markable_589" span="word_343..word_352" mmax_level="unit"  subject="unmarked"  verbed="unmarked"  utype="unmarked"  finite="unmarked" />
<markable id="markable_587" span="word_330..word_336" mmax_level="unit"  subject="unmarked"  verbed="unmarked"  utype="unmarked"  finite="unmarked" />
<markable id="markable_588" span="word_340..word_352" mmax_level="unit"  subject="unmarked"  verbed="unmarked"  utype="unmarked"  finite="unmarked" />
<markable id="markable_632" span="word_554..word_564" mmax_level="unit"  subject="unmarked"  verbed="unmarked"  utype="unmarked"  finite="unmarked" />
<markable id="markable_631" span="word_550..word_553" mmax_level="unit"  subject="unmarked"  verbed="unmarked"  utype="unmarked"  finite="unmarked" />
<markable id="markable_634" span="word_565..word_568" mmax_level="unit"  subject="unmarked"  verbed="unmarked"  utype="unmarked"  finite="unmarked" />
<markable id="markable_633" span="word_560..word_564" mmax_level="unit"  subject="unmarked"  verbed="unmarked"  utype="unmarked"  finite="unmarked" />
<markable id="markable_581" span="word_292..word_296" mmax_level="unit"  subject="unmarked"  verbed="unmarked"  utype="unmarked"  finite="unmarked" />
<markable id="markable_582" span="word_297..word_310" mmax_level="unit"  subject="unmarked"  verbed="unmarked"  utype="unmarked"  finite="unmarked" />
<markable id="markable_630" span="word_543..word_544" mmax_level="unit"  subject="unmarked"  verbed="unmarked"  utype="unmarked"  finite="unmarked" />
<markable id="markable_580" span="word_285..word_291" mmax_level="unit"  subject="unmarked"  verbed="unmarked"  utype="unmarked"  finite="unmarked" />
<markable id="markable_738" span="word_586..word_589" mmax_level="unit"  subject="unmarked"  verbed="unmarked"  utype="unmarked"  finite="unmarked" />
<markable id="markable_739" span="word_590..word_593" mmax_level="unit"  subject="unmarked"  verbed="unmarked"  utype="unmarked"  finite="unmarked" />
<markable id="markable_737" span="word_577..word_585" mmax_level="unit"  subject="unmarked"  verbed="unmarked"  utype="unmarked"  finite="unmarked" />
<markable id="markable_569" span="word_219..word_220" mmax_level="unit"  subject="unmarked"  verbed="unmarked"  utype="unmarked"  finite="unmarked" />
<markable id="markable_576" span="word_265..word_269" mmax_level="unit"  subject="unmarked"  verbed="unmarked"  utype="unmarked"  finite="unmarked" />
<markable id="markable_743" span="word_875..word_876" mmax_level="unit"  subject="unmarked"  verbed="unmarked"  utype="unmarked"  finite="unmarked" />
<markable id="markable_577" span="word_270..word_280" mmax_level="unit"  subject="unmarked"  verbed="unmarked"  utype="unmarked"  finite="unmarked" />
<markable id="markable_578" span="word_279..word_280" mmax_level="unit"  subject="unmarked"  verbed="unmarked"  utype="unmarked"  finite="unmarked" />
<markable id="markable_579" span="word_281..word_291" mmax_level="unit"  subject="unmarked"  verbed="unmarked"  utype="unmarked"  finite="unmarked" />
<markable id="markable_740" span="word_594..word_596" mmax_level="unit"  subject="unmarked"  verbed="unmarked"  utype="unmarked"  finite="unmarked" />
<markable id="markable_572" span="word_228..word_230" mmax_level="unit"  subject="unmarked"  verbed="unmarked"  utype="unmarked"  finite="unmarked" />
<markable id="markable_573" span="word_231..word_233" mmax_level="unit"  subject="unmarked"  verbed="unmarked"  utype="unmarked"  finite="unmarked" />
<markable id="markable_574" span="word_234..word_245" mmax_level="unit"  subject="unmarked"  verbed="unmarked"  utype="unmarked"  finite="unmarked" />
<markable id="markable_575" span="word_246..word_264" mmax_level="unit"  subject="unmarked"  verbed="unmarked"  utype="unmarked"  finite="unmarked" />
<markable id="markable_570" span="word_221..word_226" mmax_level="unit"  subject="unmarked"  verbed="unmarked"  utype="unmarked"  finite="unmarked" />
<markable id="markable_571" span="word_222..word_226" mmax_level="unit"  subject="unmarked"  verbed="unmarked"  utype="unmarked"  finite="unmarked" />
<markable id="markable_601" span="word_416..word_426" mmax_level="unit"  subject="unmarked"  verbed="unmarked"  utype="unmarked"  finite="unmarked" />
<markable id="markable_600" span="word_403..word_412" mmax_level="unit"  subject="unmarked"  verbed="unmarked"  utype="unmarked"  finite="unmarked" />
<markable id="markable_602" span="word_417..word_420" mmax_level="unit"  subject="unmarked"  verbed="unmarked"  utype="unmarked"  finite="unmarked" />
<markable id="markable_603" span="word_427..word_432" mmax_level="unit"  subject="unmarked"  verbed="unmarked"  utype="unmarked"  finite="unmarked" />
<markable id="markable_604" span="word_433..word_438" mmax_level="unit"  subject="unmarked"  verbed="unmarked"  utype="unmarked"  finite="unmarked" />
<markable id="markable_605" span="word_434..word_438" mmax_level="unit"  subject="unmarked"  verbed="unmarked"  utype="unmarked"  finite="unmarked" />
<markable id="markable_606" span="word_439..word_443" mmax_level="unit"  subject="unmarked"  verbed="unmarked"  utype="unmarked"  finite="unmarked" />
<markable id="markable_607" span="word_440..word_443" mmax_level="unit"  subject="unmarked"  verbed="unmarked"  utype="unmarked"  finite="unmarked" />
<markable id="markable_608" span="word_444..word_447" mmax_level="unit"  subject="unmarked"  verbed="unmarked"  utype="unmarked"  finite="unmarked" />
<markable id="markable_609" span="word_448..word_454" mmax_level="unit"  subject="unmarked"  verbed="unmarked"  utype="unmarked"  finite="unmarked" />
<markable id="markable_747" span="word_890..word_913" mmax_level="unit"  subject="unmarked"  verbed="unmarked"  utype="unmarked"  finite="unmarked" />
<markable id="markable_559" span="word_165..word_172" mmax_level="unit"  subject="unmarked"  verbed="unmarked"  utype="unmarked"  finite="unmarked" />
<markable id="markable_748" span="word_914..word_941" mmax_level="unit"  subject="unmarked"  verbed="unmarked"  utype="unmarked"  finite="unmarked" />
<markable id="markable_558" span="word_160..word_164" mmax_level="unit"  subject="unmarked"  verbed="unmarked"  utype="unmarked"  finite="unmarked" />
<markable id="markable_567" span="word_211..word_220" mmax_level="unit"  subject="unmarked"  verbed="unmarked"  utype="unmarked"  finite="unmarked" />
<markable id="markable_568" span="word_215..word_220" mmax_level="unit"  subject="unmarked"  verbed="unmarked"  utype="unmarked"  finite="unmarked" />
<markable id="markable_565" span="word_193..word_198" mmax_level="unit"  subject="unmarked"  verbed="unmarked"  utype="unmarked"  finite="unmarked" />
<markable id="markable_566" span="word_204..word_210" mmax_level="unit"  subject="unmarked"  verbed="unmarked"  utype="unmarked"  finite="unmarked" />
<markable id="markable_563" span="word_186..word_191" mmax_level="unit"  subject="unmarked"  verbed="unmarked"  utype="unmarked"  finite="unmarked" />
<markable id="markable_564" span="word_192..word_198" mmax_level="unit"  subject="unmarked"  verbed="unmarked"  utype="unmarked"  finite="unmarked" />
<markable id="markable_561" span="word_175..word_184" mmax_level="unit"  subject="unmarked"  verbed="unmarked"  utype="unmarked"  finite="unmarked" />
<markable id="markable_562" span="word_180..word_184" mmax_level="unit"  subject="unmarked"  verbed="unmarked"  utype="unmarked"  finite="unmarked" />
<markable id="markable_560" span="word_173..word_184" mmax_level="unit"  subject="unmarked"  verbed="unmarked"  utype="unmarked"  finite="unmarked" />
<markable id="markable_610" span="word_455..word_485" mmax_level="unit"  subject="unmarked"  verbed="unmarked"  utype="unmarked"  finite="unmarked" />
<markable id="markable_612" span="word_459..word_485" mmax_level="unit"  subject="unmarked"  verbed="unmarked"  utype="unmarked"  finite="unmarked" />
<markable id="markable_611" span="word_458..word_485" mmax_level="unit"  subject="unmarked"  verbed="unmarked"  utype="unmarked"  finite="unmarked" />
<markable id="markable_659" span="word_722..word_730" mmax_level="unit"  subject="unmarked"  verbed="unmarked"  utype="unmarked"  finite="unmarked" />
<markable id="markable_658" span="word_719..word_721" mmax_level="unit"  subject="unmarked"  verbed="unmarked"  utype="unmarked"  finite="unmarked" />
<markable id="markable_657" span="word_715..word_718" mmax_level="unit"  subject="unmarked"  verbed="unmarked"  utype="unmarked"  finite="unmarked" />
<markable id="markable_666" span="word_755..word_759" mmax_level="unit"  subject="unmarked"  verbed="unmarked"  utype="unmarked"  finite="unmarked" />
<markable id="markable_667" span="word_763..word_769" mmax_level="unit"  subject="unmarked"  verbed="unmarked"  utype="unmarked"  finite="unmarked" />
<markable id="markable_664" span="word_747..word_749" mmax_level="unit"  subject="unmarked"  verbed="unmarked"  utype="unmarked"  finite="unmarked" />
<markable id="markable_665" span="word_750..word_759" mmax_level="unit"  subject="unmarked"  verbed="unmarked"  utype="unmarked"  finite="unmarked" />
<markable id="markable_662" span="word_736..word_746" mmax_level="unit"  subject="unmarked"  verbed="unmarked"  utype="unmarked"  finite="unmarked" />
<markable id="markable_663" span="word_740..word_746" mmax_level="unit"  subject="unmarked"  verbed="unmarked"  utype="unmarked"  finite="unmarked" />
<markable id="markable_660" span="word_725..word_730" mmax_level="unit"  subject="unmarked"  verbed="unmarked"  utype="unmarked"  finite="unmarked" />
<markable id="markable_661" span="word_733..word_735" mmax_level="unit"  subject="unmarked"  verbed="unmarked"  utype="unmarked"  finite="unmarked" />
<markable id="markable_669" span="word_770..word_779" mmax_level="unit"  subject="unmarked"  verbed="unmarked"  utype="unmarked"  finite="unmarked" />
<markable id="markable_668" span="word_765..word_769" mmax_level="unit"  subject="unmarked"  verbed="unmarked"  utype="unmarked"  finite="unmarked" />
<markable id="markable_675" span="word_797..word_799" mmax_level="unit"  subject="unmarked"  verbed="unmarked"  utype="unmarked"  finite="unmarked" />
<markable id="markable_676" span="word_802..word_805" mmax_level="unit"  subject="unmarked"  verbed="unmarked"  utype="unmarked"  finite="unmarked" />
<markable id="markable_677" span="word_806..word_812" mmax_level="unit"  subject="unmarked"  verbed="unmarked"  utype="unmarked"  finite="unmarked" />
<markable id="markable_678" span="word_813..word_825" mmax_level="unit"  subject="unmarked"  verbed="unmarked"  utype="unmarked"  finite="unmarked" />
<markable id="markable_671" span="word_784..word_787" mmax_level="unit"  subject="unmarked"  verbed="unmarked"  utype="unmarked"  finite="unmarked" />
<markable id="markable_672" span="word_785..word_787" mmax_level="unit"  subject="unmarked"  verbed="unmarked"  utype="unmarked"  finite="unmarked" />
<markable id="markable_673" span="word_790..word_794" mmax_level="unit"  subject="unmarked"  verbed="unmarked"  utype="unmarked"  finite="unmarked" />
<markable id="markable_674" span="word_795..word_799" mmax_level="unit"  subject="unmarked"  verbed="unmarked"  utype="unmarked"  finite="unmarked" />
<markable id="markable_670" span="word_781..word_783" mmax_level="unit"  subject="unmarked"  verbed="unmarked"  utype="unmarked"  finite="unmarked" />
<markable id="markable_638" span="word_597..word_601" mmax_level="unit"  subject="unmarked"  verbed="unmarked"  utype="unmarked"  finite="unmarked" />
<markable id="markable_637" span="word_574..word_576" mmax_level="unit"  subject="unmarked"  verbed="unmarked"  utype="unmarked"  finite="unmarked" />
<markable id="markable_636" span="word_572..word_576" mmax_level="unit"  subject="unmarked"  verbed="unmarked"  utype="unmarked"  finite="unmarked" />
<markable id="markable_635" span="word_571..word_576" mmax_level="unit"  subject="unmarked"  verbed="unmarked"  utype="unmarked"  finite="unmarked" />
<markable id="markable_639" span="word_602..word_612" mmax_level="unit"  subject="unmarked"  verbed="unmarked"  utype="unmarked"  finite="unmarked" />
<markable id="markable_640" span="word_607..word_612" mmax_level="unit"  subject="unmarked"  verbed="unmarked"  utype="unmarked"  finite="unmarked" />
<markable id="markable_641" span="word_609..word_612" mmax_level="unit"  subject="unmarked"  verbed="unmarked"  utype="unmarked"  finite="unmarked" />
<markable id="markable_644" span="word_621..word_623" mmax_level="unit"  subject="unmarked"  verbed="unmarked"  utype="unmarked"  finite="unmarked" />
<markable id="markable_645" span="word_632..word_639" mmax_level="unit"  subject="unmarked"  verbed="unmarked"  utype="unmarked"  finite="unmarked" />
<markable id="markable_642" span="word_616..word_619" mmax_level="unit"  subject="unmarked"  verbed="unmarked"  utype="unmarked"  finite="unmarked" />
<markable id="markable_643" span="word_620..word_628" mmax_level="unit"  subject="unmarked"  verbed="unmarked"  utype="unmarked"  finite="unmarked" />
<markable id="markable_647" span="word_640..word_648" mmax_level="unit"  subject="unmarked"  verbed="unmarked"  utype="unmarked"  finite="unmarked" />
<markable id="markable_646" span="word_635..word_639" mmax_level="unit"  subject="unmarked"  verbed="unmarked"  utype="unmarked"  finite="unmarked" />
<markable id="markable_649" span="word_649..word_651" mmax_level="unit"  subject="unmarked"  verbed="unmarked"  utype="unmarked"  finite="unmarked" />
<markable id="markable_648" span="word_649..word_654" mmax_level="unit"  subject="unmarked"  verbed="unmarked"  utype="unmarked"  finite="unmarked" />
<markable id="markable_650" span="word_655..word_665" mmax_level="unit"  subject="unmarked"  verbed="unmarked"  utype="unmarked"  finite="unmarked" />
<markable id="markable_651" span="word_659..word_665" mmax_level="unit"  subject="unmarked"  verbed="unmarked"  utype="unmarked"  finite="unmarked" />
<markable id="markable_652" span="word_666..word_677" mmax_level="unit"  subject="unmarked"  verbed="unmarked"  utype="unmarked"  finite="unmarked" />
<markable id="markable_653" span="word_671..word_677" mmax_level="unit"  subject="unmarked"  verbed="unmarked"  utype="unmarked"  finite="unmarked" />
<markable id="markable_654" span="word_678..word_682" mmax_level="unit"  subject="unmarked"  verbed="unmarked"  utype="unmarked"  finite="unmarked" />
<markable id="markable_655" span="word_683..word_692" mmax_level="unit"  subject="unmarked"  verbed="unmarked"  utype="unmarked"  finite="unmarked" />
<markable id="markable_656" span="word_688..word_692" mmax_level="unit"  subject="unmarked"  verbed="unmarked"  utype="unmarked"  finite="unmarked" />
</markables>