<?xml version="1.0" encoding="US-ASCII"?>
<!DOCTYPE markables SYSTEM "markables.dtd">
<markables xmlns="www.eml.org/NameSpaces/unit">
<markable id="markable_619" span="word_710..word_715" mmax_level="unit"  subject="unmarked"  verbed="unmarked"  utype="unmarked"  finite="unmarked" />
<markable id="markable_617" span="word_702..word_715" mmax_level="unit"  subject="unmarked"  verbed="unmarked"  utype="unmarked"  finite="unmarked" />
<markable id="markable_618" span="word_702..word_708" mmax_level="unit"  subject="unmarked"  verbed="unmarked"  utype="unmarked"  finite="unmarked" />
<markable id="markable_512" span="word_207..word_217" mmax_level="unit"  subject="unmarked"  verbed="unmarked"  utype="unmarked"  finite="unmarked" />
<markable id="markable_615" span="word_695..word_697" mmax_level="unit"  subject="unmarked"  verbed="unmarked"  utype="unmarked"  finite="unmarked" />
<markable id="markable_616" span="word_698..word_715" mmax_level="unit"  subject="unmarked"  verbed="unmarked"  utype="unmarked"  finite="unmarked" />
<markable id="markable_513" span="word_209..word_217" mmax_level="unit"  subject="unmarked"  verbed="unmarked"  utype="unmarked"  finite="unmarked" />
<markable id="markable_510" span="word_200..word_205" mmax_level="unit"  subject="unmarked"  verbed="unmarked"  utype="unmarked"  finite="unmarked" />
<markable id="markable_613" span="word_688..word_689" mmax_level="unit"  subject="unmarked"  verbed="unmarked"  utype="unmarked"  finite="unmarked" />
<markable id="markable_511" span="word_206..word_217" mmax_level="unit"  subject="unmarked"  verbed="unmarked"  utype="unmarked"  finite="unmarked" />
<markable id="markable_614" span="word_693..word_694" mmax_level="unit"  subject="unmarked"  verbed="unmarked"  utype="unmarked"  finite="unmarked" />
<markable id="markable_594" span="word_609..word_619" mmax_level="unit"  subject="unmarked"  verbed="unmarked"  utype="unmarked"  finite="unmarked" />
<markable id="markable_595" span="word_618..word_619" mmax_level="unit"  subject="unmarked"  verbed="unmarked"  utype="unmarked"  finite="unmarked" />
<markable id="markable_596" span="word_620..word_630" mmax_level="unit"  subject="unmarked"  verbed="unmarked"  utype="unmarked"  finite="unmarked" />
<markable id="markable_597" span="word_622..word_630" mmax_level="unit"  subject="unmarked"  verbed="unmarked"  utype="unmarked"  finite="unmarked" />
<markable id="markable_598" span="word_623..word_630" mmax_level="unit"  subject="unmarked"  verbed="unmarked"  utype="unmarked"  finite="unmarked" />
<markable id="markable_599" span="word_631..word_638" mmax_level="unit"  subject="unmarked"  verbed="unmarked"  utype="unmarked"  finite="unmarked" />
<markable id="markable_623" span="word_730..word_736" mmax_level="unit"  subject="unmarked"  verbed="unmarked"  utype="unmarked"  finite="unmarked" />
<markable id="markable_506" span="word_173..word_179" mmax_level="unit"  subject="unmarked"  verbed="unmarked"  utype="unmarked"  finite="unmarked" />
<markable id="markable_505" span="word_170..word_179" mmax_level="unit"  subject="unmarked"  verbed="unmarked"  utype="unmarked"  finite="unmarked" />
<markable id="markable_622" span="word_723..word_729" mmax_level="unit"  subject="unmarked"  verbed="unmarked"  utype="unmarked"  finite="unmarked" />
<markable id="markable_621" span="word_722..word_729" mmax_level="unit"  subject="unmarked"  verbed="unmarked"  utype="unmarked"  finite="unmarked" />
<markable id="markable_504" span="word_167..word_169" mmax_level="unit"  subject="unmarked"  verbed="unmarked"  utype="unmarked"  finite="unmarked" />
<markable id="markable_620" span="word_716..word_721" mmax_level="unit"  subject="unmarked"  verbed="unmarked"  utype="unmarked"  finite="unmarked" />
<markable id="markable_503" span="word_159..word_169" mmax_level="unit"  subject="unmarked"  verbed="unmarked"  utype="unmarked"  finite="unmarked" />
<markable id="markable_590" span="word_597..word_600" mmax_level="unit"  subject="unmarked"  verbed="unmarked"  utype="unmarked"  finite="unmarked" />
<markable id="markable_591" span="word_601..word_604" mmax_level="unit"  subject="unmarked"  verbed="unmarked"  utype="unmarked"  finite="unmarked" />
<markable id="markable_509" span="word_194..word_196" mmax_level="unit"  subject="unmarked"  verbed="unmarked"  utype="unmarked"  finite="unmarked" />
<markable id="markable_592" span="word_602..word_604" mmax_level="unit"  subject="unmarked"  verbed="unmarked"  utype="unmarked"  finite="unmarked" />
<markable id="markable_508" span="word_189..word_196" mmax_level="unit"  subject="unmarked"  verbed="unmarked"  utype="unmarked"  finite="unmarked" />
<markable id="markable_507" span="word_180..word_188" mmax_level="unit"  subject="unmarked"  verbed="unmarked"  utype="unmarked"  finite="unmarked" />
<markable id="markable_593" span="word_607..word_608" mmax_level="unit"  subject="unmarked"  verbed="unmarked"  utype="unmarked"  finite="unmarked" />
<markable id="markable_628" span="word_760..word_764" mmax_level="unit"  subject="unmarked"  verbed="unmarked"  utype="unmarked"  finite="unmarked" />
<markable id="markable_629" span="word_770..word_776" mmax_level="unit"  subject="unmarked"  verbed="unmarked"  utype="unmarked"  finite="unmarked" />
<markable id="markable_624" span="word_737..word_759" mmax_level="unit"  subject="unmarked"  verbed="unmarked"  utype="unmarked"  finite="unmarked" />
<markable id="markable_500" span="word_149..word_153" mmax_level="unit"  subject="unmarked"  verbed="unmarked"  utype="unmarked"  finite="unmarked" />
<markable id="markable_625" span="word_738..word_747" mmax_level="unit"  subject="unmarked"  verbed="unmarked"  utype="unmarked"  finite="unmarked" />
<markable id="markable_501" span="word_150..word_153" mmax_level="unit"  subject="unmarked"  verbed="unmarked"  utype="unmarked"  finite="unmarked" />
<markable id="markable_626" span="word_752..word_759" mmax_level="unit"  subject="unmarked"  verbed="unmarked"  utype="unmarked"  finite="unmarked" />
<markable id="markable_502" span="word_154..word_158" mmax_level="unit"  subject="unmarked"  verbed="unmarked"  utype="unmarked"  finite="unmarked" />
<markable id="markable_627" span="word_754..word_759" mmax_level="unit"  subject="unmarked"  verbed="unmarked"  utype="unmarked"  finite="unmarked" />
<markable id="markable_585" span="word_577..word_581" mmax_level="unit"  subject="unmarked"  verbed="unmarked"  utype="unmarked"  finite="unmarked" />
<markable id="markable_586" span="word_586..word_589" mmax_level="unit"  subject="unmarked"  verbed="unmarked"  utype="unmarked"  finite="unmarked" />
<markable id="markable_583" span="word_566..word_567" mmax_level="unit"  subject="unmarked"  verbed="unmarked"  utype="unmarked"  finite="unmarked" />
<markable id="markable_584" span="word_569..word_576" mmax_level="unit"  subject="unmarked"  verbed="unmarked"  utype="unmarked"  finite="unmarked" />
<markable id="markable_589" span="word_596..word_600" mmax_level="unit"  subject="unmarked"  verbed="unmarked"  utype="unmarked"  finite="unmarked" />
<markable id="markable_587" span="word_590..word_595" mmax_level="unit"  subject="unmarked"  verbed="unmarked"  utype="unmarked"  finite="unmarked" />
<markable id="markable_588" span="word_591..word_595" mmax_level="unit"  subject="unmarked"  verbed="unmarked"  utype="unmarked"  finite="unmarked" />
<markable id="markable_632" span="word_801..word_816" mmax_level="unit"  subject="unmarked"  verbed="unmarked"  utype="unmarked"  finite="unmarked" />
<markable id="markable_631" span="word_794..word_799" mmax_level="unit"  subject="unmarked"  verbed="unmarked"  utype="unmarked"  finite="unmarked" />
<markable id="markable_634" span="word_824..word_836" mmax_level="unit"  subject="unmarked"  verbed="unmarked"  utype="unmarked"  finite="unmarked" />
<markable id="markable_633" span="word_822..word_823" mmax_level="unit"  subject="unmarked"  verbed="unmarked"  utype="unmarked"  finite="unmarked" />
<markable id="markable_581" span="word_563..word_576" mmax_level="unit"  subject="unmarked"  verbed="unmarked"  utype="unmarked"  finite="unmarked" />
<markable id="markable_582" span="word_566..word_576" mmax_level="unit"  subject="unmarked"  verbed="unmarked"  utype="unmarked"  finite="unmarked" />
<markable id="markable_630" span="word_778..word_781" mmax_level="unit"  subject="unmarked"  verbed="unmarked"  utype="unmarked"  finite="unmarked" />
<markable id="markable_580" span="word_560..word_562" mmax_level="unit"  subject="unmarked"  verbed="unmarked"  utype="unmarked"  finite="unmarked" />
<markable id="markable_569" span="word_517..word_524" mmax_level="unit"  subject="unmarked"  verbed="unmarked"  utype="unmarked"  finite="unmarked" />
<markable id="markable_576" span="word_552..word_554" mmax_level="unit"  subject="unmarked"  verbed="unmarked"  utype="unmarked"  finite="unmarked" />
<markable id="markable_577" span="word_555..word_558" mmax_level="unit"  subject="unmarked"  verbed="unmarked"  utype="unmarked"  finite="unmarked" />
<markable id="markable_578" span="word_556..word_558" mmax_level="unit"  subject="unmarked"  verbed="unmarked"  utype="unmarked"  finite="unmarked" />
<markable id="markable_579" span="word_559..word_562" mmax_level="unit"  subject="unmarked"  verbed="unmarked"  utype="unmarked"  finite="unmarked" />
<markable id="markable_572" span="word_533..word_537" mmax_level="unit"  subject="unmarked"  verbed="unmarked"  utype="unmarked"  finite="unmarked" />
<markable id="markable_573" span="word_538..word_546" mmax_level="unit"  subject="unmarked"  verbed="unmarked"  utype="unmarked"  finite="unmarked" />
<markable id="markable_574" span="word_547..word_554" mmax_level="unit"  subject="unmarked"  verbed="unmarked"  utype="unmarked"  finite="unmarked" />
<markable id="markable_575" span="word_548..word_554" mmax_level="unit"  subject="unmarked"  verbed="unmarked"  utype="unmarked"  finite="unmarked" />
<markable id="markable_474" span="word_4..word_16" mmax_level="unit"  subject="unmarked"  verbed="unmarked"  utype="unmarked"  finite="unmarked" />
<markable id="markable_570" span="word_519..word_522" mmax_level="unit"  subject="unmarked"  verbed="unmarked"  utype="unmarked"  finite="unmarked" />
<markable id="markable_475" span="word_13..word_16" mmax_level="unit"  subject="unmarked"  verbed="unmarked"  utype="unmarked"  finite="unmarked" />
<markable id="markable_476" span="word_19..word_29" mmax_level="unit"  subject="unmarked"  verbed="unmarked"  utype="unmarked"  finite="unmarked" />
<markable id="markable_571" span="word_526..word_532" mmax_level="unit"  subject="unmarked"  verbed="unmarked"  utype="unmarked"  finite="unmarked" />
<markable id="markable_477" span="word_20..word_29" mmax_level="unit"  subject="unmarked"  verbed="unmarked"  utype="unmarked"  finite="unmarked" />
<markable id="markable_601" span="word_643..word_646" mmax_level="unit"  subject="unmarked"  verbed="unmarked"  utype="unmarked"  finite="unmarked" />
<markable id="markable_478" span="word_30..word_40" mmax_level="unit"  subject="unmarked"  verbed="unmarked"  utype="unmarked"  finite="unmarked" />
<markable id="markable_600" span="word_639..word_642" mmax_level="unit"  subject="unmarked"  verbed="unmarked"  utype="unmarked"  finite="unmarked" />
<markable id="markable_479" span="word_31..word_40" mmax_level="unit"  subject="unmarked"  verbed="unmarked"  utype="unmarked"  finite="unmarked" />
<markable id="markable_602" span="word_647..word_652" mmax_level="unit"  subject="unmarked"  verbed="unmarked"  utype="unmarked"  finite="unmarked" />
<markable id="markable_603" span="word_648..word_652" mmax_level="unit"  subject="unmarked"  verbed="unmarked"  utype="unmarked"  finite="unmarked" />
<markable id="markable_604" span="word_649..word_652" mmax_level="unit"  subject="unmarked"  verbed="unmarked"  utype="unmarked"  finite="unmarked" />
<markable id="markable_605" span="word_653..word_673" mmax_level="unit"  subject="unmarked"  verbed="unmarked"  utype="unmarked"  finite="unmarked" />
<markable id="markable_606" span="word_654..word_662" mmax_level="unit"  subject="unmarked"  verbed="unmarked"  utype="unmarked"  finite="unmarked" />
<markable id="markable_607" span="word_660..word_662" mmax_level="unit"  subject="unmarked"  verbed="unmarked"  utype="unmarked"  finite="unmarked" />
<markable id="markable_608" span="word_664..word_673" mmax_level="unit"  subject="unmarked"  verbed="unmarked"  utype="unmarked"  finite="unmarked" />
<markable id="markable_609" span="word_674..word_679" mmax_level="unit"  subject="unmarked"  verbed="unmarked"  utype="unmarked"  finite="unmarked" />
<markable id="markable_559" span="word_485..word_491" mmax_level="unit"  subject="unmarked"  verbed="unmarked"  utype="unmarked"  finite="unmarked" />
<markable id="markable_558" span="word_467..word_475" mmax_level="unit"  subject="unmarked"  verbed="unmarked"  utype="unmarked"  finite="unmarked" />
<markable id="markable_567" span="word_508..word_510" mmax_level="unit"  subject="unmarked"  verbed="unmarked"  utype="unmarked"  finite="unmarked" />
<markable id="markable_568" span="word_513..word_516" mmax_level="unit"  subject="unmarked"  verbed="unmarked"  utype="unmarked"  finite="unmarked" />
<markable id="markable_565" span="word_501..word_502" mmax_level="unit"  subject="unmarked"  verbed="unmarked"  utype="unmarked"  finite="unmarked" />
<markable id="markable_566" span="word_503..word_510" mmax_level="unit"  subject="unmarked"  verbed="unmarked"  utype="unmarked"  finite="unmarked" />
<markable id="markable_563" span="word_497..word_500" mmax_level="unit"  subject="unmarked"  verbed="unmarked"  utype="unmarked"  finite="unmarked" />
<markable id="markable_564" span="word_499..word_500" mmax_level="unit"  subject="unmarked"  verbed="unmarked"  utype="unmarked"  finite="unmarked" />
<markable id="markable_561" span="word_492..word_500" mmax_level="unit"  subject="unmarked"  verbed="unmarked"  utype="unmarked"  finite="unmarked" />
<markable id="markable_562" span="word_492..word_495" mmax_level="unit"  subject="unmarked"  verbed="unmarked"  utype="unmarked"  finite="unmarked" />
<markable id="markable_560" span="word_486..word_491" mmax_level="unit"  subject="unmarked"  verbed="unmarked"  utype="unmarked"  finite="unmarked" />
<markable id="markable_610" span="word_675..word_679" mmax_level="unit"  subject="unmarked"  verbed="unmarked"  utype="unmarked"  finite="unmarked" />
<markable id="markable_612" span="word_687..word_694" mmax_level="unit"  subject="unmarked"  verbed="unmarked"  utype="unmarked"  finite="unmarked" />
<markable id="markable_611" span="word_680..word_694" mmax_level="unit"  subject="unmarked"  verbed="unmarked"  utype="unmarked"  finite="unmarked" />
<markable id="markable_553" span="word_440..word_442" mmax_level="unit"  subject="unmarked"  verbed="unmarked"  utype="unmarked"  finite="unmarked" />
<markable id="markable_552" span="word_440..word_449" mmax_level="unit"  subject="unmarked"  verbed="unmarked"  utype="unmarked"  finite="unmarked" />
<markable id="markable_551" span="word_440..word_455" mmax_level="unit"  subject="unmarked"  verbed="unmarked"  utype="unmarked"  finite="unmarked" />
<markable id="markable_550" span="word_424..word_427" mmax_level="unit"  subject="unmarked"  verbed="unmarked"  utype="unmarked"  finite="unmarked" />
<markable id="markable_557" span="word_464..word_466" mmax_level="unit"  subject="unmarked"  verbed="unmarked"  utype="unmarked"  finite="unmarked" />
<markable id="markable_556" span="word_463..word_466" mmax_level="unit"  subject="unmarked"  verbed="unmarked"  utype="unmarked"  finite="unmarked" />
<markable id="markable_555" span="word_459..word_462" mmax_level="unit"  subject="unmarked"  verbed="unmarked"  utype="unmarked"  finite="unmarked" />
<markable id="markable_554" span="word_451..word_455" mmax_level="unit"  subject="unmarked"  verbed="unmarked"  utype="unmarked"  finite="unmarked" />
<markable id="markable_657" span="word_959..word_963" mmax_level="unit"  subject="unmarked"  verbed="unmarked"  utype="unmarked"  finite="unmarked" />
<markable id="markable_549" span="word_419..word_422" mmax_level="unit"  subject="unmarked"  verbed="unmarked"  utype="unmarked"  finite="unmarked" />
<markable id="markable_499" span="word_144..word_148" mmax_level="unit"  subject="unmarked"  verbed="unmarked"  utype="unmarked"  finite="unmarked" />
<markable id="markable_547" span="word_403..word_405" mmax_level="unit"  subject="unmarked"  verbed="unmarked"  utype="unmarked"  finite="unmarked" />
<markable id="markable_548" span="word_406..word_418" mmax_level="unit"  subject="unmarked"  verbed="unmarked"  utype="unmarked"  finite="unmarked" />
<markable id="markable_496" span="word_121..word_133" mmax_level="unit"  subject="unmarked"  verbed="unmarked"  utype="unmarked"  finite="unmarked" />
<markable id="markable_495" span="word_114..word_120" mmax_level="unit"  subject="unmarked"  verbed="unmarked"  utype="unmarked"  finite="unmarked" />
<markable id="markable_498" span="word_135..word_143" mmax_level="unit"  subject="unmarked"  verbed="unmarked"  utype="unmarked"  finite="unmarked" />
<markable id="markable_497" span="word_134..word_143" mmax_level="unit"  subject="unmarked"  verbed="unmarked"  utype="unmarked"  finite="unmarked" />
<markable id="markable_492" span="word_94..word_99" mmax_level="unit"  subject="unmarked"  verbed="unmarked"  utype="unmarked"  finite="unmarked" />
<markable id="markable_491" span="word_89..word_99" mmax_level="unit"  subject="unmarked"  verbed="unmarked"  utype="unmarked"  finite="unmarked" />
<markable id="markable_494" span="word_105..word_107" mmax_level="unit"  subject="unmarked"  verbed="unmarked"  utype="unmarked"  finite="unmarked" />
<markable id="markable_493" span="word_100..word_109" mmax_level="unit"  subject="unmarked"  verbed="unmarked"  utype="unmarked"  finite="unmarked" />
<markable id="markable_490" span="word_80..word_88" mmax_level="unit"  subject="unmarked"  verbed="unmarked"  utype="unmarked"  finite="unmarked" />
<markable id="markable_540" span="word_365..word_374" mmax_level="unit"  subject="unmarked"  verbed="unmarked"  utype="unmarked"  finite="unmarked" />
<markable id="markable_542" span="word_376..word_384" mmax_level="unit"  subject="unmarked"  verbed="unmarked"  utype="unmarked"  finite="unmarked" />
<markable id="markable_541" span="word_372..word_374" mmax_level="unit"  subject="unmarked"  verbed="unmarked"  utype="unmarked"  finite="unmarked" />
<markable id="markable_544" span="word_387..word_390" mmax_level="unit"  subject="unmarked"  verbed="unmarked"  utype="unmarked"  finite="unmarked" />
<markable id="markable_543" span="word_385..word_386" mmax_level="unit"  subject="unmarked"  verbed="unmarked"  utype="unmarked"  finite="unmarked" />
<markable id="markable_546" span="word_397..word_402" mmax_level="unit"  subject="unmarked"  verbed="unmarked"  utype="unmarked"  finite="unmarked" />
<markable id="markable_545" span="word_391..word_396" mmax_level="unit"  subject="unmarked"  verbed="unmarked"  utype="unmarked"  finite="unmarked" />
<markable id="markable_536" span="word_345..word_350" mmax_level="unit"  subject="unmarked"  verbed="unmarked"  utype="unmarked"  finite="unmarked" />
<markable id="markable_537" span="word_352..word_363" mmax_level="unit"  subject="unmarked"  verbed="unmarked"  utype="unmarked"  finite="unmarked" />
<markable id="markable_677" span="word_876..word_879" mmax_level="unit"  subject="unmarked"  verbed="unmarked"  utype="unmarked"  finite="unmarked" />
<markable id="markable_489" span="word_76..word_88" mmax_level="unit"  subject="unmarked"  verbed="unmarked"  utype="unmarked"  finite="unmarked" />
<markable id="markable_538" span="word_353..word_363" mmax_level="unit"  subject="unmarked"  verbed="unmarked"  utype="unmarked"  finite="unmarked" />
<markable id="markable_539" span="word_358..word_363" mmax_level="unit"  subject="unmarked"  verbed="unmarked"  utype="unmarked"  finite="unmarked" />
<markable id="markable_488" span="word_69..word_75" mmax_level="unit"  subject="unmarked"  verbed="unmarked"  utype="unmarked"  finite="unmarked" />
<markable id="markable_487" span="word_64..word_68" mmax_level="unit"  subject="unmarked"  verbed="unmarked"  utype="unmarked"  finite="unmarked" />
<markable id="markable_486" span="word_62..word_68" mmax_level="unit"  subject="unmarked"  verbed="unmarked"  utype="unmarked"  finite="unmarked" />
<markable id="markable_485" span="word_61..word_68" mmax_level="unit"  subject="unmarked"  verbed="unmarked"  utype="unmarked"  finite="unmarked" />
<markable id="markable_484" span="word_55..word_60" mmax_level="unit"  subject="unmarked"  verbed="unmarked"  utype="unmarked"  finite="unmarked" />
<markable id="markable_483" span="word_52..word_54" mmax_level="unit"  subject="unmarked"  verbed="unmarked"  utype="unmarked"  finite="unmarked" />
<markable id="markable_482" span="word_51..word_54" mmax_level="unit"  subject="unmarked"  verbed="unmarked"  utype="unmarked"  finite="unmarked" />
<markable id="markable_481" span="word_47..word_50" mmax_level="unit"  subject="unmarked"  verbed="unmarked"  utype="unmarked"  finite="unmarked" />
<markable id="markable_480" span="word_41..word_46" mmax_level="unit"  subject="unmarked"  verbed="unmarked"  utype="unmarked"  finite="unmarked" />
<markable id="markable_638" span="word_854..word_858" mmax_level="unit"  subject="unmarked"  verbed="unmarked"  utype="unmarked"  finite="unmarked" />
<markable id="markable_535" span="word_341..word_363" mmax_level="unit"  subject="unmarked"  verbed="unmarked"  utype="unmarked"  finite="unmarked" />
<markable id="markable_637" span="word_850..word_853" mmax_level="unit"  subject="unmarked"  verbed="unmarked"  utype="unmarked"  finite="unmarked" />
<markable id="markable_534" span="word_338..word_340" mmax_level="unit"  subject="unmarked"  verbed="unmarked"  utype="unmarked"  finite="unmarked" />
<markable id="markable_636" span="word_849..word_853" mmax_level="unit"  subject="unmarked"  verbed="unmarked"  utype="unmarked"  finite="unmarked" />
<markable id="markable_533" span="word_333..word_340" mmax_level="unit"  subject="unmarked"  verbed="unmarked"  utype="unmarked"  finite="unmarked" />
<markable id="markable_532" span="word_326..word_332" mmax_level="unit"  subject="unmarked"  verbed="unmarked"  utype="unmarked"  finite="unmarked" />
<markable id="markable_635" span="word_837..word_838" mmax_level="unit"  subject="unmarked"  verbed="unmarked"  utype="unmarked"  finite="unmarked" />
<markable id="markable_531" span="word_310..word_313" mmax_level="unit"  subject="unmarked"  verbed="unmarked"  utype="unmarked"  finite="unmarked" />
<markable id="markable_530" span="word_299..word_305" mmax_level="unit"  subject="unmarked"  verbed="unmarked"  utype="unmarked"  finite="unmarked" />
<markable id="markable_639" span="word_859..word_863" mmax_level="unit"  subject="unmarked"  verbed="unmarked"  utype="unmarked"  finite="unmarked" />
<markable id="markable_640" span="word_862..word_863" mmax_level="unit"  subject="unmarked"  verbed="unmarked"  utype="unmarked"  finite="unmarked" />
<markable id="markable_641" span="word_864..word_874" mmax_level="unit"  subject="unmarked"  verbed="unmarked"  utype="unmarked"  finite="unmarked" />
<markable id="markable_529" span="word_295..word_298" mmax_level="unit"  subject="unmarked"  verbed="unmarked"  utype="unmarked"  finite="unmarked" />
<markable id="markable_644" span="word_884..word_901" mmax_level="unit"  subject="unmarked"  verbed="unmarked"  utype="unmarked"  finite="unmarked" />
<markable id="markable_527" span="word_271..word_282" mmax_level="unit"  subject="unmarked"  verbed="unmarked"  utype="unmarked"  finite="unmarked" />
<markable id="markable_645" span="word_889..word_901" mmax_level="unit"  subject="unmarked"  verbed="unmarked"  utype="unmarked"  finite="unmarked" />
<markable id="markable_528" span="word_283..word_290" mmax_level="unit"  subject="unmarked"  verbed="unmarked"  utype="unmarked"  finite="unmarked" />
<markable id="markable_642" span="word_871..word_874" mmax_level="unit"  subject="unmarked"  verbed="unmarked"  utype="unmarked"  finite="unmarked" />
<markable id="markable_525" span="word_262..word_266" mmax_level="unit"  subject="unmarked"  verbed="unmarked"  utype="unmarked"  finite="unmarked" />
<markable id="markable_643" span="word_881..word_883" mmax_level="unit"  subject="unmarked"  verbed="unmarked"  utype="unmarked"  finite="unmarked" />
<markable id="markable_526" span="word_263..word_266" mmax_level="unit"  subject="unmarked"  verbed="unmarked"  utype="unmarked"  finite="unmarked" />
<markable id="markable_647" span="word_903..word_904" mmax_level="unit"  subject="unmarked"  verbed="unmarked"  utype="unmarked"  finite="unmarked" />
<markable id="markable_522" span="word_244..word_246" mmax_level="unit"  subject="unmarked"  verbed="unmarked"  utype="unmarked"  finite="unmarked" />
<markable id="markable_646" span="word_902..word_914" mmax_level="unit"  subject="unmarked"  verbed="unmarked"  utype="unmarked"  finite="unmarked" />
<markable id="markable_521" span="word_244..word_256" mmax_level="unit"  subject="unmarked"  verbed="unmarked"  utype="unmarked"  finite="unmarked" />
<markable id="markable_524" span="word_257..word_261" mmax_level="unit"  subject="unmarked"  verbed="unmarked"  utype="unmarked"  finite="unmarked" />
<markable id="markable_649" span="word_920..word_926" mmax_level="unit"  subject="unmarked"  verbed="unmarked"  utype="unmarked"  finite="unmarked" />
<markable id="markable_523" span="word_251..word_256" mmax_level="unit"  subject="unmarked"  verbed="unmarked"  utype="unmarked"  finite="unmarked" />
<markable id="markable_648" span="word_906..word_914" mmax_level="unit"  subject="unmarked"  verbed="unmarked"  utype="unmarked"  finite="unmarked" />
<markable id="markable_520" span="word_236..word_243" mmax_level="unit"  subject="unmarked"  verbed="unmarked"  utype="unmarked"  finite="unmarked" />
<markable id="markable_518" span="word_230..word_243" mmax_level="unit"  subject="unmarked"  verbed="unmarked"  utype="unmarked"  finite="unmarked" />
<markable id="markable_650" span="word_927..word_929" mmax_level="unit"  subject="unmarked"  verbed="unmarked"  utype="unmarked"  finite="unmarked" />
<markable id="markable_519" span="word_231..word_234" mmax_level="unit"  subject="unmarked"  verbed="unmarked"  utype="unmarked"  finite="unmarked" />
<markable id="markable_651" span="word_930..word_939" mmax_level="unit"  subject="unmarked"  verbed="unmarked"  utype="unmarked"  finite="unmarked" />
<markable id="markable_652" span="word_935..word_939" mmax_level="unit"  subject="unmarked"  verbed="unmarked"  utype="unmarked"  finite="unmarked" />
<markable id="markable_514" span="word_210..word_217" mmax_level="unit"  subject="unmarked"  verbed="unmarked"  utype="unmarked"  finite="unmarked" />
<markable id="markable_653" span="word_940..word_946" mmax_level="unit"  subject="unmarked"  verbed="unmarked"  utype="unmarked"  finite="unmarked" />
<markable id="markable_515" span="word_212..word_217" mmax_level="unit"  subject="unmarked"  verbed="unmarked"  utype="unmarked"  finite="unmarked" />
<markable id="markable_654" span="word_947..word_949" mmax_level="unit"  subject="unmarked"  verbed="unmarked"  utype="unmarked"  finite="unmarked" />
<markable id="markable_655" span="word_950..word_957" mmax_level="unit"  subject="unmarked"  verbed="unmarked"  utype="unmarked"  finite="unmarked" />
<markable id="markable_516" span="word_223..word_229" mmax_level="unit"  subject="unmarked"  verbed="unmarked"  utype="unmarked"  finite="unmarked" />
<markable id="markable_656" span="word_958..word_963" mmax_level="unit"  subject="unmarked"  verbed="unmarked"  utype="unmarked"  finite="unmarked" />
<markable id="markable_517" span="word_227..word_229" mmax_level="unit"  subject="unmarked"  verbed="unmarked"  utype="unmarked"  finite="unmarked" />
</markables>