<?xml version="1.0" encoding="US-ASCII"?>
<!DOCTYPE markables SYSTEM "markables.dtd">
<markables xmlns="www.eml.org/NameSpaces/utterance">
<markable id="markable_1" span="word_1..word_2" type="eol" mmax_level="utterance" />
<markable id="markable_2" span="word_3..word_3" type="eol" mmax_level="utterance" />
<markable id="markable_3" span="word_4..word_4" type="eol" mmax_level="utterance" />
<markable id="markable_4" span="word_5..word_7" type="eol" mmax_level="utterance" />
<markable id="markable_5" span="word_8..word_16" type="eol" mmax_level="utterance" />
<markable id="markable_6" span="word_17..word_18" type="eol" mmax_level="utterance" />
<markable id="markable_7" span="word_19..word_21" type="eol" mmax_level="utterance" />
<markable id="markable_8" span="word_22..word_32" type="eol" mmax_level="utterance" />
<markable id="markable_9" span="word_33..word_39" type="eol" mmax_level="utterance" />
<markable id="markable_10" span="word_40..word_45" type="eol" mmax_level="utterance" />
<markable id="markable_11" span="word_46..word_52" type="eol" mmax_level="utterance" />
<markable id="markable_12" span="word_53..word_64" type="eol" mmax_level="utterance" />
<markable id="markable_13" span="word_65..word_69" type="eol" mmax_level="utterance" />
<markable id="markable_14" span="word_70..word_80" type="eol" mmax_level="utterance" />
<markable id="markable_15" span="word_81..word_89" type="eol" mmax_level="utterance" />
<markable id="markable_16" span="word_90..word_97" type="eol" mmax_level="utterance" />
<markable id="markable_17" span="word_98..word_102" type="eol" mmax_level="utterance" />
<markable id="markable_18" span="word_103..word_126" type="eol" mmax_level="utterance" />
<markable id="markable_19" span="word_127..word_132" type="eol" mmax_level="utterance" />
<markable id="markable_20" span="word_133..word_138" type="eol" mmax_level="utterance" />
<markable id="markable_21" span="word_139..word_144" type="eol" mmax_level="utterance" />
<markable id="markable_22" span="word_145..word_147" type="eol" mmax_level="utterance" />
<markable id="markable_23" span="word_148..word_157" type="eol" mmax_level="utterance" />
<markable id="markable_24" span="word_158..word_164" type="eol" mmax_level="utterance" />
<markable id="markable_25" span="word_165..word_170" type="eol" mmax_level="utterance" />
<markable id="markable_26" span="word_171..word_190" type="eol" mmax_level="utterance" />
<markable id="markable_27" span="word_191..word_198" type="eol" mmax_level="utterance" />
<markable id="markable_28" span="word_199..word_202" type="eol" mmax_level="utterance" />
<markable id="markable_29" span="word_203..word_206" type="eol" mmax_level="utterance" />
<markable id="markable_30" span="word_207..word_210" type="eol" mmax_level="utterance" />
<markable id="markable_31" span="word_211..word_214" type="eol" mmax_level="utterance" />
<markable id="markable_32" span="word_215..word_218" type="eol" mmax_level="utterance" />
<markable id="markable_33" span="word_219..word_222" type="eol" mmax_level="utterance" />
<markable id="markable_34" span="word_223..word_227" type="eol" mmax_level="utterance" />
<markable id="markable_35" span="word_228..word_234" type="eol" mmax_level="utterance" />
<markable id="markable_36" span="word_235..word_236" type="eol" mmax_level="utterance" />
<markable id="markable_37" span="word_237..word_245" type="eol" mmax_level="utterance" />
<markable id="markable_38" span="word_246..word_248" type="eol" mmax_level="utterance" />
<markable id="markable_39" span="word_249..word_250" type="eol" mmax_level="utterance" />
<markable id="markable_40" span="word_251..word_255" type="eol" mmax_level="utterance" />
<markable id="markable_41" span="word_256..word_266" type="eol" mmax_level="utterance" />
<markable id="markable_42" span="word_267..word_269" type="eol" mmax_level="utterance" />
<markable id="markable_43" span="word_270..word_282" type="eol" mmax_level="utterance" />
<markable id="markable_44" span="word_283..word_288" type="eol" mmax_level="utterance" />
<markable id="markable_45" span="word_289..word_296" type="eol" mmax_level="utterance" />
<markable id="markable_46" span="word_297..word_315" type="eol" mmax_level="utterance" />
<markable id="markable_47" span="word_316..word_324" type="eol" mmax_level="utterance" />
<markable id="markable_48" span="word_325..word_328" type="eol" mmax_level="utterance" />
<markable id="markable_49" span="word_329..word_336" type="eol" mmax_level="utterance" />
<markable id="markable_50" span="word_337..word_348" type="eol" mmax_level="utterance" />
<markable id="markable_51" span="word_349..word_353" type="eol" mmax_level="utterance" />
<markable id="markable_52" span="word_354..word_359" type="eol" mmax_level="utterance" />
<markable id="markable_53" span="word_360..word_366" type="eol" mmax_level="utterance" />
<markable id="markable_54" span="word_367..word_374" type="eol" mmax_level="utterance" />
<markable id="markable_55" span="word_375..word_384" type="eol" mmax_level="utterance" />
<markable id="markable_56" span="word_385..word_391" type="eol" mmax_level="utterance" />
<markable id="markable_57" span="word_392..word_401" type="eol" mmax_level="utterance" />
<markable id="markable_58" span="word_402..word_409" type="eol" mmax_level="utterance" />
<markable id="markable_59" span="word_410..word_421" type="eol" mmax_level="utterance" />
<markable id="markable_60" span="word_422..word_431" type="eol" mmax_level="utterance" />
<markable id="markable_61" span="word_432..word_436" type="eol" mmax_level="utterance" />
<markable id="markable_62" span="word_437..word_444" type="eol" mmax_level="utterance" />
<markable id="markable_63" span="word_445..word_454" type="eol" mmax_level="utterance" />
<markable id="markable_64" span="word_455..word_462" type="eol" mmax_level="utterance" />
<markable id="markable_65" span="word_463..word_471" type="eol" mmax_level="utterance" />
<markable id="markable_66" span="word_472..word_477" type="eol" mmax_level="utterance" />
<markable id="markable_67" span="word_478..word_485" type="eol" mmax_level="utterance" />
<markable id="markable_68" span="word_486..word_488" type="eol" mmax_level="utterance" />
<markable id="markable_69" span="word_489..word_492" type="eol" mmax_level="utterance" />
<markable id="markable_70" span="word_493..word_502" type="eol" mmax_level="utterance" />
<markable id="markable_71" span="word_503..word_527" type="eol" mmax_level="utterance" />
<markable id="markable_72" span="word_528..word_536" type="eol" mmax_level="utterance" />
<markable id="markable_73" span="word_537..word_542" type="eol" mmax_level="utterance" />
<markable id="markable_74" span="word_543..word_544" type="eol" mmax_level="utterance" />
<markable id="markable_75" span="word_545..word_551" type="eol" mmax_level="utterance" />
<markable id="markable_76" span="word_552..word_562" type="eol" mmax_level="utterance" />
<markable id="markable_77" span="word_563..word_566" type="eol" mmax_level="utterance" />
<markable id="markable_78" span="word_567..word_570" type="eol" mmax_level="utterance" />
<markable id="markable_79" span="word_571..word_573" type="eol" mmax_level="utterance" />
<markable id="markable_80" span="word_574..word_575" type="eol" mmax_level="utterance" />
<markable id="markable_81" span="word_576..word_583" type="eol" mmax_level="utterance" />
<markable id="markable_82" span="word_584..word_587" type="eol" mmax_level="utterance" />
</markables>
