<?xml version="1.0" encoding="US-ASCII"?>
<!DOCTYPE markables SYSTEM "markables.dtd">
<markables xmlns="www.eml.org/NameSpaces/section">
<markable id="markable_1" span="word_1..word_2" tag="text" mmax_level="section" />
<markable id="markable_2" span="word_3..word_3" tag="text" mmax_level="section" />
<markable id="markable_3" span="word_4..word_7" tag="text" mmax_level="section" />
<markable id="markable_4" span="word_8..word_8" tag="text" mmax_level="section" />
<markable id="markable_5" span="word_9..word_13" tag="text" mmax_level="section" />
<markable id="markable_6" span="word_14..word_18" tag="text" mmax_level="section" />
<markable id="markable_7" span="word_19..word_21" tag="text" mmax_level="section" />
<markable id="markable_8" span="word_22..word_26" tag="text" mmax_level="section" />
<markable id="markable_9" span="word_27..word_37" tag="text" mmax_level="section" />
<markable id="markable_10" span="word_38..word_44" tag="text" mmax_level="section" />
<markable id="markable_11" span="word_45..word_48" tag="text" mmax_level="section" />
<markable id="markable_12" span="word_49..word_56" tag="text" mmax_level="section" />
<markable id="markable_13" span="word_57..word_64" tag="text" mmax_level="section" />
<markable id="markable_14" span="word_65..word_69" tag="text" mmax_level="section" />
<markable id="markable_15" span="word_70..word_75" tag="text" mmax_level="section" />
<markable id="markable_16" span="word_76..word_81" tag="text" mmax_level="section" />
<markable id="markable_17" span="word_82..word_83" tag="text" mmax_level="section" />
<markable id="markable_18" span="word_84..word_86" tag="text" mmax_level="section" />
<markable id="markable_19" span="word_87..word_98" tag="text" mmax_level="section" />
<markable id="markable_20" span="word_99..word_103" tag="text" mmax_level="section" />
<markable id="markable_21" span="word_104..word_120" tag="text" mmax_level="section" />
<markable id="markable_22" span="word_121..word_123" tag="text" mmax_level="section" />
<markable id="markable_23" span="word_124..word_130" tag="text" mmax_level="section" />
<markable id="markable_24" span="word_131..word_136" tag="text" mmax_level="section" />
<markable id="markable_25" span="word_137..word_143" tag="text" mmax_level="section" />
<markable id="markable_26" span="word_144..word_148" tag="text" mmax_level="section" />
<markable id="markable_27" span="word_149..word_155" tag="text" mmax_level="section" />
<markable id="markable_28" span="word_156..word_161" tag="text" mmax_level="section" />
<markable id="markable_29" span="word_162..word_166" tag="text" mmax_level="section" />
<markable id="markable_30" span="word_167..word_169" tag="text" mmax_level="section" />
<markable id="markable_31" span="word_170..word_173" tag="text" mmax_level="section" />
<markable id="markable_32" span="word_174..word_178" tag="text" mmax_level="section" />
<markable id="markable_33" span="word_179..word_188" tag="text" mmax_level="section" />
<markable id="markable_34" span="word_189..word_197" tag="text" mmax_level="section" />
<markable id="markable_35" span="word_198..word_212" tag="text" mmax_level="section" />
<markable id="markable_36" span="word_213..word_217" tag="text" mmax_level="section" />
<markable id="markable_37" span="word_218..word_226" tag="text" mmax_level="section" />
<markable id="markable_38" span="word_227..word_231" tag="text" mmax_level="section" />
<markable id="markable_39" span="word_232..word_236" tag="text" mmax_level="section" />
<markable id="markable_40" span="word_237..word_240" tag="text" mmax_level="section" />
<markable id="markable_41" span="word_241..word_247" tag="text" mmax_level="section" />
<markable id="markable_42" span="word_248..word_251" tag="text" mmax_level="section" />
<markable id="markable_43" span="word_252..word_255" tag="text" mmax_level="section" />
<markable id="markable_44" span="word_256..word_262" tag="text" mmax_level="section" />
<markable id="markable_45" span="word_263..word_268" tag="text" mmax_level="section" />
<markable id="markable_46" span="word_269..word_275" tag="text" mmax_level="section" />
<markable id="markable_47" span="word_276..word_282" tag="text" mmax_level="section" />
<markable id="markable_48" span="word_283..word_293" tag="text" mmax_level="section" />
<markable id="markable_49" span="word_294..word_299" tag="text" mmax_level="section" />
<markable id="markable_50" span="word_300..word_306" tag="text" mmax_level="section" />
<markable id="markable_51" span="word_307..word_311" tag="text" mmax_level="section" />
<markable id="markable_52" span="word_312..word_314" tag="text" mmax_level="section" />
<markable id="markable_53" span="word_315..word_321" tag="text" mmax_level="section" />
<markable id="markable_54" span="word_322..word_331" tag="text" mmax_level="section" />
<markable id="markable_55" span="word_332..word_335" tag="text" mmax_level="section" />
<markable id="markable_56" span="word_336..word_348" tag="text" mmax_level="section" />
<markable id="markable_57" span="word_349..word_353" tag="text" mmax_level="section" />
<markable id="markable_58" span="word_354..word_358" tag="text" mmax_level="section" />
</markables>
