<?xml version="1.0" encoding="US-ASCII"?>
<!DOCTYPE markables SYSTEM "markables.dtd">
<markables xmlns="www.eml.org/NameSpaces/coref">
<markable id="markable_92" span="word_3" generic="generic-no"  person="per1"  related_object="no"  gram_fnc="subj"  number="sing"  object="speaker"   reference="new"  category="person"  mmax_level="coref"  gender="undersp-gen"  min_ids="word_3"  min_words="i" coref_set="set_4" />
<markable id="markable_93" span="word_9" person="per3"  non_ref_type="expletive"  mmax_level="coref"  gram_fnc="subj"  gender="neut"  number="sing"  min_ids="word_9"   reference="non_referring"  min_words="there" coref_set="set_24" />
<markable id="markable_94" span="word_11..word_16" generic="generic-no"  person="per3"  related_object="no"  gram_fnc="there-obj"  number="sing"  object="man"   reference="new"  category="person"  mmax_level="coref"  gender="masc"  min_ids="word_12"  min_words="man" coref_set="set_6" />
<markable id="markable_96" span="word_16" generic="generic-yes"  person="per3"  related_object="no"  gram_fnc="obj"  number="plur"  object="pears"   reference="new"  category="concrete"  mmax_level="coref"  gender="neut"  min_ids="word_16"  min_words="pears" coref_set="set_2" />
<markable id="markable_97" span="word_18" generic="generic-no"  person="per3"  related_object="no"  gram_fnc="subj"  ambiguity="unambiguous"  number="sing"   reference="old"  segment_antecedent="unit:markable_340;unit:markable_341"  category="abstract"  mmax_level="coref"  ref_type="segment"  gender="neut"  min_ids="word_18"  min_words="it" coref_set="set_25" />
<markable id="markable_98" span="word_21..word_26" generic="generic-no"  person="per3"  related_object="no"  gram_fnc="adj-mod"  number="sing"  object="large open field"   reference="new"  category="space"  mmax_level="coref"  gender="neut"  min_ids="word_26"  min_words="field" coref_set="set_1" />
<markable id="markable_99" span="word_27" generic="generic-no"  person="per3"  related_object="no"  ambiguity="unambiguous"  gram_fnc="subj"  number="sing"   reference="old"  phrase_antecedent="single_phrase"  category="space"  mmax_level="coref"  ref_type="phrase"  gender="neut"  min_ids="word_27"  single_phrase_antecedent="markable_98"  min_words="it" coref_set="set_1" />
<markable id="markable_100" span="word_30..word_32" generic="generic-no"  person="per3"  related_object="no"  gram_fnc="obj"  number="sing"   reference="new"  category="concrete"  mmax_level="coref"  gender="neut"  min_ids="word_32"  min_words="orchard" coref_set="set_3" />
<markable id="markable_487" span="word_30..word_36" person="per3"  non_ref_type="coordination"  mmax_level="coref"  gram_fnc="predicate"  gender="neut"  number="sing"   comment="coord"  reference="non_referring" coref_set="set_26" />
<markable id="markable_485" span="word_31" min_ids="word_31" generic="generic-yes"  person="per3"  related_object="no"  ambiguity="unambiguous"  gram_fnc="np-mod"  number="sing"   reference="old"  phrase_antecedent="single_phrase"  category="concrete"  mmax_level="coref"  ref_type="phrase"  gender="neut"  single_phrase_antecedent="markable_96"  min_words="pear" coref_set="set_2" />
<markable id="markable_101" span="word_34..word_36" person="per3"  non_ref_type="predicate"  mmax_level="coref"  gram_fnc="predicate"  gender="neut"  number="sing"  min_ids="word_34"   reference="non_referring"  min_words="anything" coref_set="set_27" />
<markable id="markable_488" span="word_36" min_ids="word_36" generic="generic-no"  person="per3"  related_object="no"  ambiguity="unambiguous"  gram_fnc="unsure-gf"  number="sing"   reference="old"  phrase_antecedent="single_phrase"  category="concrete"  mmax_level="coref"  ref_type="phrase"  gender="neut"  single_phrase_antecedent="markable_100"  min_words="that" coref_set="set_3" />
<markable id="markable_104" span="word_38" generic="generic-no"  person="per1"  related_object="no"  ambiguity="unambiguous"  gram_fnc="subj"  number="sing"  object="speaker"   reference="old"  phrase_antecedent="single_phrase"  category="person"  mmax_level="coref"  ref_type="phrase"  gender="undersp-gen"  min_ids="word_38"  single_phrase_antecedent="markable_92"  min_words="i" coref_set="set_4" />
<markable id="markable_105" span="word_42..word_50" generic="generic-no"  person="per3"  related_object="no"  gram_fnc="subj"  number="sing"  object="awareness"   reference="new"  category="abstract"  mmax_level="coref"  gender="neut"  min_ids="word_42"  min_words="something" coref_set="set_28" />
<markable id="markable_107" span="word_44" generic="generic-no"  person="per1"  related_object="no"  ambiguity="unambiguous"  gram_fnc="subj"  number="sing"  object="speaker"   reference="old"  phrase_antecedent="single_phrase"  category="person"  mmax_level="coref"  ref_type="phrase"  gender="undersp-gen"  min_ids="word_44"  single_phrase_antecedent="markable_104"  min_words="i" coref_set="set_4" />
<markable id="markable_478" span="word_47..word_48" generic="generic-no"  person="per3"  related_object="no"  gram_fnc="np-mod"  number="sing"  object="movie"   reference="new"  category="abstract"  mmax_level="coref"  gender="neut"  min_ids="word_48"  min_words="movie" coref_set="set_23" />
<markable id="markable_110" span="word_53..word_54" generic="generic-no"  person="per3"  related_object="yes"  gram_fnc="subj"  number="plur"  object="colors"   reference="new"  category="abstract"  mmax_level="coref"  related_phrase="markable_478"  gender="neut"  min_ids="word_54"  min_words="colors" coref_set="set_5" />
<markable id="markable_111" span="word_60..word_61" generic="generic-no"  person="per3"  related_object="yes"  gram_fnc="subj"  number="sing"  object="color green"   reference="new"  category="abstract"  mmax_level="coref"  related_phrase="markable_110"  gender="neut"  min_ids="word_61"  min_words="green" coref_set="set_29" />
<markable id="markable_112" span="word_63..word_69" person="per3"  non_ref_type="predicate"  mmax_level="coref"  gram_fnc="predicate"  gender="neut"  number="sing"  min_ids="word_66"   reference="non_referring"  min_words="green" coref_set="set_30" />
<markable id="markable_113" span="word_68..word_69" generic="generic-no"  person="per3"  related_object="no"  gram_fnc="np-mod"  number="plur"  object="pears"   reference="new"  category="concrete"  mmax_level="coref"  gender="neut"  min_ids="word_69"  min_words="pears" coref_set="set_7" />
<markable id="markable_114" span="word_71..word_72" generic="generic-no"  person="per3"  related_object="no"  ambiguity="unambiguous"  gram_fnc="subj"  number="plur"  object="colors"   reference="old"  phrase_antecedent="single_phrase"  category="abstract"  mmax_level="coref"  ref_type="phrase"  gender="neut"  min_ids="word_72"  single_phrase_antecedent="markable_110"  min_words="colors" coref_set="set_5" />
<markable id="markable_115" span="word_75..word_86" person="per3"  non_ref_type="idiom"  mmax_level="coref"  gram_fnc="predicate"  gender="neut"  number="sing"  min_ids="word_77..word_78"   reference="non_referring"  min_words="kind" coref_set="set_31" />
<markable id="markable_118" span="word_82..word_86" generic="generic-no"  person="per3"  related_object="yes"  gram_fnc="adjunct"  number="sing"  object="artificial"   reference="new"  category="abstract"  mmax_level="coref"  related_phrase="empty"  gender="neut"  min_ids="word_83"  min_words="point" coref_set="set_32" />
<markable id="markable_121" span="word_89" generic="generic-no"  person="per3"  related_object="no"  ambiguity="unambiguous"  gram_fnc="subj"  number="sing"  object="man"   reference="old"  phrase_antecedent="single_phrase"  category="person"  mmax_level="coref"  ref_type="phrase"  gender="masc"  min_ids="word_89"  single_phrase_antecedent="markable_94"  min_words="he" coref_set="set_6" />
<markable id="markable_122" span="word_95..word_96" generic="generic-no"  person="per3"  related_object="no"  gram_fnc="adjunct"  number="sing"  object="ladder"   reference="new"  category="concrete"  mmax_level="coref"  gender="neut"  min_ids="word_96"  min_words="ladder" coref_set="set_33" />
<markable id="markable_125" span="word_99..word_100" generic="generic-no"  person="per3"  related_object="no"  ambiguity="unambiguous"  gram_fnc="obj"  number="plur"  object="pears"   reference="old"  phrase_antecedent="single_phrase"  category="concrete"  mmax_level="coref"  ref_type="phrase"  gender="neut"  min_ids="word_100"  single_phrase_antecedent="markable_113"  min_words="pears" coref_set="set_7" />
<markable id="markable_126" span="word_103" generic="generic-no"  person="per3"  related_object="no"  ambiguity="unambiguous"  gram_fnc="obj"  number="plur"  object="pears"   reference="old"  phrase_antecedent="single_phrase"  category="concrete"  mmax_level="coref"  ref_type="phrase"  gender="neut"  min_ids="word_103"  single_phrase_antecedent="markable_125"  min_words="them" coref_set="set_7" />
<markable id="markable_127" span="word_105..word_106" generic="undersp-replicable"  person="per3"  related_object="no"  gram_fnc="adjunct"  number="plur"  object="three baskets"   reference="new"  category="concrete"  mmax_level="coref"  gender="neut"  min_ids="word_106"  min_words="baskets" coref_set="set_12" />
<markable id="markable_129" span="word_113" person="per3"  non_ref_type="expletive"  mmax_level="coref"  gram_fnc="subj"  gender="neut"  number="sing"  min_ids="word_113"   reference="non_referring"  min_words="there" coref_set="set_34" />
<markable id="markable_130" span="word_115..word_123" generic="generic-no"  person="per3"  related_object="yes"  gram_fnc="there-obj"  number="sing"  object="sequence"   reference="new"  category="abstract"  mmax_level="coref"  related_phrase="markable_478"  gender="neut"  min_ids="word_116"  min_words="sequence" coref_set="set_35" />
<markable id="markable_131" span="word_121" generic="generic-no"  person="per1"  related_object="no"  ambiguity="unambiguous"  gram_fnc="subj"  number="sing"  object="speaker"   reference="old"  phrase_antecedent="single_phrase"  category="person"  mmax_level="coref"  ref_type="phrase"  gender="undersp-gen"  min_ids="word_121"  single_phrase_antecedent="markable_107"  min_words="i" coref_set="set_4" />
<markable id="markable_133" span="word_126..word_130" generic="generic-no"  person="per3"  related_object="no"  gram_fnc="subj"  number="sing"  object="goat-man"   reference="new"  category="person"  mmax_level="coref"  gender="masc"  min_ids="word_127"  min_words="man" coref_set="set_36" />
<markable id="markable_479" span="word_129..word_130" generic="generic-no"  person="per3"  related_object="no"  gram_fnc="np-mod"  number="sing"  object="goat"   reference="new"  category="animate"  mmax_level="coref"  gender="undersp-gen"  min_ids="word_130"  min_words="goat" coref_set="set_8" />
<markable id="markable_136" span="word_135" person="per2"  non_ref_type="unknown"  mmax_level="coref"  gram_fnc="subj"  gender="undersp-gen"  number="sing"  min_ids="word_135"   comment="impersonal you"  reference="non_referring"  min_words="you" coref_set="set_37" />
<markable id="markable_138" span="word_140..word_141" generic="operator-modal"  person="per3"  related_object="no"  ambiguity="unambiguous"  gram_fnc="obj"  number="sing"  object="goat"   reference="old"  phrase_antecedent="single_phrase"  category="animate"  mmax_level="coref"  ref_type="phrase"  gender="undersp-gen"  min_ids="word_141"  single_phrase_antecedent="markable_479"  min_words="goat" coref_set="set_8" />
<markable id="markable_139" span="word_144..word_145" generic="generic-no"  person="per3"  related_object="no"  gram_fnc="adjunct"  number="sing"  object="background"   reference="new"  category="abstract"  mmax_level="coref"  gender="neut"  min_ids="word_145"  min_words="background" coref_set="set_38" />
<markable id="markable_140" span="word_147" generic="generic-no"  person="per3"  related_object="no"  ambiguity="unambiguous"  gram_fnc="subj"  number="plur"  object="man and goat"   reference="old"  phrase_antecedent="multiple_phrases"  category="animate"  mmax_level="coref"  multiple_phrase_antecedents="markable_133;markable_138"  ref_type="phrase"  gender="undersp-gen"  min_ids="word_147"  min_words="they" coref_set="set_9" />
<markable id="markable_141" span="word_158" generic="generic-no"  person="per3"  related_object="no"  ambiguity="unambiguous"  gram_fnc="subj"  number="plur"  object="man and goat"   reference="old"  phrase_antecedent="single_phrase"  category="animate"  mmax_level="coref"  ref_type="phrase"  gender="undersp-gen"  min_ids="word_158"  single_phrase_antecedent="markable_140"  min_words="they" coref_set="set_9" />
<markable id="markable_142" span="word_165..word_168" person="per3"  non_ref_type="quantifier"  mmax_level="coref"  gram_fnc="subj"  gender="neut"  number="sing"  min_ids="word_165..word_166"   reference="non_referring"  min_words="too much" coref_set="set_39" />
<markable id="markable_143" span="word_175..word_176" generic="generic-no"  person="per3"  related_object="no"  ambiguity="unambiguous"  gram_fnc="subj"  number="sing"  object="man"   reference="old"  phrase_antecedent="single_phrase"  category="person"  mmax_level="coref"  ref_type="phrase"  gender="masc"  min_ids="word_176"  single_phrase_antecedent="markable_121"  min_words="man" coref_set="set_6" />
<markable id="markable_144" span="word_181..word_182" generic="generic-no"  person="per3"  related_object="yes"  gram_fnc="adjunct"  number="sing"  object="tree"   reference="new"  category="concrete"  mmax_level="coref"  related_phrase="markable_96"  gender="neut"  min_ids="word_182"  min_words="tree" coref_set="set_13" />
<markable id="markable_145" span="word_185..word_187" generic="generic-no"  person="per3"  related_object="yes"  gram_fnc="obj"  number="sing"  object="pears"   reference="new"  category="concrete"  mmax_level="coref"  related_phrase="markable_125"  gender="neut"  min_ids="word_187"  min_words="pears" coref_set="set_40" />
<markable id="markable_148" span="word_191..word_200" generic="generic-no"  person="per3"  related_object="no"  gram_fnc="subj"  number="sing"  object="young boy"   reference="new"  category="person"  mmax_level="coref"  gender="masc"  min_ids="word_193"  min_words="boy" coref_set="set_10" />
<markable id="markable_149" span="word_195..word_197" generic="generic-no"  person="per3"  related_object="no"  gram_fnc="np-mod"  number="plur"  object="age"   reference="new"  category="time"  mmax_level="coref"  gender="neut"  min_ids="word_196"  min_words="years" coref_set="set_41" />
<markable id="markable_150" span="word_198..word_200" generic="generic-no"  person="per3"  related_object="no"  gram_fnc="adjunct"  number="plur"  object="age"   reference="new"  category="time"  mmax_level="coref"  gender="neut"  min_ids="word_199"  min_words="years" coref_set="set_42" />
<markable id="markable_151" span="word_202..word_210" generic="generic-no"  person="per3"  related_object="no"  gram_fnc="adjunct"  number="sing"  object="bicycle"   reference="new"  category="concrete"  mmax_level="coref"  gender="neut"  min_ids="word_203"  min_words="bicycle" coref_set="set_11" />
<markable id="markable_153" span="word_206..word_210" person="per3"  non_ref_type="idiom"  mmax_level="coref"  gram_fnc="obj"  gender="neut"  number="undersp-num"  min_ids="word_206"   reference="non_referring"  min_words="way" coref_set="set_43" />
<markable id="markable_155" span="word_210" generic="generic-no"  person="per3"  related_object="no"  ambiguity="unambiguous"  gram_fnc="adj-mod"  number="sing"  object="young boy"   reference="old"  phrase_antecedent="single_phrase"  category="person"  mmax_level="coref"  ref_type="phrase"  gender="masc"  min_ids="word_210"  single_phrase_antecedent="markable_148"  min_words="him" coref_set="set_10" />
<markable id="markable_156" span="word_212" generic="generic-no"  person="per3"  related_object="no"  ambiguity="unambiguous"  gram_fnc="subj"  number="sing"  object="young boy"   reference="old"  phrase_antecedent="single_phrase"  category="person"  mmax_level="coref"  ref_type="phrase"  gender="masc"  min_ids="word_212"  single_phrase_antecedent="markable_155"  min_words="her" coref_set="set_10" />
<markable id="markable_157" span="word_215" generic="generic-no"  person="per3"  related_object="no"  ambiguity="unambiguous"  gram_fnc="obj"  number="sing"  object="bicycle"   reference="old"  phrase_antecedent="single_phrase"  category="concrete"  mmax_level="coref"  ref_type="phrase"  gender="neut"  min_ids="word_215"  single_phrase_antecedent="markable_151"  min_words="it" coref_set="set_11" />
<markable id="markable_158" span="word_217..word_220" generic="generic-no"  person="per3"  related_object="no"  ambiguity="unambiguous"  gram_fnc="adjunct"  number="sing"  object="large open field"   reference="old"  phrase_antecedent="single_phrase"  category="space"  mmax_level="coref"  ref_type="phrase"  gender="neut"  min_ids="word_220"  single_phrase_antecedent="markable_99"  min_words="field" coref_set="set_1" />
<markable id="markable_159" span="word_222" generic="generic-no"  person="per3"  related_object="no"  ambiguity="unambiguous"  gram_fnc="subj"  number="sing"  object="young boy"   reference="old"  phrase_antecedent="single_phrase"  category="person"  mmax_level="coref"  ref_type="phrase"  gender="masc"  min_ids="word_222"  single_phrase_antecedent="markable_156"  min_words="he" coref_set="set_10" />
<markable id="markable_160" span="word_224..word_226" person="per3"  non_ref_type="incomplete"  mmax_level="coref"  gram_fnc="obj"  gender="neut"  number="plur"  min_ids="word_226"   reference="non_referring"  min_words="pear" coref_set="set_44" />
<markable id="markable_161" span="word_227..word_231" generic="generic-no"  person="per3"  related_object="no"  ambiguity="unambiguous"  gram_fnc="obj"  number="sing"  object="three baskets"   reference="old"  phrase_antecedent="single_phrase"  category="concrete"  mmax_level="coref"  ref_type="phrase"  gender="neut"  min_ids="word_229"  single_phrase_antecedent="markable_127"  min_words="baskets" coref_set="set_12" />
<markable id="markable_163" span="word_231" generic="generic-yes"  person="per3"  related_object="no"  ambiguity="unambiguous"  gram_fnc="np-compl"  number="plur"  object="pears"   reference="old"  phrase_antecedent="single_phrase"  category="concrete"  mmax_level="coref"  ref_type="phrase"  gender="neut"  min_ids="word_231"  single_phrase_antecedent="markable_485"  min_words="pears" coref_set="set_2" />
<markable id="markable_165" span="word_235..word_236" generic="generic-no"  person="per3"  related_object="no"  ambiguity="unambiguous"  gram_fnc="obj"  number="sing"  object="man"   reference="old"  phrase_antecedent="single_phrase"  category="person"  mmax_level="coref"  ref_type="phrase"  gender="masc"  min_ids="word_236"  single_phrase_antecedent="markable_143"  min_words="man" coref_set="set_6" />
<markable id="markable_166" span="word_239..word_240" generic="generic-no"  person="per3"  related_object="no"  ambiguity="unambiguous"  gram_fnc="adjunct"  number="sing"  object="tree"   reference="old"  phrase_antecedent="single_phrase"  category="concrete"  mmax_level="coref"  ref_type="phrase"  gender="neut"  min_ids="word_240"  single_phrase_antecedent="markable_144"  min_words="tree" coref_set="set_13" />
<markable id="markable_167" span="word_244" generic="generic-no"  person="per3"  related_object="no"  ambiguity="unambiguous"  gram_fnc="subj"  number="sing"  object="young boy"   reference="old"  phrase_antecedent="single_phrase"  category="person"  mmax_level="coref"  ref_type="phrase"  gender="masc"  min_ids="word_244"  single_phrase_antecedent="markable_159"  min_words="he" coref_set="set_10" />
<markable id="markable_168" span="word_247..word_248" generic="generic-no"  person="per3"  related_object="yes"  gram_fnc="obj"  number="sing"  object="pears"   reference="new"  category="concrete"  mmax_level="coref"  related_phrase="markable_163"  gender="neut"  min_ids="word_248"  min_words="pears" coref_set="set_45" />
<markable id="markable_170" span="word_254" generic="generic-no"  person="per3"  related_object="no"  ambiguity="unambiguous"  gram_fnc="subj"  number="sing"  object="young boy"   reference="old"  phrase_antecedent="single_phrase"  category="person"  mmax_level="coref"  ref_type="phrase"  gender="masc"  min_ids="word_254"  single_phrase_antecedent="markable_167"  min_words="he" coref_set="set_10" />
<markable id="markable_171" span="word_259..word_261" person="per3"  non_ref_type="coordination"  mmax_level="coref"  gram_fnc="obj"  gender="neut"  number="sing"  min_ids="word_259"   comment="coord"  reference="non_referring" coref_set="set_46" />
<markable id="markable_489" span="word_259" min_ids="word_259" generic="generic-no"  person="per3"  related_object="yes"  gram_fnc="obj"  number="sing"   reference="new"  category="concrete"  mmax_level="coref"  related_phrase="markable_168"  gender="neut"  min_words="one" coref_set="set_47" />
<markable id="markable_490" span="word_261" min_ids="word_261" generic="generic-no"  person="per3"  related_object="yes"  gram_fnc="obj"  number="plur"   reference="new"  category="concrete"  mmax_level="coref"  related_phrase="markable_168"  gender="neut"  min_words="two" coref_set="set_48" />
<markable id="markable_172" span="word_265" generic="generic-no"  person="per3"  related_object="no"  ambiguity="unambiguous"  gram_fnc="subj"  number="sing"  object="young boy"   reference="old"  phrase_antecedent="single_phrase"  category="person"  mmax_level="coref"  ref_type="phrase"  gender="masc"  min_ids="word_265"  single_phrase_antecedent="markable_170"  min_words="he" coref_set="set_10" />
<markable id="markable_173" span="word_270..word_272" generic="generic-no"  person="per3"  related_object="yes"  gram_fnc="obj"  number="sing"  object="basket"   reference="new"  category="concrete"  mmax_level="coref"  related_phrase="markable_161"  gender="neut"  min_ids="word_272"  min_words="basket" coref_set="set_14" />
<markable id="markable_174" span="word_274..word_275" generic="generic-no"  person="per3"  related_object="no"  ambiguity="unambiguous"  gram_fnc="obj"  number="sing"  object="basket"   reference="old"  phrase_antecedent="single_phrase"  category="concrete"  mmax_level="coref"  ref_type="phrase"  gender="neut"  min_ids="word_275"  single_phrase_antecedent="markable_173"  min_words="basket" coref_set="set_14" />
<markable id="markable_175" span="word_277..word_278" generic="generic-no"  person="per3"  related_object="no"  ambiguity="unambiguous"  gram_fnc="adjunct"  number="sing"  object="bicycle"   reference="old"  phrase_antecedent="single_phrase"  category="concrete"  mmax_level="coref"  ref_type="phrase"  gender="neut"  min_ids="word_278"  single_phrase_antecedent="markable_157"  min_words="bike" coref_set="set_11" />
<markable id="markable_480" span="word_281..word_283" person="per3"  non_ref_type="idiom"  mmax_level="coref"  gram_fnc="adjunct"  gender="neut"  number="sing"  min_ids="word_281..word_282"   reference="non_referring"  min_words="kind of" coref_set="set_49" />
<markable id="markable_491" span="word_283" min_ids="word_283" generic="generic-no"  person="per3"  related_object="no"  gram_fnc="np-compl"  number="sing"   reference="new"  category="abstract"  mmax_level="coref"  gender="neut"  min_words="struggle" coref_set="set_50" />
<markable id="markable_179" span="word_285" generic="generic-no"  person="per3"  related_object="no"  ambiguity="unambiguous"  gram_fnc="subj"  number="sing"  object="basket"   reference="old"  phrase_antecedent="single_phrase"  category="concrete"  mmax_level="coref"  ref_type="phrase"  gender="neut"  min_ids="word_285"  single_phrase_antecedent="markable_174"  min_words="it" coref_set="set_14" />
<markable id="markable_180" span="word_291" generic="generic-no"  person="per3"  related_object="no"  ambiguity="unambiguous"  gram_fnc="adj-mod"  number="sing"  object="young boy"   reference="old"  phrase_antecedent="single_phrase"  category="person"  mmax_level="coref"  ref_type="phrase"  gender="masc"  min_ids="word_291"  single_phrase_antecedent="markable_172"  min_words="him" coref_set="set_10" />
<markable id="markable_181" span="word_293..word_294" generic="generic-no"  person="per3"  related_object="no"  ambiguity="unambiguous"  gram_fnc="subj"  number="sing"  object="bicycle"   reference="old"  phrase_antecedent="single_phrase"  category="concrete"  mmax_level="coref"  ref_type="phrase"  gender="neut"  min_ids="word_294"  single_phrase_antecedent="markable_175"  min_words="bike" coref_set="set_11" />
<markable id="markable_182" span="word_300" generic="generic-no"  person="per3"  related_object="no"  ambiguity="unambiguous"  gram_fnc="adj-mod"  number="sing"  object="young boy"   reference="old"  phrase_antecedent="single_phrase"  category="person"  mmax_level="coref"  ref_type="phrase"  gender="masc"  min_ids="word_300"  single_phrase_antecedent="markable_180"  min_words="him" coref_set="set_10" />
<markable id="markable_183" span="word_304..word_305" generic="generic-no"  person="per3"  related_object="no"  ambiguity="unambiguous"  gram_fnc="adjunct"  number="sing"  object="bicycle"   reference="old"  phrase_antecedent="single_phrase"  category="concrete"  mmax_level="coref"  ref_type="phrase"  gender="neut"  min_ids="word_305"  single_phrase_antecedent="markable_181"  min_words="bike" coref_set="set_11" />
<markable id="markable_481" span="word_311" generic="generic-no"  person="per3"  related_object="no"  ambiguity="unambiguous"  gram_fnc="subj"  number="sing"  object="young boy"   reference="old"  phrase_antecedent="single_phrase"  category="person"  mmax_level="coref"  ref_type="phrase"  gender="masc"  min_ids="word_311"  comment="supposedly he's"  single_phrase_antecedent="markable_182"  min_words="hts" coref_set="set_10" />
<markable id="markable_187" span="word_314..word_316" generic="generic-no"  person="per3"  related_object="no"  ambiguity="unambiguous"  gram_fnc="adjunct"  number="sing"  object="expanse"   reference="old"  phrase_antecedent="single_phrase"  category="space"  mmax_level="coref"  ref_type="phrase"  gender="neut"  min_ids="word_316"  single_phrase_antecedent="markable_158"  min_words="expanse" coref_set="set_1" />
<markable id="markable_188" span="word_318..word_319" generic="generic-no"  person="per3"  related_object="no"  gram_fnc="subj"  number="sing"  object="girl"   reference="new"  category="person"  mmax_level="coref"  gender="fem"  min_ids="word_319"  min_words="girl" coref_set="set_16" />
<markable id="markable_190" span="word_322..word_323" generic="generic-no"  person="per3"  related_object="no"  gram_fnc="obj"  number="sing"  object="bicycle"   reference="new"  category="concrete"  mmax_level="coref"  gender="neut"  min_ids="word_323"  min_words="bike" coref_set="set_51" />
<markable id="markable_191" span="word_325..word_327" generic="generic-no"  person="per3"  related_object="yes"  gram_fnc="adjunct"  number="sing"  object="direction"   reference="new"  category="abstract"  mmax_level="coref"  related_phrase="markable_481"  gender="neut"  min_ids="word_327"  min_words="direction" coref_set="set_52" />
<markable id="markable_192" span="word_329" person="per2"  non_ref_type="unknown"  mmax_level="coref"  gram_fnc="subj"  gender="neut"  number="sing"  min_ids="word_329"   comment="impersonal you"  reference="non_referring"  min_words="you" coref_set="set_53" />
<markable id="markable_193" span="word_332" generic="generic-no"  person="per3"  related_object="no"  ambiguity="unambiguous"  gram_fnc="obj"  number="plur"  object="young boy and girl"   reference="old"  phrase_antecedent="multiple_phrases"  category="person"  mmax_level="coref"  multiple_phrase_antecedents="markable_188;markable_481"  ref_type="phrase"  gender="undersp-gen"  min_ids="word_332"  min_words="them" coref_set="set_15" />
<markable id="markable_194" span="word_335..word_336" person="per3"  non_ref_type="quantifier"  mmax_level="coref"  gram_fnc="adjunct"  gender="neut"  number="undersp-num"  min_ids="word_335..word_336"   reference="non_referring"  min_words="each other" coref_set="set_54" />
<markable id="markable_195" span="word_338" person="per2"  non_ref_type="unknown"  mmax_level="coref"  gram_fnc="subj"  gender="undersp-gen"  number="sing"  min_ids="word_338"   comment="impersonal you"  reference="non_referring"  min_words="you" coref_set="set_55" />
<markable id="markable_196" span="word_341" person="per3"  non_ref_type="expletive"  mmax_level="coref"  gram_fnc="subj"  gender="neut"  number="sing"  min_ids="word_341"   reference="non_referring"  min_words="there" coref_set="set_56" />
<markable id="markable_197" span="word_346..word_347" generic="generic-no"  person="per3"  related_object="no"  gram_fnc="there-obj"  number="sing"  object="collision"   reference="new"  category="abstract"  mmax_level="coref"  gender="neut"  min_ids="word_347"  min_words="collision" coref_set="set_57" />
<markable id="markable_198" span="word_350" generic="generic-no"  person="per3"  related_object="no"  ambiguity="unambiguous"  gram_fnc="subj"  number="plur"  object="young boy and girl"   reference="old"  phrase_antecedent="single_phrase"  category="person"  mmax_level="coref"  ref_type="phrase"  gender="undersp-gen"  min_ids="word_350"  single_phrase_antecedent="markable_193"  min_words="they" coref_set="set_15" />
<markable id="markable_199" span="word_356..word_357" person="per3"  non_ref_type="quantifier"  mmax_level="coref"  gram_fnc="adjunct"  gender="neut"  number="undersp-num"  min_ids="word_356..word_357"   reference="non_referring"  min_words="each other" coref_set="set_58" />
<markable id="markable_200" span="word_359" generic="generic-no"  person="per3"  related_object="no"  ambiguity="unambiguous"  gram_fnc="subj"  number="sing"  object="girl"   reference="old"  phrase_antecedent="single_phrase"  category="person"  mmax_level="coref"  ref_type="phrase"  gender="fem"  min_ids="word_359"  single_phrase_antecedent="markable_188"  min_words="she" coref_set="set_16" />
<markable id="markable_201" span="word_361..word_366" generic="generic-no"  person="per3"  related_object="no"  gram_fnc="obj"  number="sing"  object="hat"   reference="new"  category="concrete"  mmax_level="coref"  gender="neut"  min_ids="word_362"  min_words="hat" coref_set="set_17" />
<markable id="markable_202" span="word_364" generic="generic-no"  person="per3"  related_object="no"  ambiguity="unambiguous"  gram_fnc="subj"  number="sing"  object="young boy"   reference="old"  phrase_antecedent="single_phrase"  category="person"  mmax_level="coref"  ref_type="phrase"  gender="masc"  min_ids="word_364"  single_phrase_antecedent="markable_481"  min_words="he" coref_set="set_10" />
<markable id="markable_203" span="word_369..word_370" generic="generic-no"  person="per3"  related_object="no"  gram_fnc="adjunct"  number="sing"  object="ground"   reference="new"  category="concrete"  mmax_level="coref"  gender="neut"  min_ids="word_370"  min_words="ground" coref_set="set_18" />
<markable id="markable_205" span="word_373" generic="generic-no"  person="per3"  related_object="no"  ambiguity="unambiguous"  gram_fnc="subj"  number="sing"  object="young boy"   reference="old"  phrase_antecedent="single_phrase"  category="person"  mmax_level="coref"  ref_type="phrase"  gender="masc"  min_ids="word_373"  single_phrase_antecedent="markable_202"  min_words="he" coref_set="set_10" />
<markable id="markable_206" span="word_375..word_384" person="per3"  non_ref_type="idiom"  mmax_level="coref"  gram_fnc="adjunct"  gender="neut"  number="sing"  min_ids="word_376..word_377"   reference="non_referring"  min_words="kind" coref_set="set_59" />
<markable id="markable_209" span="word_381" generic="generic-no"  person="per3"  related_object="no"  ambiguity="unambiguous"  gram_fnc="adjunct"  number="sing"  object="girl"   reference="old"  phrase_antecedent="single_phrase"  category="person"  mmax_level="coref"  ref_type="phrase"  gender="fem"  min_ids="word_381"  single_phrase_antecedent="markable_200"  min_words="her" coref_set="set_16" />
<markable id="markable_492" span="word_381..word_384" person="per3"  non_ref_type="coordination"  mmax_level="coref"  gram_fnc="adjunct"  gender="neut"  number="sing"   comment="coord"  reference="non_referring" coref_set="set_60" />
<markable id="markable_210" span="word_383..word_384" generic="generic-no"  person="per3"  related_object="no"  ambiguity="unambiguous"  gram_fnc="adjunct"  number="sing"  object="hat"   reference="old"  phrase_antecedent="single_phrase"  category="concrete"  mmax_level="coref"  ref_type="phrase"  gender="neut"  min_ids="word_384"  single_phrase_antecedent="markable_201"  min_words="hat" coref_set="set_17" />
<markable id="markable_211" span="word_390" generic="generic-no"  person="per3"  related_object="no"  ambiguity="unambiguous"  gram_fnc="subj"  number="sing"  object="young boy"   reference="old"  phrase_antecedent="single_phrase"  category="person"  mmax_level="coref"  ref_type="phrase"  gender="masc"  min_ids="word_390"  single_phrase_antecedent="markable_205"  min_words="he" coref_set="set_10" />
<markable id="markable_212" span="word_396..word_397" generic="generic-no"  person="per3"  related_object="yes"  gram_fnc="adjunct"  number="sing"  object="rock"   reference="new"  category="concrete"  mmax_level="coref"  related_phrase="markable_187"  gender="neut"  min_ids="word_397"  min_words="rock" coref_set="set_61" />
<markable id="markable_493" span="word_398..word_400" min_ids="word_398" generic="generic-no"  person="per3"  related_object="no"  gram_fnc="no-gf"  ambiguity="unambiguous"  number="sing"   reference="old"  segment_antecedent="unit:markable_402"  category="abstract"  mmax_level="coref"  ref_type="segment"  gender="neut"  min_words="which" coref_set="set_62" />
<markable id="markable_214" span="word_399" generic="generic-no"  person="per3"  related_object="no"  ambiguity="unambiguous"  gram_fnc="subj"  number="sing"  object="young boy"   reference="old"  phrase_antecedent="single_phrase"  category="person"  mmax_level="coref"  ref_type="phrase"  gender="masc"  min_ids="word_399"  single_phrase_antecedent="markable_211"  min_words="he" coref_set="set_10" />
<markable id="markable_215" span="word_402..word_403" generic="generic-no"  phrase_antecedent_2="single_phrase"  person="per3"  gram_fnc="subj"  ambiguity="ambiguous"  single_phrase_antecedent_2="markable_163"  object="pears"   related_object_2="no"  mmax_level="coref"  ref_type="phrase"  gender="neut"  min_words="pears"  ref_type_2="phrase"  generic_2="generic-no"  related_object="no"  category_2="concrete"  number="plur"  phrase_antecedent="single_phrase"  reference="old"  category="concrete"  min_ids="word_403"  single_phrase_antecedent="markable_174" coref_set="set_14" />
<markable id="markable_216" span="word_407..word_408" generic="generic-no"  person="per3"  related_object="no"  ambiguity="unambiguous"  gram_fnc="adjunct"  number="sing"  object="ground"   reference="old"  phrase_antecedent="single_phrase"  category="concrete"  mmax_level="coref"  ref_type="phrase"  gender="neut"  min_ids="word_408"  single_phrase_antecedent="markable_203"  min_words="ground" coref_set="set_18" />
<markable id="markable_217" span="word_410" generic="generic-no"  person="per3"  related_object="no"  ambiguity="unambiguous"  gram_fnc="subj"  number="sing"  object="young boy"   reference="old"  phrase_antecedent="single_phrase"  category="person"  mmax_level="coref"  ref_type="phrase"  gender="masc"  min_ids="word_410"  single_phrase_antecedent="markable_214"  min_words="he" coref_set="set_10" />
<markable id="markable_218" span="word_414" generic="generic-no"  person="per3"  related_object="no"  ambiguity="unambiguous"  gram_fnc="subj"  number="sing"  object="young boy"   reference="old"  phrase_antecedent="single_phrase"  category="person"  mmax_level="coref"  ref_type="phrase"  gender="masc"  min_ids="word_414"  single_phrase_antecedent="markable_217"  min_words="he" coref_set="set_10" />
<markable id="markable_219" span="word_416..word_418" person="per3"  non_ref_type="coordination"  mmax_level="coref"  gram_fnc="obj"  gender="neut"  number="sing"  min_ids="word_416"   comment="coord"  reference="non_referring"  min_words="knee" coref_set="set_63" />
<markable id="markable_494" span="word_416" min_ids="word_416" generic="generic-no"  person="per3"  related_object="yes"  gram_fnc="obj"  number="sing"   reference="new"  category="concrete"  mmax_level="coref"  related_phrase="markable_218"  gender="neut"  min_words="knee" coref_set="set_64" />
<markable id="markable_495" span="word_418" min_ids="word_418" person="per3"  non_ref_type="quantifier"  mmax_level="coref"  gram_fnc="obj"  gender="neut"  number="sing"   reference="non_referring"  min_words="something" coref_set="set_65" />
<markable id="markable_222" span="word_423" person="per2"  non_ref_type="unknown"  mmax_level="coref"  gram_fnc="subj"  gender="undersp-gen"  number="sing"  min_ids="word_423"   comment="impersonal you"  reference="non_referring"  min_words="you" coref_set="set_66" />
<markable id="markable_223" span="word_426..word_431" generic="generic-no"  person="per3"  related_object="no"  gram_fnc="obj"  number="sing"  object="sound"   reference="new"  category="abstract"  mmax_level="coref"  gender="neut"  min_ids="word_431"  min_words="sound" coref_set="set_67" />
<markable id="markable_496" span="word_428..word_431" min_ids="word_431" generic="generic-no"  person="per3"  related_object="no"  gram_fnc="np-compl"  number="sing"   reference="new"  category="abstract"  mmax_level="coref"  gender="neut"  min_words="sound" coref_set="set_68" />
<markable id="markable_228" span="word_434" person="per2"  non_ref_type="unknown"  mmax_level="coref"  gram_fnc="subj"  gender="undersp-gen"  number="sing"  min_ids="word_434"   comment="impersonal you"  reference="non_referring"  min_words="you" coref_set="set_69" />
<markable id="markable_229" span="word_438..word_439" generic="generic-no"  person="per3"  related_object="no"  ambiguity="unambiguous"  gram_fnc="subj"  number="sing"  object="young boy"   reference="old"  phrase_antecedent="single_phrase"  category="person"  mmax_level="coref"  ref_type="phrase"  gender="masc"  min_ids="word_439"  single_phrase_antecedent="markable_218"  min_words="boy" coref_set="set_10" />
<markable id="markable_232" span="word_444" person="per3"  non_ref_type="expletive"  mmax_level="coref"  gram_fnc="subj"  gender="neut"  number="plur"  min_ids="word_444"   reference="non_referring"  min_words="there" coref_set="set_70" />
<markable id="markable_234" span="word_446..word_450" generic="generic-no"  person="per3"  related_object="yes"  gram_fnc="there-obj"  number="plur"  object="three boys"   reference="new"  category="person"  mmax_level="coref"  related_phrase="markable_229"  gender="masc"  min_ids="word_448"  min_words="boys" coref_set="set_19" />
<markable id="markable_235" span="word_451..word_453" generic="generic-no"  person="per3"  related_object="yes"  gram_fnc="subj"  number="sing"  object="one of three boys"   reference="new"  category="person"  mmax_level="coref"  related_phrase="markable_234"  gender="neut"  min_ids="word_451"  min_words="one" coref_set="set_71" />
<markable id="markable_237" span="word_453" generic="generic-no"  person="per3"  related_object="no"  ambiguity="unambiguous"  gram_fnc="np-compl"  number="plur"  object="three boys"   reference="old"  phrase_antecedent="single_phrase"  category="person"  mmax_level="coref"  ref_type="phrase"  gender="masc"  min_ids="word_453"  single_phrase_antecedent="markable_234"  min_words="them" coref_set="set_19" />
<markable id="markable_238" span="word_455..word_461" generic="generic-no"  person="per3"  related_object="no"  gram_fnc="obj"  number="sing"  object="paddleball"   reference="new"  category="concrete"  mmax_level="coref"  gender="neut"  min_ids="word_456"  min_words="thing" coref_set="set_72" />
<markable id="markable_241" span="word_463" generic="generic-no"  person="per3"  related_object="no"  ambiguity="unambiguous"  gram_fnc="subj"  number="plur"  object="three boys"   reference="old"  phrase_antecedent="single_phrase"  category="person"  mmax_level="coref"  ref_type="phrase"  gender="masc"  min_ids="word_463"  single_phrase_antecedent="markable_237"  min_words="they" coref_set="set_19" />
<markable id="markable_242" span="word_471" generic="generic-no"  person="per3"  related_object="no"  ambiguity="unambiguous"  gram_fnc="subj"  number="plur"  object="three boys"   reference="old"  phrase_antecedent="single_phrase"  category="person"  mmax_level="coref"  ref_type="phrase"  gender="masc"  min_ids="word_471"  single_phrase_antecedent="markable_241"  min_words="they" coref_set="set_19" />
<markable id="markable_243" span="word_474" generic="operator-modal"  person="per3"  related_object="no"  ambiguity="unambiguous"  gram_fnc="obj"  number="plur"  object="pears"   reference="old"  phrase_antecedent="single_phrase"  category="concrete"  mmax_level="coref"  ref_type="phrase"  gender="neut"  min_ids="word_474"  single_phrase_antecedent="markable_215"  min_words="pears" coref_set="set_14" />
<markable id="markable_244" span="word_479" person="per3"  non_ref_type="quantifier"  mmax_level="coref"  gram_fnc="adjunct"  gender="neut"  number="sing"  min_ids="word_479"   reference="non_referring"  min_words="something" coref_set="set_73" />
<markable id="markable_245" span="word_482" generic="generic-no"  person="per3"  related_object="no"  ambiguity="unambiguous"  gram_fnc="subj"  number="plur"  object="three boys"   reference="old"  phrase_antecedent="single_phrase"  category="person"  mmax_level="coref"  ref_type="phrase"  gender="masc"  min_ids="word_482"  single_phrase_antecedent="markable_242"  min_words="they" coref_set="set_19" />
<markable id="markable_246" span="word_484" generic="generic-no"  person="per3"  related_object="no"  ambiguity="unambiguous"  gram_fnc="obj"  number="sing"  object="young boy"   reference="old"  phrase_antecedent="single_phrase"  category="person"  mmax_level="coref"  ref_type="phrase"  gender="masc"  min_ids="word_484"  single_phrase_antecedent="markable_229"  min_words="him" coref_set="set_10" />
<markable id="markable_247" span="word_487..word_489" person="per3"  non_ref_type="quantifier"  mmax_level="coref"  gram_fnc="obj"  gender="neut"  number="undersp-num"  min_ids="word_489"   reference="non_referring"  min_words="pears" coref_set="set_74" />
<markable id="markable_486" span="word_488..word_489" min_ids="word_489" generic="generic-no"  person="per3"  related_object="no"  ambiguity="unambiguous"  gram_fnc="np-part"  number="plur"   reference="old"  phrase_antecedent="single_phrase"  category="concrete"  mmax_level="coref"  ref_type="phrase"  gender="neut"  single_phrase_antecedent="markable_243"  min_words="pears" coref_set="set_14" />
<markable id="markable_248" span="word_490..word_491" generic="generic-no"  person="per3"  related_object="yes"  gram_fnc="subj"  number="sing"  object="one of three boys"   reference="new"  category="person"  mmax_level="coref"  related_phrase="markable_245"  gender="masc"  min_ids="word_491"  min_words="boy" coref_set="set_75" />
<markable id="markable_249" span="word_496" generic="generic-no"  person="per3"  related_object="no"  ambiguity="unambiguous"  gram_fnc="obj"  number="sing"  object="young boy"   reference="old"  phrase_antecedent="single_phrase"  category="person"  mmax_level="coref"  ref_type="phrase"  gender="masc"  min_ids="word_496"  single_phrase_antecedent="markable_246"  min_words="him" coref_set="set_10" />
<markable id="markable_250" span="word_498" generic="generic-no"  person="per3"  related_object="yes"  gram_fnc="obj"  number="sing"  object="pants"   reference="new"  category="concrete"  mmax_level="coref"  related_phrase="markable_246"  gender="neut"  min_ids="word_498"  min_words="pants" coref_set="set_76" />
<markable id="markable_252" span="word_503..word_504" generic="generic-no"  person="per3"  related_object="yes"  gram_fnc="subj"  number="sing"  object="another of three boys"   reference="new"  category="person"  mmax_level="coref"  related_phrase="markable_245;markable_248"  gender="masc"  min_ids="word_504"  min_words="one" coref_set="set_77" />
<markable id="markable_253" span="word_505" generic="generic-no"  person="per1"  related_object="no"  ambiguity="unambiguous"  gram_fnc="subj"  number="sing"  object="speaker"   reference="old"  phrase_antecedent="single_phrase"  category="person"  mmax_level="coref"  ref_type="phrase"  gender="undersp-gen"  min_ids="word_505"  single_phrase_antecedent="markable_104"  min_words="i" coref_set="set_4" />
<markable id="markable_255" span="word_511..word_512" generic="generic-no"  person="per3"  related_object="no"  ambiguity="unambiguous"  gram_fnc="obj"  number="sing"  object="bicycle"   reference="old"  phrase_antecedent="single_phrase"  category="concrete"  mmax_level="coref"  ref_type="phrase"  gender="neut"  min_ids="word_512"  single_phrase_antecedent="markable_183"  min_words="bicycle" coref_set="set_11" />
<markable id="markable_256" span="word_513" generic="generic-no"  person="per1"  related_object="no"  ambiguity="unambiguous"  gram_fnc="subj"  number="sing"  object="speaker"   reference="old"  phrase_antecedent="single_phrase"  category="person"  mmax_level="coref"  ref_type="phrase"  gender="undersp-gen"  min_ids="word_513"  single_phrase_antecedent="markable_253"  min_words="i" coref_set="set_4" />
<markable id="markable_257" span="word_516" generic="generic-no"  person="per3"  related_object="no"  ambiguity="unambiguous"  gram_fnc="subj"  number="plur"  object="three boys"   reference="old"  phrase_antecedent="single_phrase"  category="person"  mmax_level="coref"  ref_type="phrase"  gender="masc"  min_ids="word_516"  single_phrase_antecedent="markable_245"  min_words="they" coref_set="set_19" />
<markable id="markable_258" span="word_520..word_521" generic="generic-no"  person="per3"  related_object="no"  ambiguity="unambiguous"  gram_fnc="obj"  number="plur"  object="pears"   reference="old"  phrase_antecedent="single_phrase"  category="concrete"  mmax_level="coref"  ref_type="phrase"  gender="neut"  min_ids="word_521"  single_phrase_antecedent="markable_486"  min_words="pears" coref_set="set_14" />
<markable id="markable_259" span="word_524..word_525" generic="generic-no"  person="per3"  related_object="no"  ambiguity="unambiguous"  gram_fnc="adjunct"  number="sing"  object="basket"   reference="old"  phrase_antecedent="single_phrase"  category="concrete"  mmax_level="coref"  ref_type="phrase"  gender="neut"  min_ids="word_525"  single_phrase_antecedent="markable_179"  min_words="basket" coref_set="set_14" />
<markable id="markable_260" span="word_526" generic="generic-no"  person="per3"  related_object="no"  ambiguity="unambiguous"  gram_fnc="subj"  number="plur"  object="three boys"   reference="old"  phrase_antecedent="single_phrase"  category="person"  mmax_level="coref"  ref_type="phrase"  gender="masc"  min_ids="word_526"  single_phrase_antecedent="markable_257"  min_words="they" coref_set="set_19" />
<markable id="markable_261" span="word_528..word_529" generic="generic-no"  person="per3"  related_object="no"  ambiguity="unambiguous"  gram_fnc="obj"  number="sing"  object="basket"   reference="old"  phrase_antecedent="single_phrase"  category="concrete"  mmax_level="coref"  ref_type="phrase"  gender="neut"  min_ids="word_529"  single_phrase_antecedent="markable_259"  min_words="basket" coref_set="set_14" />
<markable id="markable_262" span="word_532..word_533" generic="generic-no"  person="per3"  related_object="no"  ambiguity="unambiguous"  gram_fnc="adjunct"  number="sing"  object="bicycle"   reference="old"  phrase_antecedent="single_phrase"  category="concrete"  mmax_level="coref"  ref_type="phrase"  gender="neut"  min_ids="word_533"  single_phrase_antecedent="markable_255"  min_words="bike" coref_set="set_11" />
<markable id="markable_263" span="word_536" generic="generic-no"  person="per3"  related_object="no"  ambiguity="unambiguous"  gram_fnc="subj"  number="plur"  object="three boys"   reference="old"  phrase_antecedent="single_phrase"  category="person"  mmax_level="coref"  ref_type="phrase"  gender="masc"  min_ids="word_536"  single_phrase_antecedent="markable_260"  min_words="they" coref_set="set_19" />
<markable id="markable_265" span="word_538" generic="generic-no"  person="per3"  related_object="no"  ambiguity="unambiguous"  gram_fnc="subj"  number="plur"  object="three boys"   reference="old"  phrase_antecedent="single_phrase"  category="person"  mmax_level="coref"  ref_type="phrase"  gender="masc"  min_ids="word_538"  single_phrase_antecedent="markable_263"  min_words="they" coref_set="set_19" />
<markable id="markable_266" span="word_541" generic="generic-no"  person="per3"  related_object="no"  gram_fnc="adjunct"  number="sing"  object="way"   reference="new"  category="abstract"  mmax_level="coref"  gender="neut"  min_ids="word_541"  min_words="way" coref_set="set_78" />
<markable id="markable_267" span="word_544..word_545" generic="generic-no"  person="per3"  related_object="no"  gram_fnc="adjunct"  number="sing"  object="road"   reference="new"  category="concrete"  mmax_level="coref"  gender="neut"  min_ids="word_545"  min_words="road" coref_set="set_79" />
<markable id="markable_268" span="word_547" generic="generic-no"  person="per3"  related_object="no"  ambiguity="unambiguous"  gram_fnc="subj"  number="plur"  object="young boy"   reference="old"  phrase_antecedent="single_phrase"  category="person"  mmax_level="coref"  ref_type="phrase"  gender="masc"  min_ids="word_547"  single_phrase_antecedent="markable_249"  min_words="he" coref_set="set_10" />
<markable id="markable_269" span="word_551" generic="generic-no"  person="per3"  related_object="no"  ambiguity="unambiguous"  gram_fnc="subj"  number="plur"  object="three boys"   reference="old"  phrase_antecedent="single_phrase"  category="person"  mmax_level="coref"  ref_type="phrase"  gender="masc"  min_ids="word_551"  single_phrase_antecedent="markable_265"  min_words="they" coref_set="set_19" />
<markable id="markable_270" span="word_554..word_560" generic="generic-no"  person="per3"  related_object="no"  ambiguity="unambiguous"  gram_fnc="adjunct"  number="sing"  object="hat"   reference="old"  phrase_antecedent="single_phrase"  category="concrete"  mmax_level="coref"  ref_type="phrase"  gender="neut"  min_ids="word_554"  single_phrase_antecedent="markable_210"  min_words="hat" coref_set="set_17" />
<markable id="markable_271" span="word_556" generic="generic-no"  person="per3"  related_object="no"  ambiguity="unambiguous"  gram_fnc="subj"  number="sing"  object="young boy"   reference="old"  phrase_antecedent="single_phrase"  category="person"  mmax_level="coref"  ref_type="phrase"  gender="masc"  min_ids="word_556"  single_phrase_antecedent="markable_268"  min_words="he" coref_set="set_10" />
<markable id="markable_272" span="word_561" generic="generic-no"  person="per3"  related_object="no"  ambiguity="unambiguous"  gram_fnc="subj"  number="sing"  object="young boy"   reference="old"  phrase_antecedent="single_phrase"  category="person"  mmax_level="coref"  ref_type="phrase"  gender="masc"  min_ids="word_561"  single_phrase_antecedent="markable_271"  min_words="he" coref_set="set_10" />
<markable id="markable_273" span="word_563..word_564" generic="generic-no"  person="per3"  related_object="no"  ambiguity="unambiguous"  gram_fnc="obj"  number="sing"  object="hat"   reference="old"  phrase_antecedent="single_phrase"  category="concrete"  mmax_level="coref"  ref_type="phrase"  gender="neut"  min_ids="word_564"  single_phrase_antecedent="markable_270"  min_words="hat" coref_set="set_17" />
<markable id="markable_274" span="word_566..word_568" generic="generic-no"  person="per3"  related_object="yes"  gram_fnc="subj"  number="sing"  object="one of three boys"   reference="new"  category="person"  mmax_level="coref"  related_phrase="markable_269"  gender="masc"  min_ids="word_566"  min_words="one" coref_set="set_20" />
<markable id="markable_276" span="word_568" generic="generic-no"  person="per3"  related_object="no"  ambiguity="unambiguous"  gram_fnc="np-compl"  number="plur"  object="three boys"   reference="old"  phrase_antecedent="single_phrase"  category="person"  mmax_level="coref"  ref_type="phrase"  gender="masc"  min_ids="word_568"  single_phrase_antecedent="markable_269"  min_words="them" coref_set="set_19" />
<markable id="markable_277" span="word_571" generic="generic-no"  person="per3"  related_object="no"  ambiguity="unambiguous"  gram_fnc="adjunct"  number="sing"  object="young boy"   reference="old"  phrase_antecedent="single_phrase"  category="person"  mmax_level="coref"  ref_type="phrase"  gender="masc"  min_ids="word_571"  single_phrase_antecedent="markable_272"  min_words="him" coref_set="set_10" />
<markable id="markable_278" span="word_572" generic="generic-no"  person="per3"  related_object="no"  ambiguity="unambiguous"  gram_fnc="subj"  number="sing"  object="one of three boys"   reference="old"  phrase_antecedent="single_phrase"  category="person"  mmax_level="coref"  ref_type="phrase"  gender="masc"  min_ids="word_572"  single_phrase_antecedent="markable_274"  min_words="he" coref_set="set_20" />
<markable id="markable_280" span="word_576" generic="generic-no"  person="per2"  related_object="no"  ambiguity="unambiguous"  gram_fnc="subj"  number="sing"  object="young boy"   reference="old"  phrase_antecedent="single_phrase"  category="person"  mmax_level="coref"  ref_type="phrase"  gender="masc"  min_ids="word_576"  single_phrase_antecedent="markable_277"  min_words="you" coref_set="set_10" />
<markable id="markable_281" span="word_578" generic="generic-no"  person="per3"  related_object="no"  ambiguity="unambiguous"  gram_fnc="obj"  number="sing"  object="hat"   reference="old"  phrase_antecedent="single_phrase"  category="concrete"  mmax_level="coref"  ref_type="phrase"  gender="neut"  min_ids="word_578"  single_phrase_antecedent="markable_273"  min_words="hat" coref_set="set_17" />
<markable id="markable_282" span="word_580" generic="generic-no"  person="per3"  related_object="no"  ambiguity="unambiguous"  gram_fnc="subj"  number="sing"  object="young boy"   reference="old"  phrase_antecedent="single_phrase"  category="person"  mmax_level="coref"  ref_type="phrase"  gender="masc"  min_ids="word_580"  single_phrase_antecedent="markable_280"  min_words="he" coref_set="set_10" />
<markable id="markable_283" span="word_583..word_587" generic="generic-no"  person="per3"  related_object="yes"  gram_fnc="subj"  number="sing"  object="one of three boys"   reference="new"  category="person"  mmax_level="coref"  related_phrase="markable_276"  gender="masc"  min_ids="word_583"  min_words="one" coref_set="set_21" />
<markable id="markable_285" span="word_585..word_587" generic="generic-no"  person="per3"  related_object="no"  ambiguity="unambiguous"  gram_fnc="np-compl"  number="plur"  object="three boys"   reference="old"  phrase_antecedent="single_phrase"  category="person"  mmax_level="coref"  ref_type="phrase"  gender="masc"  min_ids="word_587"  single_phrase_antecedent="markable_276"  min_words="boys" coref_set="set_19" />
<markable id="markable_286" span="word_589..word_590" generic="generic-no"  person="per3"  related_object="no"  ambiguity="unambiguous"  gram_fnc="obj"  number="sing"  object="hat"   reference="old"  phrase_antecedent="single_phrase"  category="concrete"  mmax_level="coref"  ref_type="phrase"  gender="neut"  min_ids="word_590"  single_phrase_antecedent="markable_281"  min_words="hat" coref_set="set_17" />
<markable id="markable_482" span="word_594" generic="generic-no"  person="per3"  related_object="no"  ambiguity="unambiguous"  gram_fnc="subj"  number="sing"  object="young boy"   reference="old"  phrase_antecedent="single_phrase"  category="person"  mmax_level="coref"  ref_type="phrase"  gender="masc"  min_ids="word_594"  single_phrase_antecedent="markable_282"  min_words="he" coref_set="set_10" />
<markable id="markable_288" span="word_596..word_598" generic="generic-no"  person="per3"  related_object="no"  ambiguity="unambiguous"  gram_fnc="comp"  number="plur"  object="one of three boys"   reference="old"  phrase_antecedent="single_phrase"  category="person"  mmax_level="coref"  ref_type="phrase"  gender="masc"  min_ids="word_598"  single_phrase_antecedent="markable_283"  min_words="boy" coref_set="set_21" />
<markable id="markable_289" span="word_599..word_600" generic="generic-no"  person="per3"  related_object="yes"  gram_fnc="obj"  number="plur"  object="three pears"   reference="new"  category="concrete"  mmax_level="coref"  related_phrase="markable_258"  gender="neut"  min_ids="word_600"  min_words="pears" coref_set="set_22" />
<markable id="markable_290" span="word_603" person="per2"  non_ref_type="unknown"  mmax_level="coref"  gram_fnc="subj"  gender="neut"  number="sing"  min_ids="word_603"   comment="impersonal you"  reference="non_referring"  min_words="you" coref_set="set_80" />
<markable id="markable_291" span="word_608..word_611" generic="generic-no"  person="per3"  related_object="no"  gram_fnc="adjunct"  number="sing"  object="gesture"   reference="new"  category="abstract"  mmax_level="coref"  gender="neut"  min_ids="word_609"  min_words="gesture" coref_set="set_81" />
<markable id="markable_294" span="word_613" generic="generic-no"  person="per3"  related_object="no"  ambiguity="unambiguous"  gram_fnc="subj"  number="sing"  object="young boy"   reference="old"  phrase_antecedent="single_phrase"  category="person"  mmax_level="coref"  ref_type="phrase"  gender="masc"  min_ids="word_613"  single_phrase_antecedent="markable_482"  min_words="he" coref_set="set_10" />
<markable id="markable_295" span="word_617..word_618" generic="generic-no"  person="per3"  related_object="no"  ambiguity="unambiguous"  gram_fnc="subj"  number="plur"  object="three boys"   reference="old"  phrase_antecedent="single_phrase"  category="person"  mmax_level="coref"  ref_type="phrase"  gender="masc"  min_ids="word_618"  single_phrase_antecedent="markable_285"  min_words="boys" coref_set="set_19" />
<markable id="markable_296" span="word_622..word_627" generic="generic-no"  person="per3"  related_object="no"  gram_fnc="adjunct"  number="sing"  object="way /direction"   reference="new"  category="abstract"  mmax_level="coref"  gender="neut"  min_ids="word_623"  min_words="way" coref_set="set_82" />
<markable id="markable_298" span="word_624..word_626" generic="generic-no"  person="per3"  related_object="no"  ambiguity="unambiguous"  gram_fnc="subj"  number="sing"  object="young boy"   reference="old"  phrase_antecedent="single_phrase"  category="person"  mmax_level="coref"  ref_type="phrase"  gender="masc"  min_ids="word_626"  single_phrase_antecedent="markable_294"  min_words="boy" coref_set="set_10" />
<markable id="markable_299" span="word_629..word_634" generic="generic-no"  person="per3"  related_object="no"  ambiguity="unambiguous"  gram_fnc="subj"  number="sing"  object="man"   reference="old"  phrase_antecedent="single_phrase"  category="person"  mmax_level="coref"  ref_type="phrase"  gender="masc"  min_ids="word_630"  single_phrase_antecedent="markable_121"  min_words="man" coref_set="set_6" />
<markable id="markable_301" span="word_634" generic="generic-yes"  person="per3"  related_object="no"  ambiguity="unambiguous"  gram_fnc="obj"  number="plur"  object="pears"   reference="old"  phrase_antecedent="single_phrase"  category="concrete"  mmax_level="coref"  ref_type="phrase"  gender="neut"  min_ids="word_634"  single_phrase_antecedent="markable_163"  min_words="pears" coref_set="set_2" />
<markable id="markable_302" span="word_638..word_639" generic="generic-no"  person="per3"  related_object="no"  ambiguity="unambiguous"  gram_fnc="adjunct"  number="sing"  object="tree"   reference="old"  phrase_antecedent="single_phrase"  category="concrete"  mmax_level="coref"  ref_type="phrase"  gender="neut"  min_ids="word_639"  single_phrase_antecedent="markable_144"  min_words="tree" coref_set="set_13" />
<markable id="markable_303" span="word_643..word_646" generic="generic-no"  person="per3"  related_object="yes"  gram_fnc="obj"  number="plur"  object="load of pears"   reference="new"  category="concrete"  mmax_level="coref"  related_phrase="markable_301"  gender="neut"  min_ids="word_644..word_645"  min_words="load of" coref_set="set_83" />
<markable id="markable_305" span="word_646" generic="generic-yes"  person="per3"  related_object="no"  ambiguity="unambiguous"  gram_fnc="np-compl"  number="plur"  object="pears"   reference="old"  phrase_antecedent="single_phrase"  category="concrete"  mmax_level="coref"  ref_type="phrase"  gender="neut"  min_ids="word_646"  single_phrase_antecedent="markable_301"  min_words="pears" coref_set="set_2" />
<markable id="markable_306" span="word_648..word_653" generic="generic-no"  person="per3"  related_object="yes"  gram_fnc="adjunct"  number="sing"  object="one of baskets"   reference="new"  category="concrete"  mmax_level="coref"  related_phrase="markable_161"  gender="neut"  min_ids="word_648"  min_words="one" coref_set="set_84" />
<markable id="markable_308" span="word_650..word_653" generic="generic-no"  person="per3"  related_object="yes"  gram_fnc="np-compl"  number="plur"  object="two remaining baskets"   reference="new"  category="concrete"  mmax_level="coref"  related_phrase="markable_161"  gender="neut"  min_ids="word_653"  min_words="baskets" coref_set="set_85" />
<markable id="markable_309" span="word_654" generic="generic-no"  person="per3"  related_object="no"  ambiguity="unambiguous"  gram_fnc="subj"  number="sing"  object="man"   reference="old"  phrase_antecedent="single_phrase"  category="person"  mmax_level="coref"  ref_type="phrase"  gender="masc"  min_ids="word_654"  single_phrase_antecedent="markable_299"  min_words="he" coref_set="set_6" />
<markable id="markable_310" span="word_657..word_659" generic="generic-no"  person="per3"  related_object="no"  ambiguity="unambiguous"  gram_fnc="subj"  number="sing"  object="basket"   reference="old"  phrase_antecedent="single_phrase"  category="concrete"  mmax_level="coref"  ref_type="phrase"  gender="neut"  min_ids="word_659"  single_phrase_antecedent="markable_259"  min_words="basket" coref_set="set_14" />
<markable id="markable_311" span="word_667..word_668" generic="generic-no"  person="per3"  related_object="no"  gram_fnc="adjunct"  number="sing"  object="moment"   reference="new"  category="time"  mmax_level="coref"  gender="neut"  min_ids="word_668"  min_words="time" coref_set="set_86" />
<markable id="markable_312" span="word_669" generic="generic-no"  person="per3"  related_object="no"  ambiguity="unambiguous"  gram_fnc="subj"  number="sing"  object="man"   reference="old"  phrase_antecedent="single_phrase"  category="person"  mmax_level="coref"  ref_type="phrase"  gender="masc"  min_ids="word_669"  single_phrase_antecedent="markable_309"  min_words="he" coref_set="set_6" />
<markable id="markable_319" span="word_686..word_688" generic="generic-no"  person="per3"  related_object="no"  ambiguity="unambiguous"  gram_fnc="subj"  number="plur"  object="three boys"   reference="old"  phrase_antecedent="single_phrase"  category="person"  mmax_level="coref"  ref_type="phrase"  gender="masc"  min_ids="word_688"  single_phrase_antecedent="markable_295"  min_words="boys" coref_set="set_19" />
<markable id="markable_320" span="word_693" generic="generic-no"  person="per3"  related_object="no"  ambiguity="unambiguous"  gram_fnc="subj"  number="plur"  object="three boys"   reference="old"  phrase_antecedent="single_phrase"  category="person"  mmax_level="coref"  ref_type="phrase"  gender="masc"  min_ids="word_693"  single_phrase_antecedent="markable_319"  min_words="they" coref_set="set_19" />
<markable id="markable_321" span="word_696..word_699" generic="generic-no"  person="per3"  related_object="yes"  gram_fnc="obj"  number="sing"  object="pear"   reference="new"  category="concrete"  mmax_level="coref"  related_phrase="markable_289"  gender="neut"  min_ids="word_697"  min_words="pear" coref_set="set_87" />
<markable id="markable_323" span="word_699" generic="generic-no"  person="per3"  related_object="yes"  gram_fnc="adjunct"  number="plur"  object="hands"   reference="new"  category="concrete"  mmax_level="coref"  related_phrase="markable_319"  gender="neut"  min_ids="word_699"  min_words="hands" coref_set="set_88" />
<markable id="markable_324" span="word_701" generic="generic-no"  person="per3"  related_object="no"  ambiguity="unambiguous"  gram_fnc="subj"  number="sing"  object="man"   reference="old"  phrase_antecedent="single_phrase"  category="person"  mmax_level="coref"  ref_type="phrase"  gender="masc"  min_ids="word_701"  single_phrase_antecedent="markable_312"  min_words="he" coref_set="set_6" />
<markable id="markable_325" span="word_707" generic="generic-no"  person="per3"  related_object="no"  ambiguity="unambiguous"  gram_fnc="adjunct"  number="plur"  object="three boys"   reference="old"  phrase_antecedent="single_phrase"  category="person"  mmax_level="coref"  ref_type="phrase"  gender="masc"  min_ids="word_707"  single_phrase_antecedent="markable_320"  min_words="them" coref_set="set_19" />
<markable id="markable_326" span="word_711..word_712" generic="generic-no"  person="per3"  related_object="yes"  gram_fnc="obj"  number="sing"  object="connection"   reference="new"  category="abstract"  mmax_level="coref"  related_phrase="markable_310"  gender="neut"  min_ids="word_712"  min_words="connection" coref_set="set_89" />
<markable id="markable_327" span="word_715" generic="generic-no"  person="per3"  related_object="no"  ambiguity="unambiguous"  gram_fnc="subj"  number="plur"  object="thre boys"   reference="old"  phrase_antecedent="single_phrase"  category="person"  mmax_level="coref"  ref_type="phrase"  gender="masc"  min_ids="word_715"  single_phrase_antecedent="markable_325"  min_words="they" coref_set="set_19" />
<markable id="markable_328" span="word_717..word_718" generic="generic-no"  person="per3"  related_object="no"  ambiguity="unambiguous"  gram_fnc="obj"  number="sing"  object="three pears"   reference="old"  phrase_antecedent="single_phrase"  category="concrete"  mmax_level="coref"  ref_type="phrase"  gender="neut"  min_ids="word_718"  single_phrase_antecedent="markable_289"  min_words="pears" coref_set="set_22" />
<markable id="markable_329" span="word_721" generic="generic-no"  person="per3"  related_object="no"  ambiguity="unambiguous"  gram_fnc="subj"  number="plur"  object="three boys"   reference="old"  phrase_antecedent="single_phrase"  category="person"  mmax_level="coref"  ref_type="phrase"  gender="masc"  min_ids="word_721"  single_phrase_antecedent="markable_327"  min_words="they" coref_set="set_19" />
<markable id="markable_330" span="word_723" person="per3"  non_ref_type="predicate"  mmax_level="coref"  gram_fnc="predicate"  gender="neut"  number="plur"  min_ids="word_723"   reference="non_referring"  min_words="pears" coref_set="set_90" />
<markable id="markable_331" span="word_724" person="per2"  non_ref_type="unknown"  mmax_level="coref"  gram_fnc="subj"  gender="undersp-gen"  number="sing"  min_ids="word_724"   comment="impersonal you"  reference="non_referring"  min_words="you" coref_set="set_91" />
<markable id="markable_497" span="word_727" min_ids="word_727" generic="generic-no"  person="per3"  related_object="no"  gram_fnc="subj"  ambiguity="unambiguous"  number="sing"   reference="old"  segment_antecedent="unit:markable_466;unit:markable_467;unit:markable_471"  category="abstract"  mmax_level="coref"  ref_type="segment"  gender="neut"  min_words="this" coref_set="set_92" />
<markable id="markable_498" span="word_730..word_738" min_ids="word_730" person="per3"  non_ref_type="predicate"  mmax_level="coref"  gram_fnc="predicate"  gender="neut"  number="sing"   reference="non_referring"  min_words="all" coref_set="set_93" />
<markable id="markable_333" span="word_733" person="per2"  non_ref_type="unknown"  mmax_level="coref"  gram_fnc="subj"  gender="neut"  number="sing"  min_ids="word_733"   comment="impersonal you"  reference="non_referring"  min_words="you" coref_set="set_94" />
<markable id="markable_334" span="word_737..word_738" generic="generic-no"  person="per3"  related_object="no"  ambiguity="unambiguous"  gram_fnc="adjunct"  number="sing"  object="man"   reference="old"  phrase_antecedent="single_phrase"  category="person"  mmax_level="coref"  ref_type="phrase"  gender="masc"  min_ids="word_738"  single_phrase_antecedent="markable_324"  min_words="man" coref_set="set_6" />
<markable id="markable_335" span="word_740" generic="generic-no"  person="per1"  related_object="no"  ambiguity="unambiguous"  gram_fnc="subj"  number="sing"  object="speaker"   reference="old"  phrase_antecedent="single_phrase"  category="person"  mmax_level="coref"  ref_type="phrase"  gender="undersp-gen"  min_ids="word_740"  single_phrase_antecedent="markable_256"  min_words="i" coref_set="set_4" />
<markable id="markable_499" span="word_742" min_ids="word_742" person="per3"  non_ref_type="expletive"  mmax_level="coref"  gram_fnc="subj"  gender="neut"  number="sing"   reference="non_referring"  min_words="that" coref_set="set_95" />
<markable id="markable_337" span="word_744" person="per3"  non_ref_type="expletive"  mmax_level="coref"  gram_fnc="obj"  gender="neut"  number="sing"  min_ids="word_744"   reference="non_referring"  min_words="it" coref_set="set_96" />
<markable id="markable_338" span="word_745" generic="generic-no"  person="per3"  related_object="no"  ambiguity="unambiguous"  gram_fnc="subj"  number="sing"  object="movie"   reference="old"  phrase_antecedent="single_phrase"  category="abstract"  mmax_level="coref"  ref_type="phrase"  gender="neut"  min_ids="word_745"  single_phrase_antecedent="markable_478"  min_words="it" coref_set="set_23" />
</markables>
