<?xml version="1.0" encoding="MacRoman"?>
<!DOCTYPE markables SYSTEM "markables.dtd">
<markables xmlns="www.eml.org/NameSpaces/markable">
<markable id="markable_0" span="word_1..word_2" sentenceid="0" label="np" min_ids="word_1..word_2" type="chunk" lemmata="speaker 14" isprenominal="false" pos="nnp cd" mmax_level="markable" />
<markable id="markable_1" span="word_3..word_4" sentenceid="1" label="np" min_ids="word_3..word_4" type="chunk" lemmata="the movie" isprenominal="false" pos="dt nn" mmax_level="markable" />
<markable id="markable_2" span="word_8..word_10" sentenceid="1" label="np" min_ids="word_8..word_10" type="chunk" lemmata="this nice scene" isprenominal="false" pos="dt jj nn" mmax_level="markable" />
<markable id="markable_3" span="word_11" sentenceid="2" label="np" min_ids="word_11..word_11" type="chunk" lemmata="it" isprenominal="false" pos="prp" mmax_level="markable" />
<markable id="markable_4" span="word_14..word_15" sentenceid="2" label="np" min_ids="word_14..word_15" type="chunk" lemmata="the country" isprenominal="false" pos="dt nn" mmax_level="markable" />
<markable id="markable_5" span="word_16" sentenceid="3" label="np" min_ids="word_16..word_16" type="chunk" lemmata="it" isprenominal="false" pos="prp" mmax_level="markable" />
<markable id="markable_6" span="word_18" sentenceid="3" label="np" min_ids="word_18..word_18" type="chunk" lemmata="oak" isprenominal="false" pos="nns" mmax_level="markable" />
<markable id="markable_7" span="word_19" sentenceid="4" label="np" min_ids="word_19..word_19" type="chunk" lemmata="it" isprenominal="false" pos="prp" mmax_level="markable" />
<markable id="markable_8" span="word_23..word_24" sentenceid="4" label="np" min_ids="word_23..word_24" type="chunk" lemmata="west coast" isprenominal="false" pos="nnp nnp" mmax_level="markable" />
<markable id="markable_199" span="word_23..word_25" sentenceid="4" label="organization" type="enamex" lemmata="west coast maybe" isprenominal="false" pos="nnp nnp rb" mmax_level="markable" />
<markable id="markable_9" span="word_26" sentenceid="4" label="np" min_ids="word_26..word_26" type="chunk" lemmata="it" isprenominal="false" pos="prp" mmax_level="markable" />
<markable id="markable_10" span="word_30" sentenceid="5" label="np" min_ids="word_30..word_30" type="chunk" lemmata="it" isprenominal="false" pos="prp" mmax_level="markable" />
<markable id="markable_11" span="word_32" sentenceid="5" label="np" min_ids="word_32..word_32" type="chunk" lemmata="hill" isprenominal="false" pos="nns" mmax_level="markable" />
<markable id="markable_12" span="word_34..word_35" sentenceid="5" label="np" min_ids="word_34..word_35" type="chunk" lemmata="dry grass" isprenominal="false" pos="jj nn" mmax_level="markable" />
<markable id="markable_200" span="word_36" sentenceid="6" label="np" type="chunk" lemmata="um" isprenominal="false" pos="nn" mmax_level="markable" />
<markable id="markable_201" span="word_38" sentenceid="6" label="np" type="chunk" lemmata="scrub" isprenominal="false" pos="nns" mmax_level="markable" />
<markable id="markable_13" span="word_42..word_43" sentenceid="7" label="np" min_ids="word_42..word_43" type="chunk" lemmata="pear tree" isprenominal="false" pos="jj nns" mmax_level="markable" />
<markable id="markable_14" span="word_45" sentenceid="7" label="np" min_ids="word_45..word_45" type="chunk" lemmata="it" isprenominal="false" pos="prp" mmax_level="markable" />
<markable id="markable_15" span="word_53..word_54" sentenceid="9" label="np" min_ids="word_53..word_54" type="chunk" lemmata="this man" isprenominal="false" pos="dt nn" mmax_level="markable" />
<markable id="markable_16" span="word_56..word_57" sentenceid="9" label="np" min_ids="word_56..word_57" type="chunk" lemmata="a moustache" isprenominal="false" pos="dt nn" mmax_level="markable" />
<markable id="markable_17" span="word_59..word_60" sentenceid="10" label="np" min_ids="word_59..word_60" type="chunk" lemmata="a hat" isprenominal="false" pos="dt nn" mmax_level="markable" />
<markable id="markable_202" span="word_62" sentenceid="11" label="np" type="chunk" lemmata="unripe" isprenominal="true" pos="nn" mmax_level="markable" />
<markable id="markable_18" span="word_62..word_63" sentenceid="11" label="np" min_ids="word_62..word_63" type="chunk" lemmata="unripe pear" isprenominal="false" pos="nn nns" mmax_level="markable" />
<markable id="markable_19" span="word_66" sentenceid="12" label="np" min_ids="word_66..word_66" type="chunk" lemmata="he" isprenominal="false" pos="prp" mmax_level="markable" />
<markable id="markable_20" span="word_70" sentenceid="12" label="np" min_ids="word_70..word_70" type="chunk" lemmata="he" isprenominal="false" pos="prp" mmax_level="markable" />
<markable id="markable_21" span="word_73..word_74" sentenceid="12" label="np" min_ids="word_73..word_74" type="chunk" lemmata="the ladder" isprenominal="false" pos="dt nn" mmax_level="markable" />
<markable id="markable_22" span="word_76..word_77" sentenceid="13" label="np" min_ids="word_76..word_77" type="chunk" lemmata="the tree" isprenominal="false" pos="dt nn" mmax_level="markable" />
<markable id="markable_23" span="word_79..word_80" sentenceid="14" label="np" min_ids="word_79..word_80" type="chunk" lemmata="the tree" isprenominal="false" pos="dt nn" mmax_level="markable" />
<markable id="markable_24" span="word_83" sentenceid="15" label="np" min_ids="word_83..word_83" type="chunk" lemmata="it" isprenominal="false" pos="prp" mmax_level="markable" />
<markable id="markable_25" span="word_88" sentenceid="16" label="np" min_ids="word_88..word_88" type="chunk" lemmata="they" isprenominal="false" pos="prp" mmax_level="markable" />
<markable id="markable_26" span="word_93" sentenceid="17" label="np" min_ids="word_93..word_93" type="chunk" lemmata="they" isprenominal="false" pos="prp" mmax_level="markable" />
<markable id="markable_27" span="word_96" sentenceid="18" label="np" min_ids="word_96..word_96" type="chunk" lemmata="it" isprenominal="false" pos="prp" mmax_level="markable" />
<markable id="markable_28" span="word_98" sentenceid="18" label="np" min_ids="word_98..word_98" type="chunk" lemmata="it" isprenominal="false" pos="prp" mmax_level="markable" />
<markable id="markable_29" span="word_100..word_104" sentenceid="18" label="np" min_ids="word_100..word_104" type="chunk" lemmata="a large uh tall trunk" isprenominal="false" pos="dt jj jj jj nn" mmax_level="markable" />
<markable id="markable_30" span="word_106" sentenceid="19" label="np" min_ids="word_106..word_106" type="chunk" lemmata="he" isprenominal="false" pos="prp" mmax_level="markable" />
<markable id="markable_31" span="word_109" sentenceid="19" label="np" min_ids="word_109..word_109" type="chunk" lemmata="unripe" isprenominal="false" pos="nn" mmax_level="markable" />
<markable id="markable_203" span="word_110" sentenceid="19" label="np" type="chunk" lemmata="unripe" isprenominal="true" pos="nn" mmax_level="markable" />
<markable id="markable_32" span="word_110..word_111" sentenceid="19" label="np" min_ids="word_110..word_111" type="chunk" lemmata="unripe pear" isprenominal="false" pos="nn nns" mmax_level="markable" />
<markable id="markable_33" span="word_114" sentenceid="20" label="np" min_ids="word_114..word_114" type="chunk" lemmata="i" isprenominal="false" pos="prp" mmax_level="markable" />
<markable id="markable_34" span="word_120..word_122" sentenceid="21" label="np" min_ids="word_120..word_122" type="chunk" lemmata="all the noise" isprenominal="false" pos="pdt dt nns" mmax_level="markable" />
<markable id="markable_35" span="word_124..word_125" sentenceid="21" label="np" min_ids="word_124..word_125" type="chunk" lemmata="the movie" isprenominal="false" pos="dt nn" mmax_level="markable" />
<markable id="markable_36" span="word_130" sentenceid="22" label="np" min_ids="word_130..word_130" type="chunk" lemmata="proportion" isprenominal="false" pos="nn" mmax_level="markable" />
<markable id="markable_37" span="word_132" sentenceid="23" label="np" min_ids="word_132..word_132" type="chunk" lemmata="you" isprenominal="false" pos="prp" mmax_level="markable" />
<markable id="markable_38" span="word_135..word_137" sentenceid="23" label="np" min_ids="word_135..word_137" type="chunk" lemmata="the the creaking" isprenominal="false" pos="dt dt nn" mmax_level="markable" />
<markable id="markable_39" span="word_139..word_140" sentenceid="23" label="np" min_ids="word_139..word_140" type="chunk" lemmata="the ladder" isprenominal="false" pos="dt nn" mmax_level="markable" />
<markable id="markable_40" span="word_142..word_143" sentenceid="24" label="np" min_ids="word_142..word_143" type="chunk" lemmata="the pick" isprenominal="false" pos="dt vbg" mmax_level="markable" />
<markable id="markable_41" span="word_145..word_146" sentenceid="24" label="np" min_ids="word_145..word_146" type="chunk" lemmata="the pear" isprenominal="false" pos="dt nns" mmax_level="markable" />
<markable id="markable_42" span="word_150..word_152" sentenceid="25" label="np" min_ids="word_150..word_152" type="chunk" lemmata="a long way" isprenominal="false" pos="dt jj nn" mmax_level="markable" />
<markable id="markable_43" span="word_154" sentenceid="25" label="np" min_ids="word_154..word_154" type="chunk" lemmata="they" isprenominal="false" pos="prp" mmax_level="markable" />
<markable id="markable_44" span="word_158" sentenceid="25" label="np" min_ids="word_158..word_158" type="chunk" lemmata="a" isprenominal="false" pos="sym" mmax_level="markable" />
<markable id="markable_45" span="word_161..word_162" sentenceid="25" label="np" min_ids="word_161..word_162" type="chunk" lemmata="a child" isprenominal="false" pos="dt nn" mmax_level="markable" />
<markable id="markable_46" span="word_164..word_165" sentenceid="25" label="np" min_ids="word_164..word_165" type="chunk" lemmata="a bicycle" isprenominal="false" pos="dt nn" mmax_level="markable" />
<markable id="markable_47" span="word_167" sentenceid="26" label="np" min_ids="word_167..word_167" type="chunk" lemmata="you" isprenominal="false" pos="prp" mmax_level="markable" />
<markable id="markable_48" span="word_170..word_172" sentenceid="26" label="np" min_ids="word_170..word_172" type="chunk" lemmata="the the gear" isprenominal="false" pos="dt dt nns" mmax_level="markable" />
<markable id="markable_49" span="word_174..word_177" sentenceid="26" label="np" min_ids="word_174..word_177" type="chunk" lemmata="the bicycle go round" isprenominal="false" pos="dt nn vbg nn" mmax_level="markable" />
<markable id="markable_204" span="word_175" sentenceid="26" label="np" type="chunk" lemmata="bicycle" isprenominal="true" pos="nn" mmax_level="markable" />
<markable id="markable_50" span="word_180" sentenceid="27" label="np" min_ids="word_180..word_180" type="chunk" lemmata="it" isprenominal="false" pos="prp" mmax_level="markable" />
<markable id="markable_51" span="word_185" sentenceid="27" label="np" min_ids="word_185..word_185" type="chunk" lemmata="proportion" isprenominal="false" pos="nn" mmax_level="markable" />
<markable id="markable_205" span="word_187" sentenceid="27" label="np" type="chunk" lemmata="everything" isprenominal="true" pos="nn" mmax_level="markable" />
<markable id="markable_52" span="word_187..word_188" sentenceid="27" label="np" min_ids="word_187..word_188" type="chunk" lemmata="everything else" isprenominal="false" pos="nn rb" mmax_level="markable" />
<markable id="markable_53" span="word_191..word_192" sentenceid="28" label="np" min_ids="word_191..word_192" type="chunk" lemmata="this man" isprenominal="false" pos="dt nn" mmax_level="markable" />
<markable id="markable_54" span="word_198" sentenceid="30" label="np" min_ids="word_198..word_198" type="chunk" lemmata="he" isprenominal="false" pos="prp" mmax_level="markable" />
<markable id="markable_55" span="word_201..word_202" sentenceid="30" label="np" min_ids="word_201..word_202" type="chunk" lemmata="a goat" isprenominal="false" pos="dt nn" mmax_level="markable" />
<markable id="markable_56" span="word_210" sentenceid="31" label="np" min_ids="word_210..word_210" type="chunk" lemmata="he" isprenominal="false" pos="prp" mmax_level="markable" />
<markable id="markable_57" span="word_213..word_215" sentenceid="32" label="np" min_ids="word_213..word_215" type="chunk" lemmata="this first okay" isprenominal="false" pos="dt jj nn" mmax_level="markable" />
<markable id="markable_58" span="word_217" sentenceid="33" label="np" min_ids="word_217..word_217" type="chunk" lemmata="i" isprenominal="false" pos="prp" mmax_level="markable" />
<markable id="markable_59" span="word_219..word_220" sentenceid="34" label="np" min_ids="word_219..word_220" type="chunk" lemmata="the man" isprenominal="false" pos="dt nn" mmax_level="markable" />
<markable id="markable_60" span="word_225..word_226" sentenceid="34" label="np" min_ids="word_225..word_226" type="chunk" lemmata="the tree" isprenominal="false" pos="dt nn" mmax_level="markable" />
<markable id="markable_61" span="word_229..word_230" sentenceid="35" label="np" min_ids="word_229..word_230" type="chunk" lemmata="the pear" isprenominal="false" pos="dt nns" mmax_level="markable" />
<markable id="markable_62" span="word_232..word_233" sentenceid="35" label="np" min_ids="word_232..word_233" type="chunk" lemmata="the basket" isprenominal="false" pos="dt nn" mmax_level="markable" />
<markable id="markable_63" span="word_235" sentenceid="36" label="np" min_ids="word_235..word_235" type="chunk" lemmata="it" isprenominal="false" pos="prp" mmax_level="markable" />
<markable id="markable_64" span="word_238" sentenceid="36" label="np" min_ids="word_238..word_238" type="chunk" lemmata="he" isprenominal="false" pos="prp" mmax_level="markable" />
<markable id="markable_65" span="word_241" sentenceid="36" label="np" min_ids="word_241..word_241" type="chunk" lemmata="birth" isprenominal="false" pos="nn" mmax_level="markable" />
<markable id="markable_66" span="word_242" sentenceid="37" label="np" min_ids="word_242..word_242" type="chunk" lemmata="it" isprenominal="false" pos="prp" mmax_level="markable" />
<markable id="markable_67" span="word_244" sentenceid="37" label="np" min_ids="word_244..word_244" type="chunk" lemmata="he" isprenominal="false" pos="prp" mmax_level="markable" />
<markable id="markable_68" span="word_250" sentenceid="37" label="np" min_ids="word_250..word_250" type="chunk" lemmata="they" isprenominal="false" pos="prp" mmax_level="markable" />
<markable id="markable_69" span="word_253" sentenceid="37" label="np" min_ids="word_253..word_253" type="chunk" lemmata="pouch" isprenominal="false" pos="nn" mmax_level="markable" />
<markable id="markable_70" span="word_256" sentenceid="38" label="np" min_ids="word_256..word_256" type="chunk" lemmata="apron" isprenominal="false" pos="nn" mmax_level="markable" />
<markable id="markable_71" span="word_260" sentenceid="39" label="np" min_ids="word_260..word_260" type="chunk" lemmata="thishe" isprenominal="false" pos="nn" mmax_level="markable" />
<markable id="markable_72" span="word_266..word_267" sentenceid="40" label="np" min_ids="word_266..word_267" type="chunk" lemmata="the pear" isprenominal="false" pos="dt nns" mmax_level="markable" />
<markable id="markable_73" span="word_269..word_270" sentenceid="40" label="np" min_ids="word_269..word_270" type="chunk" lemmata="the basket" isprenominal="false" pos="dt nn" mmax_level="markable" />
<markable id="markable_74" span="word_272" sentenceid="41" label="np" min_ids="word_272..word_272" type="chunk" lemmata="he" isprenominal="false" pos="prp" mmax_level="markable" />
<markable id="markable_75" span="word_276..word_277" sentenceid="41" label="np" min_ids="word_276..word_277" type="chunk" lemmata="the ladder" isprenominal="false" pos="dt nn" mmax_level="markable" />
<markable id="markable_76" span="word_279" sentenceid="42" label="np" min_ids="word_279..word_279" type="chunk" lemmata="you" isprenominal="false" pos="prp" mmax_level="markable" />
<markable id="markable_77" span="word_282..word_283" sentenceid="42" label="np" min_ids="word_282..word_283" type="chunk" lemmata="the creaking" isprenominal="false" pos="dt nn" mmax_level="markable" />
<markable id="markable_78" span="word_286" sentenceid="43" label="np" min_ids="word_286..word_286" type="chunk" lemmata="you" isprenominal="false" pos="prp" mmax_level="markable" />
<markable id="markable_79" span="word_289..word_290" sentenceid="43" label="np" min_ids="word_289..word_290" type="chunk" lemmata="the goat" isprenominal="false" pos="dt nn" mmax_level="markable" />
<markable id="markable_80" span="word_291..word_293" sentenceid="43" label="np" min_ids="word_291..word_293" type="chunk" lemmata="a long way" isprenominal="false" pos="dt jj nn" mmax_level="markable" />
<markable id="markable_81" span="word_296" sentenceid="44" label="np" min_ids="word_296..word_296" type="chunk" lemmata="it" isprenominal="false" pos="prp" mmax_level="markable" />
<markable id="markable_82" span="word_300" sentenceid="45" label="np" min_ids="word_300..word_300" type="chunk" lemmata="it" isprenominal="false" pos="prp" mmax_level="markable" />
<markable id="markable_83" span="word_302..word_303" sentenceid="45" label="np" min_ids="word_302..word_303" type="chunk" lemmata="a very" isprenominal="false" pos="dt jj" mmax_level="markable" />
<markable id="markable_84" span="word_305..word_306" sentenceid="45" label="np" min_ids="word_305..word_306" type="chunk" lemmata="a long" isprenominal="false" pos="dt jj" mmax_level="markable" />
<markable id="markable_85" span="word_309" sentenceid="45" label="np" min_ids="word_309..word_309" type="chunk" lemmata="bray" isprenominal="false" pos="nn" mmax_level="markable" />
<markable id="markable_86" span="word_311..word_312" sentenceid="46" label="np" min_ids="word_311..word_312" type="chunk" lemmata="the movie" isprenominal="false" pos="dt nn" mmax_level="markable" />
<markable id="markable_87" span="word_313..word_315" sentenceid="46" label="np" min_ids="word_313..word_315" type="chunk" lemmata="the sound track" isprenominal="false" pos="dt nn nn" mmax_level="markable" />
<markable id="markable_206" span="word_314" sentenceid="46" label="np" type="chunk" lemmata="sound" isprenominal="true" pos="nn" mmax_level="markable" />
<markable id="markable_88" span="word_321" sentenceid="47" label="np" min_ids="word_321..word_321" type="chunk" lemmata="it" isprenominal="false" pos="prp" mmax_level="markable" />
<markable id="markable_89" span="word_328" sentenceid="48" label="np" min_ids="word_328..word_328" type="chunk" lemmata="he" isprenominal="false" pos="prp" mmax_level="markable" />
<markable id="markable_90" span="word_331" sentenceid="48" label="np" min_ids="word_331..word_331" type="chunk" lemmata="he" isprenominal="false" pos="prp" mmax_level="markable" />
<markable id="markable_91" span="word_337..word_338" sentenceid="49" label="np" min_ids="word_337..word_338" type="chunk" lemmata="two basket" isprenominal="false" pos="cd nns" mmax_level="markable" />
<markable id="markable_92" span="word_340" sentenceid="49" label="np" min_ids="word_340..word_340" type="chunk" lemmata="pear" isprenominal="false" pos="nns" mmax_level="markable" />
<markable id="markable_93" span="word_343..word_345" sentenceid="50" label="np" min_ids="word_343..word_345" type="chunk" lemmata="one empty one" isprenominal="false" pos="cd jj cd" mmax_level="markable" />
<markable id="markable_94" span="word_348..word_350" sentenceid="51" label="np" min_ids="word_348..word_350" type="chunk" lemmata="this little kid" isprenominal="false" pos="dt jj nn" mmax_level="markable" />
<markable id="markable_95" span="word_354" sentenceid="52" label="np" min_ids="word_354..word_354" type="chunk" lemmata="you" isprenominal="false" pos="prp" mmax_level="markable" />
<markable id="markable_96" span="word_357..word_358" sentenceid="52" label="np" min_ids="word_357..word_358" type="chunk" lemmata="the gear" isprenominal="false" pos="dt nns" mmax_level="markable" />
<markable id="markable_97" span="word_360" sentenceid="52" label="np" min_ids="word_360..word_360" type="chunk" lemmata="the" isprenominal="false" pos="dt" mmax_level="markable" />
<markable id="markable_98" span="word_362..word_363" sentenceid="52" label="np" min_ids="word_362..word_363" type="chunk" lemmata="the bicycle" isprenominal="false" pos="dt nn" mmax_level="markable" />
<markable id="markable_99" span="word_365" sentenceid="53" label="np" min_ids="word_365..word_365" type="chunk" lemmata="you" isprenominal="false" pos="prp" mmax_level="markable" />
<markable id="markable_100" span="word_368..word_369" sentenceid="53" label="np" min_ids="word_368..word_369" type="chunk" lemmata="the cricket" isprenominal="false" pos="dt nns" mmax_level="markable" />
<markable id="markable_101" span="word_371..word_372" sentenceid="54" label="np" min_ids="word_371..word_372" type="chunk" lemmata="the grasshopper" isprenominal="false" pos="dt nns" mmax_level="markable" />
<markable id="markable_102" span="word_373..word_376" sentenceid="55" label="np" min_ids="word_373..word_376" type="chunk" lemmata="and the little kid" isprenominal="false" pos="cc dt jj nn" mmax_level="markable" />
<markable id="markable_103" span="word_380" sentenceid="56" label="np" min_ids="word_380..word_380" type="chunk" lemmata="he" isprenominal="false" pos="prp" mmax_level="markable" />
<markable id="markable_104" span="word_383" sentenceid="56" label="np" min_ids="word_383..word_383" type="chunk" lemmata="he" isprenominal="false" pos="prp" mmax_level="markable" />
<markable id="markable_105" span="word_387" sentenceid="57" label="np" min_ids="word_387..word_387" type="chunk" lemmata="he" isprenominal="false" pos="prp" mmax_level="markable" />
<markable id="markable_106" span="word_391..word_392" sentenceid="58" label="np" min_ids="word_391..word_392" type="chunk" lemmata="the basket" isprenominal="false" pos="dt nns" mmax_level="markable" />
<markable id="markable_107" span="word_394" sentenceid="58" label="np" min_ids="word_394..word_394" type="chunk" lemmata="pear" isprenominal="false" pos="nns" mmax_level="markable" />
<markable id="markable_108" span="word_395" sentenceid="59" label="np" min_ids="word_395..word_395" type="chunk" lemmata="and" isprenominal="false" pos="cc" mmax_level="markable" />
<markable id="markable_109" span="word_397" sentenceid="59" label="np" min_ids="word_397..word_397" type="chunk" lemmata="it" isprenominal="false" pos="prp" mmax_level="markable" />
<markable id="markable_110" span="word_399" sentenceid="59" label="np" min_ids="word_399..word_399" type="chunk" lemmata="bicycle" isprenominal="false" pos="nn" mmax_level="markable" />
<markable id="markable_111" span="word_405" sentenceid="60" label="np" min_ids="word_405..word_405" type="chunk" lemmata="he" isprenominal="false" pos="prp" mmax_level="markable" />
<markable id="markable_112" span="word_412..word_414" sentenceid="60" label="np" min_ids="word_412..word_414" type="chunk" lemmata="this uh dirt" isprenominal="false" pos="dt jj nn" mmax_level="markable" />
<markable id="markable_113" span="word_416" sentenceid="61" label="np" min_ids="word_416..word_416" type="chunk" lemmata="it" isprenominal="false" pos="prp" mmax_level="markable" />
<markable id="markable_114" span="word_420" sentenceid="61" label="np" min_ids="word_420..word_420" type="chunk" lemmata="rock" isprenominal="false" pos="nns" mmax_level="markable" />
<markable id="markable_115" span="word_421" sentenceid="62" label="np" min_ids="word_421..word_421" type="chunk" lemmata="you" isprenominal="false" pos="prp" mmax_level="markable" />
<markable id="markable_116" span="word_424..word_426" sentenceid="62" label="np" min_ids="word_424..word_426" type="chunk" lemmata="the the rock" isprenominal="false" pos="dt dt nns" mmax_level="markable" />
<markable id="markable_117" span="word_428" sentenceid="62" label="np" min_ids="word_428..word_428" type="chunk" lemmata="underneath" isprenominal="false" pos="nn" mmax_level="markable" />
<markable id="markable_118" span="word_430..word_433" sentenceid="63" label="np" min_ids="word_430..word_433" type="chunk" lemmata="this other little girl" isprenominal="false" pos="dt jj jj nn" mmax_level="markable" />
<markable id="markable_119" span="word_435" sentenceid="63" label="np" min_ids="word_435..word_435" type="chunk" lemmata="pigtail" isprenominal="false" pos="nns" mmax_level="markable" />
<markable id="markable_120" span="word_436..word_437" sentenceid="64" label="np" min_ids="word_436..word_437" type="chunk" lemmata="black pigtail" isprenominal="false" pos="jj nns" mmax_level="markable" />
<markable id="markable_121" span="word_441" sentenceid="66" label="np" min_ids="word_441..word_441" type="chunk" lemmata="he" isprenominal="false" pos="prp" mmax_level="markable" />
<markable id="markable_122" span="word_443" sentenceid="66" label="np" min_ids="word_443..word_443" type="chunk" lemmata="hat" isprenominal="false" pos="nn" mmax_level="markable" />
<markable id="markable_123" span="word_445" sentenceid="66" label="np" min_ids="word_445..word_445" type="chunk" lemmata="she" isprenominal="false" pos="prp" mmax_level="markable" />
<markable id="markable_124" span="word_448" sentenceid="67" label="np" min_ids="word_448..word_448" type="chunk" lemmata="he" isprenominal="false" pos="prp" mmax_level="markable" />
<markable id="markable_125" span="word_451..word_452" sentenceid="68" label="np" min_ids="word_451..word_452" type="chunk" lemmata="lose hat" isprenominal="false" pos="vbn nn" mmax_level="markable" />
<markable id="markable_126" span="word_453" sentenceid="69" label="np" min_ids="word_453..word_453" type="chunk" lemmata="and" isprenominal="false" pos="cc" mmax_level="markable" />
<markable id="markable_127" span="word_456..word_458" sentenceid="69" label="np" min_ids="word_456..word_458" type="chunk" lemmata="a big rock" isprenominal="false" pos="dt jj nn" mmax_level="markable" />
<markable id="markable_128" span="word_460..word_461" sentenceid="70" label="np" min_ids="word_460..word_461" type="chunk" lemmata="the pear" isprenominal="false" pos="dt nns" mmax_level="markable" />
<markable id="markable_129" span="word_467" sentenceid="71" label="np" min_ids="word_467..word_467" type="chunk" lemmata="nowhere" isprenominal="false" pos="rb" mmax_level="markable" />
<markable id="markable_130" span="word_468" sentenceid="72" label="np" min_ids="word_468..word_468" type="chunk" lemmata="he" isprenominal="false" pos="prp" mmax_level="markable" />
<markable id="markable_131" span="word_474" sentenceid="73" label="np" min_ids="word_474..word_474" type="chunk" lemmata="nowhere" isprenominal="false" pos="rb" mmax_level="markable" />
<markable id="markable_207" span="word_475" sentenceid="74" label="np" type="chunk" lemmata="everyone" isprenominal="true" pos="nn" mmax_level="markable" />
<markable id="markable_132" span="word_475..word_476" sentenceid="74" label="np" min_ids="word_475..word_476" type="chunk" lemmata="everyone else" isprenominal="false" pos="nn rb" mmax_level="markable" />
<markable id="markable_133" span="word_477..word_479" sentenceid="75" label="np" min_ids="word_477..word_479" type="chunk" lemmata="even the viewer" isprenominal="false" pos="rb dt nns" mmax_level="markable" />
<markable id="markable_134" span="word_484..word_487" sentenceid="75" label="np" min_ids="word_484..word_487" type="chunk" lemmata="three other little boy" isprenominal="false" pos="cd jj jj nns" mmax_level="markable" />
<markable id="markable_135" span="word_492..word_493" sentenceid="76" label="np" min_ids="word_492..word_493" type="chunk" lemmata="this pongo" isprenominal="false" pos="dt nn" mmax_level="markable" />
<markable id="markable_136" span="word_494..word_496" sentenceid="77" label="np" min_ids="word_494..word_496" type="chunk" lemmata="a little paddle" isprenominal="false" pos="dt jj nn" mmax_level="markable" />
<markable id="markable_137" span="word_498..word_499" sentenceid="78" label="np" min_ids="word_498..word_499" type="chunk" lemmata="a ball" isprenominal="false" pos="dt nn" mmax_level="markable" />
<markable id="markable_138" span="word_501" sentenceid="78" label="np" min_ids="word_501..word_501" type="chunk" lemmata="it" isprenominal="false" pos="prp" mmax_level="markable" />
<markable id="markable_139" span="word_503..word_504" sentenceid="78" label="np" min_ids="word_503..word_504" type="chunk" lemmata="the end" isprenominal="false" pos="dt nn" mmax_level="markable" />
<markable id="markable_140" span="word_506..word_507" sentenceid="78" label="np" min_ids="word_506..word_507" type="chunk" lemmata="the elastic" isprenominal="false" pos="dt nn" mmax_level="markable" />
<markable id="markable_141" span="word_509" sentenceid="79" label="np" min_ids="word_509..word_509" type="chunk" lemmata="you" isprenominal="false" pos="prp" mmax_level="markable" />
<markable id="markable_142" span="word_512..word_514" sentenceid="79" label="np" min_ids="word_512..word_514" type="chunk" lemmata="this paddle-ball go" isprenominal="false" pos="dt jj vbg" mmax_level="markable" />
<markable id="markable_143" span="word_518" sentenceid="80" label="np" min_ids="word_518..word_518" type="chunk" lemmata="they" isprenominal="false" pos="prp" mmax_level="markable" />
<markable id="markable_144" span="word_520" sentenceid="80" label="np" min_ids="word_520..word_520" type="chunk" lemmata="he" isprenominal="false" pos="prp" mmax_level="markable" />
<markable id="markable_145" span="word_523..word_524" sentenceid="80" label="np" min_ids="word_523..word_524" type="chunk" lemmata="the pear" isprenominal="false" pos="dt nns" mmax_level="markable" />
<markable id="markable_146" span="word_527" sentenceid="81" label="np" min_ids="word_527..word_527" type="chunk" lemmata="they" isprenominal="false" pos="prp" mmax_level="markable" />
<markable id="markable_147" span="word_533" sentenceid="82" label="np" min_ids="word_533..word_533" type="chunk" lemmata="he" isprenominal="false" pos="prp" mmax_level="markable" />
<markable id="markable_148" span="word_538" sentenceid="83" label="np" min_ids="word_538..word_538" type="chunk" lemmata="he" isprenominal="false" pos="prp" mmax_level="markable" />
<markable id="markable_149" span="word_546..word_547" sentenceid="84" label="np" min_ids="word_546..word_547" type="chunk" lemmata="the movie" isprenominal="false" pos="dt nn" mmax_level="markable" />
<markable id="markable_150" span="word_551..word_552" sentenceid="85" label="np" min_ids="word_551..word_552" type="chunk" lemmata="any emotion" isprenominal="false" pos="dt nn" mmax_level="markable" />
<markable id="markable_151" span="word_554" sentenceid="85" label="np" min_ids="word_554..word_554" type="chunk" lemmata="any" isprenominal="false" pos="dt" mmax_level="markable" />
<markable id="markable_152" span="word_556" sentenceid="85" label="np" min_ids="word_556..word_556" type="chunk" lemmata="boy" isprenominal="false" pos="nnp" mmax_level="markable" />
<markable id="markable_153" span="word_561" sentenceid="86" label="np" min_ids="word_561..word_561" type="chunk" lemmata="they" isprenominal="false" pos="prp" mmax_level="markable" />
<markable id="markable_154" span="word_563" sentenceid="86" label="np" min_ids="word_563..word_563" type="chunk" lemmata="they" isprenominal="false" pos="prp" mmax_level="markable" />
<markable id="markable_155" span="word_567..word_568" sentenceid="86" label="np" min_ids="word_567..word_568" type="chunk" lemmata="the road" isprenominal="false" pos="dt nn" mmax_level="markable" />
<markable id="markable_156" span="word_569" sentenceid="87" label="np" min_ids="word_569..word_569" type="chunk" lemmata="they" isprenominal="false" pos="prp" mmax_level="markable" />
<markable id="markable_157" span="word_571" sentenceid="87" label="np" min_ids="word_571..word_571" type="chunk" lemmata="bicycle" isprenominal="false" pos="nn" mmax_level="markable" />
<markable id="markable_158" span="word_574" sentenceid="88" label="np" min_ids="word_574..word_574" type="chunk" lemmata="i" isprenominal="false" pos="prp" mmax_level="markable" />
<markable id="markable_159" span="word_580" sentenceid="89" label="np" min_ids="word_580..word_580" type="chunk" lemmata="they" isprenominal="false" pos="prp" mmax_level="markable" />
<markable id="markable_160" span="word_583" sentenceid="89" label="np" min_ids="word_583..word_583" type="chunk" lemmata="hat" isprenominal="false" pos="nn" mmax_level="markable" />
<markable id="markable_161" span="word_587" sentenceid="90" label="np" min_ids="word_587..word_587" type="chunk" lemmata="he" isprenominal="false" pos="prp" mmax_level="markable" />
<markable id="markable_162" span="word_589" sentenceid="91" label="np" min_ids="word_589..word_589" type="chunk" lemmata="they" isprenominal="false" pos="prp" mmax_level="markable" />
<markable id="markable_163" span="word_593" sentenceid="92" label="np" min_ids="word_593..word_593" type="chunk" lemmata="you" isprenominal="false" pos="prp" mmax_level="markable" />
<markable id="markable_164" span="word_596..word_597" sentenceid="92" label="np" min_ids="word_596..word_597" type="chunk" lemmata="the running" isprenominal="false" pos="dt nn" mmax_level="markable" />
<markable id="markable_165" span="word_599" sentenceid="93" label="np" min_ids="word_599..word_599" type="chunk" lemmata="it" isprenominal="false" pos="prp" mmax_level="markable" />
<markable id="markable_166" span="word_602..word_603" sentenceid="93" label="np" min_ids="word_602..word_603" type="chunk" lemmata="so much" isprenominal="false" pos="rb jj" mmax_level="markable" />
<markable id="markable_167" span="word_606" sentenceid="93" label="np" min_ids="word_606..word_606" type="chunk" lemmata="proportion" isprenominal="false" pos="nn" mmax_level="markable" />
<markable id="markable_168" span="word_607" sentenceid="94" label="np" min_ids="word_607..word_607" type="chunk" lemmata="it" isprenominal="false" pos="prp" mmax_level="markable" />
<markable id="markable_169" span="word_614" sentenceid="95" label="np" min_ids="word_614..word_614" type="chunk" lemmata="they" isprenominal="false" pos="prp" mmax_level="markable" />
<markable id="markable_170" span="word_616" sentenceid="95" label="np" min_ids="word_616..word_616" type="chunk" lemmata="he" isprenominal="false" pos="prp" mmax_level="markable" />
<markable id="markable_171" span="word_617" sentenceid="95" label="np" min_ids="word_617..word_617" type="chunk" lemmata="hat" isprenominal="false" pos="nn" mmax_level="markable" />
<markable id="markable_172" span="word_618..word_622" sentenceid="96" label="np" min_ids="word_618..word_622" type="chunk" lemmata="and the the little boy" isprenominal="false" pos="cc dt dt jj nn" mmax_level="markable" />
<markable id="markable_173" span="word_626..word_627" sentenceid="96" label="np" min_ids="word_626..word_627" type="chunk" lemmata="the bicycle" isprenominal="false" pos="dt nn" mmax_level="markable" />
<markable id="markable_174" span="word_629" sentenceid="96" label="np" min_ids="word_629..word_629" type="chunk" lemmata="he" isprenominal="false" pos="prp" mmax_level="markable" />
<markable id="markable_175" span="word_631" sentenceid="96" label="np" min_ids="word_631..word_631" type="chunk" lemmata="he" isprenominal="false" pos="prp" mmax_level="markable" />
<markable id="markable_176" span="word_632..word_633" sentenceid="96" label="np" min_ids="word_632..word_633" type="chunk" lemmata="three pear" isprenominal="false" pos="cd nns" mmax_level="markable" />
<markable id="markable_177" span="word_635" sentenceid="97" label="np" min_ids="word_635..word_635" type="chunk" lemmata="they" isprenominal="false" pos="prp" mmax_level="markable" />
<markable id="markable_178" span="word_640" sentenceid="98" label="np" min_ids="word_640..word_640" type="chunk" lemmata="you" isprenominal="false" pos="prp" mmax_level="markable" />
<markable id="markable_179" span="word_644..word_645" sentenceid="98" label="np" min_ids="word_644..word_645" type="chunk" lemmata="the man" isprenominal="false" pos="dt nn" mmax_level="markable" />
<markable id="markable_180" span="word_652..word_653" sentenceid="99" label="np" min_ids="word_652..word_653" type="chunk" lemmata="the tree" isprenominal="false" pos="dt nn" mmax_level="markable" />
<markable id="markable_181" span="word_656..word_657" sentenceid="100" label="np" min_ids="word_656..word_657" type="chunk" lemmata="another pouchful" isprenominal="false" pos="dt nn" mmax_level="markable" />
<markable id="markable_182" span="word_660" sentenceid="100" label="np" min_ids="word_660..word_660" type="chunk" lemmata="pear" isprenominal="false" pos="nns" mmax_level="markable" />
<markable id="markable_183" span="word_662" sentenceid="101" label="np" min_ids="word_662..word_662" type="chunk" lemmata="he" isprenominal="false" pos="prp" mmax_level="markable" />
<markable id="markable_184" span="word_667..word_668" sentenceid="101" label="np" min_ids="word_667..word_668" type="chunk" lemmata="the pear" isprenominal="false" pos="dt nns" mmax_level="markable" />
<markable id="markable_185" span="word_670..word_673" sentenceid="101" label="np" min_ids="word_670..word_673" type="chunk" lemmata="the third empty basket" isprenominal="false" pos="dt jj jj nn" mmax_level="markable" />
<markable id="markable_186" span="word_675" sentenceid="102" label="np" min_ids="word_675..word_675" type="chunk" lemmata="he" isprenominal="false" pos="prp" mmax_level="markable" />
<markable id="markable_187" span="word_680" sentenceid="103" label="np" min_ids="word_680..word_680" type="chunk" lemmata="he" isprenominal="false" pos="prp" mmax_level="markable" />
<markable id="markable_188" span="word_682..word_684" sentenceid="103" label="np" min_ids="word_682..word_684" type="chunk" lemmata="one two three" isprenominal="false" pos="cd cd cd" mmax_level="markable" />
<markable id="markable_189" span="word_690..word_692" sentenceid="104" label="np" min_ids="word_690..word_692" type="chunk" lemmata="a third one" isprenominal="false" pos="dt jj nn" mmax_level="markable" />
<markable id="markable_190" span="word_695" sentenceid="105" label="np" min_ids="word_695..word_695" type="chunk" lemmata="he" isprenominal="false" pos="prp" mmax_level="markable" />
<markable id="markable_191" span="word_697" sentenceid="105" label="np" min_ids="word_697..word_697" type="chunk" lemmata="head" isprenominal="false" pos="nn" mmax_level="markable" />
<markable id="markable_192" span="word_705..word_707" sentenceid="107" label="np" min_ids="word_705..word_707" type="chunk" lemmata="three little boy" isprenominal="false" pos="cd jj nns" mmax_level="markable" />
<markable id="markable_193" span="word_714..word_715" sentenceid="108" label="np" min_ids="word_714..word_715" type="chunk" lemmata="any attention" isprenominal="false" pos="dt nn" mmax_level="markable" />
<markable id="markable_194" span="word_718..word_719" sentenceid="109" label="np" min_ids="word_718..word_719" type="chunk" lemmata="any attention" isprenominal="false" pos="dt nn" mmax_level="markable" />
<markable id="markable_195" span="word_721..word_722" sentenceid="109" label="np" min_ids="word_721..word_722" type="chunk" lemmata="the man" isprenominal="false" pos="dt nn" mmax_level="markable" />
<markable id="markable_196" span="word_725..word_726" sentenceid="110" label="np" min_ids="word_725..word_726" type="chunk" lemmata="these pear" isprenominal="false" pos="dt nns" mmax_level="markable" />
<markable id="markable_197" span="word_730..word_731" sentenceid="111" label="np" min_ids="word_730..word_731" type="chunk" lemmata="the end" isprenominal="false" pos="dt nn" mmax_level="markable" />
<markable id="markable_198" span="word_733..word_734" sentenceid="111" label="np" min_ids="word_733..word_734" type="chunk" lemmata="the movie" isprenominal="false" pos="dt nn" mmax_level="markable" />
</markables>
