<?xml version="1.0" encoding="MacRoman"?>
<!DOCTYPE markables SYSTEM "markables.dtd">
<markables xmlns="www.eml.org/NameSpaces/sentence">
<markable id="markable_0" span="word_1..word_2" orderid="0" mmax_level="sentence" />
<markable id="markable_1" span="word_3" orderid="1" mmax_level="sentence" />
<markable id="markable_2" span="word_4..word_10" orderid="2" mmax_level="sentence" />
<markable id="markable_3" span="word_11..word_17" orderid="3" mmax_level="sentence" />
<markable id="markable_4" span="word_18..word_26" orderid="4" mmax_level="sentence" />
<markable id="markable_5" span="word_27..word_29" orderid="5" mmax_level="sentence" />
<markable id="markable_6" span="word_30..word_32" orderid="6" mmax_level="sentence" />
<markable id="markable_7" span="word_33..word_41" orderid="7" mmax_level="sentence" />
<markable id="markable_8" span="word_42..word_50" orderid="8" mmax_level="sentence" />
<markable id="markable_9" span="word_51..word_58" orderid="9" mmax_level="sentence" />
<markable id="markable_10" span="word_59..word_60" orderid="10" mmax_level="sentence" />
<markable id="markable_11" span="word_61..word_73" orderid="11" mmax_level="sentence" />
<markable id="markable_12" span="word_74..word_87" orderid="12" mmax_level="sentence" />
<markable id="markable_13" span="word_88..word_96" orderid="13" mmax_level="sentence" />
<markable id="markable_14" span="word_97..word_98" orderid="14" mmax_level="sentence" />
<markable id="markable_15" span="word_99..word_120" orderid="15" mmax_level="sentence" />
<markable id="markable_16" span="word_121..word_125" orderid="16" mmax_level="sentence" />
<markable id="markable_17" span="word_126..word_129" orderid="17" mmax_level="sentence" />
<markable id="markable_18" span="word_130..word_144" orderid="18" mmax_level="sentence" />
<markable id="markable_19" span="word_145..word_149" orderid="19" mmax_level="sentence" />
<markable id="markable_20" span="word_150..word_155" orderid="20" mmax_level="sentence" />
<markable id="markable_21" span="word_156..word_160" orderid="21" mmax_level="sentence" />
<markable id="markable_22" span="word_161..word_170" orderid="22" mmax_level="sentence" />
<markable id="markable_23" span="word_171..word_173" orderid="23" mmax_level="sentence" />
<markable id="markable_24" span="word_174..word_177" orderid="24" mmax_level="sentence" />
<markable id="markable_25" span="word_178..word_182" orderid="25" mmax_level="sentence" />
<markable id="markable_26" span="word_183..word_192" orderid="26" mmax_level="sentence" />
<markable id="markable_27" span="word_193..word_202" orderid="27" mmax_level="sentence" />
<markable id="markable_28" span="word_203..word_210" orderid="28" mmax_level="sentence" />
<markable id="markable_29" span="word_211..word_218" orderid="29" mmax_level="sentence" />
<markable id="markable_30" span="word_219..word_224" orderid="30" mmax_level="sentence" />
<markable id="markable_31" span="word_225..word_242" orderid="31" mmax_level="sentence" />
<markable id="markable_32" span="word_243..word_245" orderid="32" mmax_level="sentence" />
<markable id="markable_33" span="word_246..word_248" orderid="33" mmax_level="sentence" />
<markable id="markable_34" span="word_249..word_262" orderid="34" mmax_level="sentence" />
<markable id="markable_35" span="word_263..word_264" orderid="35" mmax_level="sentence" />
<markable id="markable_36" span="word_265..word_276" orderid="36" mmax_level="sentence" />
<markable id="markable_37" span="word_277..word_294" orderid="37" mmax_level="sentence" />
<markable id="markable_38" span="word_295..word_299" orderid="38" mmax_level="sentence" />
<markable id="markable_39" span="word_300..word_303" orderid="39" mmax_level="sentence" />
<markable id="markable_40" span="word_304..word_308" orderid="40" mmax_level="sentence" />
<markable id="markable_41" span="word_309..word_318" orderid="41" mmax_level="sentence" />
<markable id="markable_42" span="word_319..word_324" orderid="42" mmax_level="sentence" />
<markable id="markable_43" span="word_325..word_328" orderid="43" mmax_level="sentence" />
<markable id="markable_44" span="word_329..word_331" orderid="44" mmax_level="sentence" />
<markable id="markable_45" span="word_332..word_336" orderid="45" mmax_level="sentence" />
<markable id="markable_46" span="word_337..word_349" orderid="46" mmax_level="sentence" />
<markable id="markable_47" span="word_350..word_360" orderid="47" mmax_level="sentence" />
<markable id="markable_48" span="word_361..word_368" orderid="48" mmax_level="sentence" />
<markable id="markable_49" span="word_369..word_371" orderid="49" mmax_level="sentence" />
<markable id="markable_50" span="word_372..word_376" orderid="50" mmax_level="sentence" />
<markable id="markable_51" span="word_377..word_383" orderid="51" mmax_level="sentence" />
<markable id="markable_52" span="word_384..word_387" orderid="52" mmax_level="sentence" />
<markable id="markable_53" span="word_388..word_394" orderid="53" mmax_level="sentence" />
<markable id="markable_54" span="word_395..word_407" orderid="54" mmax_level="sentence" />
<markable id="markable_55" span="word_408..word_417" orderid="55" mmax_level="sentence" />
<markable id="markable_56" span="word_418..word_419" orderid="56" mmax_level="sentence" />
<markable id="markable_57" span="word_420..word_425" orderid="57" mmax_level="sentence" />
<markable id="markable_58" span="word_426..word_428" orderid="58" mmax_level="sentence" />
<markable id="markable_59" span="word_429..word_445" orderid="59" mmax_level="sentence" />
<markable id="markable_60" span="word_446..word_463" orderid="60" mmax_level="sentence" />
<markable id="markable_61" span="word_464..word_468" orderid="61" mmax_level="sentence" />
<markable id="markable_62" span="word_469..word_478" orderid="62" mmax_level="sentence" />
<markable id="markable_63" span="word_479..word_487" orderid="63" mmax_level="sentence" />
<markable id="markable_64" span="word_488..word_498" orderid="64" mmax_level="sentence" />
<markable id="markable_65" span="word_499..word_510" orderid="65" mmax_level="sentence" />
<markable id="markable_66" span="word_511..word_516" orderid="66" mmax_level="sentence" />
<markable id="markable_67" span="word_517..word_525" orderid="67" mmax_level="sentence" />
<markable id="markable_68" span="word_526..word_530" orderid="68" mmax_level="sentence" />
<markable id="markable_69" span="word_531..word_538" orderid="69" mmax_level="sentence" />
<markable id="markable_70" span="word_539..word_546" orderid="70" mmax_level="sentence" />
<markable id="markable_71" span="word_547..word_551" orderid="71" mmax_level="sentence" />
<markable id="markable_72" span="word_552..word_557" orderid="72" mmax_level="sentence" />
<markable id="markable_73" span="word_558..word_569" orderid="73" mmax_level="sentence" />
<markable id="markable_74" span="word_570..word_576" orderid="74" mmax_level="sentence" />
<markable id="markable_75" span="word_577..word_579" orderid="75" mmax_level="sentence" />
<markable id="markable_76" span="word_580..word_591" orderid="76" mmax_level="sentence" />
<markable id="markable_77" span="word_592..word_595" orderid="77" mmax_level="sentence" />
<markable id="markable_78" span="word_596..word_602" orderid="78" mmax_level="sentence" />
<markable id="markable_79" span="word_603..word_614" orderid="79" mmax_level="sentence" />
<markable id="markable_80" span="word_615" orderid="80" mmax_level="sentence" />
<markable id="markable_81" span="word_616..word_618" orderid="81" mmax_level="sentence" />
<markable id="markable_82" span="word_619..word_632" orderid="82" mmax_level="sentence" />
<markable id="markable_83" span="word_633..word_648" orderid="83" mmax_level="sentence" />
<markable id="markable_84" span="word_649..word_657" orderid="84" mmax_level="sentence" />
<markable id="markable_85" span="word_658..word_659" orderid="85" mmax_level="sentence" />
<markable id="markable_86" span="word_660..word_662" orderid="86" mmax_level="sentence" />
<markable id="markable_87" span="word_663..word_669" orderid="87" mmax_level="sentence" />
<markable id="markable_88" span="word_670..word_672" orderid="88" mmax_level="sentence" />
<markable id="markable_89" span="word_673..word_679" orderid="89" mmax_level="sentence" />
<markable id="markable_90" span="word_680..word_685" orderid="90" mmax_level="sentence" />
<markable id="markable_91" span="word_686..word_693" orderid="91" mmax_level="sentence" />
<markable id="markable_92" span="word_694..word_706" orderid="92" mmax_level="sentence" />
<markable id="markable_93" span="word_707..word_710" orderid="93" mmax_level="sentence" />
<markable id="markable_94" span="word_711..word_715" orderid="94" mmax_level="sentence" />
<markable id="markable_95" span="word_716..word_718" orderid="95" mmax_level="sentence" />
<markable id="markable_96" span="word_719..word_731" orderid="96" mmax_level="sentence" />
<markable id="markable_97" span="word_732..word_738" orderid="97" mmax_level="sentence" />
<markable id="markable_98" span="word_739..word_745" orderid="98" mmax_level="sentence" />
<markable id="markable_99" span="word_746..word_763" orderid="99" mmax_level="sentence" />
<markable id="markable_100" span="word_764..word_767" orderid="100" mmax_level="sentence" />
<markable id="markable_101" span="word_768..word_772" orderid="101" mmax_level="sentence" />
<markable id="markable_102" span="word_773..word_775" orderid="102" mmax_level="sentence" />
<markable id="markable_103" span="word_776..word_781" orderid="103" mmax_level="sentence" />
<markable id="markable_104" span="word_782..word_792" orderid="104" mmax_level="sentence" />
<markable id="markable_105" span="word_793..word_798" orderid="105" mmax_level="sentence" />
<markable id="markable_106" span="word_799..word_805" orderid="106" mmax_level="sentence" />
<markable id="markable_107" span="word_806..word_824" orderid="107" mmax_level="sentence" />
<markable id="markable_108" span="word_825..word_833" orderid="108" mmax_level="sentence" />
<markable id="markable_109" span="word_834..word_844" orderid="109" mmax_level="sentence" />
<markable id="markable_110" span="word_845..word_858" orderid="110" mmax_level="sentence" />
<markable id="markable_111" span="word_859..word_869" orderid="111" mmax_level="sentence" />
<markable id="markable_112" span="word_870..word_889" orderid="112" mmax_level="sentence" />
<markable id="markable_113" span="word_890..word_914" orderid="113" mmax_level="sentence" />
<markable id="markable_114" span="word_915..word_919" orderid="114" mmax_level="sentence" />
<markable id="markable_115" span="word_920..word_923" orderid="115" mmax_level="sentence" />
<markable id="markable_116" span="word_924..word_929" orderid="116" mmax_level="sentence" />
<markable id="markable_117" span="word_930..word_942" orderid="117" mmax_level="sentence" />
<markable id="markable_118" span="word_943..word_955" orderid="118" mmax_level="sentence" />
<markable id="markable_119" span="word_956..word_961" orderid="119" mmax_level="sentence" />
<markable id="markable_120" span="word_962..word_968" orderid="120" mmax_level="sentence" />
<markable id="markable_121" span="word_969..word_975" orderid="121" mmax_level="sentence" />
<markable id="markable_122" span="word_976..word_981" orderid="122" mmax_level="sentence" />
<markable id="markable_123" span="word_982..word_984" orderid="123" mmax_level="sentence" />
<markable id="markable_124" span="word_985..word_994" orderid="124" mmax_level="sentence" />
<markable id="markable_125" span="word_995..word_999" orderid="125" mmax_level="sentence" />
<markable id="markable_126" span="word_1000..word_1009" orderid="126" mmax_level="sentence" />
<markable id="markable_127" span="word_1010..word_1014" orderid="127" mmax_level="sentence" />
<markable id="markable_128" span="word_1015..word_1026" orderid="128" mmax_level="sentence" />
<markable id="markable_129" span="word_1027..word_1038" orderid="129" mmax_level="sentence" />
<markable id="markable_130" span="word_1039..word_1041" orderid="130" mmax_level="sentence" />
<markable id="markable_131" span="word_1042..word_1058" orderid="131" mmax_level="sentence" />
<markable id="markable_132" span="word_1059..word_1065" orderid="132" mmax_level="sentence" />
<markable id="markable_133" span="word_1066..word_1070" orderid="133" mmax_level="sentence" />
<markable id="markable_134" span="word_1071..word_1080" orderid="134" mmax_level="sentence" />
<markable id="markable_135" span="word_1081..word_1088" orderid="135" mmax_level="sentence" />
<markable id="markable_136" span="word_1089..word_1105" orderid="136" mmax_level="sentence" />
<markable id="markable_137" span="word_1106..word_1115" orderid="137" mmax_level="sentence" />
<markable id="markable_138" span="word_1116..word_1126" orderid="138" mmax_level="sentence" />
<markable id="markable_139" span="word_1127..word_1138" orderid="139" mmax_level="sentence" />
<markable id="markable_140" span="word_1139..word_1143" orderid="140" mmax_level="sentence" />
<markable id="markable_141" span="word_1144..word_1172" orderid="141" mmax_level="sentence" />
<markable id="markable_142" span="word_1173..word_1182" orderid="142" mmax_level="sentence" />
<markable id="markable_143" span="word_1183..word_1186" orderid="143" mmax_level="sentence" />
<markable id="markable_144" span="word_1187..word_1196" orderid="144" mmax_level="sentence" />
<markable id="markable_145" span="word_1197..word_1198" orderid="145" mmax_level="sentence" />
<markable id="markable_146" span="word_1199..word_1205" orderid="146" mmax_level="sentence" />
<markable id="markable_147" span="word_1206..word_1210" orderid="147" mmax_level="sentence" />
<markable id="markable_148" span="word_1211..word_1229" orderid="148" mmax_level="sentence" />
<markable id="markable_149" span="word_1230..word_1232" orderid="149" mmax_level="sentence" />
<markable id="markable_150" span="word_1233..word_1236" orderid="150" mmax_level="sentence" />
<markable id="markable_151" span="word_1237..word_1239" orderid="151" mmax_level="sentence" />
<markable id="markable_152" span="word_1240..word_1247" orderid="152" mmax_level="sentence" />
<markable id="markable_153" span="word_1248..word_1264" orderid="153" mmax_level="sentence" />
<markable id="markable_154" span="word_1265..word_1272" orderid="154" mmax_level="sentence" />
<markable id="markable_155" span="word_1273..word_1278" orderid="155" mmax_level="sentence" />
<markable id="markable_156" span="word_1279..word_1286" orderid="156" mmax_level="sentence" />
<markable id="markable_157" span="word_1287..word_1296" orderid="157" mmax_level="sentence" />
<markable id="markable_158" span="word_1297..word_1312" orderid="158" mmax_level="sentence" />
<markable id="markable_159" span="word_1313..word_1321" orderid="159" mmax_level="sentence" />
<markable id="markable_160" span="word_1322..word_1325" orderid="160" mmax_level="sentence" />
<markable id="markable_161" span="word_1326..word_1334" orderid="161" mmax_level="sentence" />
<markable id="markable_162" span="word_1335..word_1338" orderid="162" mmax_level="sentence" />
<markable id="markable_163" span="word_1339..word_1343" orderid="163" mmax_level="sentence" />
<markable id="markable_164" span="word_1344..word_1352" orderid="164" mmax_level="sentence" />
<markable id="markable_165" span="word_1353..word_1366" orderid="165" mmax_level="sentence" />
<markable id="markable_166" span="word_1367" orderid="166" mmax_level="sentence" />
<markable id="markable_167" span="word_1368..word_1374" orderid="167" mmax_level="sentence" />
<markable id="markable_168" span="word_1375..word_1381" orderid="168" mmax_level="sentence" />
<markable id="markable_169" span="word_1382..word_1392" orderid="169" mmax_level="sentence" />
<markable id="markable_170" span="word_1393..word_1398" orderid="170" mmax_level="sentence" />
<markable id="markable_171" span="word_1399..word_1403" orderid="171" mmax_level="sentence" />
<markable id="markable_172" span="word_1404..word_1411" orderid="172" mmax_level="sentence" />
<markable id="markable_173" span="word_1412..word_1418" orderid="173" mmax_level="sentence" />
<markable id="markable_174" span="word_1419..word_1426" orderid="174" mmax_level="sentence" />
<markable id="markable_175" span="word_1427..word_1428" orderid="175" mmax_level="sentence" />
<markable id="markable_176" span="word_1429..word_1431" orderid="176" mmax_level="sentence" />
<markable id="markable_177" span="word_1432..word_1433" orderid="177" mmax_level="sentence" />
<markable id="markable_178" span="word_1434..word_1438" orderid="178" mmax_level="sentence" />
<markable id="markable_179" span="word_1439..word_1446" orderid="179" mmax_level="sentence" />
<markable id="markable_180" span="word_1447..word_1461" orderid="180" mmax_level="sentence" />
<markable id="markable_181" span="word_1462..word_1483" orderid="181" mmax_level="sentence" />
<markable id="markable_182" span="word_1484..word_1494" orderid="182" mmax_level="sentence" />
<markable id="markable_183" span="word_1495..word_1498" orderid="183" mmax_level="sentence" />
<markable id="markable_184" span="word_1499..word_1500" orderid="184" mmax_level="sentence" />
<markable id="markable_185" span="word_1501..word_1502" orderid="185" mmax_level="sentence" />
<markable id="markable_186" span="word_1503..word_1505" orderid="186" mmax_level="sentence" />
<markable id="markable_187" span="word_1506" orderid="187" mmax_level="sentence" />
<markable id="markable_188" span="word_1507..word_1510" orderid="188" mmax_level="sentence" />
</markables>
