<?xml version="1.0" encoding="MacRoman"?>
<!DOCTYPE markables SYSTEM "markables.dtd">
<markables xmlns="www.eml.org/NameSpaces/parse">
<markable id="markable_0" span="word_1..word_2" tag="(ROOT (NP (NNP Speaker) (CD 3)))" mmax_level="parse" />
<markable id="markable_1" span="word_3..word_15" tag="(ROOT (S (INTJ (UH Okay) (UH uh)) (NP (DT the) (NN movie)) (VP (VBZ is) (ADVP (RB basically)) (VP (IN about) (S (INTJ (UH uh)) (VP (VB um) (NP (NP (DT a) (NN number)) (PP (IN of) (NP (NNS individuals))))))))))" mmax_level="parse" />
<markable id="markable_2" span="word_16..word_22" tag="(ROOT (FRAG (NP (INTJ (UH uh))) (X (NP (DT a) (NN guy)) (SBAR (WHNP (WP who)) (S (VP (VBZ 's) (VP (VBG picking) (NP (NNS pears)))))))))" mmax_level="parse" />
<markable id="markable_3" span="word_23..word_29" tag="(ROOT (UCP (ADJP (JJ um)) (CC and) (NP (NP (DT a) (NN kid)) (PP (IN on) (NP (DT a) (NN bicycle))))))" mmax_level="parse" />
<markable id="markable_4" span="word_30..word_37" tag="(ROOT (S (ADVP (RB Basically)) (NP (DT those)) (VP (VBP are) (NP (NP (DT the) (CD two) (NNS protagonists)) (PP (IN in) (NP (DT this)))))))" mmax_level="parse" />
<markable id="markable_5" span="word_38..word_45" tag="(ROOT (X (CC And) (NP (PRP um)) (NP (NP (DT the) (NN guy)) (SBAR (WHNP (WP who)) (S (VP (VBZ is) (VP (VBG picking) (NP (NNS pears)))))))))" mmax_level="parse" />
<markable id="markable_6" span="word_46..word_62" tag="(ROOT (S (NP (NN um) (NN um)) (VP (VP (VBZ picks) (NP (DT the) (NNS pears))) (CC and) (VP (VBZ puts) (NP (PRP them)) (PP (IN in) (NP (DT a) (RB in) (NN um)))) (NP (NP (DT these) (NNS baskets)) (SBAR (WHNP (IN that)) (S (NP (PRP he)) (VP (VBZ has))))))))" mmax_level="parse" />
<markable id="markable_7" span="word_63..word_69" tag="(ROOT (UCP (NN Uh) (CC and) (S (NP (PRP he)) (VP (VBZ 's) (VP (VBG picking) (NP (DT the) (NNS pears)))))))" mmax_level="parse" />
<markable id="markable_8" span="word_70..word_79" tag="(ROOT (S (NP (NP (CC and)) (CC and) (NP (NN um))) (ADVP (RB along)) (VP (VBZ comes) (NP (NP (DT a) (NN man)) (PP (IN with) (NP (DT a) (NN donkey)))))))" mmax_level="parse" />
<markable id="markable_9" span="word_80..word_86" tag="(ROOT (SQ (VBD Uh) (NP (INTJ (UH uh))) (FRAG (DT a) (INTJ (UH don) (UH uh)) (NP (DT a) (NN goat)))))" mmax_level="parse" />
<markable id="markable_10" span="word_87..word_93" tag="(ROOT (S (CC And) (NP (PRP he)) (VP (VBZ comes) (PRT (RP along)) (PP (IN by) (S (NP (PRP you)) (VP (VBP know)))))))" mmax_level="parse" />
<markable id="markable_11" span="word_94..word_95" tag="(ROOT (S (VP (VBZ passes) (NP (PRP him)))))" mmax_level="parse" />
<markable id="markable_12" span="word_96..word_104" tag="(ROOT (S (CC And) (RB then) (NP (DT this) (NN kid)) (VP (VBZ comes) (PRT (RP along)) (PP (IN with) (NP (DT a) (NN bicycle))))))" mmax_level="parse" />
<markable id="markable_13" span="word_105..word_117" tag="(ROOT (S (CC And) (NP (PRP he)) (VP (VBZ rips) (NP (NP (NN off.-one)) (PP (IN of) (NP (DT the) (NNS baskets)))) (PP (IN of)) (PP (IN of) (NP (NP (NNS pears)) (SBAR (WHNP (IN that)) (S (NP (PRP he)) (VP (VBZ has)))))))))" mmax_level="parse" />
<markable id="markable_14" span="word_118..word_127" tag="(ROOT (SBAR (IN So) (S (NP (DT the) (NNP Ki)) (VP (VBP the) (NP (NP (DT the) (NN um)) (SBAR (S (NP (DT the) (NN boy)) (VP (VBZ goes) (PRT (RP along))))))))))" mmax_level="parse" />
<markable id="markable_15" span="word_128..word_135" tag="(ROOT (X (CC and) (S (NP (PRP he)) (VP (VBZ has) (VP (VBN um) (SBAR (S (NP (PRP he)) (VP (VBZ 's) (VP (VBG riding) (NP (NN bicycle)))))))))))" mmax_level="parse" />
<markable id="markable_16" span="word_136..word_141" tag="(ROOT (X (CC and) (S (NP (PRP he)) (VP (VBZ looks) (PP (IN at) (NP (DT a) (NN girl)))))))" mmax_level="parse" />
<markable id="markable_17" span="word_142..word_150" tag="(ROOT (SBARQ (WHNP (WDT that)) (SQ (VBD was) (VP (VBG corning) (NP (DT the) (JJ other) (NN way-)) (S (VP (VBG riding) (NP (DT a) (NN bicycle))))))))" mmax_level="parse" />
<markable id="markable_18" span="word_151..word_154" tag="(ROOT (S (ADVP (UH uh)) (NP (PRP he)) (VP (VBZ loses) (NP (NN hat)))))" mmax_level="parse" />
<markable id="markable_19" span="word_155..word_162" tag="(ROOT (X (CC and) (S (NP (EX there)) (VP (VBZ 's) (NP (DT a) (NN stone)) (PP (IN in) (NP (DT the) (NN way)))))))" mmax_level="parse" />
<markable id="markable_20" span="word_163..word_166" tag="(ROOT (SBAR (IN so) (S (NP (NN bicycle)) (VP (VBZ falls) (ADJP (JJ over))))))" mmax_level="parse" />
<markable id="markable_21" span="word_167..word_177" tag="(ROOT (X (CC and) (S (NP (DT the) (NNS pears)) (VP (VB get) (S (NP (NN um) (NN um)) (VP (VB fall) (PRT (RP down)) (PP (IN on) (NP (DT the) (NN ground)))))))))" mmax_level="parse" />
<markable id="markable_22" span="word_178..word_183" tag="(ROOT (S (NP (NNP U)) (VP (VBP m) (SBAR (S (NP (EX there)) (VP (VBZ 's) (NP (DT some) (NNS kids))))))))" mmax_level="parse" />
<markable id="markable_23" span="word_184..word_188" tag="(ROOT (S (NP (EX there)) (VP (VBP are) (NP (CD three) (JJ other) (NNS boys)))))" mmax_level="parse" />
<markable id="markable_24" span="word_189..word_191" tag="(ROOT (SBARQ (WHNP (WP who)) (SQ (VP (VBP are) (ADVP (RB there))))))" mmax_level="parse" />
<markable id="markable_25" span="word_192..word_197" tag="(ROOT (S (NP (PRP They)) (VP (VBP help) (S (NP (PRP him)) (VP (VB get) (VP (VBN straightened) (PRT (RP out))))))))" mmax_level="parse" />
<markable id="markable_26" span="word_198..word_201" tag="(ROOT (S (VP (VB put) (NP (DT the) (NNS pears)) (PRT (RP back)))))" mmax_level="parse" />
<markable id="markable_27" span="word_202..word_204" tag="(ROOT (PP (IN in) (NP (DT the) (NN basket))))" mmax_level="parse" />
<markable id="markable_28" span="word_205..word_207" tag="(ROOT (S (VP (VB straighten) (PRT (RP out)) (NP (NN bicycle)))))" mmax_level="parse" />
<markable id="markable_29" span="word_208..word_210" tag="(ROOT (ADVP (CC and) (RB so) (RB forth)))" mmax_level="parse" />
<markable id="markable_30" span="word_211..word_216" tag="(ROOT (S (CC And) (NP (PRP he)) (VP (VBZ goes) (PP (IN on) (NP (NN merry) (NN way))))))" mmax_level="parse" />
<markable id="markable_31" span="word_217..word_227" tag="(ROOT (S (CC But) (ADVP (RB then) (RB um)) (NP (DT the) (NNS boys)) (VP (VBP realize) (SBAR (IN that) (S (NP (PRP he)) (VP (VBZ 's) (VP (VBN forgotten) (S (NP (NN hat))))))))))" mmax_level="parse" />
<markable id="markable_32" span="word_228..word_235" tag="(ROOT (SBAR (IN So) (S (NP (NP (CD one)) (PP (IN of) (NP (DT the) (NNS boys)))) (VP (VBD whistles) (PP (TO to) (NP (PRP him)))))))" mmax_level="parse" />
<markable id="markable_33" span="word_236..word_238" tag="(ROOT (X (CC and) (S (VP (VBZ stops) (NP (PRP him))))))" mmax_level="parse" />
<markable id="markable_34" span="word_239..word_243" tag="(ROOT (S (NP (CC and)) (VP (VBZ gives) (NP (PRP him)) (NP (NN hat) (NN back)))))" mmax_level="parse" />
<markable id="markable_35" span="word_244..word_266" tag="(ROOT (S (CC And) (RB then) (S (VP (NN um) (NP (DT the) (NN boy)) (PP (IN with) (NP (DT the) (NNS pears))))) (VP (VBZ gives) (NP (NP (DT the) (NN boy)) (SBAR (WHNP (WP who)) (S (ADVP (RB just)) (VP (VBD gave) (NP (PRP him)) (NP (NN hat)) (PP (IN um) (NP (CD three) (NNS pears))))))) (S (VP (TO to) (VP (VB divide) (PP (IN among) (NP (NNS friends)))))))))" mmax_level="parse" />
<markable id="markable_36" span="word_267..word_276" tag="(ROOT (S (CC And) (RB then) (NP (DT the) (NNS boys)) (VP (VBP go) (ADVP (RB um)) (S (VP (VBG walking) (ADVP (RB along)) (S (VP (VBG eating) (NP (NNS pears)))))))))" mmax_level="parse" />
<markable id="markable_37" span="word_277..word_286" tag="(ROOT (S (CC And) (ADVP (RB um)) (RB then) (NP (DT the) (NN man)) (VP (VBZ uh) (SBAR (WHNP (WP who)) (S (VP (VBD was) (VP (VBG picking) (NP (NNS pears)))))))))" mmax_level="parse" />
<markable id="markable_38" span="word_287..word_291" tag="(ROOT (S (VP (VBZ comes) (PRT (RP down)) (PP (IN from) (NP (NN um) (NNS 1adder))))))" mmax_level="parse" />
<markable id="markable_39" span="word_292..word_298" tag="(ROOT (SBAR (WHADVP (WRB where)) (S (NP (PRP he)) (VP (VBZ 's) (VP (VBN been) (VP (VBG picking) (NP (DT these) (NNS pears))))))))" mmax_level="parse" />
<markable id="markable_40" span="word_299..word_312" tag="(ROOT (X (CC and) (S (NP (PRP he)) (VP (POS 's) (VP (VBZ goes) (S (VP (TO to) (VP (VB empty) (PRT (RP out)) (NP (NP (DT the) (NNS ones)) (SBAR (WHNP (IN that)) (S (NP (PRP he)) (VP (VBZ 's) (ADVP (RB just)) (VP (VBN picked))))))))))))))" mmax_level="parse" />
<markable id="markable_41" span="word_313..word_325" tag="(ROOT (S (CC And) (NP (PRP he)) (VP (VBZ notices) (NP (DT that)) (PP (RB instead) (IN of) (NP (NP (DT the) (CD three) (NNS baskets)) (SBAR (WHNP (IN that)) (S (NP (PRP he)) (VP (VBD had) (ADVP (RB before))))))))))" mmax_level="parse" />
<markable id="markable_42" span="word_326..word_329" tag="(ROOT (S (NP (EX there)) (VP (VBP are) (NP (RB only) (CD two)))))" mmax_level="parse" />
<markable id="markable_43" span="word_330..word_334" tag="(ROOT (FRAG (CC And) (RB so) (S (NP (PRP he)) (VP (VBZ 's) (VP (VBN puzzled))))))" mmax_level="parse" />
<markable id="markable_44" span="word_335..word_344" tag="(ROOT (FRAG (CC and) (ADVP (RB just)) (SBAR (WHADVP (WRB when)) (S (NP (PRP he)) (VP (VBZ realizes) (SBAR (IN that) (S (NP (CD one) (NN basket)) (VP (VBZ is) (ADJP (VBN gone))))))))))" mmax_level="parse" />
<markable id="markable_45" span="word_345..word_349" tag="(ROOT (S (NP (DT the) (CD three) (NNS boys)) (VP (VBP come) (ADVP (RB along)))))" mmax_level="parse" />
<markable id="markable_46" span="word_350..word_351" tag="(ROOT (NP (JJ eating) (NNS pears)))" mmax_level="parse" />
<markable id="markable_47" span="word_352..word_358" tag="(ROOT (S (CC And) (NP (PRP you)) (VP (VBP 're) (VP (VBN left) (PP (IN with) (NP (DT this) (NN dilemma)))))))" mmax_level="parse" />
<markable id="markable_48" span="word_359..word_370" tag="(ROOT (SBARQ (WHNP (WP what)) (SQ (VBZ does) (NP (DT this) (NN guy)) (NP (PRP you)) (VP (VB know))) (WHNP (WP what)) (SQ (VBZ does) (NP (DT this) (NN guy)) (ADVP (RB really)) (VP (VB think)))))" mmax_level="parse" />
<markable id="markable_49" span="word_371..word_386" tag="(ROOT (S (NP (PRP I)) (VP (VBP guess) (SBAR (S (NP (PRP he)) (VP (VBZ thinks) (SBAR (IN that) (S (NP (PRP I)) (VP (VBP wonder) (SBAR (SBAR (IN if) (S (NP (DT those) (NNS guys)) (VP (VBN ripped) (PRT (RP off)) (PP (IN with) (NP (NNS pears)))))) (CC or) (SBAR (WHNP (WP what)))))))))))))" mmax_level="parse" />
<markable id="markable_50" span="word_387..word_391" tag="(ROOT (S (NP (PRP He)) (ADVP (RB just)) (VP (VBZ does) (RB n't) (VP (VB know)))))" mmax_level="parse" />
<markable id="markable_51" span="word_392..word_410" tag="(ROOT (S (NP (PRP He)) (VP (VBD was) (ADVP (RB up)) (PP (IN in) (NP (DT the) (NN tree))) (SBAR (WHADVP (WRB when)) (S (NP (NP (DT the) (NN boy)) (PP (IN on) (NP (NP (DT the) (NN bicycle)) (VP (VBN ripped) (PRT (RP off)) (NP (DT the) (NN uh)))))) (VP (VBZ s) (NP (DT the) (NNS pears))))))))" mmax_level="parse" />
<markable id="markable_52" span="word_411" tag="(ROOT (INTJ (UH Okay)))" mmax_level="parse" />
</markables>
