<?xml version="1.0" encoding="MacRoman"?>
<!DOCTYPE markables SYSTEM "markables.dtd">
<markables xmlns="www.eml.org/NameSpaces/pos">
<markable id="markable_0" span="word_1" tag="nnp" mmax_level="pos" />
<markable id="markable_1" span="word_2" tag="cd" mmax_level="pos" />
<markable id="markable_2" span="word_3" tag="uh" mmax_level="pos" />
<markable id="markable_3" span="word_4" tag="prp" mmax_level="pos" />
<markable id="markable_4" span="word_5" tag="vbp" mmax_level="pos" />
<markable id="markable_5" span="word_6" tag="to" mmax_level="pos" />
<markable id="markable_6" span="word_7" tag="vb" mmax_level="pos" />
<markable id="markable_7" span="word_8" tag="wp" mmax_level="pos" />
<markable id="markable_8" span="word_9" tag="vbd" mmax_level="pos" />
<markable id="markable_9" span="word_10" tag="in" mmax_level="pos" />
<markable id="markable_10" span="word_11" tag="dt" mmax_level="pos" />
<markable id="markable_11" span="word_12" tag="nn" mmax_level="pos" />
<markable id="markable_12" span="word_13" tag="uh" mmax_level="pos" />
<markable id="markable_13" span="word_14" tag="vb" mmax_level="pos" />
<markable id="markable_14" span="word_15" tag="dt" mmax_level="pos" />
<markable id="markable_15" span="word_16" tag="nn" mmax_level="pos" />
<markable id="markable_16" span="word_17" tag="vbd" mmax_level="pos" />
<markable id="markable_17" span="word_18" tag="vbg" mmax_level="pos" />
<markable id="markable_18" span="word_19" tag="nns" mmax_level="pos" />
<markable id="markable_19" span="word_20" tag="in" mmax_level="pos" />
<markable id="markable_20" span="word_21" tag="wp" mmax_level="pos" />
<markable id="markable_21" span="word_22" tag="vbd" mmax_level="pos" />
<markable id="markable_22" span="word_23" tag="to" mmax_level="pos" />
<markable id="markable_23" span="word_24" tag="vb" mmax_level="pos" />
<markable id="markable_24" span="word_25" tag="jj" mmax_level="pos" />
<markable id="markable_25" span="word_26" tag="cc" mmax_level="pos" />
<markable id="markable_26" span="word_27" tag="vbd" mmax_level="pos" />
<markable id="markable_27" span="word_28" tag="rp" mmax_level="pos" />
<markable id="markable_28" span="word_29" tag="rb" mmax_level="pos" />
<markable id="markable_29" span="word_30" tag="nn" mmax_level="pos" />
<markable id="markable_30" span="word_31" tag="vbd" mmax_level="pos" />
<markable id="markable_31" span="word_32" tag="rb" mmax_level="pos" />
<markable id="markable_32" span="word_33" tag="jj" mmax_level="pos" />
<markable id="markable_33" span="word_34" tag="nn" mmax_level="pos" />
<markable id="markable_34" span="word_35" tag="vbd" mmax_level="pos" />
<markable id="markable_35" span="word_36" tag="rb" mmax_level="pos" />
<markable id="markable_36" span="word_37" tag="in" mmax_level="pos" />
<markable id="markable_37" span="word_38" tag="dt" mmax_level="pos" />
<markable id="markable_38" span="word_39" tag="nn" mmax_level="pos" />
<markable id="markable_39" span="word_40" tag="in" mmax_level="pos" />
<markable id="markable_40" span="word_41" tag="dt" mmax_level="pos" />
<markable id="markable_41" span="word_42" tag="nn" mmax_level="pos" />
<markable id="markable_42" span="word_43" tag="in" mmax_level="pos" />
<markable id="markable_43" span="word_44" tag="prp" mmax_level="pos" />
<markable id="markable_44" span="word_45" tag="vbp" mmax_level="pos" />
<markable id="markable_45" span="word_46" tag="rb" mmax_level="pos" />
<markable id="markable_46" span="word_47" tag="vb" mmax_level="pos" />
<markable id="markable_47" span="word_48" tag="wp" mmax_level="pos" />
<markable id="markable_48" span="word_49" tag="prp" mmax_level="pos" />
<markable id="markable_49" span="word_50" tag="vbd" mmax_level="pos" />
<markable id="markable_50" span="word_51" tag="rb" mmax_level="pos" />
<markable id="markable_51" span="word_52" tag="dt" mmax_level="pos" />
<markable id="markable_52" span="word_53" tag="nn" mmax_level="pos" />
<markable id="markable_53" span="word_54" tag="vbd" mmax_level="pos" />
<markable id="markable_54" span="word_55" tag="in" mmax_level="pos" />
<markable id="markable_55" span="word_56" tag="in" mmax_level="pos" />
<markable id="markable_56" span="word_57" tag="dt" mmax_level="pos" />
<markable id="markable_57" span="word_58" tag="nn" mmax_level="pos" />
<markable id="markable_58" span="word_59" tag="cc" mmax_level="pos" />
<markable id="markable_59" span="word_60" tag="vbg" mmax_level="pos" />
<markable id="markable_60" span="word_61" tag="dt" mmax_level="pos" />
<markable id="markable_61" span="word_62" tag="nn" mmax_level="pos" />
<markable id="markable_62" span="word_63" tag="cc" mmax_level="pos" />
<markable id="markable_63" span="word_64" tag="vbd" mmax_level="pos" />
<markable id="markable_64" span="word_65" tag="dt" mmax_level="pos" />
<markable id="markable_65" span="word_66" tag="nn" mmax_level="pos" />
<markable id="markable_66" span="word_67" tag="to" mmax_level="pos" />
<markable id="markable_67" span="word_68" tag="vb" mmax_level="pos" />
<markable id="markable_68" span="word_69" tag="jj" mmax_level="pos" />
<markable id="markable_69" span="word_70" tag="dt" mmax_level="pos" />
<markable id="markable_70" span="word_71" tag="nn" mmax_level="pos" />
<markable id="markable_71" span="word_72" tag="vbd" mmax_level="pos" />
<markable id="markable_72" span="word_73" tag="rb" mmax_level="pos" />
<markable id="markable_73" span="word_74" tag="vbg" mmax_level="pos" />
<markable id="markable_74" span="word_75" tag="cc" mmax_level="pos" />
<markable id="markable_75" span="word_76" tag="prp" mmax_level="pos" />
<markable id="markable_76" span="word_77" tag="vbd" mmax_level="pos" />
<markable id="markable_77" span="word_78" tag="in" mmax_level="pos" />
<markable id="markable_78" span="word_79" tag="to" mmax_level="pos" />
<markable id="markable_79" span="word_80" tag="vb" mmax_level="pos" />
<markable id="markable_80" span="word_81" tag="dt" mmax_level="pos" />
<markable id="markable_81" span="word_82" tag="nn" mmax_level="pos" />
<markable id="markable_82" span="word_83" tag="cc" mmax_level="pos" />
<markable id="markable_83" span="word_84" tag="prp" mmax_level="pos" />
<markable id="markable_84" span="word_85" tag="vbd" mmax_level="pos" />
<markable id="markable_85" span="word_86" tag="prp" mmax_level="pos" />
<markable id="markable_86" span="word_87" tag="prp" mmax_level="pos" />
<markable id="markable_87" span="word_88" tag="vbd" mmax_level="pos" />
<markable id="markable_88" span="word_89" tag="rp" mmax_level="pos" />
<markable id="markable_89" span="word_90" tag="dt" mmax_level="pos" />
<markable id="markable_90" span="word_91" tag="nn" mmax_level="pos" />
<markable id="markable_91" span="word_92" tag="uh" mmax_level="pos" />
<markable id="markable_92" span="word_93" tag="cc" mmax_level="pos" />
<markable id="markable_93" span="word_94" tag="vbd" mmax_level="pos" />
<markable id="markable_94" span="word_95" tag="vbg" mmax_level="pos" />
<markable id="markable_95" span="word_96" tag="rp" mmax_level="pos" />
<markable id="markable_96" span="word_97" tag="dt" mmax_level="pos" />
<markable id="markable_97" span="word_98" tag="nn" mmax_level="pos" />
<markable id="markable_98" span="word_99" tag="in" mmax_level="pos" />
<markable id="markable_99" span="word_100" tag="dt" mmax_level="pos" />
<markable id="markable_100" span="word_101" tag="nn" mmax_level="pos" />
<markable id="markable_101" span="word_102" tag="cc" mmax_level="pos" />
<markable id="markable_102" span="word_103" tag="prp" mmax_level="pos" />
<markable id="markable_103" span="word_104" tag="vbd" mmax_level="pos" />
<markable id="markable_104" span="word_105" tag="dt" mmax_level="pos" />
<markable id="markable_105" span="word_106" tag="jj" mmax_level="pos" />
<markable id="markable_106" span="word_107" tag="nn" mmax_level="pos" />
<markable id="markable_107" span="word_108" tag="in" mmax_level="pos" />
<markable id="markable_108" span="word_109" tag="dt" mmax_level="pos" />
<markable id="markable_109" span="word_110" tag="nn" mmax_level="pos" />
<markable id="markable_110" span="word_111" tag="cc" mmax_level="pos" />
<markable id="markable_111" span="word_112" tag="vbn" mmax_level="pos" />
<markable id="markable_112" span="word_113" tag="nn" mmax_level="pos" />
<markable id="markable_113" span="word_114" tag="cc" mmax_level="pos" />
<markable id="markable_114" span="word_115" tag="vbd" mmax_level="pos" />
<markable id="markable_115" span="word_116" tag="dt" mmax_level="pos" />
<markable id="markable_116" span="word_117" tag="nn" mmax_level="pos" />
<markable id="markable_117" span="word_118" tag="cc" mmax_level="pos" />
<markable id="markable_118" span="word_119" tag="vbd" mmax_level="pos" />
<markable id="markable_119" span="word_120" tag="rp" mmax_level="pos" />
<markable id="markable_120" span="word_121" tag="cc" mmax_level="pos" />
<markable id="markable_121" span="word_122" tag="vbd" mmax_level="pos" />
<markable id="markable_122" span="word_123" tag="dt" mmax_level="pos" />
<markable id="markable_123" span="word_124" tag="nns" mmax_level="pos" />
<markable id="markable_124" span="word_125" tag="dt" mmax_level="pos" />
<markable id="markable_125" span="word_126" tag="in" mmax_level="pos" />
<markable id="markable_126" span="word_127" tag="dt" mmax_level="pos" />
<markable id="markable_127" span="word_128" tag="nn" mmax_level="pos" />
<markable id="markable_128" span="word_129" tag="in" mmax_level="pos" />
<markable id="markable_129" span="word_130" tag="dt" mmax_level="pos" />
<markable id="markable_130" span="word_131" tag="nn" mmax_level="pos" />
<markable id="markable_131" span="word_132" tag="dt" mmax_level="pos" />
<markable id="markable_132" span="word_133" tag="jj" mmax_level="pos" />
<markable id="markable_133" span="word_134" tag="jj" mmax_level="pos" />
<markable id="markable_134" span="word_135" tag="nns" mmax_level="pos" />
<markable id="markable_135" span="word_136" tag="vbd" mmax_level="pos" />
<markable id="markable_136" span="word_137" tag="rb" mmax_level="pos" />
<markable id="markable_137" span="word_138" tag="cc" mmax_level="pos" />
<markable id="markable_138" span="word_139" tag="vbd" mmax_level="pos" />
<markable id="markable_139" span="word_140" tag="prp" mmax_level="pos" />
<markable id="markable_140" span="word_141" tag="vb" mmax_level="pos" />
<markable id="markable_141" span="word_142" tag="rp" mmax_level="pos" />
<markable id="markable_142" span="word_143" tag="dt" mmax_level="pos" />
<markable id="markable_143" span="word_144" tag="nns" mmax_level="pos" />
<markable id="markable_144" span="word_145" tag="cc" mmax_level="pos" />
<markable id="markable_145" span="word_146" tag="vbg" mmax_level="pos" />
<markable id="markable_146" span="word_147" tag="prp" mmax_level="pos" />
<markable id="markable_147" span="word_148" tag="rp" mmax_level="pos" />
<markable id="markable_148" span="word_149" tag="cc" mmax_level="pos" />
<markable id="markable_149" span="word_150" tag="dt" mmax_level="pos" />
<markable id="markable_150" span="word_151" tag="nn" mmax_level="pos" />
<markable id="markable_151" span="word_152" tag="in" mmax_level="pos" />
<markable id="markable_152" span="word_153" tag="nn" mmax_level="pos" />
<markable id="markable_153" span="word_154" tag="cc" mmax_level="pos" />
<markable id="markable_154" span="word_155" tag="prp" mmax_level="pos" />
<markable id="markable_155" span="word_156" tag="vbd" mmax_level="pos" />
<markable id="markable_156" span="word_157" tag="in" mmax_level="pos" />
<markable id="markable_157" span="word_158" tag="nn" mmax_level="pos" />
<markable id="markable_158" span="word_159" tag="cc" mmax_level="pos" />
<markable id="markable_159" span="word_160" tag="cd" mmax_level="pos" />
<markable id="markable_160" span="word_161" tag="in" mmax_level="pos" />
<markable id="markable_161" span="word_162" tag="prp" mmax_level="pos" />
<markable id="markable_162" span="word_163" tag="vbd" mmax_level="pos" />
<markable id="markable_163" span="word_164" tag="prp" mmax_level="pos" />
<markable id="markable_164" span="word_165" tag="vb" mmax_level="pos" />
<markable id="markable_165" span="word_166" tag="prp" mmax_level="pos" />
<markable id="markable_166" span="word_167" tag="vbd" mmax_level="pos" />
<markable id="markable_167" span="word_168" tag="vbn" mmax_level="pos" />
<markable id="markable_168" span="word_169" tag="nn" mmax_level="pos" />
<markable id="markable_169" span="word_170" tag="cc" mmax_level="pos" />
<markable id="markable_170" span="word_171" tag="vbd" mmax_level="pos" />
<markable id="markable_171" span="word_172" tag="prp" mmax_level="pos" />
<markable id="markable_172" span="word_173" tag="nn" mmax_level="pos" />
<markable id="markable_173" span="word_174" tag="cc" mmax_level="pos" />
<markable id="markable_174" span="word_175" tag="prp" mmax_level="pos" />
<markable id="markable_175" span="word_176" tag="vbd" mmax_level="pos" />
<markable id="markable_176" span="word_177" tag="prp" mmax_level="pos" />
<markable id="markable_177" span="word_178" tag="in" mmax_level="pos" />
<markable id="markable_178" span="word_179" tag="prp" mmax_level="pos" />
<markable id="markable_179" span="word_180" tag="vbd" mmax_level="pos" />
<markable id="markable_180" span="word_181" tag="dt" mmax_level="pos" />
<markable id="markable_181" span="word_182" tag="cd" mmax_level="pos" />
<markable id="markable_182" span="word_183" tag="nns" mmax_level="pos" />
<markable id="markable_183" span="word_184" tag="dt" mmax_level="pos" />
<markable id="markable_184" span="word_185" tag="dt" mmax_level="pos" />
<markable id="markable_185" span="word_186" tag="nn" mmax_level="pos" />
<markable id="markable_186" span="word_187" tag="prp" mmax_level="pos" />
<markable id="markable_187" span="word_188" tag="vbd" mmax_level="pos" />
<markable id="markable_188" span="word_189" tag="vbg" mmax_level="pos" />
<markable id="markable_189" span="word_190" tag="rb" mmax_level="pos" />
<markable id="markable_190" span="word_191" tag="in" mmax_level="pos" />
<markable id="markable_191" span="word_192" tag="dt" mmax_level="pos" />
<markable id="markable_192" span="word_193" tag="nn" mmax_level="pos" />
<markable id="markable_193" span="word_194" tag="uh" mmax_level="pos" />
<markable id="markable_194" span="word_195" tag="in" mmax_level="pos" />
<markable id="markable_195" span="word_196" tag="dt" mmax_level="pos" />
<markable id="markable_196" span="word_197" tag="nn" mmax_level="pos" />
<markable id="markable_197" span="word_198" tag="wp" mmax_level="pos" />
<markable id="markable_198" span="word_199" tag="vbd" mmax_level="pos" />
<markable id="markable_199" span="word_200" tag="vbg" mmax_level="pos" />
<markable id="markable_200" span="word_201" tag="nns" mmax_level="pos" />
<markable id="markable_201" span="word_202" tag="in" mmax_level="pos" />
<markable id="markable_202" span="word_203" tag="dt" mmax_level="pos" />
<markable id="markable_203" span="word_204" tag="nn" mmax_level="pos" />
<markable id="markable_204" span="word_205" tag="nn" mmax_level="pos" />
<markable id="markable_205" span="word_206" tag="cc" mmax_level="pos" />
<markable id="markable_206" span="word_207" tag="in" mmax_level="pos" />
<markable id="markable_207" span="word_208" tag="dt" mmax_level="pos" />
<markable id="markable_208" span="word_209" tag="nn" mmax_level="pos" />
<markable id="markable_209" span="word_210" tag="prp" mmax_level="pos" />
<markable id="markable_210" span="word_211" tag="vbd" mmax_level="pos" />
<markable id="markable_211" span="word_212" tag="rb" mmax_level="pos" />
<markable id="markable_212" span="word_213" tag="dt" mmax_level="pos" />
<markable id="markable_213" span="word_214" tag="jj" mmax_level="pos" />
<markable id="markable_214" span="word_215" tag="nn" mmax_level="pos" />
<markable id="markable_215" span="word_216" tag="cc" mmax_level="pos" />
<markable id="markable_216" span="word_217" tag="vbd" mmax_level="pos" />
<markable id="markable_217" span="word_218" tag="in" mmax_level="pos" />
<markable id="markable_218" span="word_219" tag="dt" mmax_level="pos" />
<markable id="markable_219" span="word_220" tag="nn" mmax_level="pos" />
<markable id="markable_220" span="word_221" tag="in" mmax_level="pos" />
<markable id="markable_221" span="word_222" tag="nns" mmax_level="pos" />
<markable id="markable_222" span="word_223" tag="vbd" mmax_level="pos" />
<markable id="markable_223" span="word_224" tag="vbg" mmax_level="pos" />
<markable id="markable_224" span="word_225" tag="prp" mmax_level="pos" />
<markable id="markable_225" span="word_226" tag="vbd" mmax_level="pos" />
<markable id="markable_226" span="word_227" tag="dt" mmax_level="pos" />
<markable id="markable_227" span="word_228" tag="cd" mmax_level="pos" />
<markable id="markable_228" span="word_229" tag="nns" mmax_level="pos" />
<markable id="markable_229" span="word_230" tag="vbg" mmax_level="pos" />
<markable id="markable_230" span="word_231" tag="nns" mmax_level="pos" />
<markable id="markable_231" span="word_232" tag="in" mmax_level="pos" />
<markable id="markable_232" span="word_233" tag="prp" mmax_level="pos" />
<markable id="markable_233" span="word_234" tag="vbd" mmax_level="pos" />
<markable id="markable_234" span="word_235" tag="vbg" mmax_level="pos" />
<markable id="markable_235" span="word_236" tag="in" mmax_level="pos" />
<markable id="markable_236" span="word_237" tag="dt" mmax_level="pos" />
<markable id="markable_237" span="word_238" tag="nn" mmax_level="pos" />
<markable id="markable_238" span="word_239" tag="in" mmax_level="pos" />
<markable id="markable_239" span="word_240" tag="dt" mmax_level="pos" />
<markable id="markable_240" span="word_241" tag="nn" mmax_level="pos" />
<markable id="markable_241" span="word_242" tag="prp" mmax_level="pos" />
<markable id="markable_242" span="word_243" tag="vbd" mmax_level="pos" />
<markable id="markable_243" span="word_244" tag="rb" mmax_level="pos" />
<markable id="markable_244" span="word_245" tag="vb" mmax_level="pos" />
<markable id="markable_245" span="word_246" tag="prp" mmax_level="pos" />
<markable id="markable_246" span="word_247" tag="cc" mmax_level="pos" />
<markable id="markable_247" span="word_248" tag="vb" mmax_level="pos" />
<markable id="markable_248" span="word_249" tag="prp" mmax_level="pos" />
<markable id="markable_249" span="word_250" tag="wrb" mmax_level="pos" />
<markable id="markable_250" span="word_251" tag="prp" mmax_level="pos" />
<markable id="markable_251" span="word_252" tag="vbd" mmax_level="pos" />
<markable id="markable_252" span="word_253" tag="dt" mmax_level="pos" />
<markable id="markable_253" span="word_254" tag="nns" mmax_level="pos" />
<markable id="markable_254" span="word_255" tag="vbd" mmax_level="pos" />
<markable id="markable_255" span="word_256" tag="in" mmax_level="pos" />
<markable id="markable_256" span="word_257" tag="prp" mmax_level="pos" />
<markable id="markable_257" span="word_258" tag="prp" mmax_level="pos" />
<markable id="markable_258" span="word_259" tag="vbp" mmax_level="pos" />
<markable id="markable_259" span="word_260" tag="dt" mmax_level="pos" />
<markable id="markable_260" span="word_261" tag="vbd" mmax_level="pos" />
<markable id="markable_261" span="word_262" tag="prp" mmax_level="pos" />
<markable id="markable_262" span="word_263" tag="wdt" mmax_level="pos" />
<markable id="markable_263" span="word_264" tag="vbz" mmax_level="pos" />
<markable id="markable_264" span="word_265" tag="dt" mmax_level="pos" />
<markable id="markable_265" span="word_266" tag="prp" mmax_level="pos" />
<markable id="markable_266" span="word_267" tag="vb" mmax_level="pos" />
<markable id="markable_267" span="word_268" tag="prp" mmax_level="pos" />
<markable id="markable_268" span="word_269" tag="md" mmax_level="pos" />
<markable id="markable_269" span="word_270" tag="vb" mmax_level="pos" />
<markable id="markable_270" span="word_271" tag="vbn" mmax_level="pos" />
<markable id="markable_271" span="word_272" tag="prp" mmax_level="pos" />
<markable id="markable_272" span="word_273" tag="vb" mmax_level="pos" />
<markable id="markable_273" span="word_274" tag="nns" mmax_level="pos" />
<markable id="markable_274" span="word_275" tag="rb" mmax_level="pos" />
<markable id="markable_275" span="word_276" tag="wrb" mmax_level="pos" />
<markable id="markable_276" span="word_277" tag="prp" mmax_level="pos" />
<markable id="markable_277" span="word_278" tag="vbd" mmax_level="pos" />
<markable id="markable_278" span="word_279" tag="wp" mmax_level="pos" />
<markable id="markable_279" span="word_280" tag="vbd" mmax_level="pos" />
<markable id="markable_280" span="word_281" tag="dt" mmax_level="pos" />
<markable id="markable_281" span="word_282" tag="nn" mmax_level="pos" />
<markable id="markable_282" span="word_283" tag="nn" mmax_level="pos" />
<markable id="markable_283" span="word_284" tag="in" mmax_level="pos" />
<markable id="markable_284" span="word_285" tag="dt" mmax_level="pos" />
<markable id="markable_285" span="word_286" tag="nn" mmax_level="pos" />
<markable id="markable_286" span="word_287" tag="in" mmax_level="pos" />
<markable id="markable_287" span="word_288" tag="dt" mmax_level="pos" />
<markable id="markable_288" span="word_289" tag="nn" mmax_level="pos" />
<markable id="markable_289" span="word_290" tag="prp" mmax_level="pos" />
<markable id="markable_290" span="word_291" tag="vbp" mmax_level="pos" />
<markable id="markable_291" span="word_292" tag="rb" mmax_level="pos" />
<markable id="markable_292" span="word_293" tag="vb" mmax_level="pos" />
<markable id="markable_293" span="word_294" tag="nnp" mmax_level="pos" />
<markable id="markable_294" span="word_295" tag="uh" mmax_level="pos" />
</markables>
