<?xml version="1.0" encoding="US-ASCII"?>
<!DOCTYPE markables SYSTEM "markables.dtd">
<markables xmlns="www.eml.org/NameSpaces/phrase">
<markable id="markable_307" span="word_651" generic="generic-no"  person="per3"  related_object="no"  ambiguity="unambiguous"  gram_fnc="obj"  number="plur"  object="three kids"   reference="old"  phrase_antecedent="single_phrase"  category="person"  mmax_level="phrase"  ref_type="phrase"  gender="masc"  min_ids="word_651"  single_phrase_antecedent="markable_303"  min_words="them" />
<markable id="markable_258" span="word_496..word_497" generic="generic-no"  person="per3"  related_object="no"  ambiguity="unambiguous"  gram_fnc="adjunct"  number="sing"  object="hat"   reference="old"  phrase_antecedent="single_phrase"  category="concrete"  mmax_level="phrase"  ref_type="phrase"  gender="neut"  min_ids="word_497"  single_phrase_antecedent="markable_247"  min_words="hat" />
<markable id="markable_257" span="word_492" generic="generic-no"  person="per3"  related_object="no"  ambiguity="unambiguous"  gram_fnc="np-compl"  number="plur"  object="three kids"   reference="old"  phrase_antecedent="single_phrase"  category="person"  mmax_level="phrase"  ref_type="phrase"  gender="masc"  min_ids="word_492"  single_phrase_antecedent="markable_252"  min_words="them" />
<markable id="markable_308" span="word_655" generic="generic-no"  person="per3"  related_object="no"  ambiguity="unambiguous"  gram_fnc="obj"  number="plur"  object="three kids"   reference="old"  phrase_antecedent="single_phrase"  category="person"  mmax_level="phrase"  ref_type="phrase"  gender="undersp-gen"  min_ids="word_655"  single_phrase_antecedent="markable_307"  min_words="them" />
<markable id="markable_305" span="word_647..word_649" generic="generic-no"  person="per3"  related_object="no"  ambiguity="unambiguous"  gram_fnc="subj"  number="sing"  object="man"   reference="old"  phrase_antecedent="single_phrase"  category="person"  mmax_level="phrase"  ref_type="phrase"  gender="masc"  min_ids="word_647"  single_phrase_antecedent="markable_302"  min_words="he" />
<markable id="markable_259" span="word_505" person="per3"  non_ref_type="quantifier"  mmax_level="phrase"  gram_fnc="obj"  gender="neut"  number="sing"  min_ids="word_505"   reference="non_referring"  min_words="anything" />
<markable id="markable_254" span="word_486..word_488" generic="generic-no"  person="per3"  related_object="yes"  gram_fnc="adjunct"  number="sing"  object="direction"   reference="new"  category="abstract"  mmax_level="phrase"  related_phrase="markable_250"  gender="neut"  min_ids="word_488"  min_words="direction" />
<markable id="markable_253" span="word_482" generic="generic-no"  person="per3"  related_object="no"  ambiguity="unambiguous"  gram_fnc="subj"  number="sing"  object="little boy"   reference="old"  phrase_antecedent="single_phrase"  category="person"  mmax_level="phrase"  ref_type="phrase"  gender="masc"  min_ids="word_482"  single_phrase_antecedent="markable_238"  min_words="he" />
<markable id="markable_309" span="word_658" generic="generic-no"  person="per3"  related_object="no"  ambiguity="unambiguous"  gram_fnc="subj"  number="sing"  object="man"   reference="old"  phrase_antecedent="single_phrase"  category="person"  mmax_level="phrase"  ref_type="phrase"  gender="masc"  min_ids="word_658"  single_phrase_antecedent="markable_305"  min_words="he" />
<markable id="markable_255" span="word_490..word_492" generic="generic-no"  person="per3"  related_object="yes"  gram_fnc="subj"  number="sing"  object="one of three kids"   reference="new"  category="person"  mmax_level="phrase"  related_phrase="markable_252"  gender="masc"  min_ids="word_490"  min_words="one" />
<markable id="markable_250" span="word_473..word_474" generic="generic-no"  person="per3"  related_object="no"  ambiguity="unambiguous"  gram_fnc="adjunct"  number="sing"  object="road"   reference="old"  phrase_antecedent="single_phrase"  category="concrete"  mmax_level="phrase"  ref_type="phrase"  gender="neut"  min_ids="word_474"  single_phrase_antecedent="markable_244"  min_words="road" />
<markable id="markable_252" span="word_478" generic="generic-no"  person="per3"  related_object="no"  ambiguity="unambiguous"  gram_fnc="subj"  number="plur"  object="three kids"   reference="old"  phrase_antecedent="single_phrase"  category="person"  mmax_level="phrase"  ref_type="phrase"  gender="masc"  min_ids="word_478"  single_phrase_antecedent="markable_246"  min_words="they" />
<markable id="markable_251" span="word_476..word_480" generic="generic-no"  person="per3"  related_object="yes"  gram_fnc="adjunct"  number="sing"  object="direction"   reference="new"  category="abstract"  mmax_level="phrase"  related_phrase="markable_250"  gender="neut"  min_ids="word_477"  min_words="direction" />
<markable id="markable_101" span="word_41" generic="generic-no"  person="per3"  related_object="no"  ambiguity="unambiguous"  gram_fnc="subj"  number="sing"  object="man"   reference="old"  phrase_antecedent="single_phrase"  category="person"  mmax_level="phrase"  ref_type="phrase"  gender="masc"  min_ids="word_41"  single_phrase_antecedent="markable_96"  min_words="he" />
<markable id="markable_100" span="word_37..word_39" generic="generic-no"  person="per3"  related_object="no"  gram_fnc="adjunct"  number="sing"  object="pear tree"   reference="new"  category="concrete"  mmax_level="phrase"  gender="neut"  min_ids="word_39"  min_words="tree" />
<markable id="markable_105" span="word_50..word_52" generic="generic-no"  person="per3"  related_object="no"  ambiguity="unambiguous"  gram_fnc="subj"  number="sing"  object="man"   reference="old"  phrase_antecedent="single_phrase"  category="person"  mmax_level="phrase"  ref_type="phrase"  gender="masc"  min_ids="word_50"  single_phrase_antecedent="markable_101"  min_words="he" />
<markable id="markable_104" span="word_47..word_56" generic="generic-no"  person="per3"  related_object="no"  gram_fnc="obj"  number="sing"  object="idea"   reference="new"  category="abstract"  mmax_level="phrase"  gender="neut"  min_ids="word_48"  min_words="idea" />
<markable id="markable_103" span="word_45" person="per2"  non_ref_type="unknown"  gram_fnc="subj"  number="sing"   reference="non_referring"  mmax_level="phrase"  gender="undersp-gen"  min_ids="word_45"  comment="impersonal you"  min_words="you" />
<markable id="markable_247" span="word_468" generic="generic-no"  person="per3"  related_object="no"  ambiguity="unambiguous"  gram_fnc="obj"  number="sing"  object="hat"   reference="old"  phrase_antecedent="single_phrase"  category="concrete"  mmax_level="phrase"  ref_type="phrase"  gender="neut"  min_ids="word_468"  single_phrase_antecedent="markable_187"  min_words="hat" />
<markable id="markable_246" span="word_466" generic="generic-no"  person="per3"  related_object="no"  ambiguity="unambiguous"  gram_fnc="subj"  number="plur"  object="three kids"   reference="old"  phrase_antecedent="single_phrase"  category="person"  mmax_level="phrase"  ref_type="phrase"  gender="masc"  min_ids="word_466"  single_phrase_antecedent="markable_243"  min_words="they" />
<markable id="markable_439" span="word_370" min_ids="word_370" generic="generic-no"  person="per3"  related_object="no"  ambiguity="unambiguous"  gram_fnc="adjunct"  number="sing"   phrase_antecedent="single_phrase"  reference="old"  category="space"  mmax_level="phrase"  ref_type="phrase"  gender="neut"  single_phrase_antecedent="markable_203"  min_words="there" />
<markable id="markable_244" span="word_461..word_462" generic="generic-no"  person="per3"  related_object="no"  ambiguity="unambiguous"  gram_fnc="adjunct"  number="sing"  object="road"   reference="old"  phrase_antecedent="single_phrase"  category="concrete"  mmax_level="phrase"  ref_type="phrase"  gender="neut"  min_ids="word_462"  single_phrase_antecedent="markable_176"  min_words="road" />
<markable id="markable_438" span="word_244..word_253" person="per3"  non_ref_type="coordination"  mmax_level="phrase"  gram_fnc="obj"  gender="neut"  number="undersp-num"   comment="coord"  reference="non_referring" />
<markable id="markable_243" span="word_458" generic="generic-no"  person="per3"  related_object="no"  ambiguity="unambiguous"  gram_fnc="subj"  number="plur"  object="three kids"   reference="old"  phrase_antecedent="single_phrase"  category="person"  mmax_level="phrase"  ref_type="phrase"  gender="masc"  min_ids="word_458"  single_phrase_antecedent="markable_235"  min_words="they" />
<markable id="markable_437" span="word_246..word_247" min_ids="word_247" generic="generic-no"  person="per3"  related_object="yes"  gram_fnc="obj"  number="plur"   reference="new"  category="concrete"  mmax_level="phrase"  related_phrase="markable_137"  gender="neut"  min_words="pears" />
<markable id="markable_112" span="word_67..word_70" person="per3"  non_ref_type="quantifier"  mmax_level="phrase"  gram_fnc="obj"  gender="neut"  number="sing"  min_ids="word_67..word_69"   reference="non_referring"  min_words="a lot of" />
<markable id="markable_114" span="word_70" generic="generic-no"  person="per3"  related_object="no"  gram_fnc="np-part"  number="sing"  object="work"   reference="new"  category="abstract"  mmax_level="phrase"  gender="neut"  min_ids="word_70"  min_words="work" />
<markable id="markable_442" span="word_399" min_ids="word_399" generic="generic-yes"  person="per3"  related_object="no"  gram_fnc="subj"  number="plur"   reference="new"  category="person"  mmax_level="phrase"  gender="undersp-gen"  min_words="kids" />
<markable id="markable_302" span="word_634" generic="generic-no"  person="per3"  related_object="no"  ambiguity="unambiguous"  gram_fnc="subj"  number="sing"  object="man"   reference="old"  phrase_antecedent="single_phrase"  category="person"  mmax_level="phrase"  ref_type="phrase"  gender="masc"  min_ids="word_634"  single_phrase_antecedent="markable_290"  min_words="he" />
<markable id="markable_443" span="word_622" min_ids="word_622" generic="generic-no"  person="per3"  related_object="no"  gram_fnc="np-compl"  number="sing"   reference="new"  category="abstract"  mmax_level="phrase"  gender="neut"  min_words="bewilderment" />
<markable id="markable_301" span="word_631" person="per2"  non_ref_type="unknown"  gram_fnc="subj"  number="sing"   reference="non_referring"  mmax_level="phrase"  gender="undersp-gen"  min_ids="word_631"  comment="impersonal you"  min_words="well-you" />
<markable id="markable_440" span="word_379..word_380" min_ids="word_380" generic="generic-no"  person="per3"  related_object="no"  ambiguity="unambiguous"  gram_fnc="subj"  number="sing"   phrase_antecedent="single_phrase"  reference="old"  category="abstract"  mmax_level="phrase"  ref_type="phrase"  gender="neut"  single_phrase_antecedent="markable_212"  min_words="look" />
<markable id="markable_304" span="word_643" generic="generic-no"  phrase_antecedent_2="single_phrase"  person="per3"  gram_fnc="obj"  ambiguity="ambiguous"  single_phrase_antecedent_2="markable_285"  object="pears"   related_object_2="no"  mmax_level="phrase"  ref_type="phrase"  gender="neut"  min_words="pears"  ref_type_2="phrase"  generic_2="generic-no"  related_object="no"  category_2="concrete"  number="plur"  phrase_antecedent="single_phrase"  reference="old"  category="concrete"  min_ids="word_643"  single_phrase_antecedent="markable_283" />
<markable id="markable_239" span="word_451..word_452" generic="generic-no"  person="per3"  related_object="no"  ambiguity="unambiguous"  gram_fnc="adjunct"  number="sing"  object="bicycle"   reference="old"  phrase_antecedent="single_phrase"  category="concrete"  mmax_level="phrase"  ref_type="phrase"  gender="neut"  min_ids="word_452"  single_phrase_antecedent="markable_234"  min_words="bicycle" />
<markable id="markable_441" span="word_385..word_400" person="per3"  non_ref_type="coordination"  mmax_level="phrase"  gram_fnc="obj"  gender="neut"  number="sing"   comment="coord"  reference="non_referring" />
<markable id="markable_303" span="word_639" generic="generic-no"  person="per3"  related_object="no"  ambiguity="unambiguous"  gram_fnc="obj"  number="plur"  object="three kids"   reference="old"  phrase_antecedent="single_phrase"  category="person"  mmax_level="phrase"  ref_type="phrase"  gender="masc"  min_ids="word_639"  single_phrase_antecedent="markable_287"  min_words="them" />
<markable id="markable_276" span="word_558..word_559" generic="generic-no"  person="per3"  related_object="no"  ambiguity="unambiguous"  gram_fnc="obj"  number="plur"  object="pears"   reference="old"  phrase_antecedent="single_phrase"  category="concrete"  mmax_level="phrase"  ref_type="phrase"  gender="neut"  min_ids="word_559"  single_phrase_antecedent="markable_230"  min_words="pears" />
<markable id="markable_275" span="word_552..word_584" generic="generic-no"  person="per3"  related_object="no"  ambiguity="unambiguous"  gram_fnc="adjunct"  number="sing"  object="man"   reference="old"  phrase_antecedent="single_phrase"  category="person"  mmax_level="phrase"  ref_type="phrase"  gender="masc"  min_ids="word_553"  single_phrase_antecedent="markable_148"  min_words="man" />
<markable id="markable_278" span="word_568..word_569" generic="generic-no"  person="per3"  related_object="no"  ambiguity="unambiguous"  gram_fnc="adjunct"  number="sing"  object="ladder"   reference="old"  phrase_antecedent="single_phrase"  category="concrete"  mmax_level="phrase"  ref_type="phrase"  gender="neut"  min_ids="word_569"  single_phrase_antecedent="markable_136"  min_words="ladder" />
<markable id="markable_277" span="word_562..word_563" generic="generic-no"  person="per3"  related_object="no"  gram_fnc="adjunct"  number="sing"  object="meantime"   reference="new"  category="time"  mmax_level="phrase"  gender="neut"  min_ids="word_563"  min_words="meantime" />
<markable id="markable_270" span="word_537..word_543" generic="generic-no"  person="per3"  related_object="no"  ambiguity="unambiguous"  gram_fnc="adjunct"  number="sing"  object="direction"   reference="old"  phrase_antecedent="single_phrase"  category="abstract"  mmax_level="phrase"  ref_type="phrase"  gender="neut"  min_ids="word_538"  single_phrase_antecedent="markable_251"  min_words="direction" />
<markable id="markable_272" span="word_541..word_542" generic="generic-no"  person="per3"  related_object="no"  ambiguity="unambiguous"  gram_fnc="subj"  number="sing"  object="little boy"   reference="old"  phrase_antecedent="single_phrase"  category="person"  mmax_level="phrase"  ref_type="phrase"  gender="masc"  min_ids="word_542"  single_phrase_antecedent="markable_262"  min_words="boy" />
<markable id="markable_273" span="word_547" generic="generic-no"  person="per3"  related_object="no"  ambiguity="unambiguous"  gram_fnc="subj"  number="plur"  object="three kids"   reference="old"  phrase_antecedent="single_phrase"  category="person"  mmax_level="phrase"  ref_type="phrase"  gender="masc"  min_ids="word_547"  single_phrase_antecedent="markable_268"  min_words="they" />
<markable id="markable_267" span="word_528..word_529" generic="generic-no"  person="per3"  related_object="yes"  ambiguity="unambiguous"  gram_fnc="adjunct"  number="plur"  object="three kids"   reference="old"  phrase_antecedent="single_phrase"  category="person"  mmax_level="phrase"  related_phrase="markable_262"  ref_type="phrase"  gender="undersp-gen"  min_ids="word_529"  single_phrase_antecedent="markable_257"  min_words="kids" />
<markable id="markable_266" span="word_525" generic="generic-no"  person="per3"  related_object="no"  ambiguity="unambiguous"  gram_fnc="obj"  number="plur"  object="three pears"   reference="old"  phrase_antecedent="single_phrase"  category="concrete"  mmax_level="phrase"  ref_type="phrase"  gender="neut"  min_ids="word_525"  single_phrase_antecedent="markable_264"  min_words="them" />
<markable id="markable_264" span="word_520..word_521" generic="generic-no"  person="per3"  related_object="yes"  gram_fnc="obj"  number="plur"  object="three pears"   reference="new"  category="concrete"  mmax_level="phrase"  related_phrase="markable_230"  gender="neut"  min_ids="word_521"  min_words="pears" />
<markable id="markable_268" span="word_532..word_533" generic="generic-no"  person="per3"  related_object="no"  ambiguity="unambiguous"  gram_fnc="subj"  number="plur"  object="three kids"   reference="old"  phrase_antecedent="single_phrase"  category="person"  mmax_level="phrase"  ref_type="phrase"  gender="undersp-gen"  min_ids="word_533"  single_phrase_antecedent="markable_267"  min_words="kids" />
<markable id="markable_263" span="word_516..word_517" generic="generic-no"  person="per3"  related_object="no"  ambiguity="unambiguous"  gram_fnc="adjunct"  number="sing"  object="basket"   reference="old"  phrase_antecedent="single_phrase"  category="concrete"  mmax_level="phrase"  ref_type="phrase"  gender="neut"  min_ids="word_517"  single_phrase_antecedent="markable_232"  min_words="basket" />
<markable id="markable_262" span="word_513" generic="generic-no"  person="per3"  related_object="no"  ambiguity="unambiguous"  gram_fnc="subj"  number="sing"  object="little boy"   reference="old"  phrase_antecedent="single_phrase"  category="person"  mmax_level="phrase"  ref_type="phrase"  gender="masc"  min_ids="word_513"  single_phrase_antecedent="markable_260"  min_words="her" />
<markable id="markable_261" span="word_510..word_511" generic="generic-no"  person="per3"  related_object="no"  ambiguity="unambiguous"  gram_fnc="obj"  number="sing"  object="hat"   reference="old"  phrase_antecedent="single_phrase"  category="concrete"  mmax_level="phrase"  ref_type="phrase"  gender="neut"  min_ids="word_511"  single_phrase_antecedent="markable_258"  min_words="hat" />
<markable id="markable_260" span="word_508" generic="generic-no"  person="per3"  related_object="no"  ambiguity="unambiguous"  gram_fnc="comp"  number="sing"  object="little boy"   reference="old"  phrase_antecedent="single_phrase"  category="person"  mmax_level="phrase"  ref_type="phrase"  gender="masc"  min_ids="word_508"  single_phrase_antecedent="markable_253"  min_words="him" />
<markable id="markable_215" span="word_385..word_387" generic="operator-modal"  person="per3"  related_object="no"  gram_fnc="obj"  number="sing"   reference="new"  category="abstract"  mmax_level="phrase"  gender="neut"  min_ids="word_387"  min_words="grin" />
<markable id="markable_212" span="word_376" generic="generic-no"  person="per3"  related_object="no"  gram_fnc="subj"  number="sing"   reference="new"  category="abstract"  mmax_level="phrase"  gender="neut"  min_ids="word_376"  min_words="it" />
<markable id="markable_160" span="word_199..word_200" generic="generic-no"  person="per3"  related_object="no"  ambiguity="unambiguous"  gram_fnc="adjunct"  number="sing"  object="goat"   reference="old"  phrase_antecedent="single_phrase"  category="animate"  mmax_level="phrase"  ref_type="phrase"  gender="undersp-gen"  min_ids="word_200"  single_phrase_antecedent="markable_150"  min_words="goat" />
<markable id="markable_161" span="word_202..word_203" generic="generic-no"  person="per3"  related_object="no"  ambiguity="unambiguous"  gram_fnc="subj"  number="sing"  object="goat"   reference="old"  phrase_antecedent="single_phrase"  category="animate"  mmax_level="phrase"  ref_type="phrase"  gender="undersp-gen"  min_ids="word_203"  single_phrase_antecedent="markable_160"  min_words="goat" />
<markable id="markable_141" span="word_145..word_147" person="per3"  non_ref_type="predicate"  mmax_level="phrase"  gram_fnc="predicate"  gender="undersp-gen"  number="sing"  min_ids="word_147"   reference="non_referring"  min_words="picker" />
<markable id="markable_207" span="word_361..word_362" generic="generic-no"  person="per3"  related_object="no"  ambiguity="unambiguous"  gram_fnc="obj"  number="sing"  object="shot (camera)"   reference="old"  phrase_antecedent="single_phrase"  category="abstract"  mmax_level="phrase"  ref_type="phrase"  gender="neut"  min_ids="word_362"  single_phrase_antecedent="markable_195"  min_words="shot" />
<markable id="markable_142" span="word_148" generic="generic-no"  person="per3"  related_object="no"  gram_fnc="subj"  number="sing"  object="fruit picker"   reference="new"  category="person"  mmax_level="phrase"  gender="undersp-gen"  min_ids="word_148"  min_words="he" />
<markable id="markable_206" span="word_359" person="per2"  non_ref_type="unknown"  gram_fnc="subj"  number="sing"   reference="non_referring"  mmax_level="phrase"  gender="undersp-gen"  min_ids="word_359"  comment="impersonal you"  min_words="you" />
<markable id="markable_162" span="word_209..word_210" generic="generic-no"  person="per3"  related_object="no"  gram_fnc="adjunct"  number="sing"  object="leash"   reference="new"  category="concrete"  mmax_level="phrase"  gender="neut"  min_ids="word_210"  min_words="leash" />
<markable id="markable_163" span="word_213..word_215" person="per3"  non_ref_type="quantifier"  mmax_level="phrase"  gram_fnc="obj"  gender="neut"  number="plur"  min_ids="word_213"   reference="non_referring"  min_words="all" />
<markable id="markable_208" span="word_365" generic="generic-no"  person="per3"  related_object="no"  ambiguity="unambiguous"  gram_fnc="subj"  number="plur"  object="three kids"   reference="old"  phrase_antecedent="single_phrase"  category="person"  mmax_level="phrase"  ref_type="phrase"  gender="undersp-gen"  min_ids="word_365"  single_phrase_antecedent="markable_205"  min_words="they" />
<markable id="markable_164" span="word_221..word_223" generic="generic-no"  person="per3"  related_object="no"  gram_fnc="subj"  number="sing"  object="little boy"   reference="new"  category="person"  mmax_level="phrase"  gender="masc"  min_ids="word_223"  min_words="boy" />
<markable id="markable_140" span="word_143" person="per3"  non_ref_type="idiom"  mmax_level="phrase"  gram_fnc="obj"  gender="neut"  number="sing"  min_ids="word_143"   reference="non_referring"  min_words="it" />
<markable id="markable_146" span="word_161" generic="generic-no"  person="per1"  related_object="no"  gram_fnc="subj"  number="sing"  object="speaker"   reference="new"  category="person"  mmax_level="phrase"  gender="neut"  min_ids="word_161"  min_words="i" />
<markable id="markable_166" span="word_227..word_237" generic="generic-no"  person="per3"  related_object="no"  gram_fnc="adjunct"  number="sing"  object="bicycle"   reference="new"  category="concrete"  mmax_level="phrase"  gender="neut"  min_ids="word_228"  min_words="bicycle" />
<markable id="markable_143" span="word_153..word_154" generic="generic-no"  person="per3"  related_object="no"  gram_fnc="subj"  number="plur"  object="different people (unknown)"   reference="new"  category="person"  mmax_level="phrase"  gender="undersp-gen"  min_ids="word_154"  min_words="people" />
<markable id="markable_167" span="word_235" generic="generic-no"  person="per3"  related_object="no"  ambiguity="unambiguous"  gram_fnc="adj-mod"  number="sing"  object="little boy"   reference="old"  phrase_antecedent="single_phrase"  category="person"  mmax_level="phrase"  ref_type="phrase"  gender="masc"  min_ids="word_235"  single_phrase_antecedent="markable_164"  min_words="him" />
<markable id="markable_168" span="word_239" generic="generic-no"  person="per3"  related_object="no"  ambiguity="unambiguous"  gram_fnc="subj"  number="sing"  object="little boy"   reference="old"  phrase_antecedent="single_phrase"  category="person"  mmax_level="phrase"  ref_type="phrase"  gender="masc"  min_ids="word_239"  single_phrase_antecedent="markable_167"  min_words="he" />
<markable id="markable_144" span="word_157" generic="generic-no"  person="per3"  related_object="no"  ambiguity="unambiguous"  gram_fnc="adjunct"  number="sing"  object="man"   reference="old"  phrase_antecedent="single_phrase"  category="person"  mmax_level="phrase"  ref_type="phrase"  gender="masc"  min_ids="word_157"  single_phrase_antecedent="markable_142"  min_words="him" />
<markable id="markable_169" span="word_244..word_247" generic="generic-no"  person="per3"  related_object="yes"  gram_fnc="obj"  number="undersp-num"  object="one or two pears"   reference="new"  category="concrete"  mmax_level="phrase"  related_phrase="empty"  gender="neut"  min_ids="word_247"  comment="coord"  min_words="pears" />
<markable id="markable_147" span="word_166" generic="generic-no"  person="per3"  related_object="no"  gram_fnc="subj"  number="sing"  object="unknown person"   reference="new"  category="person"  mmax_level="phrase"  gender="undersp-gen"  min_ids="word_166"  min_words="somebody" />
<markable id="markable_148" span="word_169" generic="generic-no"  person="per3"  related_object="no"  ambiguity="unambiguous"  gram_fnc="adjunct"  number="sing"  object="man"   reference="old"  phrase_antecedent="single_phrase"  category="person"  mmax_level="phrase"  ref_type="phrase"  gender="masc"  min_ids="word_169"  single_phrase_antecedent="markable_144"  min_words="him" />
<markable id="markable_204" span="word_346" person="per2"  non_ref_type="unknown"  gram_fnc="subj"  number="sing"   reference="non_referring"  mmax_level="phrase"  gender="undersp-gen"  min_ids="word_346"  comment="impersonal you"  min_words="you" />
<markable id="markable_205" span="word_353" generic="generic-no"  person="per3"  related_object="no"  ambiguity="unambiguous"  gram_fnc="subj"  number="plur"  object="three kids"   reference="old"  phrase_antecedent="single_phrase"  category="person"  mmax_level="phrase"  ref_type="phrase"  gender="undersp-gen"  min_ids="word_353"  single_phrase_antecedent="markable_199"  min_words="they" />
<markable id="markable_203" span="word_343..word_344" generic="generic-no"  person="per3"  related_object="yes"  gram_fnc="adjunct"  number="sing"  object="roadside"   reference="new"  category="space"  mmax_level="phrase"  related_phrase="markable_192"  gender="neut"  min_ids="word_344"  min_words="roadside" />
<markable id="markable_170" span="word_249..word_253" generic="generic-no"  person="per3"  related_object="yes"  gram_fnc="obj"  number="sing"  object="basket of pears"   reference="new"  category="concrete"  mmax_level="phrase"  related_phrase="markable_138"  gender="neut"  min_ids="word_251"  min_words="basket" />
<markable id="markable_150" span="word_171..word_172" generic="generic-no"  person="per3"  related_object="no"  gram_fnc="adjunct"  number="sing"  object="goat"   reference="new"  category="animate"  mmax_level="phrase"  gender="undersp-gen"  min_ids="word_172"  min_words="goat" />
<markable id="markable_175" span="word_265..word_266" generic="generic-no"  phrase_antecedent_2="single_phrase"  person="per3"  gram_fnc="adjunct"  ambiguity="ambiguous"  single_phrase_antecedent_2="markable_122"  object="pears"   related_object_2="no"  mmax_level="phrase"  ref_type="phrase"  gender="neut"  min_words="pears"  ref_type_2="phrase"  generic_2="generic-no"  related_object="no"  category_2="concrete"  number="sing"  phrase_antecedent="single_phrase"  reference="old"  category="concrete"  min_ids="word_266"  single_phrase_antecedent="markable_170" />
<markable id="markable_151" span="word_173" generic="generic-no"  person="per1"  related_object="no"  ambiguity="unambiguous"  gram_fnc="subj"  number="sing"  object="speaker"   reference="old"  phrase_antecedent="single_phrase"  category="person"  mmax_level="phrase"  ref_type="phrase"  gender="undersp-gen"  min_ids="word_173"  single_phrase_antecedent="markable_146"  min_words="i" />
<markable id="markable_172" span="word_253" generic="generic-yes"  person="per3"  related_object="no"  ambiguity="unambiguous"  gram_fnc="np-compl"  number="sing"  object="pears"   reference="old"  phrase_antecedent="single_phrase"  category="concrete"  mmax_level="phrase"  ref_type="phrase"  gender="neut"  min_ids="word_253"  single_phrase_antecedent="markable_431"  min_words="pears" />
<markable id="markable_152" span="word_178" person="per2"  non_ref_type="unknown"  gram_fnc="subj"  number="sing"   reference="non_referring"  mmax_level="phrase"  gender="undersp-gen"  min_ids="word_178"  comment="impersonal you"  min_words="you" />
<markable id="markable_173" span="word_259..word_260" generic="generic-no"  person="per3"  related_object="no"  gram_fnc="adj-mod"  number="sing"  object="road"   reference="new"  category="concrete"  mmax_level="phrase"  gender="neut"  min_ids="word_260"  min_words="road" />
<markable id="markable_153" span="word_181" generic="generic-no"  person="per1"  related_object="no"  ambiguity="unambiguous"  gram_fnc="subj"  number="sing"  object="speaker"   reference="old"  phrase_antecedent="single_phrase"  category="person"  mmax_level="phrase"  ref_type="phrase"  gender="undersp-gen"  min_ids="word_181"  single_phrase_antecedent="markable_151"  min_words="i" />
<markable id="markable_178" span="word_274..word_276" generic="generic-no"  person="per3"  related_object="no"  gram_fnc="obj"  number="sing"  object="girl"   reference="new"  category="person"  mmax_level="phrase"  gender="fem"  min_ids="word_276"  min_words="girl" />
<markable id="markable_179" span="word_279..word_280" generic="generic-no"  person="per3"  related_object="no"  gram_fnc="adjunct"  number="sing"  object="bicycle"   reference="new"  category="concrete"  mmax_level="phrase"  gender="neut"  min_ids="word_280"  min_words="bicycle" />
<markable id="markable_176" span="word_269..word_270" generic="generic-no"  person="per3"  related_object="no"  ambiguity="unambiguous"  gram_fnc="adjunct"  number="sing"  object="road"   reference="old"  phrase_antecedent="single_phrase"  category="concrete"  mmax_level="phrase"  ref_type="phrase"  gender="neut"  min_ids="word_270"  single_phrase_antecedent="markable_173"  min_words="road" />
<markable id="markable_177" span="word_271" generic="generic-no"  person="per3"  related_object="no"  ambiguity="unambiguous"  gram_fnc="subj"  number="sing"  object="little boy"   reference="old"  phrase_antecedent="single_phrase"  category="person"  mmax_level="phrase"  ref_type="phrase"  gender="masc"  min_ids="word_271"  single_phrase_antecedent="markable_168"  min_words="he" />
<markable id="markable_158" span="word_184..word_188" person="per3"  non_ref_type="idiom"  mmax_level="phrase"  gram_fnc="adjunct"  gender="neut"  number="sing"  min_ids="word_188"   reference="non_referring"  min_words="anticipation" />
<markable id="markable_159" span="word_191..word_192" generic="generic-no"  person="per3"  related_object="no"  ambiguity="unambiguous"  gram_fnc="subj"  number="sing"  object="guy"   reference="old"  phrase_antecedent="single_phrase"  category="person"  mmax_level="phrase"  ref_type="phrase"  gender="masc"  min_ids="word_192"  single_phrase_antecedent="markable_147"  min_words="guy" />
<markable id="markable_431" span="word_38" min_ids="word_38" generic="generic-yes"  person="per3"  related_object="no"  ambiguity="unambiguous"  gram_fnc="np-mod"  number="sing"   phrase_antecedent="single_phrase"  reference="old"  category="concrete"  mmax_level="phrase"  ref_type="phrase"  gender="neut"  single_phrase_antecedent="markable_98"  min_words="pear" />
<markable id="markable_430" span="word_323..word_324" generic="generic-no"  person="per3"  related_object="no"  ambiguity="unambiguous"  gram_fnc="np-part"  number="plur"  object="pears"   reference="old"  phrase_antecedent="single_phrase"  category="concrete"  mmax_level="phrase"  ref_type="phrase"  gender="neut"  min_ids="word_324"  single_phrase_antecedent="markable_175"  min_words="pears" />
<markable id="markable_436" span="word_244,word_247" generic="generic-no"  person="per3"  related_object="yes"  gram_fnc="obj"  number="sing"   reference="new"  category="abstract"  mmax_level="phrase"  related_phrase="markable_137"  gender="neut"  min_words="pears"  min_ids="word_247" />
<markable id="markable_435" span="word_217..word_219" min_ids="word_217" generic="generic-no"  person="per3"  related_object="no"  gram_fnc="subj"  number="sing"   reference="new"  category="abstract"  mmax_level="phrase"  gender="neut"  min_words="what" />
<markable id="markable_434" span="word_187..word_188" min_ids="word_188" generic="generic-no"  person="per3"  related_object="no"  gram_fnc="np-compl"  number="sing"   reference="new"  category="abstract"  mmax_level="phrase"  gender="neut"  min_words="anticipation" />
<markable id="markable_433" span="word_146" min_ids="word_146" generic="generic-yes"  person="per3"  related_object="yes"  gram_fnc="np-mod"  number="sing"   reference="new"  category="concrete"  mmax_level="phrase"  related_phrase="markable_137"  gender="neut"  min_words="fruit" />
<markable id="markable_230" span="word_422..word_423" generic="generic-no"  person="per3"  related_object="no"  ambiguity="unambiguous"  gram_fnc="obj"  number="plur"  object="pears"   reference="old"  phrase_antecedent="single_phrase"  category="concrete"  mmax_level="phrase"  ref_type="phrase"  gender="neut"  min_ids="word_423"  single_phrase_antecedent="markable_430"  min_words="pears" />
<markable id="markable_231" span="word_425" generic="generic-no"  person="per3"  related_object="no"  ambiguity="unambiguous"  gram_fnc="adjunct"  number="sing"  object="little boy"   reference="old"  phrase_antecedent="single_phrase"  category="person"  mmax_level="phrase"  ref_type="phrase"  gender="masc"  min_ids="word_425"  single_phrase_antecedent="markable_228"  min_words="him" />
<markable id="markable_232" span="word_428..word_429" generic="generic-no"  person="per3"  related_object="no"  ambiguity="unambiguous"  gram_fnc="obj"  number="sing"  object="basket"   reference="old"  phrase_antecedent="single_phrase"  category="concrete"  mmax_level="phrase"  ref_type="phrase"  gender="neut"  min_ids="word_429"  single_phrase_antecedent="markable_170"  min_words="basket" />
<markable id="markable_233" span="word_431" generic="generic-no"  person="per3"  related_object="no"  ambiguity="unambiguous"  gram_fnc="subj"  number="sing"  object="little boy"   reference="old"  phrase_antecedent="single_phrase"  category="person"  mmax_level="phrase"  ref_type="phrase"  gender="masc"  min_ids="word_431"  single_phrase_antecedent="markable_231"  min_words="he" />
<markable id="markable_234" span="word_435..word_436" generic="generic-no"  person="per3"  related_object="no"  ambiguity="unambiguous"  gram_fnc="adjunct"  number="sing"  object="bicycle"   reference="old"  phrase_antecedent="single_phrase"  category="concrete"  mmax_level="phrase"  ref_type="phrase"  gender="neut"  min_ids="word_436"  single_phrase_antecedent="markable_166"  min_words="bicycle" />
<markable id="markable_235" span="word_442" generic="generic-no"  person="per3"  related_object="no"  ambiguity="unambiguous"  gram_fnc="subj"  number="plur"  object="three kids"   reference="old"  phrase_antecedent="single_phrase"  category="person"  mmax_level="phrase"  ref_type="phrase"  gender="masc"  min_ids="word_442"  single_phrase_antecedent="markable_227"  min_words="they" />
<markable id="markable_237" span="word_445..word_446" person="per3"  non_ref_type="incomplete"  mmax_level="phrase"  gram_fnc="adjunct"  gender="neut"  number="sing"  min_ids="word_446"   reference="non_referring"  min_words="r" />
<markable id="markable_238" span="word_447" generic="generic-no"  person="per3"  related_object="no"  ambiguity="unambiguous"  gram_fnc="subj"  number="sing"  object="little boy"   reference="old"  phrase_antecedent="single_phrase"  category="person"  mmax_level="phrase"  ref_type="phrase"  gender="masc"  min_ids="word_447"  single_phrase_antecedent="markable_233"  min_words="he" />
<markable id="markable_183" span="word_296" generic="generic-no"  person="per3"  related_object="no"  gram_fnc="subj"  number="sing"  object="hat"   reference="new"  category="concrete"  mmax_level="phrase"  gender="neut"  min_ids="word_296"  min_words="hat" />
<markable id="markable_120" span="word_82" generic="generic-no"  person="per3"  related_object="no"  ambiguity="unambiguous"  gram_fnc="subj"  number="sing"  object="man"   reference="old"  phrase_antecedent="single_phrase"  category="person"  mmax_level="phrase"  ref_type="phrase"  gender="masc"  min_ids="word_82"  single_phrase_antecedent="markable_105"  min_words="he" />
<markable id="markable_287" span="word_588..word_589" generic="generic-no"  person="per3"  related_object="no"  ambiguity="unambiguous"  gram_fnc="subj"  number="plur"  object="three kids"   reference="old"  phrase_antecedent="single_phrase"  category="person"  mmax_level="phrase"  ref_type="phrase"  gender="masc"  min_ids="word_589"  single_phrase_antecedent="markable_273"  min_words="kids" />
<markable id="markable_228" span="word_417" generic="generic-no"  person="per3"  related_object="no"  ambiguity="unambiguous"  gram_fnc="obj"  number="sing"  object="little boy"   reference="old"  phrase_antecedent="single_phrase"  category="person"  mmax_level="phrase"  ref_type="phrase"  gender="masc"  min_ids="word_417"  single_phrase_antecedent="markable_226"  min_words="him" />
<markable id="markable_288" span="word_593..word_595" generic="generic-no"  person="per3"  related_object="no"  gram_fnc="adjunct"  number="sing"  object="direction"   reference="new"  category="abstract"  mmax_level="phrase"  gender="neut"  min_ids="word_595"  min_words="direction" />
<markable id="markable_186" span="word_300" generic="generic-no"  person="per3"  related_object="no"  ambiguity="unambiguous"  gram_fnc="subj"  number="sing"  object="little boy"   reference="old"  phrase_antecedent="single_phrase"  category="person"  mmax_level="phrase"  ref_type="phrase"  gender="masc"  min_ids="word_300"  single_phrase_antecedent="markable_177"  min_words="helooks" />
<markable id="markable_289" span="word_597" generic="generic-no"  person="per3"  related_object="no"  ambiguity="unambiguous"  gram_fnc="obj"  number="plur"  object="three pears"   reference="old"  phrase_antecedent="single_phrase"  category="concrete"  mmax_level="phrase"  ref_type="phrase"  gender="neut"  min_ids="word_597"  single_phrase_antecedent="markable_266"  min_words="pears" />
<markable id="markable_180" span="word_282..word_284" generic="generic-no"  person="per3"  related_object="yes"  gram_fnc="adjunct"  number="sing"  object="direction"   reference="new"  category="abstract"  mmax_level="phrase"  related_phrase="markable_176"  gender="neut"  min_ids="word_284"  min_words="direction" />
<markable id="markable_181" span="word_287" generic="generic-no"  person="per3"  related_object="no"  ambiguity="unambiguous"  gram_fnc="subj"  number="plur"  object="little boy and girl"   reference="old"  phrase_antecedent="multiple_phrases"  category="person"  mmax_level="phrase"  multiple_phrase_antecedents="markable_178;markable_177"  ref_type="phrase"  gender="undersp-gen"  min_ids="word_287"  min_words="they" />
<markable id="markable_182" span="word_292..word_293" person="per3"  non_ref_type="quantifier"  mmax_level="phrase"  gram_fnc="adjunct"  gender="undersp-gen"  number="plur"  min_ids="word_292..word_293"   reference="non_referring"  min_words="each other" />
<markable id="markable_127" span="word_100..word_103" generic="generic-no"  person="per3"  related_object="no"  gram_fnc="obj"  number="sing"  object="sound (crunch)"   reference="new"  category="abstract"  mmax_level="phrase"  gender="neut"  min_ids="word_103"  min_words="crunch" />
<markable id="markable_429" span="word_214..word_215" generic="generic-no"  person="per3"  related_object="yes"  gram_fnc="np-part"  number="plur"  object="apples"   reference="new"  category="concrete"  mmax_level="phrase"  related_phrase="markable_433"  gender="neut"  min_ids="word_215"  min_words="apples" />
<markable id="markable_125" span="word_96" person="per2"  non_ref_type="unknown"  gram_fnc="subj"  number="sing"   reference="non_referring"  mmax_level="phrase"  gender="undersp-gen"  min_ids="word_96"  comment="impersonal you"  min_words="you" />
<markable id="markable_281" span="word_575" generic="generic-no"  person="per3"  related_object="no"  ambiguity="unambiguous"  gram_fnc="subj"  number="sing"  object="man"   reference="old"  phrase_antecedent="single_phrase"  category="person"  mmax_level="phrase"  ref_type="phrase"  gender="masc"  min_ids="word_575"  single_phrase_antecedent="markable_275"  min_words="he" />
<markable id="markable_126" span="word_98" person="per2"  non_ref_type="unknown"  gram_fnc="subj"  number="sing"   reference="non_referring"  mmax_level="phrase"  gender="undersp-gen"  min_ids="word_98"  comment="impersonal you"  min_words="you" />
<markable id="markable_187" span="word_303..word_304" generic="generic-no"  person="per3"  related_object="no"  ambiguity="unambiguous"  gram_fnc="adj-mod"  number="sing"  object="hat"   reference="old"  phrase_antecedent="single_phrase"  category="concrete"  mmax_level="phrase"  ref_type="phrase"  gender="neut"  min_ids="word_304"  single_phrase_antecedent="markable_183"  min_words="hat" />
<markable id="markable_282" span="word_578" generic="generic-no"  person="per3"  related_object="no"  ambiguity="unambiguous"  gram_fnc="subj"  number="sing"  object="man"   reference="old"  phrase_antecedent="single_phrase"  category="person"  mmax_level="phrase"  ref_type="phrase"  gender="masc"  min_ids="word_578"  single_phrase_antecedent="markable_281"  min_words="he" />
<markable id="markable_124" span="word_93..word_94" generic="generic-no"  person="per3"  related_object="no"  ambiguity="unambiguous"  gram_fnc="adjunct"  number="sing"  object="pear tree"   reference="old"  phrase_antecedent="single_phrase"  category="concrete"  mmax_level="phrase"  ref_type="phrase"  gender="neut"  min_ids="word_94"  single_phrase_antecedent="markable_100"  min_words="tree" />
<markable id="markable_283" span="word_581..word_584" generic="generic-no"  person="per3"  related_object="yes"  ambiguity="unambiguous"  gram_fnc="obj"  number="sing"  object="basket"   reference="old"  phrase_antecedent="single_phrase"  category="concrete"  mmax_level="phrase"  related_phrase="markable_138"  ref_type="phrase"  gender="neut"  min_ids="word_582"  single_phrase_antecedent="markable_263"  min_words="basket" />
<markable id="markable_188" span="word_309" generic="generic-no"  person="per3"  related_object="no"  ambiguity="unambiguous"  gram_fnc="subj"  number="sing"  object="little boy"   reference="old"  phrase_antecedent="single_phrase"  category="person"  mmax_level="phrase"  ref_type="phrase"  gender="masc"  min_ids="word_309"  single_phrase_antecedent="markable_186"  min_words="he" />
<markable id="markable_122" span="word_90..word_91" generic="generic-no"  person="per3"  related_object="no"  gram_fnc="obj"  number="plur"  object="pears"   reference="new"  category="concrete"  mmax_level="phrase"  gender="neut"  min_ids="word_91"  min_words="pears" />
<markable id="markable_285" span="word_584" generic="generic-yes"  person="per3"  related_object="no"  ambiguity="unambiguous"  gram_fnc="np-compl"  number="plur"  object="pears"   reference="old"  phrase_antecedent="single_phrase"  category="concrete"  mmax_level="phrase"  ref_type="phrase"  gender="neut"  min_ids="word_584"  single_phrase_antecedent="markable_172"  min_words="pears" />
<markable id="markable_129" span="word_106" generic="generic-no"  person="per3"  related_object="no"  ambiguity="unambiguous"  gram_fnc="subj"  number="sing"  object="man"   reference="old"  phrase_antecedent="single_phrase"  category="person"  mmax_level="phrase"  ref_type="phrase"  gender="masc"  min_ids="word_106"  single_phrase_antecedent="markable_120"  min_words="he" />
<markable id="markable_223" span="word_403" generic="generic-no"  person="per3"  related_object="no"  ambiguity="unambiguous"  gram_fnc="subj"  number="plur"  object="three kids"   reference="old"  phrase_antecedent="single_phrase"  category="person"  mmax_level="phrase"  ref_type="phrase"  gender="masc"  min_ids="word_403"  single_phrase_antecedent="markable_208"  min_words="they" />
<markable id="markable_220" span="word_396..word_400" generic="operator-modal"  person="per3"  related_object="no"  gram_fnc="obj"  number="plur"  object="kid-like manerisms"   reference="new"  category="abstract"  mmax_level="phrase"  gender="neut"  min_ids="word_398"  min_words="way" />
<markable id="markable_226" span="word_413" generic="generic-no"  person="per3"  related_object="no"  ambiguity="unambiguous"  gram_fnc="obj"  number="sing"  object="little boy"   reference="old"  phrase_antecedent="single_phrase"  category="person"  mmax_level="phrase"  ref_type="phrase"  gender="masc"  min_ids="word_413"  single_phrase_antecedent="markable_224"  min_words="him" />
<markable id="markable_90" span="word_10..word_16" generic="generic-no"  person="per3"  related_object="no"  gram_fnc="no-gf"  number="sing"  object="first part of movie"   reference="new"  category="abstract"  mmax_level="phrase"  gender="neut"  min_ids="word_12"  min_words="part" />
<markable id="markable_227" span="word_414" generic="generic-no"  person="per3"  related_object="no"  ambiguity="unambiguous"  gram_fnc="subj"  number="plur"  object="three kids"   reference="old"  phrase_antecedent="single_phrase"  category="person"  mmax_level="phrase"  ref_type="phrase"  gender="masc"  min_ids="word_414"  single_phrase_antecedent="markable_225"  min_words="they" />
<markable id="markable_224" span="word_407" generic="generic-no"  person="per3"  related_object="no"  ambiguity="unambiguous"  gram_fnc="adjunct"  number="sing"  object="little boy"   reference="old"  phrase_antecedent="single_phrase"  category="person"  mmax_level="phrase"  ref_type="phrase"  gender="masc"  min_ids="word_407"  single_phrase_antecedent="markable_188"  min_words="him" />
<markable id="markable_225" span="word_409..word_410" generic="generic-no"  person="per3"  related_object="no"  ambiguity="unambiguous"  gram_fnc="subj"  number="plur"  object="three kids"   reference="old"  phrase_antecedent="single_phrase"  category="person"  mmax_level="phrase"  ref_type="phrase"  gender="masc"  min_ids="word_409"  single_phrase_antecedent="markable_223"  min_words="they" />
<markable id="markable_299" span="word_626..word_627" person="per2"  non_ref_type="unknown"  gram_fnc="subj"  number="sing"   reference="non_referring"  mmax_level="phrase"  gender="undersp-gen"  min_ids="word_626"  comment="impersonal you"  min_words="you" />
<markable id="markable_94" span="word_21..word_23" generic="generic-no"  person="per3"  related_object="yes"  gram_fnc="subj"  number="sing"  object="action"   reference="new"  category="abstract"  mmax_level="phrase"  related_phrase="markable_92"  gender="neut"  min_ids="word_23"  min_words="action" />
<markable id="markable_219" span="word_392..word_394" generic="operator-modal"  person="per3"  related_object="no"  gram_fnc="obj"  number="sing"  object="friendly grin (expression)"   reference="new"  category="abstract"  mmax_level="phrase"  gender="neut"  min_ids="word_394"  min_words="grin" />
<markable id="markable_130" span="word_108..word_109" person="per3"  non_ref_type="quantifier"  mmax_level="phrase"  gram_fnc="obj"  gender="neut"  number="sing"  min_ids="word_109"   reference="non_referring"  min_words="one" />
<markable id="markable_194" span="word_329" person="per3"  non_ref_type="expletive"  mmax_level="phrase"  gram_fnc="subj"  gender="neut"  number="sing"  min_ids="word_329"   reference="non_referring"  min_words="there" />
<markable id="markable_92" span="word_14..word_16" generic="generic-no"  person="per3"  related_object="no"  gram_fnc="np-compl"  number="sing"  object="movie"   reference="new"  category="abstract"  mmax_level="phrase"  gender="neut"  min_ids="word_16"  min_words="movie" />
<markable id="markable_297" span="word_620" generic="generic-no"  person="per3"  related_object="yes"  gram_fnc="np-mod"  number="sing"  object="face"   reference="new"  category="concrete"  mmax_level="phrase"  related_phrase="markable_290"  gender="neut"  min_ids="word_620"  min_words="face" />
<markable id="markable_131" span="word_112" generic="generic-no"  person="per3"  related_object="no"  ambiguity="unambiguous"  gram_fnc="subj"  number="sing"  object="man"   reference="old"  phrase_antecedent="single_phrase"  category="person"  mmax_level="phrase"  ref_type="phrase"  gender="masc"  min_ids="word_112"  single_phrase_antecedent="markable_129"  min_words="he" />
<markable id="markable_217" span="word_389..word_390" person="per3"  non_ref_type="incomplete"  mmax_level="phrase"  gram_fnc="obj"  gender="neut"  number="sing"  min_ids="word_390"   reference="non_referring"  min_words="4" />
<markable id="markable_195" span="word_331..word_337" generic="generic-no"  person="per3"  related_object="no"  gram_fnc="obj"  number="sing"  object="shot (camera)"   reference="new"  category="abstract"  mmax_level="phrase"  gender="neut"  min_ids="word_332"  min_words="shot" />
<markable id="markable_98" span="word_35" generic="generic-yes"  person="per3"  related_object="no"  gram_fnc="obj"  number="plur"  object="pears"   reference="new"  category="concrete"  mmax_level="phrase"  gender="neut"  min_ids="word_35"  min_words="pears" />
<markable id="markable_192" span="word_319..word_320" generic="generic-no"  person="per3"  related_object="no"  ambiguity="unambiguous"  gram_fnc="np-mod"  number="sing"  object="road"   reference="old"  phrase_antecedent="single_phrase"  category="concrete"  mmax_level="phrase"  ref_type="phrase"  gender="neut"  min_ids="word_320"  single_phrase_antecedent="markable_176"  min_words="road" />
<markable id="markable_97" span="word_31..word_32" generic="generic-no"  person="per3"  related_object="no"  gram_fnc="np-mod"  number="sing"  object="ladder"   reference="new"  category="concrete"  mmax_level="phrase"  gender="neut"  min_ids="word_32"  min_words="ladder" />
<markable id="markable_193" span="word_322..word_324" person="per3"  non_ref_type="quantifier"  mmax_level="phrase"  gram_fnc="subj"  gender="neut"  number="plur"  min_ids="word_322"   reference="non_referring"  min_words="all" />
<markable id="markable_190" span="word_315..word_320" generic="generic-no"  person="per3"  related_object="no"  gram_fnc="obj"  number="sing"  object="rock"   reference="new"  category="concrete"  mmax_level="phrase"  gender="neut"  min_ids="word_317"  min_words="rock" />
<markable id="markable_96" span="word_28..word_32" generic="generic-no"  person="per3"  related_object="no"  gram_fnc="there-obj"  number="sing"  object="man"   reference="new"  category="person"  mmax_level="phrase"  gender="masc"  min_ids="word_29..word_30"  min_words="rnan uhon" />
<markable id="markable_95" span="word_26" person="per3"  non_ref_type="expletive"  mmax_level="phrase"  gram_fnc="subj"  gender="neut"  number="sing"  min_ids="word_26"   reference="non_referring"  min_words="there" />
<markable id="markable_291" span="word_609" generic="operator-question"  person="per3"  related_object="no"  ambiguity="unambiguous"  gram_fnc="subj"  number="sing"   reference="old"  segment_antecedent="unit:markable_409"  category="abstract"  mmax_level="phrase"  ref_type="segment"  gender="neut"  min_ids="word_609"  min_words="that" />
<markable id="markable_136" span="word_131..word_132" generic="generic-no"  person="per3"  related_object="no"  ambiguity="unambiguous"  gram_fnc="adjunct"  number="sing"  object="ladder"   reference="old"  phrase_antecedent="single_phrase"  category="concrete"  mmax_level="phrase"  ref_type="phrase"  gender="neut"  min_ids="word_132"  single_phrase_antecedent="markable_97"  min_words="ladder" />
<markable id="markable_137" span="word_135" generic="generic-no"  person="per3"  related_object="no"  ambiguity="unambiguous"  gram_fnc="obj"  number="plur"  object="pears"   reference="old"  phrase_antecedent="single_phrase"  category="concrete"  mmax_level="phrase"  ref_type="phrase"  gender="neut"  min_ids="word_135"  single_phrase_antecedent="markable_133"  min_words="them" />
<markable id="markable_292" span="word_611" person="per3"  non_ref_type="expletive"  mmax_level="phrase"  gram_fnc="subj"  gender="neut"  number="sing"  min_ids="word_611"   reference="non_referring"  min_words="it" />
<markable id="markable_138" span="word_137" generic="generic-no"  person="per3"  related_object="no"  gram_fnc="adjunct"  number="plur"  object="baskets"   reference="new"  category="concrete"  mmax_level="phrase"  gender="neut"  min_ids="word_137"  min_words="baskets" />
<markable id="markable_139" span="word_139" generic="generic-no"  person="per3"  related_object="no"  ambiguity="unambiguous"  gram_fnc="subj"  number="sing"  object="man"   reference="old"  phrase_antecedent="single_phrase"  category="person"  mmax_level="phrase"  ref_type="phrase"  gender="masc"  min_ids="word_139"  single_phrase_antecedent="markable_131"  min_words="he" />
<markable id="markable_290" span="word_599" generic="generic-no"  person="per3"  related_object="no"  ambiguity="unambiguous"  gram_fnc="subj"  number="sing"  object="man"   reference="old"  phrase_antecedent="single_phrase"  category="person"  mmax_level="phrase"  ref_type="phrase"  gender="masc"  min_ids="word_599"  single_phrase_antecedent="markable_282"  min_words="he" />
<markable id="markable_132" span="word_115" generic="generic-no"  person="per3"  related_object="no"  ambiguity="unambiguous"  gram_fnc="obj"  number="sing"   reference="old"  segment_antecedent="unit:markable_325"  category="abstract"  mmax_level="phrase"  ref_type="segment"  gender="neut"  min_ids="word_115"  min_words="it" />
<markable id="markable_133" span="word_120" generic="generic-no"  person="per3"  related_object="no"  ambiguity="unambiguous"  gram_fnc="obj"  number="plur"  object="pears"   reference="old"  phrase_antecedent="single_phrase"  category="concrete"  mmax_level="phrase"  ref_type="phrase"  gender="neut"  min_ids="word_120"  single_phrase_antecedent="markable_122"  min_words="them" />
<markable id="markable_134" span="word_122" generic="generic-no"  person="per3"  related_object="no"  gram_fnc="adjunct"  number="sing"  object="apron"   reference="new"  category="concrete"  mmax_level="phrase"  gender="neut"  min_ids="word_122"  min_words="apron" />
<markable id="markable_293" span="word_614" person="per3"  non_ref_type="expletive"  mmax_level="phrase"  gram_fnc="subj"  gender="neut"  number="sing"  min_ids="word_614"   reference="non_referring"  min_words="there" />
<markable id="markable_199" span="word_336..word_337" generic="generic-no"  person="per3"  related_object="no"  gram_fnc="np-compl"  number="plur"  object="three kids"   reference="new"  category="person"  mmax_level="phrase"  gender="masc"  min_ids="word_337"  min_words="kids" />
<markable id="markable_294" span="word_617..word_622" generic="generic-no"  person="per3"  related_object="no"  gram_fnc="there-obj"  number="sing"  object="bewildered look (expression)"   reference="new"  category="abstract"  mmax_level="phrase"  gender="neut"  min_ids="word_618"  min_words="look" />
</markables>