<?xml version="1.0" encoding="MacRoman"?>
<!DOCTYPE markables SYSTEM "markables.dtd">
<markables xmlns="www.eml.org/NameSpaces/chunk">
<markable id="markable_0" span="word_1..word_2" tag="np" mmax_level="chunk" />
<markable id="markable_1" span="word_3..word_4" tag="np" mmax_level="chunk" />
<markable id="markable_2" span="word_5" tag="np" mmax_level="chunk" />
<markable id="markable_3" span="word_7" tag="np" mmax_level="chunk" />
<markable id="markable_4" span="word_11" tag="np" mmax_level="chunk" />
<markable id="markable_5" span="word_13..word_14" tag="np" mmax_level="chunk" />
<markable id="markable_6" span="word_16..word_17" tag="np" mmax_level="chunk" />
<markable id="markable_7" span="word_18" tag="np" mmax_level="chunk" />
<markable id="markable_8" span="word_24" tag="np" mmax_level="chunk" />
<markable id="markable_9" span="word_26" tag="np" mmax_level="chunk" />
<markable id="markable_10" span="word_29" tag="np" mmax_level="chunk" />
<markable id="markable_11" span="word_31..word_34" tag="np" mmax_level="chunk" />
<markable id="markable_12" span="word_35" tag="np" mmax_level="chunk" />
<markable id="markable_13" span="word_37..word_38" tag="np" mmax_level="chunk" />
<markable id="markable_14" span="word_42..word_43" tag="np" mmax_level="chunk" />
<markable id="markable_15" span="word_46" tag="np" mmax_level="chunk" />
<markable id="markable_16" span="word_48..word_49" tag="np" mmax_level="chunk" />
<markable id="markable_17" span="word_51..word_52" tag="np" mmax_level="chunk" />
<markable id="markable_18" span="word_54" tag="np" mmax_level="chunk" />
<markable id="markable_19" span="word_58..word_59" tag="np" mmax_level="chunk" />
<markable id="markable_20" span="word_61" tag="np" mmax_level="chunk" />
<markable id="markable_21" span="word_64..word_65" tag="np" mmax_level="chunk" />
<markable id="markable_22" span="word_68..word_69" tag="np" mmax_level="chunk" />
<markable id="markable_23" span="word_71..word_72" tag="np" mmax_level="chunk" />
<markable id="markable_24" span="word_74" tag="np" mmax_level="chunk" />
<markable id="markable_25" span="word_76" tag="np" mmax_level="chunk" />
<markable id="markable_26" span="word_78..word_79" tag="np" mmax_level="chunk" />
<markable id="markable_27" span="word_81" tag="np" mmax_level="chunk" />
<markable id="markable_28" span="word_85..word_86" tag="np" mmax_level="chunk" />
<markable id="markable_29" span="word_88..word_89" tag="np" mmax_level="chunk" />
<markable id="markable_30" span="word_93" tag="np" mmax_level="chunk" />
<markable id="markable_31" span="word_95..word_96" tag="np" mmax_level="chunk" />
<markable id="markable_32" span="word_98..word_99" tag="np" mmax_level="chunk" />
<markable id="markable_33" span="word_102..word_103" tag="np" mmax_level="chunk" />
<markable id="markable_34" span="word_107..word_108" tag="np" mmax_level="chunk" />
<markable id="markable_35" span="word_109" tag="np" mmax_level="chunk" />
<markable id="markable_36" span="word_112..word_113" tag="np" mmax_level="chunk" />
<markable id="markable_37" span="word_114..word_116" tag="np" mmax_level="chunk" />
<markable id="markable_38" span="word_119" tag="np" mmax_level="chunk" />
<markable id="markable_39" span="word_124..word_125" tag="np" mmax_level="chunk" />
<markable id="markable_40" span="word_127..word_129" tag="np" mmax_level="chunk" />
<markable id="markable_41" span="word_132" tag="np" mmax_level="chunk" />
<markable id="markable_42" span="word_134..word_135" tag="np" mmax_level="chunk" />
<markable id="markable_43" span="word_138..word_140" tag="np" mmax_level="chunk" />
<markable id="markable_44" span="word_142..word_143" tag="np" mmax_level="chunk" />
<markable id="markable_45" span="word_147..word_148" tag="np" mmax_level="chunk" />
<markable id="markable_46" span="word_150" tag="np" mmax_level="chunk" />
<markable id="markable_47" span="word_152..word_153" tag="np" mmax_level="chunk" />
<markable id="markable_48" span="word_155" tag="np" mmax_level="chunk" />
<markable id="markable_49" span="word_159" tag="np" mmax_level="chunk" />
<markable id="markable_50" span="word_160" tag="np" mmax_level="chunk" />
<markable id="markable_51" span="word_167" tag="np" mmax_level="chunk" />
<markable id="markable_52" span="word_170" tag="np" mmax_level="chunk" />
<markable id="markable_53" span="word_172..word_173" tag="np" mmax_level="chunk" />
<markable id="markable_54" span="word_177..word_178" tag="np" mmax_level="chunk" />
<markable id="markable_55" span="word_180..word_181" tag="np" mmax_level="chunk" />
<markable id="markable_56" span="word_189..word_190" tag="np" mmax_level="chunk" />
<markable id="markable_57" span="word_192..word_193" tag="np" mmax_level="chunk" />
<markable id="markable_58" span="word_198..word_199" tag="np" mmax_level="chunk" />
<markable id="markable_59" span="word_203..word_205" tag="np" mmax_level="chunk" />
<markable id="markable_60" span="word_210" tag="np" mmax_level="chunk" />
<markable id="markable_61" span="word_212" tag="np" mmax_level="chunk" />
<markable id="markable_62" span="word_213..word_214" tag="np" mmax_level="chunk" />
<markable id="markable_63" span="word_216..word_217" tag="np" mmax_level="chunk" />
<markable id="markable_64" span="word_222" tag="np" mmax_level="chunk" />
<markable id="markable_65" span="word_226..word_227" tag="np" mmax_level="chunk" />
<markable id="markable_66" span="word_229" tag="np" mmax_level="chunk" />
<markable id="markable_67" span="word_231" tag="np" mmax_level="chunk" />
<markable id="markable_68" span="word_234" tag="np" mmax_level="chunk" />
<markable id="markable_69" span="word_236..word_237" tag="np" mmax_level="chunk" />
<markable id="markable_70" span="word_239..word_242" tag="np" mmax_level="chunk" />
<markable id="markable_71" span="word_244" tag="np" mmax_level="chunk" />
<markable id="markable_72" span="word_248..word_249" tag="np" mmax_level="chunk" />
<markable id="markable_73" span="word_251" tag="np" mmax_level="chunk" />
<markable id="markable_74" span="word_253..word_254" tag="np" mmax_level="chunk" />
<markable id="markable_75" span="word_256..word_257" tag="np" mmax_level="chunk" />
<markable id="markable_76" span="word_261..word_262" tag="np" mmax_level="chunk" />
<markable id="markable_77" span="word_266" tag="np" mmax_level="chunk" />
<markable id="markable_78" span="word_268" tag="np" mmax_level="chunk" />
<markable id="markable_79" span="word_273" tag="np" mmax_level="chunk" />
<markable id="markable_80" span="word_275..word_276" tag="np" mmax_level="chunk" />
<markable id="markable_81" span="word_278..word_279" tag="np" mmax_level="chunk" />
<markable id="markable_82" span="word_281" tag="np" mmax_level="chunk" />
<markable id="markable_83" span="word_284..word_285" tag="np" mmax_level="chunk" />
<markable id="markable_84" span="word_286" tag="np" mmax_level="chunk" />
<markable id="markable_85" span="word_290..word_291" tag="np" mmax_level="chunk" />
<markable id="markable_86" span="word_292..word_293" tag="np" mmax_level="chunk" />
<markable id="markable_87" span="word_295..word_296" tag="np" mmax_level="chunk" />
<markable id="markable_88" span="word_300..word_301" tag="np" mmax_level="chunk" />
<markable id="markable_89" span="word_303" tag="np" mmax_level="chunk" />
<markable id="markable_90" span="word_305..word_306" tag="np" mmax_level="chunk" />
<markable id="markable_91" span="word_307..word_310" tag="np" mmax_level="chunk" />
<markable id="markable_92" span="word_312" tag="np" mmax_level="chunk" />
<markable id="markable_93" span="word_315" tag="np" mmax_level="chunk" />
<markable id="markable_94" span="word_318..word_319" tag="np" mmax_level="chunk" />
<markable id="markable_95" span="word_321" tag="np" mmax_level="chunk" />
<markable id="markable_96" span="word_323" tag="np" mmax_level="chunk" />
<markable id="markable_97" span="word_325..word_326" tag="np" mmax_level="chunk" />
<markable id="markable_98" span="word_329" tag="np" mmax_level="chunk" />
<markable id="markable_99" span="word_333..word_334" tag="np" mmax_level="chunk" />
<markable id="markable_100" span="word_336..word_338" tag="np" mmax_level="chunk" />
<markable id="markable_101" span="word_340..word_341" tag="np" mmax_level="chunk" />
<markable id="markable_102" span="word_342" tag="np" mmax_level="chunk" />
<markable id="markable_103" span="word_346..word_347" tag="np" mmax_level="chunk" />
<markable id="markable_104" span="word_350" tag="np" mmax_level="chunk" />
<markable id="markable_105" span="word_352" tag="np" mmax_level="chunk" />
<markable id="markable_106" span="word_355..word_356" tag="np" mmax_level="chunk" />
<markable id="markable_107" span="word_358" tag="np" mmax_level="chunk" />
<markable id="markable_108" span="word_360" tag="np" mmax_level="chunk" />
<markable id="markable_109" span="word_363..word_364" tag="np" mmax_level="chunk" />
<markable id="markable_110" span="word_367" tag="np" mmax_level="chunk" />
<markable id="markable_111" span="word_369..word_370" tag="np" mmax_level="chunk" />
<markable id="markable_112" span="word_373" tag="np" mmax_level="chunk" />
<markable id="markable_113" span="word_376" tag="np" mmax_level="chunk" />
<markable id="markable_114" span="word_378..word_379" tag="np" mmax_level="chunk" />
<markable id="markable_115" span="word_381..word_382" tag="np" mmax_level="chunk" />
<markable id="markable_116" span="word_387..word_388" tag="np" mmax_level="chunk" />
<markable id="markable_117" span="word_391..word_392" tag="np" mmax_level="chunk" />
<markable id="markable_118" span="word_393..word_394" tag="np" mmax_level="chunk" />
<markable id="markable_119" span="word_398..word_399" tag="np" mmax_level="chunk" />
<markable id="markable_120" span="word_402..word_403" tag="np" mmax_level="chunk" />
<markable id="markable_121" span="word_405..word_406" tag="np" mmax_level="chunk" />
<markable id="markable_122" span="word_410..word_411" tag="np" mmax_level="chunk" />
<markable id="markable_123" span="word_413" tag="np" mmax_level="chunk" />
<markable id="markable_124" span="word_417" tag="np" mmax_level="chunk" />
<markable id="markable_125" span="word_421" tag="np" mmax_level="chunk" />
<markable id="markable_126" span="word_423" tag="np" mmax_level="chunk" />
<markable id="markable_127" span="word_425" tag="np" mmax_level="chunk" />
<markable id="markable_128" span="word_429" tag="np" mmax_level="chunk" />
<markable id="markable_129" span="word_437" tag="np" mmax_level="chunk" />
<markable id="markable_130" span="word_442..word_444" tag="np" mmax_level="chunk" />
<markable id="markable_131" span="word_447" tag="np" mmax_level="chunk" />
<markable id="markable_132" span="word_449" tag="np" mmax_level="chunk" />
<markable id="markable_133" span="word_451" tag="np" mmax_level="chunk" />
<markable id="markable_134" span="word_453" tag="np" mmax_level="chunk" />
<markable id="markable_135" span="word_458" tag="np" mmax_level="chunk" />
<markable id="markable_136" span="word_464" tag="np" mmax_level="chunk" />
</markables>
