<?xml version="1.0" encoding="MacRoman"?>
<!DOCTYPE markables SYSTEM "markables.dtd">
<markables xmlns="www.eml.org/NameSpaces/sentence">
<markable id="markable_0" span="word_1..word_2" orderid="0" mmax_level="sentence" />
<markable id="markable_1" span="word_3" orderid="1" mmax_level="sentence" />
<markable id="markable_2" span="word_4" orderid="2" mmax_level="sentence" />
<markable id="markable_3" span="word_5..word_12" orderid="3" mmax_level="sentence" />
<markable id="markable_4" span="word_13..word_17" orderid="4" mmax_level="sentence" />
<markable id="markable_5" span="word_18..word_27" orderid="5" mmax_level="sentence" />
<markable id="markable_6" span="word_28..word_34" orderid="6" mmax_level="sentence" />
<markable id="markable_7" span="word_35..word_36" orderid="7" mmax_level="sentence" />
<markable id="markable_8" span="word_37..word_39" orderid="8" mmax_level="sentence" />
<markable id="markable_9" span="word_40..word_44" orderid="9" mmax_level="sentence" />
<markable id="markable_10" span="word_45..word_46" orderid="10" mmax_level="sentence" />
<markable id="markable_11" span="word_47..word_68" orderid="11" mmax_level="sentence" />
<markable id="markable_12" span="word_69..word_70" orderid="12" mmax_level="sentence" />
<markable id="markable_13" span="word_71..word_94" orderid="13" mmax_level="sentence" />
<markable id="markable_14" span="word_95..word_103" orderid="14" mmax_level="sentence" />
<markable id="markable_15" span="word_104..word_119" orderid="15" mmax_level="sentence" />
<markable id="markable_16" span="word_120..word_138" orderid="16" mmax_level="sentence" />
<markable id="markable_17" span="word_139..word_144" orderid="17" mmax_level="sentence" />
<markable id="markable_18" span="word_145..word_146" orderid="18" mmax_level="sentence" />
<markable id="markable_19" span="word_147..word_161" orderid="19" mmax_level="sentence" />
<markable id="markable_20" span="word_162..word_169" orderid="20" mmax_level="sentence" />
<markable id="markable_21" span="word_170..word_180" orderid="21" mmax_level="sentence" />
<markable id="markable_22" span="word_181..word_188" orderid="22" mmax_level="sentence" />
<markable id="markable_23" span="word_189..word_196" orderid="23" mmax_level="sentence" />
<markable id="markable_24" span="word_197..word_199" orderid="24" mmax_level="sentence" />
<markable id="markable_25" span="word_200..word_203" orderid="25" mmax_level="sentence" />
<markable id="markable_26" span="word_204..word_212" orderid="26" mmax_level="sentence" />
<markable id="markable_27" span="word_213..word_215" orderid="27" mmax_level="sentence" />
<markable id="markable_28" span="word_216..word_221" orderid="28" mmax_level="sentence" />
<markable id="markable_29" span="word_222..word_229" orderid="29" mmax_level="sentence" />
<markable id="markable_30" span="word_230..word_235" orderid="30" mmax_level="sentence" />
<markable id="markable_31" span="word_236..word_244" orderid="31" mmax_level="sentence" />
<markable id="markable_32" span="word_245..word_250" orderid="32" mmax_level="sentence" />
<markable id="markable_33" span="word_251..word_257" orderid="33" mmax_level="sentence" />
<markable id="markable_34" span="word_258..word_269" orderid="34" mmax_level="sentence" />
<markable id="markable_35" span="word_270..word_272" orderid="35" mmax_level="sentence" />
<markable id="markable_36" span="word_273..word_278" orderid="36" mmax_level="sentence" />
<markable id="markable_37" span="word_279..word_287" orderid="37" mmax_level="sentence" />
<markable id="markable_38" span="word_288..word_294" orderid="38" mmax_level="sentence" />
<markable id="markable_39" span="word_295..word_298" orderid="39" mmax_level="sentence" />
<markable id="markable_40" span="word_299..word_305" orderid="40" mmax_level="sentence" />
<markable id="markable_41" span="word_306..word_313" orderid="41" mmax_level="sentence" />
<markable id="markable_42" span="word_314..word_322" orderid="42" mmax_level="sentence" />
<markable id="markable_43" span="word_323..word_346" orderid="43" mmax_level="sentence" />
<markable id="markable_44" span="word_347..word_353" orderid="44" mmax_level="sentence" />
<markable id="markable_45" span="word_354..word_380" orderid="45" mmax_level="sentence" />
<markable id="markable_46" span="word_381..word_385" orderid="46" mmax_level="sentence" />
<markable id="markable_47" span="word_386..word_396" orderid="47" mmax_level="sentence" />
<markable id="markable_48" span="word_397..word_400" orderid="48" mmax_level="sentence" />
<markable id="markable_49" span="word_401..word_411" orderid="49" mmax_level="sentence" />
<markable id="markable_50" span="word_412..word_417" orderid="50" mmax_level="sentence" />
<markable id="markable_51" span="word_418..word_422" orderid="51" mmax_level="sentence" />
<markable id="markable_52" span="word_423..word_426" orderid="52" mmax_level="sentence" />
<markable id="markable_53" span="word_427..word_433" orderid="53" mmax_level="sentence" />
<markable id="markable_54" span="word_434..word_438" orderid="54" mmax_level="sentence" />
<markable id="markable_55" span="word_439..word_446" orderid="55" mmax_level="sentence" />
<markable id="markable_56" span="word_447..word_464" orderid="56" mmax_level="sentence" />
<markable id="markable_57" span="word_465..word_475" orderid="57" mmax_level="sentence" />
<markable id="markable_58" span="word_476..word_480" orderid="58" mmax_level="sentence" />
<markable id="markable_59" span="word_481..word_489" orderid="59" mmax_level="sentence" />
<markable id="markable_60" span="word_490..word_499" orderid="60" mmax_level="sentence" />
<markable id="markable_61" span="word_500..word_507" orderid="61" mmax_level="sentence" />
<markable id="markable_62" span="word_508..word_514" orderid="62" mmax_level="sentence" />
<markable id="markable_63" span="word_515..word_517" orderid="63" mmax_level="sentence" />
<markable id="markable_64" span="word_518..word_522" orderid="64" mmax_level="sentence" />
<markable id="markable_65" span="word_523..word_526" orderid="65" mmax_level="sentence" />
<markable id="markable_66" span="word_527..word_544" orderid="66" mmax_level="sentence" />
<markable id="markable_67" span="word_545..word_548" orderid="67" mmax_level="sentence" />
<markable id="markable_68" span="word_549..word_551" orderid="68" mmax_level="sentence" />
<markable id="markable_69" span="word_552..word_557" orderid="69" mmax_level="sentence" />
<markable id="markable_70" span="word_558..word_561" orderid="70" mmax_level="sentence" />
<markable id="markable_71" span="word_562..word_570" orderid="71" mmax_level="sentence" />
<markable id="markable_72" span="word_571..word_578" orderid="72" mmax_level="sentence" />
<markable id="markable_73" span="word_579..word_585" orderid="73" mmax_level="sentence" />
<markable id="markable_74" span="word_586..word_593" orderid="74" mmax_level="sentence" />
<markable id="markable_75" span="word_594..word_595" orderid="75" mmax_level="sentence" />
<markable id="markable_76" span="word_596..word_599" orderid="76" mmax_level="sentence" />
<markable id="markable_77" span="word_600..word_603" orderid="77" mmax_level="sentence" />
<markable id="markable_78" span="word_604..word_607" orderid="78" mmax_level="sentence" />
<markable id="markable_79" span="word_608..word_617" orderid="79" mmax_level="sentence" />
<markable id="markable_80" span="word_618..word_625" orderid="80" mmax_level="sentence" />
<markable id="markable_81" span="word_626..word_634" orderid="81" mmax_level="sentence" />
<markable id="markable_82" span="word_635..word_642" orderid="82" mmax_level="sentence" />
<markable id="markable_83" span="word_643..word_650" orderid="83" mmax_level="sentence" />
<markable id="markable_84" span="word_651..word_655" orderid="84" mmax_level="sentence" />
<markable id="markable_85" span="word_656..word_657" orderid="85" mmax_level="sentence" />
<markable id="markable_86" span="word_658..word_660" orderid="86" mmax_level="sentence" />
<markable id="markable_87" span="word_661..word_666" orderid="87" mmax_level="sentence" />
<markable id="markable_88" span="word_667..word_672" orderid="88" mmax_level="sentence" />
<markable id="markable_89" span="word_673..word_674" orderid="89" mmax_level="sentence" />
<markable id="markable_90" span="word_675..word_678" orderid="90" mmax_level="sentence" />
<markable id="markable_91" span="word_679..word_687" orderid="91" mmax_level="sentence" />
<markable id="markable_92" span="word_688..word_700" orderid="92" mmax_level="sentence" />
<markable id="markable_93" span="word_701..word_702" orderid="93" mmax_level="sentence" />
<markable id="markable_94" span="word_703..word_708" orderid="94" mmax_level="sentence" />
<markable id="markable_95" span="word_709..word_716" orderid="95" mmax_level="sentence" />
<markable id="markable_96" span="word_717..word_719" orderid="96" mmax_level="sentence" />
<markable id="markable_97" span="word_720..word_721" orderid="97" mmax_level="sentence" />
<markable id="markable_98" span="word_722..word_723" orderid="98" mmax_level="sentence" />
<markable id="markable_99" span="word_724..word_726" orderid="99" mmax_level="sentence" />
<markable id="markable_100" span="word_727" orderid="100" mmax_level="sentence" />
<markable id="markable_101" span="word_728" orderid="101" mmax_level="sentence" />
<markable id="markable_102" span="word_729..word_734" orderid="102" mmax_level="sentence" />
<markable id="markable_103" span="word_735..word_742" orderid="103" mmax_level="sentence" />
<markable id="markable_104" span="word_743..word_745" orderid="104" mmax_level="sentence" />
<markable id="markable_105" span="word_746..word_749" orderid="105" mmax_level="sentence" />
<markable id="markable_106" span="word_750..word_761" orderid="106" mmax_level="sentence" />
<markable id="markable_107" span="word_762..word_764" orderid="107" mmax_level="sentence" />
<markable id="markable_108" span="word_765..word_771" orderid="108" mmax_level="sentence" />
<markable id="markable_109" span="word_772..word_777" orderid="109" mmax_level="sentence" />
</markables>
