<?xml version="1.0" encoding="US-ASCII"?>
<!DOCTYPE words SYSTEM "words.dtd">
<words>
<word id="word_1">Speaker</word>
<word id="word_2">2</word>
<word id="word_3">All</word>
<word id="word_4">right</word>
<word id="word_5">well</word>
<word id="word_6">the</word>
<word id="word_7">first</word>
<word id="word_8">scene</word>
<word id="word_9">is</word>
<word id="word_10">about</word>
<word id="word_11">there</word>
<word id="word_12">&apos;s</word>
<word id="word_13">a</word>
<word id="word_14">man</word>
<word id="word_15">up</word>
<word id="word_16">in</word>
<word id="word_17">the</word>
<word id="word_18">tree</word>
<word id="word_19">It</word>
<word id="word_20">&apos;s</word>
<word id="word_21">a</word>
<word id="word_22">pear</word>
<word id="word_23">tree</word>
<word id="word_24">and</word>
<word id="word_25">uh</word>
<word id="word_26">it</word>
<word id="word_27">shows</word>
<word id="word_28">him</word>
<word id="word_29">he</word>
<word id="word_30">&apos;s</word>
<word id="word_31">picking</word>
<word id="word_32">the</word>
<word id="word_33">pears</word>
<word id="word_34">And</word>
<word id="word_35">he</word>
<word id="word_36">&apos;s</word>
<word id="word_37">not</word>
<word id="word_38">really</word>
<word id="word_39">does</word>
<word id="word_40">n&apos;t</word>
<word id="word_41">seem</word>
<word id="word_42">to</word>
<word id="word_43">be</word>
<word id="word_44">paying</word>
<word id="word_45">all</word>
<word id="word_46">that</word>
<word id="word_47">much</word>
<word id="word_48">attention</word>
<word id="word_49">because</word>
<word id="word_50">you</word>
<word id="word_51">know</word>
<word id="word_52">the</word>
<word id="word_53">pears</word>
<word id="word_54">fall</word>
<word id="word_55">and</word>
<word id="word_56">he</word>
<word id="word_57">does</word>
<word id="word_58">n&apos;t</word>
<word id="word_59">really</word>
<word id="word_60">notice</word>
<word id="word_61">and</word>
<word id="word_62">anyway</word>
<word id="word_63">he</word>
<word id="word_64">comes</word>
<word id="word_65">down</word>
<word id="word_66">with</word>
<word id="word_67">a</word>
<word id="word_68">load</word>
<word id="word_69">of</word>
<word id="word_70">pears</word>
<word id="word_71">and</word>
<word id="word_72">he</word>
<word id="word_73">puts</word>
<word id="word_74">them</word>
<word id="word_75">into</word>
<word id="word_76">the</word>
<word id="word_77">basket</word>
<word id="word_78">and</word>
<word id="word_79">then</word>
<word id="word_80">he</word>
<word id="word_81">&apos;s</word>
<word id="word_82">going</word>
<word id="word_83">back</word>
<word id="word_84">up</word>
<word id="word_85">into</word>
<word id="word_86">the</word>
<word id="word_87">tree</word>
<word id="word_88">it</word>
<word id="word_89">&apos;s</word>
<word id="word_90">like</word>
<word id="word_91">he</word>
<word id="word_92">&apos;s</word>
<word id="word_93">been</word>
<word id="word_94">doing</word>
<word id="word_95">this</word>
<word id="word_96">all</word>
<word id="word_97">day</word>
<word id="word_98">and</word>
<word id="word_99">it</word>
<word id="word_100">&apos;s</word>
<word id="word_101">just</word>
<word id="word_102">a</word>
<word id="word_103">monotonous</word>
<word id="word_104">kind</word>
<word id="word_105">of</word>
<word id="word_106">thing</word>
<word id="word_107">for</word>
<word id="word_108">him</word>
<word id="word_109">And</word>
<word id="word_110">a</word>
<word id="word_111">man</word>
<word id="word_112">comes</word>
<word id="word_113">along</word>
<word id="word_114">with</word>
<word id="word_115">a</word>
<word id="word_116">goat</word>
<word id="word_117">and</word>
<word id="word_118">the</word>
<word id="word_119">goat</word>
<word id="word_120">obviously</word>
<word id="word_121">is</word>
<word id="word_122">interested</word>
<word id="word_123">in</word>
<word id="word_124">the</word>
<word id="word_125">pears</word>
<word id="word_126">But</word>
<word id="word_127">the</word>
<word id="word_128">man</word>
<word id="word_129">just</word>
<word id="word_130">walks</word>
<word id="word_131">by</word>
<word id="word_132">with</word>
<word id="word_133">the</word>
<word id="word_134">goat</word>
<word id="word_135">And</word>
<word id="word_136">the</word>
<word id="word_137">man</word>
<word id="word_138">up</word>
<word id="word_139">in</word>
<word id="word_140">the</word>
<word id="word_141">tree</word>
<word id="word_142">does</word>
<word id="word_143">n&apos;t</word>
<word id="word_144">even</word>
<word id="word_145">notice</word>
<word id="word_146">So</word>
<word id="word_147">he</word>
<word id="word_148">&apos;s</word>
<word id="word_149">not</word>
<word id="word_150">really</word>
<word id="word_151">paying</word>
<word id="word_152">attention</word>
<word id="word_153">to</word>
<word id="word_154">you</word>
<word id="word_155">know</word>
<word id="word_156">just</word>
<word id="word_157">kind</word>
<word id="word_158">of</word>
<word id="word_159">picking</word>
<word id="word_160">the</word>
<word id="word_161">pears</word>
<word id="word_162">and</word>
<word id="word_163">is</word>
<word id="word_164">doing</word>
<word id="word_165">thing</word>
<word id="word_166">And</word>
<word id="word_167">uh</word>
<word id="word_168">then</word>
<word id="word_169">he</word>
<word id="word_170">&apos;s</word>
<word id="word_171">up</word>
<word id="word_172">in</word>
<word id="word_173">the</word>
<word id="word_174">tree</word>
<word id="word_175">and</word>
<word id="word_176">y</word>
<word id="word_177">you</word>
<word id="word_178">see</word>
<word id="word_179">that</word>
<word id="word_180">that</word>
<word id="word_181">within</word>
<word id="word_182">view</word>
<word id="word_183">you</word>
<word id="word_184">know</word>
<word id="word_185">from</word>
<word id="word_186">viewpoint</word>
<word id="word_187">he</word>
<word id="word_188">c</word>
<word id="word_189">he</word>
<word id="word_190">could</word>
<word id="word_191">possibly</word>
<word id="word_192">see</word>
<word id="word_193">this</word>
<word id="word_194">little</word>
<word id="word_195">boy</word>
<word id="word_196">coming</word>
<word id="word_197">on</word>
<word id="word_198">a</word>
<word id="word_199">bicycle</word>
<word id="word_200">At</word>
<word id="word_201">least</word>
<word id="word_202">it</word>
<word id="word_203">seems</word>
<word id="word_204">to</word>
<word id="word_205">me</word>
<word id="word_206">that</word>
<word id="word_207">you</word>
<word id="word_208">know</word>
<word id="word_209">he</word>
<word id="word_210">would</word>
<word id="word_211">notice</word>
<word id="word_212">this</word>
<word id="word_213">boy</word>
<word id="word_214">if</word>
<word id="word_215">he</word>
<word id="word_216">was</word>
<word id="word_217">really</word>
<word id="word_218">interested</word>
<word id="word_219">but</word>
<word id="word_220">he-s</word>
<word id="word_221">not</word>
<word id="word_222">thinking</word>
<word id="word_223">about</word>
<word id="word_224">vision</word>
<word id="word_225">is</word>
<word id="word_226">very</word>
<word id="word_227">much</word>
<word id="word_228">you</word>
<word id="word_229">know</word>
<word id="word_230">kind</word>
<word id="word_231">of</word>
<word id="word_232">he</word>
<word id="word_233">&apos;s</word>
<word id="word_234">very</word>
<word id="word_235">bored</word>
<word id="word_236">And</word>
<word id="word_237">this</word>
<word id="word_238">little</word>
<word id="word_239">boy</word>
<word id="word_240">the</word>
<word id="word_241">scene</word>
<word id="word_242">focuses</word>
<word id="word_243">on</word>
<word id="word_244">this</word>
<word id="word_245">little</word>
<word id="word_246">boy</word>
<word id="word_247">going</word>
<word id="word_248">long</word>
<word id="word_249">obviously</word>
<word id="word_250">well</word>
<word id="word_251">you</word>
<word id="word_252">know</word>
<word id="word_253">he</word>
<word id="word_254">because</word>
<word id="word_255">of</word>
<word id="word_256">the</word>
<word id="word_257">goat</word>
<word id="word_258">idea</word>
<word id="word_259">is</word>
<word id="word_260">on</word>
<word id="word_261">the</word>
<word id="word_262">pears</word>
<word id="word_263">And</word>
<word id="word_264">you</word>
<word id="word_265">think</word>
<word id="word_266">Wow</word>
<word id="word_267">this</word>
<word id="word_268">little</word>
<word id="word_269">boy</word>
<word id="word_270">&apos;s</word>
<word id="word_271">probably</word>
<word id="word_272">going</word>
<word id="word_273">to</word>
<word id="word_274">come</word>
<word id="word_275">and</word>
<word id="word_276">see</word>
<word id="word_277">the</word>
<word id="word_278">pears</word>
<word id="word_279">and</word>
<word id="word_280">he</word>
<word id="word_281">&apos;s</word>
<word id="word_282">going</word>
<word id="word_283">to</word>
<word id="word_284">take</word>
<word id="word_285">a</word>
<word id="word_286">pear</word>
<word id="word_287">or</word>
<word id="word_288">two</word>
<word id="word_289">and</word>
<word id="word_290">then</word>
<word id="word_291">go</word>
<word id="word_292">on</word>
<word id="word_293">way</word>
<word id="word_294">Um</word>
<word id="word_295">but</word>
<word id="word_296">the</word>
<word id="word_297">little</word>
<word id="word_298">boy</word>
<word id="word_299">comes</word>
<word id="word_300">and</word>
<word id="word_301">uh</word>
<word id="word_302">he</word>
<word id="word_303">does</word>
<word id="word_304">n&apos;t</word>
<word id="word_305">want</word>
<word id="word_306">just</word>
<word id="word_307">a</word>
<word id="word_308">pear</word>
<word id="word_309">he</word>
<word id="word_310">wants</word>
<word id="word_311">a</word>
<word id="word_312">whole</word>
<word id="word_313">basket</word>
<word id="word_314">So</word>
<word id="word_315">he</word>
<word id="word_316">puts</word>
<word id="word_317">the</word>
<word id="word_318">bicycle</word>
<word id="word_319">down</word>
<word id="word_320">and</word>
<word id="word_321">he</word>
<word id="word_322">you</word>
<word id="word_323">wonder</word>
<word id="word_324">how</word>
<word id="word_325">he</word>
<word id="word_326">&apos;s</word>
<word id="word_327">going</word>
<word id="word_328">to</word>
<word id="word_329">take</word>
<word id="word_330">it</word>
<word id="word_331">with</word>
<word id="word_332">this</word>
<word id="word_333">He</word>
<word id="word_334">just</word>
<word id="word_335">has</word>
<word id="word_336">this</word>
<word id="word_337">I</word>
<word id="word_338">do</word>
<word id="word_339">n&apos;t</word>
<word id="word_340">know</word>
<word id="word_341">I</word>
<word id="word_342">wonder</word>
<word id="word_343">how</word>
<word id="word_344">the</word>
<word id="word_345">hell</word>
<word id="word_346">he</word>
<word id="word_347">&apos;s</word>
<word id="word_348">going</word>
<word id="word_349">carry</word>
<word id="word_350">this</word>
<word id="word_351">basket</word>
<word id="word_352">But</word>
<word id="word_353">okay</word>
<word id="word_354">He</word>
<word id="word_355">manages</word>
<word id="word_356">He</word>
<word id="word_357">takes</word>
<word id="word_358">the</word>
<word id="word_359">pears</word>
<word id="word_360">and</word>
<word id="word_361">he</word>
<word id="word_362">puts</word>
<word id="word_363">it</word>
<word id="word_364">on</word>
<word id="word_365">the</word>
<word id="word_366">bicycle</word>
<word id="word_367">and</word>
<word id="word_368">the</word>
<word id="word_369">man</word>
<word id="word_370">up</word>
<word id="word_371">in</word>
<word id="word_372">the</word>
<word id="word_373">tree</word>
<word id="word_374">does</word>
<word id="word_375">n&apos;t</word>
<word id="word_376">even</word>
<word id="word_377">does</word>
<word id="word_378">n&apos;t</word>
<word id="word_379">notice</word>
<word id="word_380">anything</word>
<word id="word_381">He</word>
<word id="word_382">did</word>
<word id="word_383">n&apos;t</word>
<word id="word_384">hear</word>
<word id="word_385">the</word>
<word id="word_386">little</word>
<word id="word_387">boy</word>
<word id="word_388">he</word>
<word id="word_389">did</word>
<word id="word_390">n&apos;t</word>
<word id="word_391">right</word>
<word id="word_392">So</word>
<word id="word_393">then</word>
<word id="word_394">the</word>
<word id="word_395">little</word>
<word id="word_396">boy</word>
<word id="word_397">goes</word>
<word id="word_398">off</word>
<word id="word_399">on</word>
<word id="word_400">way</word>
<word id="word_401">and</word>
<word id="word_402">you</word>
<word id="word_403">think</word>
<word id="word_404">Aha</word>
<word id="word_405">uh</word>
<word id="word_406">Are</word>
<word id="word_407">we</word>
<word id="word_408">gonna</word>
<word id="word_409">go</word>
<word id="word_410">back</word>
<word id="word_411">to</word>
<word id="word_412">the</word>
<word id="word_413">man</word>
<word id="word_414">over</word>
<word id="word_415">there</word>
<word id="word_416">But</word>
<word id="word_417">no</word>
<word id="word_418">you</word>
<word id="word_419">never</word>
<word id="word_420">The</word>
<word id="word_421">man</word>
<word id="word_422">&apos;s</word>
<word id="word_423">just</word>
<word id="word_424">still</word>
<word id="word_425">picking</word>
<word id="word_426">pears</word>
<word id="word_427">and</word>
<word id="word_428">the</word>
<word id="word_429">little</word>
<word id="word_430">boy</word>
<word id="word_431">&apos;s</word>
<word id="word_432">going</word>
<word id="word_433">along</word>
<word id="word_434">and</word>
<word id="word_435">um</word>
<word id="word_436">then</word>
<word id="word_437">you</word>
<word id="word_438">see</word>
<word id="word_439">this</word>
<word id="word_440">little</word>
<word id="word_441">girl</word>
<word id="word_442">Coming</word>
<word id="word_443">on</word>
<word id="word_444">a</word>
<word id="word_445">bicycle</word>
<word id="word_446">in</word>
<word id="word_447">the</word>
<word id="word_448">opposite</word>
<word id="word_449">direction</word>
<word id="word_450">and</word>
<word id="word_451">Uh</word>
<word id="word_452">you</word>
<word id="word_453">wonder</word>
<word id="word_454">how</word>
<word id="word_455">she</word>
<word id="word_456">&apos;s</word>
<word id="word_457">going</word>
<word id="word_458">to</word>
<word id="word_459">figure</word>
<word id="word_460">in</word>
<word id="word_461">on</word>
<word id="word_462">this</word>
<word id="word_463">And</word>
<word id="word_464">11</word>
<word id="word_465">h</word>
<word id="word_466">they</word>
<word id="word_467">come</word>
<word id="word_468">you</word>
<word id="word_469">see</word>
<word id="word_470">the</word>
<word id="word_471">scene</word>
<word id="word_472">&apos;s</word>
<word id="word_473">like</word>
<word id="word_474">this</word>
<word id="word_475">and</word>
<word id="word_476">you</word>
<word id="word_477">see</word>
<word id="word_478">them</word>
<word id="word_479">both</word>
<word id="word_480">coming</word>
<word id="word_481">coming</word>
<word id="word_482">coming</word>
<word id="word_483">and</word>
<word id="word_484">you</word>
<word id="word_485">think</word>
<word id="word_486">u</word>
<word id="word_487">)</word>
<word id="word_488">you</word>
<word id="word_489">know</word>
<word id="word_490">Are</word>
<word id="word_491">they</word>
<word id="word_492">going</word>
<word id="word_493">to</word>
<word id="word_494">collide</word>
<word id="word_495">what</word>
<word id="word_496">&apos;s</word>
<word id="word_497">going</word>
<word id="word_498">to</word>
<word id="word_499">happen</word>
<word id="word_500">and</word>
<word id="word_501">uh</word>
<word id="word_502">it</word>
<word id="word_503">turns</word>
<word id="word_504">out</word>
<word id="word_505">she</word>
<word id="word_506">from</word>
<word id="word_507">what</word>
<word id="word_508">I</word>
<word id="word_509">could</word>
<word id="word_510">understand</word>
<word id="word_511">she</word>
<word id="word_512">grabbed</word>
<word id="word_513">hat</word>
<word id="word_514">Ail</word>
<word id="word_515">right</word>
<word id="word_516">and</word>
<word id="word_517">then</word>
<word id="word_518">he</word>
<word id="word_519">crashes</word>
<word id="word_520">into</word>
<word id="word_521">a</word>
<word id="word_522">rock</word>
<word id="word_523">And</word>
<word id="word_524">uh</word>
<word id="word_525">pears</word>
<word id="word_526">go</word>
<word id="word_527">out</word>
<word id="word_528">all</word>
<word id="word_529">over</word>
<word id="word_530">the</word>
<word id="word_531">place</word>
<word id="word_532">And</word>
<word id="word_533">then</word>
<word id="word_534">urn</word>
<word id="word_535">he</word>
<word id="word_536">&apos;s</word>
<word id="word_537">fixing</word>
<word id="word_538">himself</word>
<word id="word_539">up</word>
<word id="word_540">and</word>
<word id="word_541">then</word>
<word id="word_542">all</word>
<word id="word_543">of</word>
<word id="word_544">a</word>
<word id="word_545">sudden</word>
<word id="word_546">you</word>
<word id="word_547">see</word>
<word id="word_548">these</word>
<word id="word_549">three</word>
<word id="word_550">little</word>
<word id="word_551">boys</word>
<word id="word_552">who</word>
<word id="word_553">&apos;re</word>
<word id="word_554">saw</word>
<word id="word_555">this</word>
<word id="word_556">whole</word>
<word id="word_557">thing</word>
<word id="word_558">And</word>
<word id="word_559">they</word>
<word id="word_560">come</word>
<word id="word_561">down</word>
<word id="word_562">and</word>
<word id="word_563">then</word>
<word id="word_564">I</word>
<word id="word_565">do</word>
<word id="word_566">n&apos;t</word>
<word id="word_567">know</word>
<word id="word_568">I</word>
<word id="word_569">thought</word>
<word id="word_570">here</word>
<word id="word_571">was</word>
<word id="word_572">this</word>
<word id="word_573">little</word>
<word id="word_574">boy</word>
<word id="word_575">just</word>
<word id="word_576">stole</word>
<word id="word_577">the</word>
<word id="word_578">pears</word>
<word id="word_579">and</word>
<word id="word_580">these</word>
<word id="word_581">other</word>
<word id="word_582">little</word>
<word id="word_583">boys</word>
<word id="word_584">come</word>
<word id="word_585">and</word>
<word id="word_586">they</word>
<word id="word_587">&apos;re</word>
<word id="word_588">helping</word>
<word id="word_589">him</word>
<word id="word_590">and</word>
<word id="word_591">they</word>
<word id="word_592">&apos;re</word>
<word id="word_593">very</word>
<word id="word_594">helpful</word>
<word id="word_595">and</word>
<word id="word_596">they</word>
<word id="word_597">put</word>
<word id="word_598">all</word>
<word id="word_599">the</word>
<word id="word_600">pears</word>
<word id="word_601">in</word>
<word id="word_602">the</word>
<word id="word_603">basket</word>
<word id="word_604">and</word>
<word id="word_605">um</word>
<word id="word_606">you</word>
<word id="word_607">know</word>
<word id="word_608">this</word>
<word id="word_609">little</word>
<word id="word_610">other</word>
<word id="word_611">little</word>
<word id="word_612">boy</word>
<word id="word_613">just</word>
<word id="word_614">has</word>
<word id="word_615">to</word>
<word id="word_616">go</word>
<word id="word_617">on</word>
<word id="word_618">He</word>
<word id="word_619">&apos;s</word>
<word id="word_620">kind</word>
<word id="word_621">of</word>
<word id="word_622">crushed</word>
<word id="word_623">and</word>
<word id="word_624">I</word>
<word id="word_625">do</word>
<word id="word_626">n&apos;t</word>
<word id="word_627">know</word>
<word id="word_628">you</word>
<word id="word_629">know</word>
<word id="word_630">I</word>
<word id="word_631">think</word>
<word id="word_632">his</word>
<word id="word_633">&apos;</word>
<word id="word_634">sgo</word>
<word id="word_635">was</word>
<word id="word_636">hurt</word>
<word id="word_637">You</word>
<word id="word_638">know</word>
<word id="word_639">really</word>
<word id="word_640">bruised</word>
<word id="word_641">all</word>
<word id="word_642">over</word>
<word id="word_643">And</word>
<word id="word_644">the</word>
<word id="word_645">other</word>
<word id="word_646">little</word>
<word id="word_647">boys</word>
<word id="word_648">one</word>
<word id="word_649">boy</word>
<word id="word_650">has</word>
<word id="word_651">a</word>
<word id="word_652">little</word>
<word id="word_653">bat</word>
<word id="word_654">and</word>
<word id="word_655">a</word>
<word id="word_656">ball</word>
<word id="word_657">and</word>
<word id="word_658">they</word>
<word id="word_659">&apos;re</word>
<word id="word_660">just</word>
<word id="word_661">they</word>
<word id="word_662">&apos;re</word>
<word id="word_663">kind</word>
<word id="word_664">of</word>
<word id="word_665">just</word>
<word id="word_666">I</word>
<word id="word_667">guess</word>
<word id="word_668">they</word>
<word id="word_669">&apos;re</word>
<word id="word_670">just</word>
<word id="word_671">enjoying</word>
<word id="word_672">the</word>
<word id="word_673">afternoon</word>
<word id="word_674">and</word>
<word id="word_675">they</word>
<word id="word_676">go</word>
<word id="word_677">walking</word>
<word id="word_678">off</word>
<word id="word_679">and</word>
<word id="word_680">they</word>
<word id="word_681">see</word>
<word id="word_682">hat</word>
<word id="word_683">and</word>
<word id="word_684">they</word>
<word id="word_685">bring</word>
<word id="word_686">the</word>
<word id="word_687">hat</word>
<word id="word_688">back</word>
<word id="word_689">and</word>
<word id="word_690">um</word>
<word id="word_691">find</word>
<word id="word_692">the</word>
<word id="word_693">little</word>
<word id="word_694">boy</word>
<word id="word_695">who</word>
<word id="word_696">had</word>
<word id="word_697">the</word>
<word id="word_698">stole</word>
<word id="word_699">the</word>
<word id="word_700">pears</word>
<word id="word_701">um</word>
<word id="word_702">I</word>
<word id="word_703">thought</word>
<word id="word_704">Why</word>
<word id="word_705">did</word>
<word id="word_706">n&apos;t</word>
<word id="word_707">he</word>
<word id="word_708">think</word>
<word id="word_709">of</word>
<word id="word_710">it</word>
<word id="word_711">before</word>
<word id="word_712">But</word>
<word id="word_713">he</word>
<word id="word_714">finally</word>
<word id="word_715">gives</word>
<word id="word_716">these</word>
<word id="word_717">three</word>
<word id="word_718">boys</word>
<word id="word_719">each</word>
<word id="word_720">a</word>
<word id="word_721">pear</word>
<word id="word_722">And</word>
<word id="word_723">uh</word>
<word id="word_724">then</word>
<word id="word_725">you</word>
<word id="word_726">know</word>
<word id="word_727">Aha</word>
<word id="word_728">It</word>
<word id="word_729">&apos;s</word>
<word id="word_730">all</word>
<word id="word_731">beginning</word>
<word id="word_732">to</word>
<word id="word_733">come</word>
<word id="word_734">together</word>
<word id="word_735">now</word>
<word id="word_736">You</word>
<word id="word_737">just</word>
<word id="word_738">know</word>
<word id="word_739">that</word>
<word id="word_740">those</word>
<word id="word_741">little</word>
<word id="word_742">boys</word>
<word id="word_743">are</word>
<word id="word_744">going</word>
<word id="word_745">to</word>
<word id="word_746">go</word>
<word id="word_747">back</word>
<word id="word_748">to</word>
<word id="word_749">where</word>
<word id="word_750">the</word>
<word id="word_751">pear</word>
<word id="word_752">tree</word>
<word id="word_753">was</word>
<word id="word_754">and</word>
<word id="word_755">you</word>
<word id="word_756">just</word>
<word id="word_757">know</word>
<word id="word_758">that</word>
<word id="word_759">old</word>
<word id="word_760">man</word>
<word id="word_761">&apos;s</word>
<word id="word_762">going</word>
<word id="word_763">to</word>
<word id="word_764">see</word>
<word id="word_765">these</word>
<word id="word_766">little</word>
<word id="word_767">boys</word>
<word id="word_768">coming</word>
<word id="word_769">and</word>
<word id="word_770">say</word>
<word id="word_771">Ha</word>
<word id="word_772">you</word>
<word id="word_773">&apos;re</word>
<word id="word_774">the</word>
<word id="word_775">ones</word>
<word id="word_776">who</word>
<word id="word_777">stole</word>
<word id="word_778">the</word>
<word id="word_779">pears</word>
<word id="word_780">But</word>
<word id="word_781">uh</word>
<word id="word_782">still</word>
<word id="word_783">It</word>
<word id="word_784">comes</word>
<word id="word_785">back</word>
<word id="word_786">to</word>
<word id="word_787">the</word>
<word id="word_788">old</word>
<word id="word_789">man</word>
<word id="word_790">up</word>
<word id="word_791">in</word>
<word id="word_792">the</word>
<word id="word_793">pear</word>
<word id="word_794">tree</word>
<word id="word_795">he</word>
<word id="word_796">&apos;s</word>
<word id="word_797">still</word>
<word id="word_798">picking</word>
<word id="word_799">the</word>
<word id="word_800">pears</word>
<word id="word_801">He</word>
<word id="word_802">does</word>
<word id="word_803">n&apos;t</word>
<word id="word_804">he</word>
<word id="word_805">does</word>
<word id="word_806">n&apos;t</word>
<word id="word_807">even</word>
<word id="word_808">notice</word>
<word id="word_809">that</word>
<word id="word_810">the</word>
<word id="word_811">pears</word>
<word id="word_812">are</word>
<word id="word_813">stolen</word>
<word id="word_814">yet</word>
<word id="word_815">And</word>
<word id="word_816">then</word>
<word id="word_817">he</word>
<word id="word_818">comes</word>
<word id="word_819">down</word>
<word id="word_820">from</word>
<word id="word_821">the</word>
<word id="word_822">from</word>
<word id="word_823">the</word>
<word id="word_824">tree</word>
<word id="word_825">the</word>
<word id="word_826">little</word>
<word id="word_827">boys</word>
<word id="word_828">start</word>
<word id="word_829">walk</word>
<word id="word_830">walking</word>
<word id="word_831">down</word>
<word id="word_832">and</word>
<word id="word_833">uh</word>
<word id="word_834">suddenly</word>
<word id="word_835">you</word>
<word id="word_836">see</word>
<word id="word_837">he</word>
<word id="word_838">begins</word>
<word id="word_839">to</word>
<word id="word_840">notice</word>
<word id="word_841">that</word>
<word id="word_842">something</word>
<word id="word_843">&apos;s</word>
<word id="word_844">not</word>
<word id="word_845">right</word>
<word id="word_846">And</word>
<word id="word_847">he</word>
<word id="word_848">&apos;s</word>
<word id="word_849">going</word>
<word id="word_850">and</word>
<word id="word_851">he</word>
<word id="word_852">&apos;s</word>
<word id="word_853">counting</word>
<word id="word_854">them</word>
<word id="word_855">and</word>
<word id="word_856">he</word>
<word id="word_857">&apos;s</word>
<word id="word_858">really</word>
<word id="word_859">slow</word>
<word id="word_860">you</word>
<word id="word_861">know</word>
<word id="word_862">Anyway</word>
<word id="word_863">so</word>
<word id="word_864">then</word>
<word id="word_865">finally</word>
<word id="word_866">he</word>
<word id="word_867">figured</word>
<word id="word_868">out</word>
<word id="word_869">something</word>
<word id="word_870">you</word>
<word id="word_871">know</word>
<word id="word_872">somebody</word>
<word id="word_873">&apos;s</word>
<word id="word_874">stolen</word>
<word id="word_875">the</word>
<word id="word_876">pears</word>
<word id="word_877">And</word>
<word id="word_878">the</word>
<word id="word_879">little</word>
<word id="word_880">boys</word>
<word id="word_881">come</word>
<word id="word_882">walking</word>
<word id="word_883">down</word>
<word id="word_884">and</word>
<word id="word_885">they</word>
<word id="word_886">&apos;re</word>
<word id="word_887">all</word>
<word id="word_888">eating</word>
<word id="word_889">pears</word>
<word id="word_890">and</word>
<word id="word_891">they</word>
<word id="word_892">just</word>
<word id="word_893">walk</word>
<word id="word_894">by</word>
<word id="word_895">They</word>
<word id="word_896">both</word>
<word id="word_897">little</word>
<word id="word_898">boys</word>
<word id="word_899">do</word>
<word id="word_900">n&apos;t</word>
<word id="word_901">even</word>
<word id="word_902">say</word>
<word id="word_903">anything</word>
<word id="word_904">to</word>
<word id="word_905">the</word>
<word id="word_906">old</word>
<word id="word_907">man</word>
<word id="word_908">or</word>
<word id="word_909">anything</word>
<word id="word_910">And</word>
<word id="word_911">um</word>
<word id="word_912">but</word>
<word id="word_913">the</word>
<word id="word_914">old</word>
<word id="word_915">man</word>
<word id="word_916">you</word>
<word id="word_917">do</word>
<word id="word_918">n&apos;t</word>
<word id="word_919">know</word>
<word id="word_920">quite</word>
<word id="word_921">what</word>
<word id="word_922">he</word>
<word id="word_923">&apos;s</word>
<word id="word_924">thinking</word>
<word id="word_925">Either</word>
<word id="word_926">first</word>
<word id="word_927">thing</word>
<word id="word_928">I</word>
<word id="word_929">thought</word>
<word id="word_930">was</word>
<word id="word_931">that</word>
<word id="word_932">they</word>
<word id="word_933">they</word>
<word id="word_934">&apos;re</word>
<word id="word_935">the</word>
<word id="word_936">ones</word>
<word id="word_937">that</word>
<word id="word_938">stole</word>
<word id="word_939">the</word>
<word id="word_940">pears</word>
<word id="word_941">Or</word>
<word id="word_942">Hm</word>
<word id="word_943">Whoever</word>
<word id="word_944">stole</word>
<word id="word_945">the</word>
<word id="word_946">pears</word>
<word id="word_947">is</word>
<word id="word_948">down</word>
<word id="word_949">there-And</word>
<word id="word_950">he</word>
<word id="word_951">&apos;s</word>
<word id="word_952">passing</word>
<word id="word_953">the</word>
<word id="word_954">pears</word>
<word id="word_955">around.</word>
<word id="word_956">e</word>
<word id="word_957">)</word>
<word id="word_958">So</word>
<word id="word_959">he</word>
<word id="word_960">&apos;s</word>
<word id="word_961">standing</word>
<word id="word_962">there</word>
<word id="word_963">kind</word>
<word id="word_964">of</word>
<word id="word_965">scratching</word>
<word id="word_966">head</word>
<word id="word_967">and</word>
<word id="word_968">the</word>
<word id="word_969">little</word>
<word id="word_970">boys</word>
<word id="word_971">just</word>
<word id="word_972">walk</word>
<word id="word_973">off</word>
<word id="word_974">That</word>
<word id="word_975">&apos;s</word>
<word id="word_976">it</word>
</words>
