<?xml version="1.0" encoding="US-ASCII"?>
<!DOCTYPE words SYSTEM "words.dtd">
<words>
<word id="word_1">Speaker</word>
<word id="word_2">11</word>
<word id="word_3">Um</word>
<word id="word_4">it</word>
<word id="word_5">starts</word>
<word id="word_6">out</word>
<word id="word_7">there</word>
<word id="word_8">&apos;s</word>
<word id="word_9">uh</word>
<word id="word_10">tsk</word>
<word id="word_11">well</word>
<word id="word_12">thelandscape</word>
<word id="word_13">is</word>
<word id="word_14">like</word>
<word id="word_15">uh</word>
<word id="word_16">a</word>
<word id="word_17">f</word>
<word id="word_18">sod</word>
<word id="word_19">of</word>
<word id="word_20">peasant</word>
<word id="word_21">landscape</word>
<word id="word_22">but</word>
<word id="word_23">it</word>
<word id="word_24">is</word>
<word id="word_25">n&apos;t</word>
<word id="word_26">really</word>
<word id="word_27">farmland</word>
<word id="word_28">it</word>
<word id="word_29">&apos;s</word>
<word id="word_30">like</word>
<word id="word_31">an</word>
<word id="word_32">orchard</word>
<word id="word_33">It</word>
<word id="word_34">&apos;s</word>
<word id="word_35">like</word>
<word id="word_36">a</word>
<word id="word_37">small</word>
<word id="word_38">orchard</word>
<word id="word_39">and</word>
<word id="word_40">uh</word>
<word id="word_41">it</word>
<word id="word_42">&apos;s</word>
<word id="word_43">green</word>
<word id="word_44">And</word>
<word id="word_45">there</word>
<word id="word_46">&apos;s</word>
<word id="word_47">this</word>
<word id="word_48">sort</word>
<word id="word_49">of</word>
<word id="word_50">Latin</word>
<word id="word_51">1ooking</word>
<word id="word_52">middle-aged</word>
<word id="word_53">man</word>
<word id="word_54">who</word>
<word id="word_55">&apos;s</word>
<word id="word_56">um</word>
<word id="word_57">climbs</word>
<word id="word_58">up</word>
<word id="word_59">the</word>
<word id="word_60">ladder</word>
<word id="word_61">uh|</word>
<word id="word_62">that</word>
<word id="word_63">&apos;s</word>
<word id="word_64">leaning</word>
<word id="word_65">against</word>
<word id="word_66">a</word>
<word id="word_67">tree</word>
<word id="word_68">and</word>
<word id="word_69">picks</word>
<word id="word_70">pears</word>
<word id="word_71">puts</word>
<word id="word_72">them</word>
<word id="word_73">in</word>
<word id="word_74">apron</word>
<word id="word_75">climbs</word>
<word id="word_76">down</word>
<word id="word_77">the</word>
<word id="word_78">ladder</word>
<word id="word_79">and</word>
<word id="word_80">empties</word>
<word id="word_81">the</word>
<word id="word_82">pears</word>
<word id="word_83">into</word>
<word id="word_84">big</word>
<word id="word_85">baskets</word>
<word id="word_86">There</word>
<word id="word_87">&apos;s</word>
<word id="word_88">like</word>
<word id="word_89">three</word>
<word id="word_90">baskets</word>
<word id="word_91">sitting</word>
<word id="word_92">there</word>
<word id="word_93">and</word>
<word id="word_94">he</word>
<word id="word_95">&apos;s</word>
<word id="word_96">already</word>
<word id="word_97">got</word>
<word id="word_98">two</word>
<word id="word_99">baskets</word>
<word id="word_100">full</word>
<word id="word_101">He</word>
<word id="word_102">does</word>
<word id="word_103">this</word>
<word id="word_104">a</word>
<word id="word_105">couple</word>
<word id="word_106">of</word>
<word id="word_107">times</word>
<word id="word_108">Um</word>
<word id="word_109">the</word>
<word id="word_110">thing</word>
<word id="word_111">I</word>
<word id="word_112">noticed</word>
<word id="word_113">all</word>
<word id="word_114">the</word>
<word id="word_115">way</word>
<word id="word_116">through</word>
<word id="word_117">is</word>
<word id="word_118">that</word>
<word id="word_119">there</word>
<word id="word_120">&apos;s</word>
<word id="word_121">there</word>
<word id="word_122">&apos;s</word>
<word id="word_123">no</word>
<word id="word_124">dialogue</word>
<word id="word_125">in</word>
<word id="word_126">the</word>
<word id="word_127">film</word>
<word id="word_128">but</word>
<word id="word_129">there</word>
<word id="word_130">is</word>
<word id="word_131">a</word>
<word id="word_132">lot</word>
<word id="word_133">of</word>
<word id="word_134">sound</word>
<word id="word_135">effects</word>
<word id="word_136">Which</word>
<word id="word_137">are</word>
<word id="word_138">not</word>
<word id="word_139">totally</word>
<word id="word_140">um</word>
<word id="word_141">consistent</word>
<word id="word_142">I</word>
<word id="word_143">mean</word>
<word id="word_144">sometimes</word>
<word id="word_145">they</word>
<word id="word_146">&apos;ll</word>
<word id="word_147">be</word>
<word id="word_148">really</word>
<word id="word_149">loud</word>
<word id="word_150">Has</word>
<word id="word_151">anybody</word>
<word id="word_152">told</word>
<word id="word_153">you</word>
<word id="word_154">that</word>
<word id="word_155">before</word>
<word id="word_156">Or</word>
<word id="word_157">r</word>
<word id="word_158">you</word>
<word id="word_159">&apos;re</word>
<word id="word_160">not</word>
<word id="word_161">supposed</word>
<word id="word_162">to</word>
<word id="word_163">tell</word>
<word id="word_164">me</word>
<word id="word_165">that</word>
<word id="word_166">Sometimes</word>
<word id="word_167">he</word>
<word id="word_168">&apos;ll</word>
<word id="word_169">put</word>
<word id="word_170">a</word>
<word id="word_171">pear</word>
<word id="word_172">down</word>
<word id="word_173">it</word>
<word id="word_174">&apos;ll</word>
<word id="word_175">go</word>
<word id="word_176">bla</word>
<word id="word_177">)</word>
<word id="word_178">Really</word>
<word id="word_179">loud</word>
<word id="word_180">Bla</word>
<word id="word_181">)</word>
<word id="word_182">And</word>
<word id="word_183">sometimes</word>
<word id="word_184">he</word>
<word id="word_185">&apos;ll</word>
<word id="word_186">put</word>
<word id="word_187">a</word>
<word id="word_188">pear</word>
<word id="word_189">down</word>
<word id="word_190">and</word>
<word id="word_191">there</word>
<word id="word_192">will</word>
<word id="word_193">n&apos;t</word>
<word id="word_194">be</word>
<word id="word_195">any</word>
<word id="word_196">noise</word>
<word id="word_197">at</word>
<word id="word_198">all</word>
<word id="word_199">I</word>
<word id="word_200">do</word>
<word id="word_201">n&apos;t</word>
<word id="word_202">know</word>
<word id="word_203">if</word>
<word id="word_204">that</word>
<word id="word_205">&apos;s</word>
<word id="word_206">on</word>
<word id="word_207">purpose</word>
<word id="word_208">Um</word>
<word id="word_209">and</word>
<word id="word_210">the</word>
<word id="word_211">the</word>
<word id="word_212">ladder</word>
<word id="word_213">creaks</word>
<word id="word_214">when</word>
<word id="word_215">he</word>
<word id="word_216">goes</word>
<word id="word_217">up</word>
<word id="word_218">and</word>
<word id="word_219">down</word>
<word id="word_220">it</word>
<word id="word_221">And</word>
<word id="word_222">then</word>
<word id="word_223">um</word>
<word id="word_224">you</word>
<word id="word_225">hear</word>
<word id="word_226">the</word>
<word id="word_227">sound</word>
<word id="word_228">of</word>
<word id="word_229">a</word>
<word id="word_230">sheep</word>
<word id="word_231">neighing</word>
<word id="word_232">and</word>
<word id="word_233">you</word>
<word id="word_234">do</word>
<word id="word_235">n&apos;t</word>
<word id="word_236">know</word>
<word id="word_237">what</word>
<word id="word_238">it</word>
<word id="word_239">is</word>
<word id="word_240">and</word>
<word id="word_241">then</word>
<word id="word_242">the</word>
<word id="word_243">camera</word>
<word id="word_244">goes</word>
<word id="word_245">to</word>
<word id="word_246">the</word>
<word id="word_247">side</word>
<word id="word_248">12.3</word>
<word id="word_249">and</word>
<word id="word_250">this</word>
<word id="word_251">man</word>
<word id="word_252">is</word>
<word id="word_253">pulling</word>
<word id="word_254">a</word>
<word id="word_255">goat</word>
<word id="word_256">h</word>
<word id="word_257">It</word>
<word id="word_258">&apos;s</word>
<word id="word_259">a</word>
<word id="word_260">goat</word>
<word id="word_261">Pulling</word>
<word id="word_262">a</word>
<word id="word_263">goat</word>
<word id="word_264">on</word>
<word id="word_265">a</word>
<word id="word_266">rope</word>
<word id="word_267">And</word>
<word id="word_268">he</word>
<word id="word_269">pulls</word>
<word id="word_270">the</word>
<word id="word_271">tsk</word>
<word id="word_272">goat</word>
<word id="word_273">by</word>
<word id="word_274">the</word>
<word id="word_275">guy</word>
<word id="word_276">who</word>
<word id="word_277">&apos;s</word>
<word id="word_278">up</word>
<word id="word_279">in</word>
<word id="word_280">the</word>
<word id="word_281">tree</word>
<word id="word_282">and</word>
<word id="word_283">disappears</word>
<word id="word_284">And</word>
<word id="word_285">the</word>
<word id="word_286">next</word>
<word id="word_287">people</word>
<word id="word_288">who</word>
<word id="word_289">come</word>
<word id="word_290">by</word>
<word id="word_291">and</word>
<word id="word_292">there</word>
<word id="word_293">&apos;s</word>
<word id="word_294">a</word>
<word id="word_295">little</word>
<word id="word_296">boy</word>
<word id="word_297">on</word>
<word id="word_298">a</word>
<word id="word_299">bicycle</word>
<word id="word_300">who</word>
<word id="word_301">comes</word>
<word id="word_302">by</word>
<word id="word_303">from</word>
<word id="word_304">the</word>
<word id="word_305">other</word>
<word id="word_306">direction</word>
<word id="word_307">he</word>
<word id="word_308">&apos;s</word>
<word id="word_309">riding</word>
<word id="word_310">a</word>
<word id="word_311">bike</word>
<word id="word_312">it</word>
<word id="word_313">&apos;s</word>
<word id="word_314">a</word>
<word id="word_315">little</word>
<word id="word_316">too</word>
<word id="word_317">big</word>
<word id="word_318">for</word>
<word id="word_319">him</word>
<word id="word_320">and</word>
<word id="word_321">he</word>
<word id="word_322">rides</word>
<word id="word_323">by</word>
<word id="word_324">and</word>
<word id="word_325">then</word>
<word id="word_326">he</word>
<word id="word_327">stops</word>
<word id="word_328">tries</word>
<word id="word_329">to</word>
<word id="word_330">take</word>
<word id="word_331">a</word>
<word id="word_332">pear</word>
<word id="word_333">and</word>
<word id="word_334">the</word>
<word id="word_335">he</word>
<word id="word_336">he</word>
<word id="word_337">can</word>
<word id="word_338">n&apos;t</word>
<word id="word_339">reach</word>
<word id="word_340">it</word>
<word id="word_341">So</word>
<word id="word_342">he</word>
<word id="word_343">puts</word>
<word id="word_344">down</word>
<word id="word_345">bike</word>
<word id="word_346">he</word>
<word id="word_347">sort</word>
<word id="word_348">of</word>
<word id="word_349">takes</word>
<word id="word_350">a</word>
<word id="word_351">pear</word>
<word id="word_352">and</word>
<word id="word_353">then</word>
<word id="word_354">he</word>
<word id="word_355">decides</word>
<word id="word_356">he</word>
<word id="word_357">wants</word>
<word id="word_358">the</word>
<word id="word_359">whole</word>
<word id="word_360">basket</word>
<word id="word_361">So</word>
<word id="word_362">he</word>
<word id="word_363">takes</word>
<word id="word_364">the</word>
<word id="word_365">whole</word>
<word id="word_366">basket</word>
<word id="word_367">and</word>
<word id="word_368">puts</word>
<word id="word_369">it</word>
<word id="word_370">near</word>
<word id="word_371">bike</word>
<word id="word_372">lifts</word>
<word id="word_373">up</word>
<word id="word_374">the</word>
<word id="word_375">bike</word>
<word id="word_376">puts</word>
<word id="word_377">the</word>
<word id="word_378">basket</word>
<word id="word_379">on</word>
<word id="word_380">the</word>
<word id="word_381">front</word>
<word id="word_382">part</word>
<word id="word_383">of</word>
<word id="word_384">bicycle</word>
<word id="word_385">n</word>
<word id="word_386">rides</word>
<word id="word_387">off</word>
<word id="word_388">And</word>
<word id="word_389">all</word>
<word id="word_390">this</word>
<word id="word_391">time</word>
<word id="word_392">the</word>
<word id="word_393">guy</word>
<word id="word_394">&apos;s</word>
<word id="word_395">up</word>
<word id="word_396">in</word>
<word id="word_397">the</word>
<word id="word_398">tree</word>
<word id="word_399">and</word>
<word id="word_400">he</word>
<word id="word_401">does</word>
<word id="word_402">n&apos;t</word>
<word id="word_403">notice</word>
<word id="word_404">it</word>
<word id="word_405">However</word>
<word id="word_406">the</word>
<word id="word_407">sounds</word>
<word id="word_408">are</word>
<word id="word_409">extremely</word>
<word id="word_410">loud</word>
<word id="word_411">So</word>
<word id="word_412">it</word>
<word id="word_413">&apos;s</word>
<word id="word_414">kind</word>
<word id="word_415">of</word>
<word id="word_416">funny</word>
<word id="word_417">And</word>
<word id="word_418">then</word>
<word id="word_419">tsk</word>
<word id="word_420">so-</word>
<word id="word_421">then</word>
<word id="word_422">we</word>
<word id="word_423">switch</word>
<word id="word_424">to</word>
<word id="word_425">the</word>
<word id="word_426">boy</word>
<word id="word_427">riding</word>
<word id="word_428">on</word>
<word id="word_429">the</word>
<word id="word_430">bicycle</word>
<word id="word_431">and</word>
<word id="word_432">he</word>
<word id="word_433">&apos;s</word>
<word id="word_434">riding</word>
<word id="word_435">down</word>
<word id="word_436">the</word>
<word id="word_437">gravel</word>
<word id="word_438">path</word>
<word id="word_439">And</word>
<word id="word_440">we</word>
<word id="word_441">see</word>
<word id="word_442">it</word>
<word id="word_443">the</word>
<word id="word_444">gravel</word>
<word id="word_445">path</word>
<word id="word_446">from</word>
<word id="word_447">point</word>
<word id="word_448">of</word>
<word id="word_449">view</word>
<word id="word_450">and</word>
<word id="word_451">then</word>
<word id="word_452">we</word>
<word id="word_453">see</word>
<word id="word_454">a</word>
<word id="word_455">girl</word>
<word id="word_456">riding</word>
<word id="word_457">a</word>
<word id="word_458">bike</word>
<word id="word_459">coming</word>
<word id="word_460">the</word>
<word id="word_461">opposite</word>
<word id="word_462">direction</word>
<word id="word_463">And</word>
<word id="word_464">then</word>
<word id="word_465">the</word>
<word id="word_466">camera</word>
<word id="word_467">&apos;s</word>
<word id="word_468">backed</word>
<word id="word_469">up</word>
<word id="word_470">and</word>
<word id="word_471">you</word>
<word id="word_472">see</word>
<word id="word_473">them</word>
<word id="word_474">going</word>
<word id="word_475">like</word>
<word id="word_476">this</word>
<word id="word_477">And</word>
<word id="word_478">then</word>
<word id="word_479">you</word>
<word id="word_480">see</word>
<word id="word_481">it</word>
<word id="word_482">from</word>
<word id="word_483">point</word>
<word id="word_484">of</word>
<word id="word_485">view</word>
<word id="word_486">again</word>
<word id="word_487">And</word>
<word id="word_488">hat</word>
<word id="word_489">blows</word>
<word id="word_490">off</word>
<word id="word_491">when</word>
<word id="word_492">they</word>
<word id="word_493">cross</word>
<word id="word_494">and</word>
<word id="word_495">bike</word>
<word id="word_496">hits</word>
<word id="word_497">into</word>
<word id="word_498">a</word>
<word id="word_499">rock</word>
<word id="word_500">and</word>
<word id="word_501">he</word>
<word id="word_502">falls</word>
<word id="word_503">down</word>
<word id="word_504">the</word>
<word id="word_505">bike</word>
<word id="word_506">falls</word>
<word id="word_507">down</word>
<word id="word_508">and</word>
<word id="word_509">all</word>
<word id="word_510">the</word>
<word id="word_511">pears</word>
<word id="word_512">scatter</word>
<word id="word_513">So</word>
<word id="word_514">then</word>
<word id="word_515">I</word>
<word id="word_516">guess</word>
<word id="word_517">the</word>
<word id="word_518">girl</word>
<word id="word_519">keeps</word>
<word id="word_520">going</word>
<word id="word_521">on</word>
<word id="word_522">and</word>
<word id="word_523">he</word>
<word id="word_524">um</word>
<word id="word_525">he</word>
<word id="word_526">&apos;s</word>
<word id="word_527">fallen</word>
<word id="word_528">down</word>
<word id="word_529">and</word>
<word id="word_530">he</word>
<word id="word_531">sits</word>
<word id="word_532">up</word>
<word id="word_533">and</word>
<word id="word_534">he</word>
<word id="word_535">he</word>
<word id="word_536">wipes</word>
<word id="word_537">the</word>
<word id="word_538">dirt</word>
<word id="word_539">off</word>
<word id="word_540">of</word>
<word id="word_541">him</word>
<word id="word_542">and</word>
<word id="word_543">he</word>
<word id="word_544">sort</word>
<word id="word_545">of</word>
<word id="word_546">holds</word>
<word id="word_547">onto</word>
<word id="word_548">leg</word>
<word id="word_549">which</word>
<word id="word_550">is</word>
<word id="word_551">hurt</word>
<word id="word_552">and</word>
<word id="word_553">then</word>
<word id="word_554">the</word>
<word id="word_555">camera</word>
<word id="word_556">goes</word>
<word id="word_557">up</word>
<word id="word_558">and</word>
<word id="word_559">you</word>
<word id="word_560">see</word>
<word id="word_561">three</word>
<word id="word_562">boys</word>
<word id="word_563">And</word>
<word id="word_564">uh</word>
<word id="word_565">one</word>
<word id="word_566">of</word>
<word id="word_567">them</word>
<word id="word_568">is</word>
<word id="word_569">tsk</word>
<word id="word_570">has</word>
<word id="word_571">this</word>
<word id="word_572">toy</word>
<word id="word_573">which</word>
<word id="word_574">is</word>
<word id="word_575">like</word>
<word id="word_576">a</word>
<word id="word_577">ping</word>
<word id="word_578">pong</word>
<word id="word_579">paddle</word>
<word id="word_580">with</word>
<word id="word_581">a</word>
<word id="word_582">ball</word>
<word id="word_583">on</word>
<word id="word_584">an</word>
<word id="word_585">elastic</word>
<word id="word_586">string</word>
<word id="word_587">go</word>
<word id="word_588">like</word>
<word id="word_589">that</word>
<word id="word_590">and</word>
<word id="word_591">uh</word>
<word id="word_592">it</word>
<word id="word_593">&apos;s</word>
<word id="word_594">making</word>
<word id="word_595">loud</word>
<word id="word_596">noises</word>
<word id="word_597">inconsistently</word>
<word id="word_598">And</word>
<word id="word_599">um</word>
<word id="word_600">it</word>
<word id="word_601">was</word>
<word id="word_602">n&apos;t</word>
<word id="word_603">a</word>
<word id="word_604">really</word>
<word id="word_605">funny</word>
<word id="word_606">film</word>
<word id="word_607">it</word>
<word id="word_608">was</word>
<word id="word_609">just</word>
<word id="word_610">that</word>
<word id="word_611">that</word>
<word id="word_612">sound</word>
<word id="word_613">part</word>
<word id="word_614">was</word>
<word id="word_615">really</word>
<word id="word_616">neat</word>
<word id="word_617">It</word>
<word id="word_618">was</word>
<word id="word_619">funny</word>
<word id="word_620">They</word>
<word id="word_621">uh</word>
<word id="word_622">they</word>
<word id="word_623">sort</word>
<word id="word_624">of</word>
<word id="word_625">come</word>
<word id="word_626">over</word>
<word id="word_627">to</word>
<word id="word_628">the</word>
<word id="word_629">boy</word>
<word id="word_630">and</word>
<word id="word_631">brush</word>
<word id="word_632">him</word>
<word id="word_633">off</word>
<word id="word_634">and</word>
<word id="word_635">walk</word>
<word id="word_636">away</word>
<word id="word_637">He</word>
<word id="word_638">holds</word>
<word id="word_639">up</word>
<word id="word_640">bike</word>
<word id="word_641">and</word>
<word id="word_642">starts</word>
<word id="word_643">limping</word>
<word id="word_644">down</word>
<word id="word_645">the</word>
<word id="word_646">road</word>
<word id="word_647">carrying</word>
<word id="word_648">pushing</word>
<word id="word_649">bike</word>
<word id="word_650">and</word>
<word id="word_651">they</word>
<word id="word_652">find</word>
<word id="word_653">hat</word>
<word id="word_654">and</word>
<word id="word_655">whistle</word>
<word id="word_656">to</word>
<word id="word_657">him</word>
<word id="word_658">tsk</word>
<word id="word_659">one</word>
<word id="word_660">of</word>
<word id="word_661">the</word>
<word id="word_662">boys</word>
<word id="word_663">And</word>
<word id="word_664">one</word>
<word id="word_665">of</word>
<word id="word_666">the</word>
<word id="word_667">boys</word>
<word id="word_668">runs</word>
<word id="word_669">back</word>
<word id="word_670">with</word>
<word id="word_671">the</word>
<word id="word_672">hat</word>
<word id="word_673">and</word>
<word id="word_674">puts</word>
<word id="word_675">it</word>
<word id="word_676">on</word>
<word id="word_677">head</word>
<word id="word_678">and</word>
<word id="word_679">the</word>
<word id="word_680">guy</word>
<word id="word_681">give</word>
<word id="word_682">him</word>
<word id="word_683">three</word>
<word id="word_684">pears</word>
<word id="word_685">for</word>
<word id="word_686">each</word>
<word id="word_687">of</word>
<word id="word_688">friends</word>
<word id="word_689">So</word>
<word id="word_690">the</word>
<word id="word_691">guy</word>
<word id="word_692">goes</word>
<word id="word_693">limping</word>
<word id="word_694">off</word>
<word id="word_695">with</word>
<word id="word_696">bicycle</word>
<word id="word_697">and</word>
<word id="word_698">the</word>
<word id="word_699">other</word>
<word id="word_700">boy</word>
<word id="word_701">comes</word>
<word id="word_702">back</word>
<word id="word_703">and</word>
<word id="word_704">gives</word>
<word id="word_705">the</word>
<word id="word_706">pears</word>
<word id="word_707">to</word>
<word id="word_708">friends</word>
<word id="word_709">and</word>
<word id="word_710">they</word>
<word id="word_711">go</word>
<word id="word_712">off</word>
<word id="word_713">And</word>
<word id="word_714">on</word>
<word id="word_715">the</word>
<word id="word_716">way</word>
<word id="word_717">back</word>
<word id="word_718">they</word>
<word id="word_719">pass</word>
<word id="word_720">the</word>
<word id="word_721">guy</word>
<word id="word_722">who</word>
<word id="word_723">was</word>
<word id="word_724">up</word>
<word id="word_725">in</word>
<word id="word_726">the</word>
<word id="word_727">tree</word>
<word id="word_728">collecting</word>
<word id="word_729">pears</word>
<word id="word_730">and</word>
<word id="word_731">he</word>
<word id="word_732">just</word>
<word id="word_733">comes</word>
<word id="word_734">he</word>
<word id="word_735">&apos;s</word>
<word id="word_736">just</word>
<word id="word_737">come</word>
<word id="word_738">down</word>
<word id="word_739">and</word>
<word id="word_740">he</word>
<word id="word_741">discovers</word>
<word id="word_742">that</word>
<word id="word_743">there</word>
<word id="word_744">&apos;s</word>
<word id="word_745">one</word>
<word id="word_746">basket</word>
<word id="word_747">missing</word>
<word id="word_748">And</word>
<word id="word_749">he</word>
<word id="word_750">sort</word>
<word id="word_751">of</word>
<word id="word_752">counts</word>
<word id="word_753">them</word>
<word id="word_754">and</word>
<word id="word_755">realize</word>
<word id="word_756">that</word>
<word id="word_757">there</word>
<word id="word_758">&apos;s</word>
<word id="word_759">a</word>
<word id="word_760">basket</word>
<word id="word_761">missing</word>
<word id="word_762">And</word>
<word id="word_763">then</word>
<word id="word_764">he</word>
<word id="word_765">sees</word>
<word id="word_766">these</word>
<word id="word_767">three</word>
<word id="word_768">boys</word>
<word id="word_769">go</word>
<word id="word_770">by</word>
<word id="word_771">with</word>
<word id="word_772">pears</word>
<word id="word_773">in</word>
<word id="word_774">hands</word>
<word id="word_775">He</word>
<word id="word_776">&apos;s</word>
<word id="word_777">a</word>
<word id="word_778">little</word>
<word id="word_779">bewildered</word>
<word id="word_780">And</word>
<word id="word_781">it</word>
<word id="word_782">ends</word>
</words>
