<?xml version="1.0" encoding="US-ASCII"?>
<!DOCTYPE words SYSTEM "words.dtd">
<words>
<word id="word_1">Speaker</word>
<word id="word_2">1</word>
<word id="word_3">Okay</word>
<word id="word_4">Um</word>
<word id="word_5">the</word>
<word id="word_6">s</word>
<word id="word_7">the</word>
<word id="word_8">scene</word>
<word id="word_9">opens</word>
<word id="word_10">up</word>
<word id="word_11">with</word>
<word id="word_12">um</word>
<word id="word_13">you</word>
<word id="word_14">see</word>
<word id="word_15">a</word>
<word id="word_16">tree</word>
<word id="word_17">k</word>
<word id="word_18">Kay</word>
<word id="word_19">And</word>
<word id="word_20">there</word>
<word id="word_21">&apos;s</word>
<word id="word_22">a</word>
<word id="word_23">ladder</word>
<word id="word_24">coming</word>
<word id="word_25">out</word>
<word id="word_26">o</word>
<word id="word_27">of</word>
<word id="word_28">the</word>
<word id="word_29">tree</word>
<word id="word_30">and</word>
<word id="word_31">there</word>
<word id="word_32">&apos;s</word>
<word id="word_33">a</word>
<word id="word_34">man</word>
<word id="word_35">at</word>
<word id="word_36">the</word>
<word id="word_37">top</word>
<word id="word_38">of</word>
<word id="word_39">the</word>
<word id="word_40">ladder</word>
<word id="word_41">you</word>
<word id="word_42">can</word>
<word id="word_43">n&apos;t</word>
<word id="word_44">see</word>
<word id="word_45">him</word>
<word id="word_46">yet</word>
<word id="word_47">And</word>
<word id="word_48">then</word>
<word id="word_49">it</word>
<word id="word_50">shifts</word>
<word id="word_51">and</word>
<word id="word_52">you</word>
<word id="word_53">see</word>
<word id="word_54">him</word>
<word id="word_55">plucking</word>
<word id="word_56">a</word>
<word id="word_57">pear</word>
<word id="word_58">from</word>
<word id="word_59">the</word>
<word id="word_60">tree</word>
<word id="word_61">And</word>
<word id="word_62">you</word>
<word id="word_63">watch</word>
<word id="word_64">him</word>
<word id="word_65">pluck</word>
<word id="word_66">a</word>
<word id="word_67">few</word>
<word id="word_68">pears</word>
<word id="word_69">and</word>
<word id="word_70">he</word>
<word id="word_71">&apos;d</word>
<word id="word_72">drop</word>
<word id="word_73">them</word>
<word id="word_74">into</word>
<word id="word_75">thing</word>
<word id="word_76">but</word>
<word id="word_77">I</word>
<word id="word_78">do</word>
<word id="word_79">n&apos;t</word>
<word id="word_80">he</word>
<word id="word_81">&apos;s</word>
<word id="word_82">wearing</word>
<word id="word_83">like</word>
<word id="word_84">an</word>
<word id="word_85">apron</word>
<word id="word_86">with</word>
<word id="word_87">huge</word>
<word id="word_88">pockets</word>
<word id="word_89">But</word>
<word id="word_90">I</word>
<word id="word_91">do</word>
<word id="word_92">n&apos;t</word>
<word id="word_93">think</word>
<word id="word_94">you</word>
<word id="word_95">see</word>
<word id="word_96">the</word>
<word id="word_97">apron</word>
<word id="word_98">at</word>
<word id="word_99">first</word>
<word id="word_100">I</word>
<word id="word_101">do</word>
<word id="word_102">n&apos;t</word>
<word id="word_103">know</word>
<word id="word_104">if</word>
<word id="word_105">that</word>
<word id="word_106">&apos;s</word>
<word id="word_107">important</word>
<word id="word_108">or</word>
<word id="word_109">not</word>
<word id="word_110">And</word>
<word id="word_111">uh</word>
<word id="word_112">and</word>
<word id="word_113">then</word>
<word id="word_114">he</word>
<word id="word_115">gets</word>
<word id="word_116">down</word>
<word id="word_117">out</word>
<word id="word_118">of</word>
<word id="word_119">the</word>
<word id="word_120">tree</word>
<word id="word_121">and</word>
<word id="word_122">he</word>
<word id="word_123">dumps</word>
<word id="word_124">ail</word>
<word id="word_125">pears</word>
<word id="word_126">into</word>
<word id="word_127">the</word>
<word id="word_128">basket</word>
<word id="word_129">and</word>
<word id="word_130">the</word>
<word id="word_131">basket</word>
<word id="word_132">&apos;s</word>
<word id="word_133">full</word>
<word id="word_134">and</word>
<word id="word_135">one</word>
<word id="word_136">of</word>
<word id="word_137">the</word>
<word id="word_138">pears</word>
<word id="word_139">drops</word>
<word id="word_140">down</word>
<word id="word_141">to</word>
<word id="word_142">the</word>
<word id="word_143">floor</word>
<word id="word_144">and</word>
<word id="word_145">he</word>
<word id="word_146">picks</word>
<word id="word_147">it</word>
<word id="word_148">up</word>
<word id="word_149">and</word>
<word id="word_150">he</word>
<word id="word_151">takes</word>
<word id="word_152">kerchief</word>
<word id="word_153">off</word>
<word id="word_154">and</word>
<word id="word_155">he</word>
<word id="word_156">wipes</word>
<word id="word_157">it</word>
<word id="word_158">off</word>
<word id="word_159">and</word>
<word id="word_160">places</word>
<word id="word_161">it</word>
<word id="word_162">in</word>
<word id="word_163">in</word>
<word id="word_164">the</word>
<word id="word_165">basket</word>
<word id="word_166">which</word>
<word id="word_167">is</word>
<word id="word_168">very</word>
<word id="word_169">full</word>
<word id="word_170">That</word>
<word id="word_171">&apos;s</word>
<word id="word_172">why</word>
<word id="word_173">it</word>
<word id="word_174">fell</word>
<word id="word_175">off</word>
<word id="word_176">in</word>
<word id="word_177">the</word>
<word id="word_178">first</word>
<word id="word_179">place</word>
<word id="word_180">And</word>
<word id="word_181">um</word>
<word id="word_182">then</word>
<word id="word_183">he</word>
<word id="word_184">climbs</word>
<word id="word_185">back</word>
<word id="word_186">up</word>
<word id="word_187">the</word>
<word id="word_188">ladder</word>
<word id="word_189">and</word>
<word id="word_190">he</word>
<word id="word_191">and</word>
<word id="word_192">he</word>
<word id="word_193">starts</word>
<word id="word_194">picking</word>
<word id="word_195">pears</word>
<word id="word_196">again</word>
<word id="word_197">And</word>
<word id="word_198">then</word>
<word id="word_199">while</word>
<word id="word_200">he</word>
<word id="word_201">&apos;s</word>
<word id="word_202">up</word>
<word id="word_203">in</word>
<word id="word_204">the</word>
<word id="word_205">ladder</word>
<word id="word_206">let</word>
<word id="word_207">&apos;s</word>
<word id="word_208">see</word>
<word id="word_209">is</word>
<word id="word_210">it</word>
<word id="word_211">while</word>
<word id="word_212">he</word>
<word id="word_213">&apos;s</word>
<word id="word_214">up</word>
<word id="word_215">in</word>
<word id="word_216">the</word>
<word id="word_217">ladder</word>
<word id="word_218">Or</word>
<word id="word_219">or</word>
<word id="word_220">before</word>
<word id="word_221">Um</word>
<word id="word_222">anyway</word>
<word id="word_223">a</word>
<word id="word_224">guy</word>
<word id="word_225">comes</word>
<word id="word_226">by</word>
<word id="word_227">leading</word>
<word id="word_228">a</word>
<word id="word_229">goat</word>
<word id="word_230">And</word>
<word id="word_231">the</word>
<word id="word_232">goat</word>
<word id="word_233">&apos;s</word>
<word id="word_234">aaarrr</word>
<word id="word_235">but</word>
<word id="word_236">and</word>
<word id="word_237">they</word>
<word id="word_238">do</word>
<word id="word_239">n&apos;t</word>
<word id="word_240">talk</word>
<word id="word_241">to</word>
<word id="word_242">each</word>
<word id="word_243">other</word>
<word id="word_244">they</word>
<word id="word_245">do</word>
<word id="word_246">n&apos;t</word>
<word id="word_247">I</word>
<word id="word_248">do</word>
<word id="word_249">n&apos;t</word>
<word id="word_250">think</word>
<word id="word_251">they</word>
<word id="word_252">even</word>
<word id="word_253">look</word>
<word id="word_254">at</word>
<word id="word_255">each</word>
<word id="word_256">other</word>
<word id="word_257">and</word>
<word id="word_258">the</word>
<word id="word_259">guy</word>
<word id="word_260">walks</word>
<word id="word_261">by</word>
<word id="word_262">And</word>
<word id="word_263">you</word>
<word id="word_264">watch</word>
<word id="word_265">the</word>
<word id="word_266">goat</word>
<word id="word_267">disappearing</word>
<word id="word_268">all</word>
<word id="word_269">the</word>
<word id="word_270">way</word>
<word id="word_271">and</word>
<word id="word_272">then</word>
<word id="word_273">then</word>
<word id="word_274">you</word>
<word id="word_275">&apos;re</word>
<word id="word_276">back</word>
<word id="word_277">to</word>
<word id="word_278">the</word>
<word id="word_279">man</word>
<word id="word_280">in</word>
<word id="word_281">the</word>
<word id="word_282">tree</word>
<word id="word_283">And</word>
<word id="word_284">he</word>
<word id="word_285">&apos;s</word>
<word id="word_286">up</word>
<word id="word_287">there</word>
<word id="word_288">in</word>
<word id="word_289">the</word>
<word id="word_290">tree</word>
<word id="word_291">And</word>
<word id="word_292">then</word>
<word id="word_293">definitely</word>
<word id="word_294">when</word>
<word id="word_295">he</word>
<word id="word_296">&apos;s</word>
<word id="word_297">up</word>
<word id="word_298">there</word>
<word id="word_299">a</word>
<word id="word_300">kid</word>
<word id="word_301">comes</word>
<word id="word_302">by</word>
<word id="word_303">on</word>
<word id="word_304">a</word>
<word id="word_305">bicycle</word>
<word id="word_306">From</word>
<word id="word_307">the</word>
<word id="word_308">direction</word>
<word id="word_309">where</word>
<word id="word_310">the</word>
<word id="word_311">goat</word>
<word id="word_312">man</word>
<word id="word_313">left</word>
<word id="word_314">okay</word>
<word id="word_315">And</word>
<word id="word_316">Um</word>
<word id="word_317">the</word>
<word id="word_318">bicycle</word>
<word id="word_319">&apos;s</word>
<word id="word_320">way</word>
<word id="word_321">too</word>
<word id="word_322">big</word>
<word id="word_323">for</word>
<word id="word_324">the</word>
<word id="word_325">kid</word>
<word id="word_326">I</word>
<word id="word_327">&apos;m</word>
<word id="word_328">giving</word>
<word id="word_329">you</word>
<word id="word_330">all</word>
<word id="word_331">these</word>
<word id="word_332">details</word>
<word id="word_333">I</word>
<word id="word_334">do</word>
<word id="word_335">n&apos;t</word>
<word id="word_336">know</word>
<word id="word_337">if</word>
<word id="word_338">you</word>
<word id="word_339">want</word>
<word id="word_340">them</word>
<word id="word_341">Um</word>
<word id="word_342">the</word>
<word id="word_343">the</word>
<word id="word_344">reason</word>
<word id="word_345">I</word>
<word id="word_346">&apos;m</word>
<word id="word_347">giving</word>
<word id="word_348">you</word>
<word id="word_349">the</word>
<word id="word_350">details</word>
<word id="word_351">is</word>
<word id="word_352">cause</word>
<word id="word_353">I</word>
<word id="word_354">do</word>
<word id="word_355">n&apos;t</word>
<word id="word_356">know</word>
<word id="word_357">what</word>
<word id="word_358">the</word>
<word id="word_359">point</word>
<word id="word_360">of</word>
<word id="word_361">the</word>
<word id="word_362">movie</word>
<word id="word_363">was</word>
<word id="word_364">Okay</word>
<word id="word_365">So</word>
<word id="word_366">maybe</word>
<word id="word_367">you</word>
<word id="word_368">can</word>
<word id="word_369">see</word>
<word id="word_370">something</word>
<word id="word_371">that</word>
<word id="word_372">I</word>
<word id="word_373">did</word>
<word id="word_374">n&apos;t</word>
<word id="word_375">Okay</word>
<word id="word_376">Um</word>
<word id="word_377">g</word>
<word id="word_378">a</word>
<word id="word_379">kid</word>
<word id="word_380">comes</word>
<word id="word_381">by</word>
<word id="word_382">on</word>
<word id="word_383">a</word>
<word id="word_384">bicycle</word>
<word id="word_385">he</word>
<word id="word_386">stops</word>
<word id="word_387">he</word>
<word id="word_388">gets</word>
<word id="word_389">off</word>
<word id="word_390">bike</word>
<word id="word_391">um</word>
<word id="word_392">the</word>
<word id="word_393">movie</word>
<word id="word_394">was</word>
<word id="word_395">in</word>
<word id="word_396">color</word>
<word id="word_397">And</word>
<word id="word_398">the</word>
<word id="word_399">movie</word>
<word id="word_400">had</word>
<word id="word_401">sound</word>
<word id="word_402">track</word>
<word id="word_403">It</word>
<word id="word_404">&apos;s</word>
<word id="word_405">important</word>
<word id="word_406">And</word>
<word id="word_407">then</word>
<word id="word_408">the</word>
<word id="word_409">mo</word>
<word id="word_410">the</word>
<word id="word_411">whole</word>
<word id="word_412">movie</word>
<word id="word_413">started</word>
<word id="word_414">with</word>
<word id="word_415">a</word>
<word id="word_416">a</word>
<word id="word_417">cock</word>
<word id="word_418">crowing</word>
<word id="word_419">And</word>
<word id="word_420">then</word>
<word id="word_421">you</word>
<word id="word_422">see</word>
<word id="word_423">Anyway</word>
<word id="word_424">I</word>
<word id="word_425">just</word>
<word id="word_426">remembered</word>
<word id="word_427">that</word>
<word id="word_428">Anyway</word>
<word id="word_429">so</word>
<word id="word_430">um</word>
<word id="word_431">the</word>
<word id="word_432">kid</word>
<word id="word_433">on</word>
<word id="word_434">the</word>
<word id="word_435">bicycle</word>
<word id="word_436">gets</word>
<word id="word_437">off</word>
<word id="word_438">the</word>
<word id="word_439">bicycle</word>
<word id="word_440">I</word>
<word id="word_441">think</word>
<word id="word_442">he</word>
<word id="word_443">he</word>
<word id="word_444">picks</word>
<word id="word_445">up</word>
<word id="word_446">the</word>
<word id="word_447">b-asket</word>
<word id="word_448">of</word>
<word id="word_449">pears</word>
<word id="word_450">and</word>
<word id="word_451">he</word>
<word id="word_452">puts</word>
<word id="word_453">it</word>
<word id="word_454">on</word>
<word id="word_455">blcycle</word>
<word id="word_456">on</word>
<word id="word_457">the</word>
<word id="word_458">front</word>
<word id="word_459">And</word>
<word id="word_460">he</word>
<word id="word_461">rides</word>
<word id="word_462">off</word>
<word id="word_463">And</word>
<word id="word_464">you</word>
<word id="word_465">see</word>
<word id="word_466">him</word>
<word id="word_467">riding</word>
<word id="word_468">off</word>
<word id="word_469">and</word>
<word id="word_470">the</word>
<word id="word_471">next</word>
<word id="word_472">scene</word>
<word id="word_473">you</word>
<word id="word_474">see</word>
<word id="word_475">him</word>
<word id="word_476">like</word>
<word id="word_477">at</word>
<word id="word_478">a</word>
<word id="word_479">at</word>
<word id="word_480">a</word>
<word id="word_481">distance</word>
<word id="word_482">a</word>
<word id="word_483">pan</word>
<word id="word_484">shot</word>
<word id="word_485">And</word>
<word id="word_486">he</word>
<word id="word_487">&apos;s</word>
<word id="word_488">riding</word>
<word id="word_489">on</word>
<word id="word_490">a</word>
<word id="word_491">lane</word>
<word id="word_492">riding</word>
<word id="word_493">on</word>
<word id="word_494">a</word>
<word id="word_495">bicycle</word>
<word id="word_496">and</word>
<word id="word_497">they</word>
<word id="word_498">cro</word>
<word id="word_499">you</word>
<word id="word_500">know</word>
<word id="word_501">Cross</word>
<word id="word_502">paths</word>
<word id="word_503">And</word>
<word id="word_504">he</word>
<word id="word_505">kind</word>
<word id="word_506">of</word>
<word id="word_507">watches</word>
<word id="word_508">her</word>
<word id="word_509">go</word>
<word id="word_510">by</word>
<word id="word_511">And</word>
<word id="word_512">because</word>
<word id="word_513">he</word>
<word id="word_514">&apos;s</word>
<word id="word_515">watching</word>
<word id="word_516">her</word>
<word id="word_517">he</word>
<word id="word_518">when</word>
<word id="word_519">he</word>
<word id="word_520">turns</word>
<word id="word_521">around</word>
<word id="word_522">hat</word>
<word id="word_523">flies</word>
<word id="word_524">off</word>
<word id="word_525">Okay</word>
<word id="word_526">And</word>
<word id="word_527">then</word>
<word id="word_528">he</word>
<word id="word_529">bumps</word>
<word id="word_530">into</word>
<word id="word_531">a</word>
<word id="word_532">rock</word>
<word id="word_533">And</word>
<word id="word_534">u</word>
<word id="word_535">m</word>
<word id="word_536">falls</word>
<word id="word_537">down</word>
<word id="word_538">and</word>
<word id="word_539">the</word>
<word id="word_540">pears</word>
<word id="word_541">all</word>
<word id="word_542">spray</word>
<word id="word_543">all</word>
<word id="word_544">over</word>
<word id="word_545">the</word>
<word id="word_546">place</word>
<word id="word_547">and</word>
<word id="word_548">and</word>
<word id="word_549">then</word>
<word id="word_550">you</word>
<word id="word_551">see</word>
<word id="word_552">him</word>
<word id="word_553">fall</word>
<word id="word_554">down</word>
<word id="word_555">and</word>
<word id="word_556">he</word>
<word id="word_557">gets</word>
<word id="word_558">up</word>
<word id="word_559">and</word>
<word id="word_560">brushes</word>
<word id="word_561">himself</word>
<word id="word_562">off</word>
<word id="word_563">and</word>
<word id="word_564">he</word>
<word id="word_565">goes</word>
<word id="word_566">you</word>
<word id="word_567">know</word>
<word id="word_568">and</word>
<word id="word_569">then</word>
<word id="word_570">you</word>
<word id="word_571">see</word>
<word id="word_572">three</word>
<word id="word_573">other</word>
<word id="word_574">boys</word>
<word id="word_575">about</word>
<word id="word_576">age</word>
<word id="word_577">He</word>
<word id="word_578">&apos;s</word>
<word id="word_579">like</word>
<word id="word_580">maybe</word>
<word id="word_581">what</word>
<word id="word_582">ten</word>
<word id="word_583">or</word>
<word id="word_584">something</word>
<word id="word_585">Twelve</word>
<word id="word_586">I</word>
<word id="word_587">do</word>
<word id="word_588">n&apos;t</word>
<word id="word_589">know</word>
<word id="word_590">And</word>
<word id="word_591">and</word>
<word id="word_592">you</word>
<word id="word_593">look</word>
<word id="word_594">at</word>
<word id="word_595">them</word>
<word id="word_596">and</word>
<word id="word_597">and</word>
<word id="word_598">they</word>
<word id="word_599">see</word>
<word id="word_600">him</word>
<word id="word_601">and</word>
<word id="word_602">they</word>
<word id="word_603">come</word>
<word id="word_604">up</word>
<word id="word_605">and</word>
<word id="word_606">without</word>
<word id="word_607">saying</word>
<word id="word_608">anything</word>
<word id="word_609">there</word>
<word id="word_610">&apos;s</word>
<word id="word_611">no</word>
<word id="word_612">speech</word>
<word id="word_613">in</word>
<word id="word_614">the</word>
<word id="word_615">whole</word>
<word id="word_616">movie.</word>
<word id="word_617">without</word>
<word id="word_618">saying</word>
<word id="word_619">anything</word>
<word id="word_620">they</word>
<word id="word_621">um</word>
<word id="word_622">help</word>
<word id="word_623">him</word>
<word id="word_624">put</word>
<word id="word_625">the</word>
<word id="word_626">pears</word>
<word id="word_627">back</word>
<word id="word_628">in</word>
<word id="word_629">the</word>
<word id="word_630">basket</word>
<word id="word_631">Only</word>
<word id="word_632">they</word>
<word id="word_633">do</word>
<word id="word_634">n&apos;t</word>
<word id="word_635">wipe</word>
<word id="word_636">them</word>
<word id="word_637">off</word>
<word id="word_638">first</word>
<word id="word_639">Just</word>
<word id="word_640">pick</word>
<word id="word_641">them</word>
<word id="word_642">up</word>
<word id="word_643">and</word>
<word id="word_644">pour</word>
<word id="word_645">them</word>
<word id="word_646">in</word>
<word id="word_647">And</word>
<word id="word_648">theyhelp</word>
<word id="word_649">him</word>
<word id="word_650">get</word>
<word id="word_651">bike</word>
<word id="word_652">up</word>
<word id="word_653">and</word>
<word id="word_654">one</word>
<word id="word_655">kid</word>
<word id="word_656">takes</word>
<word id="word_657">the</word>
<word id="word_658">rock</word>
<word id="word_659">that</word>
<word id="word_660">he</word>
<word id="word_661">tripped</word>
<word id="word_662">on</word>
<word id="word_663">and</word>
<word id="word_664">he</word>
<word id="word_665">throws</word>
<word id="word_666">it</word>
<word id="word_667">off</word>
<word id="word_668">to</word>
<word id="word_669">the</word>
<word id="word_670">side</word>
<word id="word_671">of</word>
<word id="word_672">the</word>
<word id="word_673">road</word>
<word id="word_674">and</word>
<word id="word_675">and</word>
<word id="word_676">they</word>
<word id="word_677">set</word>
<word id="word_678">him</word>
<word id="word_679">upright</word>
<word id="word_680">and</word>
<word id="word_681">they</word>
<word id="word_682">and</word>
<word id="word_683">then</word>
<word id="word_684">he</word>
<word id="word_685">you</word>
<word id="word_686">know</word>
<word id="word_687">they</word>
<word id="word_688">I</word>
<word id="word_689">don1they</word>
<word id="word_690">do</word>
<word id="word_691">n&apos;t</word>
<word id="word_692">say</word>
<word id="word_693">thank</word>
<word id="word_694">you</word>
<word id="word_695">he</word>
<word id="word_696">just</word>
<word id="word_697">splits</word>
<word id="word_698">And</word>
<word id="word_699">then</word>
<word id="word_700">they</word>
<word id="word_701">walk</word>
<word id="word_702">the</word>
<word id="word_703">three</word>
<word id="word_704">boys</word>
<word id="word_705">walk</word>
<word id="word_706">down</word>
<word id="word_707">the</word>
<word id="word_708">road</word>
<word id="word_709">and</word>
<word id="word_710">they</word>
<word id="word_711">see</word>
<word id="word_712">the</word>
<word id="word_713">kid</word>
<word id="word_714">&apos;s</word>
<word id="word_715">hat</word>
<word id="word_716">And</word>
<word id="word_717">so</word>
<word id="word_718">one</word>
<word id="word_719">of</word>
<word id="word_720">them</word>
<word id="word_721">whistles</word>
<word id="word_722">And</word>
<word id="word_723">the</word>
<word id="word_724">kid</word>
<word id="word_725">on</word>
<word id="word_726">the</word>
<word id="word_727">bike</word>
<word id="word_728">turns</word>
<word id="word_729">around</word>
<word id="word_730">and</word>
<word id="word_731">then</word>
<word id="word_732">he</word>
<word id="word_733">brings</word>
<word id="word_734">hat</word>
<word id="word_735">to</word>
<word id="word_736">him</word>
<word id="word_737">and</word>
<word id="word_738">the</word>
<word id="word_739">g</word>
<word id="word_740">guy</word>
<word id="word_741">on</word>
<word id="word_742">the</word>
<word id="word_743">bike</word>
<word id="word_744">gives</word>
<word id="word_745">the</word>
<word id="word_746">other</word>
<word id="word_747">kids</word>
<word id="word_748">gives</word>
<word id="word_749">the</word>
<word id="word_750">kid</word>
<word id="word_751">that</word>
<word id="word_752">returns</word>
<word id="word_753">hat</word>
<word id="word_754">three</word>
<word id="word_755">pears</word>
<word id="word_756">to</word>
<word id="word_757">share</word>
<word id="word_758">with</word>
<word id="word_759">buddies</word>
<word id="word_760">So</word>
<word id="word_761">and</word>
<word id="word_762">then</word>
<word id="word_763">he</word>
<word id="word_764">splits</word>
<word id="word_765">With</word>
<word id="word_766">hat</word>
<word id="word_767">with</word>
<word id="word_768">pears</word>
<word id="word_769">everything</word>
<word id="word_770">And</word>
<word id="word_771">um</word>
<word id="word_772">I</word>
<word id="word_773">just</word>
<word id="word_774">remembered</word>
<word id="word_775">another</word>
<word id="word_776">detail</word>
<word id="word_777">Before</word>
<word id="word_778">he</word>
<word id="word_779">meets</word>
<word id="word_780">the</word>
<word id="word_781">girl</word>
<word id="word_782">One</word>
<word id="word_783">of</word>
<word id="word_784">the</word>
<word id="word_785">pears</word>
<word id="word_786">1t</word>
<word id="word_787">&apos;s</word>
<word id="word_788">a</word>
<word id="word_789">bumpy</word>
<word id="word_790">road</word>
<word id="word_791">little</word>
<word id="word_792">dirt</word>
<word id="word_793">road</word>
<word id="word_794">one</word>
<word id="word_795">of</word>
<word id="word_796">the</word>
<word id="word_797">pears</word>
<word id="word_798">flies</word>
<word id="word_799">out</word>
<word id="word_800">Whatever</word>
<word id="word_801">And</word>
<word id="word_802">Um</word>
<word id="word_803">then</word>
<word id="word_804">you</word>
<word id="word_805">do</word>
<word id="word_806">n&apos;t</word>
<word id="word_807">see</word>
<word id="word_808">the</word>
<word id="word_809">kid</word>
<word id="word_810">with</word>
<word id="word_811">the</word>
<word id="word_812">bike</word>
<word id="word_813">with</word>
<word id="word_814">the</word>
<word id="word_815">pears</word>
<word id="word_816">anymore</word>
<word id="word_817">And</word>
<word id="word_818">the</word>
<word id="word_819">three</word>
<word id="word_820">kids</word>
<word id="word_821">that</word>
<word id="word_822">are</word>
<word id="word_823">walking</word>
<word id="word_824">one</word>
<word id="word_825">of</word>
<word id="word_826">them</word>
<word id="word_827">has</word>
<word id="word_828">a</word>
<word id="word_829">what</word>
<word id="word_830">do</word>
<word id="word_831">you</word>
<word id="word_832">call</word>
<word id="word_833">those</word>
<word id="word_834">little</word>
<word id="word_835">um</word>
<word id="word_836">paddleball</word>
<word id="word_837">You</word>
<word id="word_838">know</word>
<word id="word_839">with</word>
<word id="word_840">a</word>
<word id="word_841">ball</word>
<word id="word_842">on</word>
<word id="word_843">a</word>
<word id="word_844">uh</word>
<word id="word_845">chong</word>
<word id="word_846">chong</word>
<word id="word_847">chong</word>
<word id="word_848">chong</word>
<word id="word_849">So</word>
<word id="word_850">they</word>
<word id="word_851">&apos;re</word>
<word id="word_852">walking</word>
<word id="word_853">along</word>
<word id="word_854">and</word>
<word id="word_855">they</word>
<word id="word_856">brush</word>
<word id="word_857">off</word>
<word id="word_858">pears</word>
<word id="word_859">and</word>
<word id="word_860">they</word>
<word id="word_861">start</word>
<word id="word_862">eating</word>
<word id="word_863">it</word>
<word id="word_864">Then</word>
<word id="word_865">they</word>
<word id="word_866">walk</word>
<word id="word_867">by</word>
<word id="word_868">the</word>
<word id="word_869">man</word>
<word id="word_870">who</word>
<word id="word_871">was</word>
<word id="word_872">picking</word>
<word id="word_873">the</word>
<word id="word_874">pears</word>
<word id="word_875">Who</word>
<word id="word_876">looks</word>
<word id="word_877">like</word>
<word id="word_878">a</word>
<word id="word_879">Mexican-American</word>
<word id="word_880">if</word>
<word id="word_881">that</word>
<word id="word_882">&apos;s</word>
<word id="word_883">important</word>
<word id="word_884">Um</word>
<word id="word_885">and</word>
<word id="word_886">he</word>
<word id="word_887">&apos;s</word>
<word id="word_888">ge</word>
<word id="word_889">he</word>
<word id="word_890">&apos;s</word>
<word id="word_891">getting</word>
<word id="word_892">down</word>
<word id="word_893">out</word>
<word id="word_894">of</word>
<word id="word_895">the</word>
<word id="word_896">tree</word>
<word id="word_897">and</word>
<word id="word_898">fucking</word>
<word id="word_899">with</word>
<word id="word_900">the</word>
<word id="word_901">ladder</word>
<word id="word_902">And</word>
<word id="word_903">he</word>
<word id="word_904">sees</word>
<word id="word_905">and</word>
<word id="word_906">and</word>
<word id="word_907">there</word>
<word id="word_908">&apos;s</word>
<word id="word_909">one</word>
<word id="word_910">full</word>
<word id="word_911">basket</word>
<word id="word_912">of</word>
<word id="word_913">pears</word>
<word id="word_914">there</word>
<word id="word_915">and</word>
<word id="word_916">and</word>
<word id="word_917">an</word>
<word id="word_918">empty</word>
<word id="word_919">basket</word>
<word id="word_920">And</word>
<word id="word_921">the</word>
<word id="word_922">other</word>
<word id="word_923">full</word>
<word id="word_924">basket</word>
<word id="word_925">is</word>
<word id="word_926">gone</word>
<word id="word_927">And</word>
<word id="word_928">he</word>
<word id="word_929">goes</word>
<word id="word_930">And</word>
<word id="word_931">he</word>
<word id="word_932">sees</word>
<word id="word_933">the</word>
<word id="word_934">kids</word>
<word id="word_935">walking</word>
<word id="word_936">by</word>
<word id="word_937">and</word>
<word id="word_938">eating</word>
<word id="word_939">pears</word>
<word id="word_940">And</word>
<word id="word_941">he</word>
<word id="word_942">and</word>
<word id="word_943">he</word>
<word id="word_944">looks</word>
<word id="word_945">after</word>
<word id="word_946">them</word>
<word id="word_947">and</word>
<word id="word_948">they</word>
<word id="word_949">disappear</word>
<word id="word_950">and</word>
<word id="word_951">that</word>
<word id="word_952">&apos;s</word>
<word id="word_953">the</word>
<word id="word_954">end</word>
<word id="word_955">of</word>
<word id="word_956">the</word>
<word id="word_957">movie</word>
<word id="word_958">And</word>
<word id="word_959">there</word>
<word id="word_960">&apos;s</word>
<word id="word_961">no</word>
<word id="word_962">no</word>
<word id="word_963">language</word>
<word id="word_964">used</word>
<word id="word_965">throughout</word>
<word id="word_966">the</word>
<word id="word_967">whole</word>
<word id="word_968">thing</word>
</words>
