<?xml version="1.0" encoding="US-ASCII"?>
<!DOCTYPE words SYSTEM "words.dtd">
<words>
<word id="word_1">Speaker</word>
<word id="word_2">19</word>
<word id="word_3">All</word>
<word id="word_4">right</word>
<word id="word_5">it</word>
<word id="word_6">starts</word>
<word id="word_7">it</word>
<word id="word_8">seems</word>
<word id="word_9">to</word>
<word id="word_10">be</word>
<word id="word_11">morning</word>
<word id="word_12">In</word>
<word id="word_13">the</word>
<word id="word_14">countryside</word>
<word id="word_15">In</word>
<word id="word_16">rolling</word>
<word id="word_17">hills</word>
<word id="word_18">it</word>
<word id="word_19">&apos;s</word>
<word id="word_20">bright</word>
<word id="word_21">and</word>
<word id="word_22">sunny</word>
<word id="word_23">and</word>
<word id="word_24">you</word>
<word id="word_25">hear</word>
<word id="word_26">roosters</word>
<word id="word_27">crowing</word>
<word id="word_28">So</word>
<word id="word_29">it</word>
<word id="word_30">&apos;s</word>
<word id="word_31">a</word>
<word id="word_32">very</word>
<word id="word_33">pastoral</word>
<word id="word_34">setting</word>
<word id="word_35">There</word>
<word id="word_36">&apos;s</word>
<word id="word_37">some</word>
<word id="word_38">trees</word>
<word id="word_39">An</word>
<word id="word_40">orchard.</word>
<word id="word_41">And</word>
<word id="word_42">a</word>
<word id="word_43">man</word>
<word id="word_44">is</word>
<word id="word_45">picking</word>
<word id="word_46">pears</word>
<word id="word_47">In</word>
<word id="word_48">the</word>
<word id="word_49">trees</word>
<word id="word_50">On</word>
<word id="word_51">a</word>
<word id="word_52">ladder</word>
<word id="word_53">And</word>
<word id="word_54">he</word>
<word id="word_55">comes</word>
<word id="word_56">down</word>
<word id="word_57">from</word>
<word id="word_58">the</word>
<word id="word_59">ladder</word>
<word id="word_60">and</word>
<word id="word_61">he</word>
<word id="word_62">&apos;s</word>
<word id="word_63">wearing</word>
<word id="word_64">an</word>
<word id="word_65">apron</word>
<word id="word_66">that</word>
<word id="word_67">holds</word>
<word id="word_68">the</word>
<word id="word_69">pears</word>
<word id="word_70">in</word>
<word id="word_71">deep</word>
<word id="word_72">pockets</word>
<word id="word_73">And</word>
<word id="word_74">he</word>
<word id="word_75">dumps</word>
<word id="word_76">them</word>
<word id="word_77">into</word>
<word id="word_78">some</word>
<word id="word_79">baskets</word>
<word id="word_80">that</word>
<word id="word_81">he</word>
<word id="word_82">has</word>
<word id="word_83">Sitting</word>
<word id="word_84">at</word>
<word id="word_85">the</word>
<word id="word_86">bottom</word>
<word id="word_87">of</word>
<word id="word_88">the</word>
<word id="word_89">tree</word>
<word id="word_90">s</word>
<word id="word_91">And</word>
<word id="word_92">then</word>
<word id="word_93">you</word>
<word id="word_94">hear</word>
<word id="word_95">some</word>
<word id="word_96">sound</word>
<word id="word_97">in</word>
<word id="word_98">the</word>
<word id="word_99">distance</word>
<word id="word_100">approaching</word>
<word id="word_101">and</word>
<word id="word_102">a</word>
<word id="word_103">man</word>
<word id="word_104">comes</word>
<word id="word_105">by</word>
<word id="word_106">leading</word>
<word id="word_107">a</word>
<word id="word_108">goat</word>
<word id="word_109">They</word>
<word id="word_110">walk</word>
<word id="word_111">past</word>
<word id="word_112">the</word>
<word id="word_113">pears</word>
<word id="word_114">and</word>
<word id="word_115">the</word>
<word id="word_116">goat</word>
<word id="word_117">looks</word>
<word id="word_118">at</word>
<word id="word_119">them</word>
<word id="word_120">but</word>
<word id="word_121">goes</word>
<word id="word_122">on</word>
<word id="word_123">with</word>
<word id="word_124">the</word>
<word id="word_125">man</word>
<word id="word_126">And</word>
<word id="word_127">the</word>
<word id="word_128">other</word>
<word id="word_129">man</word>
<word id="word_130">continues</word>
<word id="word_131">picking</word>
<word id="word_132">pears</word>
<word id="word_133">Then</word>
<word id="word_134">another</word>
<word id="word_135">sound</word>
<word id="word_136">is</word>
<word id="word_137">heard</word>
<word id="word_138">a</word>
<word id="word_139">clanky</word>
<word id="word_140">sound</word>
<word id="word_141">and</word>
<word id="word_142">a</word>
<word id="word_143">boy</word>
<word id="word_144">comes</word>
<word id="word_145">by</word>
<word id="word_146">riding</word>
<word id="word_147">a</word>
<word id="word_148">bicycle</word>
<word id="word_149">And</word>
<word id="word_150">he</word>
<word id="word_151">sees</word>
<word id="word_152">the</word>
<word id="word_153">pears</word>
<word id="word_154">and</word>
<word id="word_155">he</word>
<word id="word_156">stops</word>
<word id="word_157">Gets</word>
<word id="word_158">off</word>
<word id="word_159">bicycle</word>
<word id="word_160">hesitates</word>
<word id="word_161">as</word>
<word id="word_162">to</word>
<word id="word_163">just</word>
<word id="word_164">how</word>
<word id="word_165">to</word>
<word id="word_166">put</word>
<word id="word_167">it</word>
<word id="word_168">down</word>
<word id="word_169">then</word>
<word id="word_170">he</word>
<word id="word_171">takes</word>
<word id="word_172">a</word>
<word id="word_173">pear</word>
<word id="word_174">after</word>
<word id="word_175">careful1y</word>
<word id="word_176">watching</word>
<word id="word_177">the</word>
<word id="word_178">man</word>
<word id="word_179">in</word>
<word id="word_180">the</word>
<word id="word_181">tree</word>
<word id="word_182">Who</word>
<word id="word_183">&apos;s</word>
<word id="word_184">still</word>
<word id="word_185">picking</word>
<word id="word_186">Does</word>
<word id="word_187">n&apos;t</word>
<word id="word_188">see</word>
<word id="word_189">the</word>
<word id="word_190">boy</word>
<word id="word_191">Then</word>
<word id="word_192">the</word>
<word id="word_193">boy</word>
<word id="word_194">decides</word>
<word id="word_195">not</word>
<word id="word_196">to</word>
<word id="word_197">take</word>
<word id="word_198">the</word>
<word id="word_199">pear</word>
<word id="word_200">but</word>
<word id="word_201">to</word>
<word id="word_202">take</word>
<word id="word_203">the</word>
<word id="word_204">whole</word>
<word id="word_205">basketfu1</word>
<word id="word_206">And</word>
<word id="word_207">gets</word>
<word id="word_208">back</word>
<word id="word_209">on</word>
<word id="word_210">bicycle</word>
<word id="word_211">has</word>
<word id="word_212">this</word>
<word id="word_213">some</word>
<word id="word_214">trouble</word>
<word id="word_215">loading</word>
<word id="word_216">the</word>
<word id="word_217">basket</word>
<word id="word_218">Which</word>
<word id="word_219">is</word>
<word id="word_220">large</word>
<word id="word_221">And</word>
<word id="word_222">he</word>
<word id="word_223">rides</word>
<word id="word_224">off</word>
<word id="word_225">with</word>
<word id="word_226">the</word>
<word id="word_227">basket</word>
<word id="word_228">in</word>
<word id="word_229">front</word>
<word id="word_230">of</word>
<word id="word_231">handlebars</word>
<word id="word_232">balanced</word>
<word id="word_233">and</word>
<word id="word_234">he</word>
<word id="word_235">hits</word>
<word id="word_236">some</word>
<word id="word_237">bumps</word>
<word id="word_238">and</word>
<word id="word_239">a</word>
<word id="word_240">few</word>
<word id="word_241">pears</word>
<word id="word_242">spill</word>
<word id="word_243">out</word>
<word id="word_244">He</word>
<word id="word_245">goes</word>
<word id="word_246">on</word>
<word id="word_247">down</word>
<word id="word_248">the</word>
<word id="word_249">road</word>
<word id="word_250">and</word>
<word id="word_251">he</word>
<word id="word_252">passes</word>
<word id="word_253">a</word>
<word id="word_254">girl</word>
<word id="word_255">on</word>
<word id="word_256">a</word>
<word id="word_257">bicycle</word>
<word id="word_258">and</word>
<word id="word_259">in</word>
<word id="word_260">passing</word>
<word id="word_261">her</word>
<word id="word_262">hat</word>
<word id="word_263">comes</word>
<word id="word_264">off</word>
<word id="word_265">and</word>
<word id="word_266">he</word>
<word id="word_267">turns</word>
<word id="word_268">head</word>
<word id="word_269">and</word>
<word id="word_270">looks</word>
<word id="word_271">back</word>
<word id="word_272">then</word>
<word id="word_273">bicycle</word>
<word id="word_274">hits</word>
<word id="word_275">a</word>
<word id="word_276">rock</word>
<word id="word_277">in</word>
<word id="word_278">the</word>
<word id="word_279">road</word>
<word id="word_280">and</word>
<word id="word_281">he</word>
<word id="word_282">falls</word>
<word id="word_283">over</word>
<word id="word_284">spills</word>
<word id="word_285">pears</word>
<word id="word_286">hurts</word>
<word id="word_287">leg</word>
<word id="word_288">And</word>
<word id="word_289">at</word>
<word id="word_290">that</word>
<word id="word_291">time</word>
<word id="word_292">three</word>
<word id="word_293">boys</word>
<word id="word_294">appear</word>
<word id="word_295">um</word>
<word id="word_296">one</word>
<word id="word_297">&apos;s</word>
<word id="word_298">playing</word>
<word id="word_299">with</word>
<word id="word_300">a</word>
<word id="word_301">paddleball</word>
<word id="word_302">And</word>
<word id="word_303">they</word>
<word id="word_304">stop</word>
<word id="word_305">and</word>
<word id="word_306">two</word>
<word id="word_307">the</word>
<word id="word_308">other</word>
<word id="word_309">two</word>
<word id="word_310">boys</word>
<word id="word_311">help</word>
<word id="word_312">him</word>
<word id="word_313">pick</word>
<word id="word_314">up</word>
<word id="word_315">himself</word>
<word id="word_316">pick</word>
<word id="word_317">up</word>
<word id="word_318">the</word>
<word id="word_319">pears</word>
<word id="word_320">and</word>
<word id="word_321">they</word>
<word id="word_322">throw</word>
<word id="word_323">them</word>
<word id="word_324">into</word>
<word id="word_325">the</word>
<word id="word_326">basket</word>
<word id="word_327">And</word>
<word id="word_328">then</word>
<word id="word_329">they</word>
<word id="word_330">walk</word>
<word id="word_331">on</word>
<word id="word_332">and</word>
<word id="word_333">the</word>
<word id="word_334">boy</word>
<word id="word_335">on</word>
<word id="word_336">the</word>
<word id="word_337">bicycle</word>
<word id="word_338">proceeds</word>
<word id="word_339">in</word>
<word id="word_340">the</word>
<word id="word_341">direction</word>
<word id="word_342">he</word>
<word id="word_343">was</word>
<word id="word_344">going</word>
<word id="word_345">While</word>
<word id="word_346">the</word>
<word id="word_347">boys</word>
<word id="word_348">that</word>
<word id="word_349">helped</word>
<word id="word_350">him</word>
<word id="word_351">find</word>
<word id="word_352">hat</word>
<word id="word_353">further</word>
<word id="word_354">down</word>
<word id="word_355">the</word>
<word id="word_356">road</word>
<word id="word_357">and</word>
<word id="word_358">they</word>
<word id="word_359">pick</word>
<word id="word_360">it</word>
<word id="word_361">up</word>
<word id="word_362">and</word>
<word id="word_363">one</word>
<word id="word_364">boy</word>
<word id="word_365">goes</word>
<word id="word_366">back</word>
<word id="word_367">and</word>
<word id="word_368">gives</word>
<word id="word_369">the</word>
<word id="word_370">boy</word>
<word id="word_371">who</word>
<word id="word_372">fell</word>
<word id="word_373">hat</word>
<word id="word_374">And</word>
<word id="word_375">in</word>
<word id="word_376">exchange</word>
<word id="word_377">takes</word>
<word id="word_378">three</word>
<word id="word_379">pears</word>
<word id="word_380">And</word>
<word id="word_381">the</word>
<word id="word_382">boys</word>
<word id="word_383">continue</word>
<word id="word_384">walking</word>
<word id="word_385">in</word>
<word id="word_386">and</word>
<word id="word_387">the</word>
<word id="word_388">one</word>
<word id="word_389">riding</word>
<word id="word_390">in</word>
<word id="word_391">opposite</word>
<word id="word_392">directions</word>
<word id="word_393">The</word>
<word id="word_394">boys</word>
<word id="word_395">who</word>
<word id="word_396">&apos;ve</word>
<word id="word_397">taken</word>
<word id="word_398">the</word>
<word id="word_399">pears</word>
<word id="word_400">walk</word>
<word id="word_401">past</word>
<word id="word_402">the</word>
<word id="word_403">tree</word>
<word id="word_404">where</word>
<word id="word_405">the</word>
<word id="word_406">man</word>
<word id="word_407">is</word>
<word id="word_408">still</word>
<word id="word_409">picking</word>
<word id="word_410">picking</word>
<word id="word_411">pears</word>
<word id="word_412">but</word>
<word id="word_413">he</word>
<word id="word_414">&apos;s</word>
<word id="word_415">comes</word>
<word id="word_416">down</word>
<word id="word_417">and</word>
<word id="word_418">has</word>
<word id="word_419">noticed</word>
<word id="word_420">that</word>
<word id="word_421">one</word>
<word id="word_422">of</word>
<word id="word_423">baskets</word>
<word id="word_424">of</word>
<word id="word_425">pears</word>
<word id="word_426">is</word>
<word id="word_427">missing</word>
<word id="word_428">And</word>
<word id="word_429">he</word>
<word id="word_430">can</word>
<word id="word_431">n&apos;t</word>
<word id="word_432">find</word>
<word id="word_433">can</word>
<word id="word_434">n&apos;t</word>
<word id="word_435">discover</word>
<word id="word_436">where</word>
<word id="word_437">it</word>
<word id="word_438">could</word>
<word id="word_439">have</word>
<word id="word_440">gone</word>
<word id="word_441">Then</word>
<word id="word_442">these</word>
<word id="word_443">three</word>
<word id="word_444">boys</word>
<word id="word_445">walk</word>
<word id="word_446">past</word>
<word id="word_447">all</word>
<word id="word_448">of</word>
<word id="word_449">them</word>
<word id="word_450">eating</word>
<word id="word_451">pears</word>
<word id="word_452">and</word>
<word id="word_453">he</word>
<word id="word_454">just</word>
<word id="word_455">kind</word>
<word id="word_456">of</word>
<word id="word_457">scratches</word>
<word id="word_458">head</word>
<word id="word_459">and</word>
<word id="word_460">wonders</word>
<word id="word_461">uh</word>
<word id="word_462">end</word>
<word id="word_463">of</word>
<word id="word_464">film</word>
</words>
