<?xml version="1.0" encoding="US-ASCII"?>
<!DOCTYPE words SYSTEM "words.dtd">
<words>
<word id="word_1">Speaker</word>
<word id="word_2">16</word>
<word id="word_3">Oh</word>
<word id="word_4">You</word>
<word id="word_5">want</word>
<word id="word_6">to</word>
<word id="word_7">know</word>
<word id="word_8">what</word>
<word id="word_9">happened</word>
<word id="word_10">in</word>
<word id="word_11">the</word>
<word id="word_12">movie</word>
<word id="word_13">Okay</word>
<word id="word_14">um</word>
<word id="word_15">a</word>
<word id="word_16">man</word>
<word id="word_17">was</word>
<word id="word_18">picking</word>
<word id="word_19">pears</word>
<word id="word_20">in</word>
<word id="word_21">what</word>
<word id="word_22">seemed</word>
<word id="word_23">to</word>
<word id="word_24">be</word>
<word id="word_25">orchard</word>
<word id="word_26">and</word>
<word id="word_27">came</word>
<word id="word_28">along</word>
<word id="word_29">first</word>
<word id="word_30">someone</word>
<word id="word_31">came</word>
<word id="word_32">along</word>
<word id="word_33">first</word>
<word id="word_34">Someone</word>
<word id="word_35">came</word>
<word id="word_36">along</word>
<word id="word_37">before</word>
<word id="word_38">the</word>
<word id="word_39">kid</word>
<word id="word_40">on</word>
<word id="word_41">the</word>
<word id="word_42">bicycle</word>
<word id="word_43">but</word>
<word id="word_44">I</word>
<word id="word_45">do</word>
<word id="word_46">n&apos;t</word>
<word id="word_47">remember</word>
<word id="word_48">who</word>
<word id="word_49">it</word>
<word id="word_50">was</word>
<word id="word_51">Then</word>
<word id="word_52">a</word>
<word id="word_53">kid</word>
<word id="word_54">came</word>
<word id="word_55">along</word>
<word id="word_56">on</word>
<word id="word_57">a</word>
<word id="word_58">bicycle</word>
<word id="word_59">and</word>
<word id="word_60">parked</word>
<word id="word_61">the</word>
<word id="word_62">bicycle</word>
<word id="word_63">and</word>
<word id="word_64">checked</word>
<word id="word_65">the</word>
<word id="word_66">tree</word>
<word id="word_67">to</word>
<word id="word_68">make</word>
<word id="word_69">sure</word>
<word id="word_70">the</word>
<word id="word_71">man</word>
<word id="word_72">was</word>
<word id="word_73">n&apos;t</word>
<word id="word_74">looking</word>
<word id="word_75">and</word>
<word id="word_76">he</word>
<word id="word_77">was</word>
<word id="word_78">about</word>
<word id="word_79">to</word>
<word id="word_80">steal</word>
<word id="word_81">a</word>
<word id="word_82">pear</word>
<word id="word_83">but</word>
<word id="word_84">he</word>
<word id="word_85">t</word>
<word id="word_86">he</word>
<word id="word_87">he</word>
<word id="word_88">picked</word>
<word id="word_89">up</word>
<word id="word_90">a</word>
<word id="word_91">basket</word>
<word id="word_92">lnstead</word>
<word id="word_93">and</word>
<word id="word_94">went</word>
<word id="word_95">riding</word>
<word id="word_96">along</word>
<word id="word_97">the</word>
<word id="word_98">road</word>
<word id="word_99">on</word>
<word id="word_100">a</word>
<word id="word_101">bicycle</word>
<word id="word_102">And</word>
<word id="word_103">he</word>
<word id="word_104">passed</word>
<word id="word_105">a</word>
<word id="word_106">little</word>
<word id="word_107">girl</word>
<word id="word_108">on</word>
<word id="word_109">a</word>
<word id="word_110">bicycle</word>
<word id="word_111">and</word>
<word id="word_112">turned</word>
<word id="word_113">head</word>
<word id="word_114">and</word>
<word id="word_115">hit</word>
<word id="word_116">a</word>
<word id="word_117">rock</word>
<word id="word_118">and</word>
<word id="word_119">fell</word>
<word id="word_120">over</word>
<word id="word_121">and</word>
<word id="word_122">spilled</word>
<word id="word_123">the</word>
<word id="word_124">pears</word>
<word id="word_125">all</word>
<word id="word_126">over</word>
<word id="word_127">the</word>
<word id="word_128">road.</word>
<word id="word_129">In</word>
<word id="word_130">the</word>
<word id="word_131">meantime</word>
<word id="word_132">some</word>
<word id="word_133">other</word>
<word id="word_134">little</word>
<word id="word_135">kids</word>
<word id="word_136">came</word>
<word id="word_137">along</word>
<word id="word_138">and</word>
<word id="word_139">helped</word>
<word id="word_140">him</word>
<word id="word_141">pick</word>
<word id="word_142">up</word>
<word id="word_143">the</word>
<word id="word_144">pears</word>
<word id="word_145">and</word>
<word id="word_146">brushed</word>
<word id="word_147">him</word>
<word id="word_148">off</word>
<word id="word_149">and</word>
<word id="word_150">that</word>
<word id="word_151">sort</word>
<word id="word_152">of</word>
<word id="word_153">thing</word>
<word id="word_154">and</word>
<word id="word_155">he</word>
<word id="word_156">went</word>
<word id="word_157">on</word>
<word id="word_158">walking</word>
<word id="word_159">and</word>
<word id="word_160">one</word>
<word id="word_161">of</word>
<word id="word_162">them</word>
<word id="word_163">stopped</word>
<word id="word_164">him</word>
<word id="word_165">cause</word>
<word id="word_166">he</word>
<word id="word_167">had</word>
<word id="word_168">forgotten</word>
<word id="word_169">hat</word>
<word id="word_170">And</word>
<word id="word_171">took</word>
<word id="word_172">him</word>
<word id="word_173">hat</word>
<word id="word_174">and</word>
<word id="word_175">he</word>
<word id="word_176">gave</word>
<word id="word_177">them</word>
<word id="word_178">um</word>
<word id="word_179">he</word>
<word id="word_180">gave</word>
<word id="word_181">the</word>
<word id="word_182">three</word>
<word id="word_183">kids</word>
<word id="word_184">each</word>
<word id="word_185">a</word>
<word id="word_186">pear</word>
<word id="word_187">They</word>
<word id="word_188">were</word>
<word id="word_189">walking</word>
<word id="word_190">back</word>
<word id="word_191">in</word>
<word id="word_192">the</word>
<word id="word_193">direction</word>
<word id="word_194">uh</word>
<word id="word_195">toward</word>
<word id="word_196">the</word>
<word id="word_197">man</word>
<word id="word_198">who</word>
<word id="word_199">was</word>
<word id="word_200">picking</word>
<word id="word_201">pears</word>
<word id="word_202">in</word>
<word id="word_203">the</word>
<word id="word_204">pear</word>
<word id="word_205">tree</word>
<word id="word_206">and</word>
<word id="word_207">about</word>
<word id="word_208">the</word>
<word id="word_209">time</word>
<word id="word_210">he</word>
<word id="word_211">came</word>
<word id="word_212">down</word>
<word id="word_213">the</word>
<word id="word_214">pear</word>
<word id="word_215">tree</word>
<word id="word_216">and</word>
<word id="word_217">discovered</word>
<word id="word_218">that</word>
<word id="word_219">a</word>
<word id="word_220">basket</word>
<word id="word_221">of</word>
<word id="word_222">pears</word>
<word id="word_223">was</word>
<word id="word_224">missing</word>
<word id="word_225">he</word>
<word id="word_226">saw</word>
<word id="word_227">the</word>
<word id="word_228">three</word>
<word id="word_229">kids</word>
<word id="word_230">eating</word>
<word id="word_231">pears</word>
<word id="word_232">as</word>
<word id="word_233">they</word>
<word id="word_234">were</word>
<word id="word_235">walking</word>
<word id="word_236">up</word>
<word id="word_237">the</word>
<word id="word_238">road</word>
<word id="word_239">For</word>
<word id="word_240">some</word>
<word id="word_241">reason</word>
<word id="word_242">he</word>
<word id="word_243">did</word>
<word id="word_244">n&apos;t</word>
<word id="word_245">stop</word>
<word id="word_246">them</word>
<word id="word_247">or</word>
<word id="word_248">ask</word>
<word id="word_249">them</word>
<word id="word_250">where</word>
<word id="word_251">they</word>
<word id="word_252">got</word>
<word id="word_253">the</word>
<word id="word_254">pears</word>
<word id="word_255">Was</word>
<word id="word_256">that</word>
<word id="word_257">it</word>
<word id="word_258">I</word>
<word id="word_259">think</word>
<word id="word_260">that</word>
<word id="word_261">was</word>
<word id="word_262">it</word>
<word id="word_263">That</word>
<word id="word_264">&apos;s</word>
<word id="word_265">all</word>
<word id="word_266">I</word>
<word id="word_267">remember</word>
<word id="word_268">You</word>
<word id="word_269">should</word>
<word id="word_270">have</word>
<word id="word_271">caught</word>
<word id="word_272">me</word>
<word id="word_273">ten</word>
<word id="word_274">minutes</word>
<word id="word_275">ago</word>
<word id="word_276">when</word>
<word id="word_277">I</word>
<word id="word_278">remembered</word>
<word id="word_279">Who</word>
<word id="word_280">passed</word>
<word id="word_281">the</word>
<word id="word_282">the</word>
<word id="word_283">man</word>
<word id="word_284">before</word>
<word id="word_285">the</word>
<word id="word_286">kid</word>
<word id="word_287">on</word>
<word id="word_288">the</word>
<word id="word_289">bicycle</word>
<word id="word_290">I</word>
<word id="word_291">do</word>
<word id="word_292">n&apos;t</word>
<word id="word_293">remember</word>
<word id="word_294">Anyway.</word>
<word id="word_295">Okay</word>
</words>
