<?xml version="1.0" encoding="US-ASCII"?>
<!DOCTYPE words SYSTEM "words.dtd">
<words>
<word id="word_1">Speaker</word>
<word id="word_2">5</word>
<word id="word_3">Okay</word>
<word id="word_4">well</word>
<word id="word_5">it</word>
<word id="word_6">starts</word>
<word id="word_7">out</word>
<word id="word_8">it</word>
<word id="word_9">&apos;s</word>
<word id="word_10">the</word>
<word id="word_11">setting</word>
<word id="word_12">looks</word>
<word id="word_13">like</word>
<word id="word_14">it</word>
<word id="word_15">&apos;s</word>
<word id="word_16">a</word>
<word id="word_17">place</word>
<word id="word_18">maybe</word>
<word id="word_19">in</word>
<word id="word_20">California</word>
<word id="word_21">the</word>
<word id="word_22">Santa</word>
<word id="word_23">Barbara</word>
<word id="word_24">area</word>
<word id="word_25">or</word>
<word id="word_26">something</word>
<word id="word_27">like</word>
<word id="word_28">that</word>
<word id="word_29">Uh</word>
<word id="word_30">there</word>
<word id="word_31">was</word>
<word id="word_32">this</word>
<word id="word_33">orchard</word>
<word id="word_34">surrounding</word>
<word id="word_35">him</word>
<word id="word_36">I</word>
<word id="word_37">guess</word>
<word id="word_38">what</word>
<word id="word_39">he</word>
<word id="word_40">&apos;s</word>
<word id="word_41">picking</word>
<word id="word_42">is</word>
<word id="word_43">pears</word>
<word id="word_44">There</word>
<word id="word_45">&apos;s</word>
<word id="word_46">auh</word>
<word id="word_47">farm</word>
<word id="word_48">laborer</word>
<word id="word_49">a</word>
<word id="word_50">Mexican</word>
<word id="word_51">farm</word>
<word id="word_52">laborer</word>
<word id="word_53">picking</word>
<word id="word_54">pears</word>
<word id="word_55">and</word>
<word id="word_56">he</word>
<word id="word_57">has</word>
<word id="word_58">three</word>
<word id="word_59">baskets</word>
<word id="word_60">filled</word>
<word id="word_61">with</word>
<word id="word_62">and</word>
<word id="word_63">he</word>
<word id="word_64">&apos;s</word>
<word id="word_65">filling</word>
<word id="word_66">them</word>
<word id="word_67">with</word>
<word id="word_68">pears</word>
<word id="word_69">And</word>
<word id="word_70">um</word>
<word id="word_71">in</word>
<word id="word_72">the</word>
<word id="word_73">course</word>
<word id="word_74">of</word>
<word id="word_75">him</word>
<word id="word_76">picking</word>
<word id="word_77">a</word>
<word id="word_78">mangoes</word>
<word id="word_79">by</word>
<word id="word_80">with</word>
<word id="word_81">a</word>
<word id="word_82">tsk</word>
<word id="word_83">goat</word>
<word id="word_84">and</word>
<word id="word_85">that</word>
<word id="word_86">&apos;s</word>
<word id="word_87">the</word>
<word id="word_88">last</word>
<word id="word_89">you</word>
<word id="word_90">see</word>
<word id="word_91">of</word>
<word id="word_92">him</word>
<word id="word_93">and</word>
<word id="word_94">then</word>
<word id="word_95">this</word>
<word id="word_96">little</word>
<word id="word_97">boy</word>
<word id="word_98">is</word>
<word id="word_99">riding</word>
<word id="word_100">by</word>
<word id="word_101">on</word>
<word id="word_102">bicycle</word>
<word id="word_103">And</word>
<word id="word_104">he</word>
<word id="word_105">sees</word>
<word id="word_106">the</word>
<word id="word_107">pears</word>
<word id="word_108">so</word>
<word id="word_109">he</word>
<word id="word_110">stops</word>
<word id="word_111">to</word>
<word id="word_112">take</word>
<word id="word_113">a</word>
<word id="word_114">pear</word>
<word id="word_115">then</word>
<word id="word_116">he</word>
<word id="word_117">decides</word>
<word id="word_118">since</word>
<word id="word_119">the</word>
<word id="word_120">farm</word>
<word id="word_121">laborer</word>
<word id="word_122">is</word>
<word id="word_123">n&apos;t</word>
<word id="word_124">watching</word>
<word id="word_125">to</word>
<word id="word_126">take</word>
<word id="word_127">the</word>
<word id="word_128">whole</word>
<word id="word_129">bushel</word>
<word id="word_130">So</word>
<word id="word_131">he</word>
<word id="word_132">takes</word>
<word id="word_133">the</word>
<word id="word_134">bushel</word>
<word id="word_135">puts</word>
<word id="word_136">it</word>
<word id="word_137">on</word>
<word id="word_138">bike</word>
<word id="word_139">and</word>
<word id="word_140">starts</word>
<word id="word_141">to</word>
<word id="word_142">ride</word>
<word id="word_143">away</word>
<word id="word_144">And</word>
<word id="word_145">on</word>
<word id="word_146">way</word>
<word id="word_147">riding</word>
<word id="word_148">he</word>
<word id="word_149">comes</word>
<word id="word_150">across</word>
<word id="word_151">another</word>
<word id="word_152">bicyclist</word>
<word id="word_153">bicyclist</word>
<word id="word_154">it</word>
<word id="word_155">&apos;s</word>
<word id="word_156">a</word>
<word id="word_157">young</word>
<word id="word_158">woman</word>
<word id="word_159">and</word>
<word id="word_160">for</word>
<word id="word_161">some</word>
<word id="word_162">reason</word>
<word id="word_163">she</word>
<word id="word_164">catches</word>
<word id="word_165">attention</word>
<word id="word_166">and</word>
<word id="word_167">he</word>
<word id="word_168">&apos;s</word>
<word id="word_169">turning</word>
<word id="word_170">head</word>
<word id="word_171">behind</word>
<word id="word_172">him</word>
<word id="word_173">looking</word>
<word id="word_174">at</word>
<word id="word_175">her</word>
<word id="word_176">and</word>
<word id="word_177">there</word>
<word id="word_178">&apos;s</word>
<word id="word_179">a</word>
<word id="word_180">rock</word>
<word id="word_181">in</word>
<word id="word_182">the</word>
<word id="word_183">r</word>
<word id="word_184">road</word>
<word id="word_185">and</word>
<word id="word_186">he</word>
<word id="word_187">hits</word>
<word id="word_188">it</word>
<word id="word_189">with</word>
<word id="word_190">bike</word>
<word id="word_191">and</word>
<word id="word_192">falls</word>
<word id="word_193">And</word>
<word id="word_194">then</word>
<word id="word_195">um</word>
<word id="word_196">pears</word>
<word id="word_197">go</word>
<word id="word_198">all</word>
<word id="word_199">over</word>
<word id="word_200">the</word>
<word id="word_201">road</word>
<word id="word_202">And</word>
<word id="word_203">then</word>
<word id="word_204">there</word>
<word id="word_205">&apos;s</word>
<word id="word_206">these</word>
<word id="word_207">three</word>
<word id="word_208">little</word>
<word id="word_209">boys</word>
<word id="word_210">who</word>
<word id="word_211">are</word>
<word id="word_212">walking</word>
<word id="word_213">they</word>
<word id="word_214">&apos;re</word>
<word id="word_215">around</word>
<word id="word_216">they</word>
<word id="word_217">&apos;re</word>
<word id="word_218">little</word>
<word id="word_219">boys</word>
<word id="word_220">They</word>
<word id="word_221">&apos;re</word>
<word id="word_222">from</word>
<word id="word_223">nine</word>
<word id="word_224">to</word>
<word id="word_225">twelve</word>
<word id="word_226">years</word>
<word id="word_227">old</word>
<word id="word_228">And</word>
<word id="word_229">that</word>
<word id="word_230">the</word>
<word id="word_231">little</word>
<word id="word_232">boy</word>
<word id="word_233">is</word>
<word id="word_234">like</word>
<word id="word_235">approx</word>
<word id="word_236">about</word>
<word id="word_237">ten</word>
<word id="word_238">years</word>
<word id="word_239">old</word>
<word id="word_240">And</word>
<word id="word_241">they</word>
<word id="word_242">see</word>
<word id="word_243">him</word>
<word id="word_244">on</word>
<word id="word_245">the</word>
<word id="word_246">ground</word>
<word id="word_247">with</word>
<word id="word_248">all</word>
<word id="word_249">these</word>
<word id="word_250">pears</word>
<word id="word_251">strewn</word>
<word id="word_252">out</word>
<word id="word_253">all</word>
<word id="word_254">over</word>
<word id="word_255">the</word>
<word id="word_256">road</word>
<word id="word_257">and</word>
<word id="word_258">so</word>
<word id="word_259">they</word>
<word id="word_260">decide</word>
<word id="word_261">like</word>
<word id="word_262">there</word>
<word id="word_263">&apos;s</word>
<word id="word_264">no</word>
<word id="word_265">spoken</word>
<word id="word_266">communication</word>
<word id="word_267">at</word>
<word id="word_268">all</word>
<word id="word_269">Going</word>
<word id="word_270">on</word>
<word id="word_271">Throughout</word>
<word id="word_272">the</word>
<word id="word_273">whole</word>
<word id="word_274">movie</word>
<word id="word_275">and</word>
<word id="word_276">they</word>
<word id="word_277">just</word>
<word id="word_278">pick</word>
<word id="word_279">up</word>
<word id="word_280">basket</word>
<word id="word_281">And</word>
<word id="word_282">no</word>
<word id="word_283">word</word>
<word id="word_284">is</word>
<word id="word_285">exchanged</word>
<word id="word_286">It</word>
<word id="word_287">&apos;s</word>
<word id="word_288">really</word>
<word id="word_289">kind</word>
<word id="word_290">of</word>
<word id="word_291">neat</word>
<word id="word_292">And</word>
<word id="word_293">then</word>
<word id="word_294">they</word>
<word id="word_295">start</word>
<word id="word_296">walking</word>
<word id="word_297">away</word>
<word id="word_298">and</word>
<word id="word_299">they</word>
<word id="word_300">get</word>
<word id="word_301">him</word>
<word id="word_302">all</word>
<word id="word_303">set</word>
<word id="word_304">up</word>
<word id="word_305">on</word>
<word id="word_306">bike</word>
<word id="word_307">and</word>
<word id="word_308">then</word>
<word id="word_309">start</word>
<word id="word_310">walking</word>
<word id="word_311">away</word>
<word id="word_312">and</word>
<word id="word_313">the</word>
<word id="word_314">they</word>
<word id="word_315">find</word>
<word id="word_316">hat</word>
<word id="word_317">on</word>
<word id="word_318">the</word>
<word id="word_319">road</word>
<word id="word_320">and</word>
<word id="word_321">then</word>
<word id="word_322">w</word>
<word id="word_323">one</word>
<word id="word_324">of</word>
<word id="word_325">them</word>
<word id="word_326">comes</word>
<word id="word_327">back</word>
<word id="word_328">and</word>
<word id="word_329">this</word>
<word id="word_330">one</word>
<word id="word_331">&apos;s</word>
<word id="word_332">playing</word>
<word id="word_333">with</word>
<word id="word_334">one</word>
<word id="word_335">of</word>
<word id="word_336">those</word>
<word id="word_337">those</word>
<word id="word_338">wooden</word>
<word id="word_339">things</word>
<word id="word_340">that</word>
<word id="word_341">you</word>
<word id="word_342">hit</word>
<word id="word_343">with</word>
<word id="word_344">a</word>
<word id="word_345">ball</word>
<word id="word_346">And</word>
<word id="word_347">he</word>
<word id="word_348">he</word>
<word id="word_349">comes</word>
<word id="word_350">back</word>
<word id="word_351">and</word>
<word id="word_352">gives</word>
<word id="word_353">him</word>
<word id="word_354">hat</word>
<word id="word_355">and</word>
<word id="word_356">so</word>
<word id="word_357">he</word>
<word id="word_358">gives</word>
<word id="word_359">him</word>
<word id="word_360">some</word>
<word id="word_361">pears</word>
<word id="word_362">and</word>
<word id="word_363">so</word>
<word id="word_364">they</word>
<word id="word_365">walk</word>
<word id="word_366">off</word>
<word id="word_367">eating</word>
<word id="word_368">th</word>
<word id="word_369">e</word>
<word id="word_370">se</word>
<word id="word_371">pears</word>
<word id="word_372">And</word>
<word id="word_373">then</word>
<word id="word_374">they</word>
<word id="word_375">pass</word>
<word id="word_376">by</word>
<word id="word_377">where</word>
<word id="word_378">the</word>
<word id="word_379">farm</word>
<word id="word_380">laborer</word>
<word id="word_381">is</word>
<word id="word_382">and</word>
<word id="word_383">while</word>
<word id="word_384">this</word>
<word id="word_385">is</word>
<word id="word_386">going</word>
<word id="word_387">on</word>
<word id="word_388">the</word>
<word id="word_389">farm</word>
<word id="word_390">laborer</word>
<word id="word_391">realizes</word>
<word id="word_392">that</word>
<word id="word_393">a</word>
<word id="word_394">whole</word>
<word id="word_395">basket</word>
<word id="word_396">&apos;s</word>
<word id="word_397">missing</word>
<word id="word_398">And</word>
<word id="word_399">he</word>
<word id="word_400">&apos;s</word>
<word id="word_401">wondering</word>
<word id="word_402">where</word>
<word id="word_403">it</word>
<word id="word_404">is</word>
<word id="word_405">and</word>
<word id="word_406">he</word>
<word id="word_407">sees</word>
<word id="word_408">these</word>
<word id="word_409">three</word>
<word id="word_410">boys</word>
<word id="word_411">approaching</word>
<word id="word_412">and</word>
<word id="word_413">they</word>
<word id="word_414">&apos;re</word>
<word id="word_415">eating</word>
<word id="word_416">pears</word>
<word id="word_417">and</word>
<word id="word_418">they</word>
<word id="word_419">walk</word>
<word id="word_420">off</word>
<word id="word_421">into</word>
<word id="word_422">the</word>
<word id="word_423">distance</word>
<word id="word_424">and</word>
<word id="word_425">he</word>
<word id="word_426">&apos;s</word>
<word id="word_427">sitting</word>
<word id="word_428">there</word>
<word id="word_429">with</word>
<word id="word_430">a</word>
<word id="word_431">puzzled</word>
<word id="word_432">look</word>
<word id="word_433">on</word>
<word id="word_434">face</word>
<word id="word_435">That</word>
<word id="word_436">&apos;s</word>
<word id="word_437">it</word>
</words>
