<?xml version="1.0" encoding="US-ASCII"?>
<!DOCTYPE words SYSTEM "words.dtd">
<words>
<word id="word_1">Speaker</word>
<word id="word_2">13</word>
<word id="word_3">Okay</word>
<word id="word_4">well</word>
<word id="word_5">there</word>
<word id="word_6">is</word>
<word id="word_7">a</word>
<word id="word_8">uh</word>
<word id="word_9">there</word>
<word id="word_10">&apos;s</word>
<word id="word_11">a</word>
<word id="word_12">man</word>
<word id="word_13">who</word>
<word id="word_14">looks</word>
<word id="word_15">of</word>
<word id="word_16">Latin</word>
<word id="word_17">descent</word>
<word id="word_18">and</word>
<word id="word_19">he</word>
<word id="word_20">is</word>
<word id="word_21">on</word>
<word id="word_22">a</word>
<word id="word_23">ladder</word>
<word id="word_24">he</word>
<word id="word_25">&apos;s</word>
<word id="word_26">rather</word>
<word id="word_27">large</word>
<word id="word_28">And</word>
<word id="word_29">um</word>
<word id="word_30">he</word>
<word id="word_31">&apos;s</word>
<word id="word_32">on</word>
<word id="word_33">a</word>
<word id="word_34">ladder</word>
<word id="word_35">picking</word>
<word id="word_36">pears</word>
<word id="word_37">from</word>
<word id="word_38">a</word>
<word id="word_39">tree</word>
<word id="word_40">and</word>
<word id="word_41">putting</word>
<word id="word_42">it</word>
<word id="word_43">in</word>
<word id="word_44">apron</word>
<word id="word_45">sort</word>
<word id="word_46">of</word>
<word id="word_47">And</word>
<word id="word_48">um</word>
<word id="word_49">and</word>
<word id="word_50">you</word>
<word id="word_51">watch</word>
<word id="word_52">him</word>
<word id="word_53">and</word>
<word id="word_54">the</word>
<word id="word_55">sound</word>
<word id="word_56">is</word>
<word id="word_57">just</word>
<word id="word_58">is</word>
<word id="word_59">is</word>
<word id="word_60">really</word>
<word id="word_61">intensified</word>
<word id="word_62">well</word>
<word id="word_63">from</word>
<word id="word_64">what</word>
<word id="word_65">it</word>
<word id="word_66">usually</word>
<word id="word_67">would</word>
<word id="word_68">be</word>
<word id="word_69">I</word>
<word id="word_70">think.</word>
<word id="word_71">|</word>
<word id="word_72">Um</word>
<word id="word_73">it</word>
<word id="word_74">&apos;s</word>
<word id="word_75">like</word>
<word id="word_76">they</word>
<word id="word_77">have</word>
<word id="word_78">a</word>
<word id="word_79">microphone</word>
<word id="word_80">right</word>
<word id="word_81">next</word>
<word id="word_82">to</word>
<word id="word_83">the</word>
<word id="word_84">branch</word>
<word id="word_85">so</word>
<word id="word_86">you</word>
<word id="word_87">could</word>
<word id="word_88">hear</word>
<word id="word_89">him</word>
<word id="word_90">picking</word>
<word id="word_91">off</word>
<word id="word_92">the</word>
<word id="word_93">the</word>
<word id="word_94">pears</word>
<word id="word_95">And</word>
<word id="word_96">uh</word>
<word id="word_97">sothat</word>
<word id="word_98">that</word>
<word id="word_99">&apos;s</word>
<word id="word_100">really</word>
<word id="word_101">sort</word>
<word id="word_102">of</word>
<word id="word_103">intensified</word>
<word id="word_104">And</word>
<word id="word_105">um</word>
<word id="word_106">something</word>
<word id="word_107">that</word>
<word id="word_108">you</word>
<word id="word_109">notice</word>
<word id="word_110">right</word>
<word id="word_111">away</word>
<word id="word_112">about</word>
<word id="word_113">the</word>
<word id="word_114">film</word>
<word id="word_115">is</word>
<word id="word_116">no</word>
<word id="word_117">one</word>
<word id="word_118">is</word>
<word id="word_119">talking</word>
<word id="word_120">It</word>
<word id="word_121">&apos;s</word>
<word id="word_122">and</word>
<word id="word_123">and</word>
<word id="word_124">sort</word>
<word id="word_125">of</word>
<word id="word_126">which</word>
<word id="word_127">makes</word>
<word id="word_128">the</word>
<word id="word_129">sound</word>
<word id="word_130">even</word>
<word id="word_131">more</word>
<word id="word_132">intense</word>
<word id="word_133">of</word>
<word id="word_134">of</word>
<word id="word_135">what</word>
<word id="word_136">&apos;s</word>
<word id="word_137">going</word>
<word id="word_138">on</word>
<word id="word_139">like</word>
<word id="word_140">the</word>
<word id="word_141">picking</word>
<word id="word_142">of</word>
<word id="word_143">the</word>
<word id="word_144">pears</word>
<word id="word_145">or</word>
<word id="word_146">whatever</word>
<word id="word_147">And</word>
<word id="word_148">it</word>
<word id="word_149">shows</word>
<word id="word_150">him</word>
<word id="word_151">sort</word>
<word id="word_152">of</word>
<word id="word_153">tumbling</word>
<word id="word_154">them</word>
<word id="word_155">into</word>
<word id="word_156">a</word>
<word id="word_157">in</word>
<word id="word_158">a</word>
<word id="word_159">in</word>
<word id="word_160">a</word>
<word id="word_161">basket</word>
<word id="word_162">and</word>
<word id="word_163">there</word>
<word id="word_164">&apos;s</word>
<word id="word_165">three</word>
<word id="word_166">baskets</word>
<word id="word_167">on</word>
<word id="word_168">the</word>
<word id="word_169">ground.</word>
<word id="word_170">And</word>
<word id="word_171">two</word>
<word id="word_172">are</word>
<word id="word_173">full</word>
<word id="word_174">and</word>
<word id="word_175">one</word>
<word id="word_176">is</word>
<word id="word_177">is</word>
<word id="word_178">sort</word>
<word id="word_179">of</word>
<word id="word_180">empty</word>
<word id="word_181">And</word>
<word id="word_182">um</word>
<word id="word_183">so</word>
<word id="word_184">he</word>
<word id="word_185">&apos;s</word>
<word id="word_186">emptying</word>
<word id="word_187">them</word>
<word id="word_188">out</word>
<word id="word_189">and</word>
<word id="word_190">then</word>
<word id="word_191">he</word>
<word id="word_192">starts</word>
<word id="word_193">going</word>
<word id="word_194">back</word>
<word id="word_195">up</word>
<word id="word_196">ladder</word>
<word id="word_197">and</word>
<word id="word_198">um</word>
<word id="word_199">oh.</word>
<word id="word_200">The</word>
<word id="word_201">film</word>
<word id="word_202">starts</word>
<word id="word_203">off</word>
<word id="word_204">with</word>
<word id="word_205">just</word>
<word id="word_206">sort</word>
<word id="word_207">of</word>
<word id="word_208">a</word>
<word id="word_209">scene</word>
<word id="word_210">of</word>
<word id="word_211">the</word>
<word id="word_212">country</word>
<word id="word_213">and</word>
<word id="word_214">a</word>
<word id="word_215">path</word>
<word id="word_216">And</word>
<word id="word_217">you</word>
<word id="word_218">hear</word>
<word id="word_219">a</word>
<word id="word_220">rooster</word>
<word id="word_221">crowing</word>
<word id="word_222">And</word>
<word id="word_223">then</word>
<word id="word_224">it</word>
<word id="word_225">it</word>
<word id="word_226">pans</word>
<word id="word_227">into</word>
<word id="word_228">this</word>
<word id="word_229">man</word>
<word id="word_230">And</word>
<word id="word_231">then</word>
<word id="word_232">um</word>
<word id="word_233">then</word>
<word id="word_234">you</word>
<word id="word_235">hear</word>
<word id="word_236">while</word>
<word id="word_237">he</word>
<word id="word_238">&apos;s</word>
<word id="word_239">putting</word>
<word id="word_240">the</word>
<word id="word_241">pears</word>
<word id="word_242">inside</word>
<word id="word_243">the</word>
<word id="word_244">basket</word>
<word id="word_245">um</word>
<word id="word_246">a</word>
<word id="word_247">noi</word>
<word id="word_248">an</word>
<word id="word_249">animal</word>
<word id="word_250">noise</word>
<word id="word_251">which</word>
<word id="word_252">turns</word>
<word id="word_253">out</word>
<word id="word_254">to</word>
<word id="word_255">be</word>
<word id="word_256">a</word>
<word id="word_257">goat</word>
<word id="word_258">Cause</word>
<word id="word_259">when</word>
<word id="word_260">he</word>
<word id="word_261">goes</word>
<word id="word_262">back</word>
<word id="word_263">up</word>
<word id="word_264">the</word>
<word id="word_265">ladder</word>
<word id="word_266">you</word>
<word id="word_267">see</word>
<word id="word_268">this</word>
<word id="word_269">man</word>
<word id="word_270">dragging</word>
<word id="word_271">this</word>
<word id="word_272">goat</word>
<word id="word_273">and</word>
<word id="word_274">you</word>
<word id="word_275">know</word>
<word id="word_276">past</word>
<word id="word_277">the</word>
<word id="word_278">scene</word>
<word id="word_279">and</word>
<word id="word_280">then</word>
<word id="word_281">you</word>
<word id="word_282">start</word>
<word id="word_283">hearing</word>
<word id="word_284">this</word>
<word id="word_285">other</word>
<word id="word_286">intensified</word>
<word id="word_287">noise</word>
<word id="word_288">which</word>
<word id="word_289">turns</word>
<word id="word_290">out</word>
<word id="word_291">to</word>
<word id="word_292">be</word>
<word id="word_293">a</word>
<word id="word_294">bicycle</word>
<word id="word_295">some</word>
<word id="word_296">a</word>
<word id="word_297">little</word>
<word id="word_298">boy</word>
<word id="word_299">on</word>
<word id="word_300">a</word>
<word id="word_301">bicycle</word>
<word id="word_302">who</word>
<word id="word_303">&apos;s</word>
<word id="word_304">coming</word>
<word id="word_305">by</word>
<word id="word_306">And</word>
<word id="word_307">um</word>
<word id="word_308">so</word>
<word id="word_309">um</word>
<word id="word_310">he</word>
<word id="word_311">starts</word>
<word id="word_312">coming</word>
<word id="word_313">by</word>
<word id="word_314">and</word>
<word id="word_315">he</word>
<word id="word_316">ends</word>
<word id="word_317">up</word>
<word id="word_318">stopping</word>
<word id="word_319">where</word>
<word id="word_320">the</word>
<word id="word_321">pears</word>
<word id="word_322">are</word>
<word id="word_323">and</word>
<word id="word_324">looks</word>
<word id="word_325">up</word>
<word id="word_326">at</word>
<word id="word_327">at</word>
<word id="word_328">the</word>
<word id="word_329">man</word>
<word id="word_330">who</word>
<word id="word_331">&apos;s</word>
<word id="word_332">up</word>
<word id="word_333">the</word>
<word id="word_334">ladder</word>
<word id="word_335">and</word>
<word id="word_336">the</word>
<word id="word_337">man</word>
<word id="word_338">does</word>
<word id="word_339">n&apos;t</word>
<word id="word_340">know</word>
<word id="word_341">that</word>
<word id="word_342">the</word>
<word id="word_343">little</word>
<word id="word_344">boy</word>
<word id="word_345">is</word>
<word id="word_346">there.</word>
<word id="word_347">Um</word>
<word id="word_348">which</word>
<word id="word_349">it</word>
<word id="word_350">was</word>
<word id="word_351">sort</word>
<word id="word_352">of</word>
<word id="word_353">funny</word>
<word id="word_354">in</word>
<word id="word_355">certain</word>
<word id="word_356">parts</word>
<word id="word_357">of</word>
<word id="word_358">the</word>
<word id="word_359">movie</word>
<word id="word_360">it</word>
<word id="word_361">seemed</word>
<word id="word_362">like</word>
<word id="word_363">sounds</word>
<word id="word_364">that</word>
<word id="word_365">should</word>
<word id="word_366">be</word>
<word id="word_367">intensified</word>
<word id="word_368">just</word>
<word id="word_369">to</word>
<word id="word_370">keep</word>
<word id="word_371">with</word>
<word id="word_372">the</word>
<word id="word_373">the</word>
<word id="word_374">norm</word>
<word id="word_375">of</word>
<word id="word_376">how</word>
<word id="word_377">the</word>
<word id="word_378">movie</word>
<word id="word_379">was</word>
<word id="word_380">going</word>
<word id="word_381">it</word>
<word id="word_382">went</word>
<word id="word_383">silent</word>
<word id="word_384">sort</word>
<word id="word_385">of</word>
<word id="word_386">And</word>
<word id="word_387">like</word>
<word id="word_388">so</word>
<word id="word_389">the</word>
<word id="word_390">man</word>
<word id="word_391">did</word>
<word id="word_392">n&apos;t</word>
<word id="word_393">hear</word>
<word id="word_394">the</word>
<word id="word_395">little</word>
<word id="word_396">boy</word>
<word id="word_397">you</word>
<word id="word_398">know</word>
<word id="word_399">being</word>
<word id="word_400">there</word>
<word id="word_401">and</word>
<word id="word_402">he</word>
<word id="word_403">ended</word>
<word id="word_404">up</word>
<word id="word_405">um</word>
<word id="word_406">swiping</word>
<word id="word_407">one</word>
<word id="word_408">of</word>
<word id="word_409">baskets</word>
<word id="word_410">of</word>
<word id="word_411">pears</word>
<word id="word_412">and</word>
<word id="word_413">putting</word>
<word id="word_414">it</word>
<word id="word_415">on</word>
<word id="word_416">on</word>
<word id="word_417">bicycle</word>
<word id="word_418">on</word>
<word id="word_419">the</word>
<word id="word_420">front</word>
<word id="word_421">of</word>
<word id="word_422">bicycle</word>
<word id="word_423">and</word>
<word id="word_424">and</word>
<word id="word_425">riding</word>
<word id="word_426">off</word>
<word id="word_427">And</word>
<word id="word_428">then</word>
<word id="word_429">um</word>
<word id="word_430">as</word>
<word id="word_431">he</word>
<word id="word_432">&apos;s</word>
<word id="word_433">riding</word>
<word id="word_434">there</word>
<word id="word_435">&apos;s</word>
<word id="word_436">uh</word>
<word id="word_437">a</word>
<word id="word_438">girl</word>
<word id="word_439">coming</word>
<word id="word_440">on</word>
<word id="word_441">a</word>
<word id="word_442">bicycle</word>
<word id="word_443">in</word>
<word id="word_444">the</word>
<word id="word_445">opposite</word>
<word id="word_446">direction</word>
<word id="word_447">And</word>
<word id="word_448">they</word>
<word id="word_449">they</word>
<word id="word_450">&apos;re</word>
<word id="word_451">going</word>
<word id="word_452">like</word>
<word id="word_453">you</word>
<word id="word_454">know</word>
<word id="word_455">and</word>
<word id="word_456">then</word>
<word id="word_457">they</word>
<word id="word_458">come</word>
<word id="word_459">really</word>
<word id="word_460">close</word>
<word id="word_461">toward</word>
<word id="word_462">ea</word>
<word id="word_463">each</word>
<word id="word_464">other</word>
<word id="word_465">and</word>
<word id="word_466">she</word>
<word id="word_467">brushes</word>
<word id="word_468">off</word>
<word id="word_469">this</word>
<word id="word_470">little</word>
<word id="word_471">hat</word>
<word id="word_472">that</word>
<word id="word_473">he</word>
<word id="word_474">has</word>
<word id="word_475">on</word>
<word id="word_476">and</word>
<word id="word_477">so</word>
<word id="word_478">hat</word>
<word id="word_479">comes</word>
<word id="word_480">off</word>
<word id="word_481">and</word>
<word id="word_482">then</word>
<word id="word_483">he</word>
<word id="word_484">turns</word>
<word id="word_485">head</word>
<word id="word_486">back</word>
<word id="word_487">looking</word>
<word id="word_488">at</word>
<word id="word_489">it</word>
<word id="word_490">and</word>
<word id="word_491">he</word>
<word id="word_492">&apos;s</word>
<word id="word_493">riding</word>
<word id="word_494">along</word>
<word id="word_495">and</word>
<word id="word_496">he</word>
<word id="word_497">hits</word>
<word id="word_498">a</word>
<word id="word_499">rock.</word>
<word id="word_500">And</word>
<word id="word_501">s</word>
<word id="word_502">and</word>
<word id="word_503">so</word>
<word id="word_504">the</word>
<word id="word_505">bike</word>
<word id="word_506">falls</word>
<word id="word_507">over</word>
<word id="word_508">and</word>
<word id="word_509">the</word>
<word id="word_510">pears</word>
<word id="word_511">all</word>
<word id="word_512">go</word>
<word id="word_513">khp</word>
<word id="word_514">)</word>
<word id="word_515">tsk</word>
<word id="word_516">And</word>
<word id="word_517">then</word>
<word id="word_518">tsk</word>
<word id="word_519">all</word>
<word id="word_520">of</word>
<word id="word_521">a</word>
<word id="word_522">sudden</word>
<word id="word_523">three</word>
<word id="word_524">boys</word>
<word id="word_525">come</word>
<word id="word_526">along</word>
<word id="word_527">tsk</word>
<word id="word_528">and</word>
<word id="word_529">one</word>
<word id="word_530">has</word>
<word id="word_531">one</word>
<word id="word_532">of</word>
<word id="word_533">those</word>
<word id="word_534">paddles</word>
<word id="word_535">with</word>
<word id="word_536">a</word>
<word id="word_537">a</word>
<word id="word_538">ball</word>
<word id="word_539">on</word>
<word id="word_540">it</word>
<word id="word_541">that</word>
<word id="word_542">goes</word>
<word id="word_543">you</word>
<word id="word_544">know</word>
<word id="word_545">one</word>
<word id="word_546">of</word>
<word id="word_547">those</word>
<word id="word_548">things</word>
<word id="word_549">tsk</word>
<word id="word_550">And</word>
<word id="word_551">anyway</word>
<word id="word_552">u</word>
<word id="word_553">m</word>
<word id="word_554">they</word>
<word id="word_555">help</word>
<word id="word_556">him</word>
<word id="word_557">up</word>
<word id="word_558">they</word>
<word id="word_559">dust</word>
<word id="word_560">him</word>
<word id="word_561">off</word>
<word id="word_562">and</word>
<word id="word_563">put</word>
<word id="word_564">all</word>
<word id="word_565">the</word>
<word id="word_566">pears</word>
<word id="word_567">back</word>
<word id="word_568">in</word>
<word id="word_569">the</word>
<word id="word_570">basket</word>
<word id="word_571">and</word>
<word id="word_572">put</word>
<word id="word_573">the</word>
<word id="word_574">basket</word>
<word id="word_575">back</word>
<word id="word_576">on</word>
<word id="word_577">the</word>
<word id="word_578">bicycle</word>
<word id="word_579">and</word>
<word id="word_580">he</word>
<word id="word_581">starts</word>
<word id="word_582">on</word>
<word id="word_583">merry</word>
<word id="word_584">way</word>
<word id="word_585">again</word>
<word id="word_586">and</word>
<word id="word_587">the</word>
<word id="word_588">boys</word>
<word id="word_589">walk</word>
<word id="word_590">in</word>
<word id="word_591">the</word>
<word id="word_592">opposite</word>
<word id="word_593">direction</word>
<word id="word_594">And</word>
<word id="word_595">then</word>
<word id="word_596">one</word>
<word id="word_597">of</word>
<word id="word_598">the</word>
<word id="word_599">boys</word>
<word id="word_600">uh</word>
<word id="word_601">finds</word>
<word id="word_602">the</word>
<word id="word_603">hat</word>
<word id="word_604">lying</word>
<word id="word_605">on</word>
<word id="word_606">the</word>
<word id="word_607">road</word>
<word id="word_608">And</word>
<word id="word_609">then</word>
<word id="word_610">he</word>
<word id="word_611">whistles</word>
<word id="word_612">at</word>
<word id="word_613">the</word>
<word id="word_614">boy</word>
<word id="word_615">at</word>
<word id="word_616">the</word>
<word id="word_617">bicycle</word>
<word id="word_618">and</word>
<word id="word_619">the</word>
<word id="word_620">boy</word>
<word id="word_621">on</word>
<word id="word_622">the</word>
<word id="word_623">bicycle</word>
<word id="word_624">s</word>
<word id="word_625">stops</word>
<word id="word_626">um</word>
<word id="word_627">tsk</word>
<word id="word_628">he</word>
<word id="word_629">was</word>
<word id="word_630">walking</word>
<word id="word_631">it</word>
<word id="word_632">at</word>
<word id="word_633">that</word>
<word id="word_634">time</word>
<word id="word_635">he</word>
<word id="word_636">did</word>
<word id="word_637">n&apos;t</word>
<word id="word_638">he</word>
<word id="word_639">did</word>
<word id="word_640">n&apos;t</word>
<word id="word_641">ride</word>
<word id="word_642">it</word>
<word id="word_643">And</word>
<word id="word_644">then</word>
<word id="word_645">um</word>
<word id="word_646">he</word>
<word id="word_647">whistles</word>
<word id="word_648">out</word>
<word id="word_649">at</word>
<word id="word_650">him</word>
<word id="word_651">and</word>
<word id="word_652">takes</word>
<word id="word_653">the</word>
<word id="word_654">hat</word>
<word id="word_655">back</word>
<word id="word_656">to</word>
<word id="word_657">him</word>
<word id="word_658">and</word>
<word id="word_659">in</word>
<word id="word_660">exchange</word>
<word id="word_661">the</word>
<word id="word_662">boy</word>
<word id="word_663">gives</word>
<word id="word_664">him</word>
<word id="word_665">three</word>
<word id="word_666">pears</word>
<word id="word_667">One</word>
<word id="word_668">for</word>
<word id="word_669">each</word>
<word id="word_670">of</word>
<word id="word_671">the</word>
<word id="word_672">boys</word>
<word id="word_673">And</word>
<word id="word_674">then</word>
<word id="word_675">he</word>
<word id="word_676">goes</word>
<word id="word_677">off</word>
<word id="word_678">again</word>
<word id="word_679">and</word>
<word id="word_680">the</word>
<word id="word_681">three</word>
<word id="word_682">boys</word>
<word id="word_683">start</word>
<word id="word_684">walking</word>
<word id="word_685">down</word>
<word id="word_686">the</word>
<word id="word_687">path</word>
<word id="word_688">and</word>
<word id="word_689">um</word>
<word id="word_690">by</word>
<word id="word_691">that</word>
<word id="word_692">time</word>
<word id="word_693">the</word>
<word id="word_694">man</word>
<word id="word_695">who</word>
<word id="word_696">was</word>
<word id="word_697">taking</word>
<word id="word_698">the</word>
<word id="word_699">pears</word>
<word id="word_700">off</word>
<word id="word_701">comes</word>
<word id="word_702">down</word>
<word id="word_703">he</word>
<word id="word_704">starts</word>
<word id="word_705">to</word>
<word id="word_706">empty</word>
<word id="word_707">out</word>
<word id="word_708">apron</word>
<word id="word_709">and</word>
<word id="word_710">he</word>
<word id="word_711">notices</word>
<word id="word_712">one</word>
<word id="word_713">of</word>
<word id="word_714">baskets</word>
<word id="word_715">is</word>
<word id="word_716">gone</word>
<word id="word_717">He</word>
<word id="word_718">stands</word>
<word id="word_719">up</word>
<word id="word_720">looks</word>
<word id="word_721">back</word>
<word id="word_722">and</word>
<word id="word_723">counts</word>
<word id="word_724">let</word>
<word id="word_725">&apos;s</word>
<word id="word_726">see</word>
<word id="word_727">one</word>
<word id="word_728">two</word>
<word id="word_729">and</word>
<word id="word_730">the</word>
<word id="word_731">third</word>
<word id="word_732">one</word>
<word id="word_733">&apos;s</word>
<word id="word_734">gone</word>
<word id="word_735">And</word>
<word id="word_736">then</word>
<word id="word_737">he</word>
<word id="word_738">sees</word>
<word id="word_739">these</word>
<word id="word_740">three</word>
<word id="word_741">walking</word>
<word id="word_742">around</word>
<word id="word_743">crunching</word>
<word id="word_744">on</word>
<word id="word_745">pears</word>
<word id="word_746">and</word>
<word id="word_747">he</word>
<word id="word_748">can</word>
<word id="word_749">n&apos;t</word>
<word id="word_750">and</word>
<word id="word_751">he</word>
<word id="word_752">sort</word>
<word id="word_753">of</word>
<word id="word_754">just</word>
<word id="word_755">what</word>
<word id="word_756">And</word>
<word id="word_757">um</word>
<word id="word_758">tsk</word>
<word id="word_759">let</word>
<word id="word_760">&apos;s</word>
<word id="word_761">see</word>
<word id="word_762">was</word>
<word id="word_763">that</word>
<word id="word_764">it</word>
<word id="word_765">Yeah</word>
<word id="word_766">I</word>
<word id="word_767">think</word>
<word id="word_768">s</word>
<word id="word_769">I</word>
<word id="word_770">think</word>
<word id="word_771">so</word>
<word id="word_772">I</word>
<word id="word_773">think</word>
<word id="word_774">that</word>
<word id="word_775">was</word>
<word id="word_776">about</word>
<word id="word_777">it</word>
</words>
