<?xml version="1.0" encoding="US-ASCII"?>
<!DOCTYPE words SYSTEM "words.dtd">
<words>
<word id="word_1">Speaker</word>
<word id="word_2">12</word>
<word id="word_3">Certainly</word>
<word id="word_4">uh</word>
<word id="word_5">The</word>
<word id="word_6">opening</word>
<word id="word_7">scene</word>
<word id="word_8">was</word>
<word id="word_9">uh</word>
<word id="word_10">a</word>
<word id="word_11">kind</word>
<word id="word_12">of</word>
<word id="word_13">middle-aged</word>
<word id="word_14">round</word>
<word id="word_15">Possibly</word>
<word id="word_16">he</word>
<word id="word_17">looked</word>
<word id="word_18">like</word>
<word id="word_19">he</word>
<word id="word_20">was</word>
<word id="word_21">made</word>
<word id="word_22">up</word>
<word id="word_23">to</word>
<word id="word_24">be</word>
<word id="word_25">a</word>
<word id="word_26">Mexican</word>
<word id="word_27">or</word>
<word id="word_28">th</word>
<word id="word_29">that</word>
<word id="word_30">kind</word>
<word id="word_31">of</word>
<word id="word_32">person</word>
<word id="word_33">picking</word>
<word id="word_34">pears</word>
<word id="word_35">from</word>
<word id="word_36">the</word>
<word id="word_37">tree</word>
<word id="word_38">and</word>
<word id="word_39">he</word>
<word id="word_40">had</word>
<word id="word_41">three</word>
<word id="word_42">baskets</word>
<word id="word_43">beneath</word>
<word id="word_44">the</word>
<word id="word_45">tree</word>
<word id="word_46">there</word>
<word id="word_47">was</word>
<word id="word_48">wone</word>
<word id="word_49">was</word>
<word id="word_50">full</word>
<word id="word_51">one</word>
<word id="word_52">was</word>
<word id="word_53">half-way</word>
<word id="word_54">full</word>
<word id="word_55">and</word>
<word id="word_56">one</word>
<word id="word_57">was</word>
<word id="word_58">empty</word>
<word id="word_59">and</word>
<word id="word_60">he</word>
<word id="word_61">had</word>
<word id="word_62">a</word>
<word id="word_63">ladder</word>
<word id="word_64">up</word>
<word id="word_65">to</word>
<word id="word_66">the</word>
<word id="word_67">tree</word>
<word id="word_68">and</word>
<word id="word_69">it</word>
<word id="word_70">was</word>
<word id="word_71">the</word>
<word id="word_72">rooster</word>
<word id="word_73">crowed</word>
<word id="word_74">in</word>
<word id="word_75">the</word>
<word id="word_76">beginning</word>
<word id="word_77">so</word>
<word id="word_78">it</word>
<word id="word_79">did</word>
<word id="word_80">n&apos;t</word>
<word id="word_81">look</word>
<word id="word_82">like</word>
<word id="word_83">morning</word>
<word id="word_84">and</word>
<word id="word_85">it</word>
<word id="word_86">looked</word>
<word id="word_87">like</word>
<word id="word_88">it</word>
<word id="word_89">was</word>
<word id="word_90">filmed</word>
<word id="word_91">in</word>
<word id="word_92">California</word>
<word id="word_93">those</word>
<word id="word_94">dusty</word>
<word id="word_95">kind</word>
<word id="word_96">of</word>
<word id="word_97">hills</word>
<word id="word_98">that</word>
<word id="word_99">they</word>
<word id="word_100">have</word>
<word id="word_101">out</word>
<word id="word_102">here</word>
<word id="word_103">by</word>
<word id="word_104">Stockton</word>
<word id="word_105">and</word>
<word id="word_106">all</word>
<word id="word_107">so</word>
<word id="word_108">it</word>
<word id="word_109">&apos;s</word>
<word id="word_110">very</word>
<word id="word_111">funny</word>
<word id="word_112">to</word>
<word id="word_113">make</word>
<word id="word_114">this</word>
<word id="word_115">telling</word>
<word id="word_116">And</word>
<word id="word_117">uh</word>
<word id="word_118">tsk</word>
<word id="word_119">he</word>
<word id="word_120">was</word>
<word id="word_121">picking</word>
<word id="word_122">pears</word>
<word id="word_123">Just</word>
<word id="word_124">rather</word>
<word id="word_125">slowly</word>
<word id="word_126">and</word>
<word id="word_127">he</word>
<word id="word_128">did</word>
<word id="word_129">it</word>
<word id="word_130">so</word>
<word id="word_131">that</word>
<word id="word_132">you</word>
<word id="word_133">could</word>
<word id="word_134">hear</word>
<word id="word_135">the</word>
<word id="word_136">sound</word>
<word id="word_137">of</word>
<word id="word_138">the</word>
<word id="word_139">pears</word>
<word id="word_140">being</word>
<word id="word_141">torn</word>
<word id="word_142">from</word>
<word id="word_143">the</word>
<word id="word_144">tree</word>
<word id="word_145">and</word>
<word id="word_146">he</word>
<word id="word_147">put</word>
<word id="word_148">them</word>
<word id="word_149">in</word>
<word id="word_150">an</word>
<word id="word_151">apron</word>
<word id="word_152">that</word>
<word id="word_153">he</word>
<word id="word_154">had</word>
<word id="word_155">the</word>
<word id="word_156">whole</word>
<word id="word_157">idea</word>
<word id="word_158">he</word>
<word id="word_159">picked</word>
<word id="word_160">pears</word>
<word id="word_161">came</word>
<word id="word_162">down</word>
<word id="word_163">the</word>
<word id="word_164">ladder</word>
<word id="word_165">put</word>
<word id="word_166">them</word>
<word id="word_167">one</word>
<word id="word_168">by</word>
<word id="word_169">one</word>
<word id="word_170">into</word>
<word id="word_171">this</word>
<word id="word_172">basket</word>
<word id="word_173">He</word>
<word id="word_174">y</word>
<word id="word_175">you</word>
<word id="word_176">got</word>
<word id="word_177">the</word>
<word id="word_178">feeling</word>
<word id="word_179">that</word>
<word id="word_180">he</word>
<word id="word_181">pretty</word>
<word id="word_182">much</word>
<word id="word_183">liked</word>
<word id="word_184">pears</word>
<word id="word_185">because</word>
<word id="word_186">he</word>
<word id="word_187">was</word>
<word id="word_188">so</word>
<word id="word_189">gentle</word>
<word id="word_190">with</word>
<word id="word_191">them</word>
<word id="word_192">And</word>
<word id="word_193">uh</word>
<word id="word_194">put</word>
<word id="word_195">them</word>
<word id="word_196">in</word>
<word id="word_197">the</word>
<word id="word_198">basket</word>
<word id="word_199">Any</word>
<word id="word_200">man</word>
<word id="word_201">with</word>
<word id="word_202">a</word>
<word id="word_203">goat</word>
<word id="word_204">was</word>
<word id="word_205">in</word>
<word id="word_206">the</word>
<word id="word_207">distance</word>
<word id="word_208">and</word>
<word id="word_209">walked</word>
<word id="word_210">by</word>
<word id="word_211">He</word>
<word id="word_212">the</word>
<word id="word_213">goat</word>
<word id="word_214">just</word>
<word id="word_215">he</word>
<word id="word_216">was</word>
<word id="word_217">kind</word>
<word id="word_218">of</word>
<word id="word_219">pulling</word>
<word id="word_220">him</word>
<word id="word_221">And</word>
<word id="word_222">the</word>
<word id="word_223">people</word>
<word id="word_224">looked</word>
<word id="word_225">very</word>
<word id="word_226">funny</word>
<word id="word_227">because</word>
<word id="word_228">they</word>
<word id="word_229">were</word>
<word id="word_230">suppo-sed</word>
<word id="word_231">to</word>
<word id="word_232">be</word>
<word id="word_233">far-mer-ish</word>
<word id="word_234">and</word>
<word id="word_235">really</word>
<word id="word_236">just</word>
<word id="word_237">had</word>
<word id="word_238">clothes</word>
<word id="word_239">like</word>
<word id="word_240">a</word>
<word id="word_241">person</word>
<word id="word_242">with</word>
<word id="word_243">like</word>
<word id="word_244">store</word>
<word id="word_245">levis</word>
<word id="word_246">and</word>
<word id="word_247">a</word>
<word id="word_248">new</word>
<word id="word_249">red</word>
<word id="word_250">bandana</word>
<word id="word_251">around</word>
<word id="word_252">neck</word>
<word id="word_253">and</word>
<word id="word_254">a</word>
<word id="word_255">things</word>
<word id="word_256">like</word>
<word id="word_257">so</word>
<word id="word_258">a</word>
<word id="word_259">man</word>
<word id="word_260">with</word>
<word id="word_261">a</word>
<word id="word_262">goat</word>
<word id="word_263">went</word>
<word id="word_264">by</word>
<word id="word_265">tsk</word>
<word id="word_266">and</word>
<word id="word_267">the</word>
<word id="word_268">goat</word>
<word id="word_269">balked</word>
<word id="word_270">and</word>
<word id="word_271">was</word>
<word id="word_272">pulled</word>
<word id="word_273">along</word>
<word id="word_274">by</word>
<word id="word_275">this</word>
<word id="word_276">wone</word>
<word id="word_277">fellow</word>
<word id="word_278">who</word>
<word id="word_279">just</word>
<word id="word_280">disappeared</word>
<word id="word_281">That</word>
<word id="word_282">was</word>
<word id="word_283">all</word>
<word id="word_284">that</word>
<word id="word_285">you</word>
<word id="word_286">saw</word>
<word id="word_287">of</word>
<word id="word_288">the</word>
<word id="word_289">man</word>
<word id="word_290">with</word>
<word id="word_291">goat</word>
<word id="word_292">went</word>
<word id="word_293">up</word>
<word id="word_294">across</word>
<word id="word_295">the</word>
<word id="word_296">hill</word>
<word id="word_297">the</word>
<word id="word_298">setting</word>
<word id="word_299">was</word>
<word id="word_300">a</word>
<word id="word_301">geographically</word>
<word id="word_302">there</word>
<word id="word_303">was</word>
<word id="word_304">a</word>
<word id="word_305">hill</word>
<word id="word_306">that</word>
<word id="word_307">kind</word>
<word id="word_308">of</word>
<word id="word_309">went</word>
<word id="word_310">down</word>
<word id="word_311">the</word>
<word id="word_312">tree</word>
<word id="word_313">was</word>
<word id="word_314">halfway</word>
<word id="word_315">up</word>
<word id="word_316">the</word>
<word id="word_317">hill</word>
<word id="word_318">The</word>
<word id="word_319">man</word>
<word id="word_320">with</word>
<word id="word_321">the</word>
<word id="word_322">goat</word>
<word id="word_323">went</word>
<word id="word_324">that</word>
<word id="word_325">way</word>
<word id="word_326">Then-</word>
<word id="word_327">a</word>
<word id="word_328">young</word>
<word id="word_329">boy</word>
<word id="word_330">he</word>
<word id="word_331">went</word>
<word id="word_332">back</word>
<word id="word_333">up</word>
<word id="word_334">in</word>
<word id="word_335">the</word>
<word id="word_336">tree</word>
<word id="word_337">and</word>
<word id="word_338">was</word>
<word id="word_339">picking</word>
<word id="word_340">I</word>
<word id="word_341">thought</word>
<word id="word_342">that</word>
<word id="word_343">the</word>
<word id="word_344">goat</word>
<word id="word_345">would</word>
<word id="word_346">eat</word>
<word id="word_347">the</word>
<word id="word_348">pears.</word>
<word id="word_349">as</word>
<word id="word_350">they</word>
<word id="word_351">went</word>
<word id="word_352">by</word>
<word id="word_353">That</word>
<word id="word_354">&apos;s</word>
<word id="word_355">I</word>
<word id="word_356">do</word>
<word id="word_357">n&apos;t</word>
<word id="word_358">know</word>
<word id="word_359">whether</word>
<word id="word_360">you</word>
<word id="word_361">&apos;re</word>
<word id="word_362">supposed</word>
<word id="word_363">to</word>
<word id="word_364">think</word>
<word id="word_365">that</word>
<word id="word_366">or</word>
<word id="word_367">not</word>
<word id="word_368">And</word>
<word id="word_369">then</word>
<word id="word_370">tsk</word>
<word id="word_371">he</word>
<word id="word_372">the</word>
<word id="word_373">goat</word>
<word id="word_374">and</word>
<word id="word_375">the</word>
<word id="word_376">goatman</word>
<word id="word_377">disappeared.</word>
<word id="word_378">A</word>
<word id="word_379">young</word>
<word id="word_380">boy</word>
<word id="word_381">on</word>
<word id="word_382">a</word>
<word id="word_383">bicycle</word>
<word id="word_384">that</word>
<word id="word_385">was</word>
<word id="word_386">much</word>
<word id="word_387">too</word>
<word id="word_388">big</word>
<word id="word_389">for</word>
<word id="word_390">him</word>
<word id="word_391">rode</word>
<word id="word_392">the</word>
<word id="word_393">from</word>
<word id="word_394">the</word>
<word id="word_395">direction</word>
<word id="word_396">in</word>
<word id="word_397">which</word>
<word id="word_398">the</word>
<word id="word_399">goat</word>
<word id="word_400">person</word>
<word id="word_401">had</word>
<word id="word_402">come</word>
<word id="word_403">towards</word>
<word id="word_404">the</word>
<word id="word_405">man</word>
<word id="word_406">picking</word>
<word id="word_407">the</word>
<word id="word_408">the</word>
<word id="word_409">pearpicker</word>
<word id="word_410">tsk</word>
<word id="word_411">and</word>
<word id="word_412">stops</word>
<word id="word_413">Beside</word>
<word id="word_414">the</word>
<word id="word_415">baskets</word>
<word id="word_416">While</word>
<word id="word_417">the</word>
<word id="word_418">man</word>
<word id="word_419">was</word>
<word id="word_420">upsta</word>
<word id="word_421">he</word>
<word id="word_422">had</word>
<word id="word_423">gone</word>
<word id="word_424">up</word>
<word id="word_425">the</word>
<word id="word_426">tree</word>
<word id="word_427">The</word>
<word id="word_428">man</word>
<word id="word_429">is</word>
<word id="word_430">in</word>
<word id="word_431">the</word>
<word id="word_432">tree</word>
<word id="word_433">and</word>
<word id="word_434">the</word>
<word id="word_435">boy</word>
<word id="word_436">parked</word>
<word id="word_437">bicycle</word>
<word id="word_438">here</word>
<word id="word_439">and</word>
<word id="word_440">got</word>
<word id="word_441">off</word>
<word id="word_442">the</word>
<word id="word_443">bicycle</word>
<word id="word_444">got</word>
<word id="word_445">off</word>
<word id="word_446">the</word>
<word id="word_447">bicycle</word>
<word id="word_448">and</word>
<word id="word_449">furtively</word>
<word id="word_450">went</word>
<word id="word_451">and</word>
<word id="word_452">felt</word>
<word id="word_453">a</word>
<word id="word_454">pear</word>
<word id="word_455">To</word>
<word id="word_456">s</word>
<word id="word_457">while</word>
<word id="word_458">watching</word>
<word id="word_459">the</word>
<word id="word_460">man</word>
<word id="word_461">to</word>
<word id="word_462">see</word>
<word id="word_463">whether</word>
<word id="word_464">he</word>
<word id="word_465">was</word>
<word id="word_466">seeing</word>
<word id="word_467">whether</word>
<word id="word_468">the</word>
<word id="word_469">boy</word>
<word id="word_470">was</word>
<word id="word_471">stealing</word>
<word id="word_472">the</word>
<word id="word_473">pears</word>
<word id="word_474">but</word>
<word id="word_475">he</word>
<word id="word_476">was</word>
<word id="word_477">n&apos;t</word>
<word id="word_478">he</word>
<word id="word_479">was</word>
<word id="word_480">just</word>
<word id="word_481">involved</word>
<word id="word_482">in</word>
<word id="word_483">picking</word>
<word id="word_484">more</word>
<word id="word_485">pears</word>
<word id="word_486">and</word>
<word id="word_487">he</word>
<word id="word_488">decided</word>
<word id="word_489">not</word>
<word id="word_490">just</word>
<word id="word_491">to</word>
<word id="word_492">take</word>
<word id="word_493">one</word>
<word id="word_494">but</word>
<word id="word_495">move</word>
<word id="word_496">the</word>
<word id="word_497">whole</word>
<word id="word_498">ba</word>
<word id="word_499">full</word>
<word id="word_500">basket</word>
<word id="word_501">onto</word>
<word id="word_502">the</word>
<word id="word_503">front</word>
<word id="word_504">of</word>
<word id="word_505">th</word>
<word id="word_506">lifted</word>
<word id="word_507">up</word>
<word id="word_508">bike</word>
<word id="word_509">and</word>
<word id="word_510">then</word>
<word id="word_511">put</word>
<word id="word_512">the</word>
<word id="word_513">basket</word>
<word id="word_514">on</word>
<word id="word_515">the</word>
<word id="word_516">front</word>
<word id="word_517">of</word>
<word id="word_518">the</word>
<word id="word_519">bike</word>
<word id="word_520">And</word>
<word id="word_521">made</word>
<word id="word_522">off</word>
<word id="word_523">with</word>
<word id="word_524">the</word>
<word id="word_525">whole</word>
<word id="word_526">basket</word>
<word id="word_527">of</word>
<word id="word_528">pears</word>
<word id="word_529">tsk</word>
<word id="word_530">Which</word>
<word id="word_531">the</word>
<word id="word_532">man</word>
<word id="word_533">the</word>
<word id="word_534">pearpicker</word>
<word id="word_535">man</word>
<word id="word_536">did</word>
<word id="word_537">not</word>
<word id="word_538">notice</word>
<word id="word_539">Because</word>
<word id="word_540">he</word>
<word id="word_541">was</word>
<word id="word_542">busy</word>
<word id="word_543">picking</word>
<word id="word_544">pears</word>
<word id="word_545">Came</word>
<word id="word_546">dow</word>
<word id="word_547">oh</word>
<word id="word_548">no.</word>
<word id="word_549">that</word>
<word id="word_550">did</word>
<word id="word_551">n&apos;t</word>
<word id="word_552">happen</word>
<word id="word_553">yet</word>
<word id="word_554">So</word>
<word id="word_555">the</word>
<word id="word_556">sequence</word>
<word id="word_557">is</word>
<word id="word_558">funny</word>
<word id="word_559">if</word>
<word id="word_560">you</word>
<word id="word_561">do</word>
<word id="word_562">n&apos;t</word>
<word id="word_563">really</word>
<word id="word_564">remember</word>
<word id="word_565">Uh</word>
<word id="word_566">he</word>
<word id="word_567">rode</word>
<word id="word_568">away</word>
<word id="word_569">on</word>
<word id="word_570">bicycle</word>
<word id="word_571">And</word>
<word id="word_572">you</word>
<word id="word_573">see</word>
<word id="word_574">him</word>
<word id="word_575">riding</word>
<word id="word_576">away</word>
<word id="word_577">and</word>
<word id="word_578">then</word>
<word id="word_579">into</word>
<word id="word_580">the</word>
<word id="word_581">screen</word>
<word id="word_582">comes</word>
<word id="word_583">just</word>
<word id="word_584">the</word>
<word id="word_585">girl</word>
<word id="word_586">riding</word>
<word id="word_587">on</word>
<word id="word_588">another</word>
<word id="word_589">bicycle</word>
<word id="word_590">in</word>
<word id="word_591">an</word>
<word id="word_592">opposite</word>
<word id="word_593">direction</word>
<word id="word_594">where</word>
<word id="word_595">they</word>
<word id="word_596">pass</word>
<word id="word_597">And</word>
<word id="word_598">he</word>
<word id="word_599">1ooks</word>
<word id="word_600">at</word>
<word id="word_601">her</word>
<word id="word_602">a</word>
<word id="word_603">nd</word>
<word id="word_604">is</word>
<word id="word_605">involved</word>
<word id="word_606">in</word>
<word id="word_607">looking</word>
<word id="word_608">at</word>
<word id="word_609">her</word>
<word id="word_610">riding</word>
<word id="word_611">this</word>
<word id="word_612">bicycle</word>
<word id="word_613">bumps</word>
<word id="word_614">a</word>
<word id="word_615">rock</word>
<word id="word_616">do</word>
<word id="word_617">n&apos;t</word>
<word id="word_618">say</word>
<word id="word_619">yes</word>
<word id="word_620">because</word>
<word id="word_621">you</word>
<word id="word_622">do</word>
<word id="word_623">n&apos;t</word>
<word id="word_624">you</word>
<word id="word_625">&apos;ve</word>
<word id="word_626">never</word>
<word id="word_627">seen</word>
<word id="word_628">that</word>
<word id="word_629">All</word>
<word id="word_630">right</word>
<word id="word_631">Okay</word>
<word id="word_632">Uh</word>
<word id="word_633">he</word>
<word id="word_634">rides</word>
<word id="word_635">ba</word>
<word id="word_636">and</word>
<word id="word_637">looking</word>
<word id="word_638">at</word>
<word id="word_639">her</word>
<word id="word_640">bumps</word>
<word id="word_641">into</word>
<word id="word_642">a</word>
<word id="word_643">rock</word>
<word id="word_644">a</word>
<word id="word_645">large</word>
<word id="word_646">rock.</word>
<word id="word_647">Upsetting</word>
<word id="word_648">bicycle</word>
<word id="word_649">upsetting</word>
<word id="word_650">the</word>
<word id="word_651">pears</word>
<word id="word_652">she</word>
<word id="word_653">rides</word>
<word id="word_654">past</word>
<word id="word_655">That</word>
<word id="word_656">was</word>
<word id="word_657">all</word>
<word id="word_658">that</word>
<word id="word_659">you</word>
<word id="word_660">saw</word>
<word id="word_661">of</word>
<word id="word_662">her</word>
<word id="word_663">in</word>
<word id="word_664">the</word>
<word id="word_665">movie</word>
<word id="word_666">So</word>
<word id="word_667">he</word>
<word id="word_668">&apos;s</word>
<word id="word_669">the</word>
<word id="word_670">baw</word>
<word id="word_671">the</word>
<word id="word_672">thief</word>
<word id="word_673">boy</word>
<word id="word_674">has</word>
<word id="word_675">taken</word>
<word id="word_676">the</word>
<word id="word_677">pears</word>
<word id="word_678">and</word>
<word id="word_679">bumps</word>
<word id="word_680">up.</word>
<word id="word_681">So</word>
<word id="word_682">instantly</word>
<word id="word_683">the</word>
<word id="word_684">film</word>
<word id="word_685">flashes</word>
<word id="word_686">to</word>
<word id="word_687">uh</word>
<word id="word_688">there</word>
<word id="word_689">are</word>
<word id="word_690">three</word>
<word id="word_691">little</word>
<word id="word_692">boys</word>
<word id="word_693">Also</word>
<word id="word_694">about</word>
<word id="word_695">the</word>
<word id="word_696">same</word>
<word id="word_697">age</word>
<word id="word_698">not</word>
<word id="word_699">really</word>
<word id="word_700">necessarily</word>
<word id="word_701">one</word>
<word id="word_702">real</word>
<word id="word_703">little</word>
<word id="word_704">one</word>
<word id="word_705">medium</word>
<word id="word_706">sized</word>
<word id="word_707">and</word>
<word id="word_708">one</word>
<word id="word_709">about</word>
<word id="word_710">height</word>
<word id="word_711">five</word>
<word id="word_712">two</word>
<word id="word_713">Young</word>
<word id="word_714">boys</word>
<word id="word_715">Ten</word>
<word id="word_716">eleven</word>
<word id="word_717">years</word>
<word id="word_718">old</word>
<word id="word_719">And</word>
<word id="word_720">they</word>
<word id="word_721">help</word>
<word id="word_722">They</word>
<word id="word_723">see</word>
<word id="word_724">that</word>
<word id="word_725">this</word>
<word id="word_726">other</word>
<word id="word_727">boy</word>
<word id="word_728">has</word>
<word id="word_729">fallen</word>
<word id="word_730">down</word>
<word id="word_731">also</word>
<word id="word_732">before</word>
<word id="word_733">he</word>
<word id="word_734">fell</word>
<word id="word_735">over</word>
<word id="word_736">hat</word>
<word id="word_737">blew</word>
<word id="word_738">off.</word>
<word id="word_739">while</word>
<word id="word_740">he</word>
<word id="word_741">was</word>
<word id="word_742">still</word>
<word id="word_743">looking</word>
<word id="word_744">at</word>
<word id="word_745">the</word>
<word id="word_746">girl</word>
<word id="word_747">This</word>
<word id="word_748">comes</word>
<word id="word_749">later</word>
<word id="word_750">So</word>
<word id="word_751">he</word>
<word id="word_752">&apos;s</word>
<word id="word_753">f</word>
<word id="word_754">a</word>
<word id="word_755">the</word>
<word id="word_756">pears</word>
<word id="word_757">VW</word>
<word id="word_758">fallen</word>
<word id="word_759">off</word>
<word id="word_760">and</word>
<word id="word_761">uh</word>
<word id="word_762">and</word>
<word id="word_763">they</word>
<word id="word_764">help</word>
<word id="word_765">him</word>
<word id="word_766">pick</word>
<word id="word_767">up</word>
<word id="word_768">the</word>
<word id="word_769">pears</word>
<word id="word_770">and</word>
<word id="word_771">they</word>
<word id="word_772">kind</word>
<word id="word_773">of</word>
<word id="word_774">toss</word>
<word id="word_775">them</word>
<word id="word_776">back</word>
<word id="word_777">into</word>
<word id="word_778">the</word>
<word id="word_779">basket</word>
<word id="word_780">where</word>
<word id="word_781">hehas</word>
<word id="word_782">had</word>
<word id="word_783">them</word>
<word id="word_784">and</word>
<word id="word_785">he</word>
<word id="word_786">gets</word>
<word id="word_787">up</word>
<word id="word_788">uprights</word>
<word id="word_789">bike</word>
<word id="word_790">they</word>
<word id="word_791">put</word>
<word id="word_792">the</word>
<word id="word_793">basket</word>
<word id="word_794">on</word>
<word id="word_795">and</word>
<word id="word_796">send</word>
<word id="word_797">him</word>
<word id="word_798">on</word>
<word id="word_799">way</word>
<word id="word_800">And</word>
<word id="word_801">uh</word>
<word id="word_802">they</word>
<word id="word_803">walk</word>
<word id="word_804">this</word>
<word id="word_805">way</word>
<word id="word_806">and</word>
<word id="word_807">one</word>
<word id="word_808">has</word>
<word id="word_809">a</word>
<word id="word_810">ping-pong</word>
<word id="word_811">p</word>
<word id="word_812">paddle</word>
<word id="word_813">Those</word>
<word id="word_814">bouncy</word>
<word id="word_815">bail</word>
<word id="word_816">things</word>
<word id="word_817">with</word>
<word id="word_818">a</word>
<word id="word_819">great</word>
<word id="word_820">big</word>
<word id="word_821">if</word>
<word id="word_822">this</word>
<word id="word_823">is</word>
<word id="word_824">for</word>
<word id="word_825">gestures</word>
<word id="word_826">this</word>
<word id="word_827">is</word>
<word id="word_828">a</word>
<word id="word_829">great</word>
<word id="word_830">movie</word>
<word id="word_831">for</word>
<word id="word_832">gestures</word>
<word id="word_833">Because</word>
<word id="word_834">of</word>
<word id="word_835">all</word>
<word id="word_836">the</word>
<word id="word_837">things</word>
<word id="word_838">involved</word>
<word id="word_839">And</word>
<word id="word_840">they</word>
<word id="word_841">walk</word>
<word id="word_842">this</word>
<word id="word_843">way</word>
<word id="word_844">the</word>
<word id="word_845">other</word>
<word id="word_846">boy</word>
<word id="word_847">walks</word>
<word id="word_848">this</word>
<word id="word_849">way</word>
<word id="word_850">The</word>
<word id="word_851">one</word>
<word id="word_852">boy</word>
<word id="word_853">with</word>
<word id="word_854">the</word>
<word id="word_855">ping-pong</word>
<word id="word_856">paddle</word>
<word id="word_857">notices</word>
<word id="word_858">a</word>
<word id="word_859">hat</word>
<word id="word_860">hat</word>
<word id="word_861">the</word>
<word id="word_862">thief</word>
<word id="word_863">&apos;s</word>
<word id="word_864">hat</word>
<word id="word_865">lying</word>
<word id="word_866">in</word>
<word id="word_867">the</word>
<word id="word_868">ground</word>
<word id="word_869">The</word>
<word id="word_870">road</word>
<word id="word_871">and</word>
<word id="word_872">picks</word>
<word id="word_873">it</word>
<word id="word_874">up</word>
<word id="word_875">and</word>
<word id="word_876">whistles</word>
<word id="word_877">which</word>
<word id="word_878">is</word>
<word id="word_879">one</word>
<word id="word_880">of</word>
<word id="word_881">about</word>
<word id="word_882">four</word>
<word id="word_883">sounds</word>
<word id="word_884">that</word>
<word id="word_885">you</word>
<word id="word_886">hear</word>
<word id="word_887">in</word>
<word id="word_888">the</word>
<word id="word_889">movie</word>
<word id="word_890">and</word>
<word id="word_891">the</word>
<word id="word_892">boy</word>
<word id="word_893">with</word>
<word id="word_894">the</word>
<word id="word_895">bicycle</word>
<word id="word_896">who</word>
<word id="word_897">&apos;s</word>
<word id="word_898">now</word>
<word id="word_899">walking</word>
<word id="word_900">the</word>
<word id="word_901">bicycle</word>
<word id="word_902">not</word>
<word id="word_903">riding</word>
<word id="word_904">it</word>
<word id="word_905">turns</word>
<word id="word_906">around</word>
<word id="word_907">and</word>
<word id="word_908">sees</word>
<word id="word_909">that</word>
<word id="word_910">he</word>
<word id="word_911">&apos;s</word>
<word id="word_912">forgotten</word>
<word id="word_913">hat</word>
<word id="word_914">And</word>
<word id="word_915">the</word>
<word id="word_916">boy</word>
<word id="word_917">with</word>
<word id="word_918">the</word>
<word id="word_919">ping-pong</word>
<word id="word_920">paddle</word>
<word id="word_921">brings</word>
<word id="word_922">the</word>
<word id="word_923">hat</word>
<word id="word_924">to</word>
<word id="word_925">the</word>
<word id="word_926">bicycle</word>
<word id="word_927">boy</word>
<word id="word_928">who</word>
<word id="word_929">gives</word>
<word id="word_930">him</word>
<word id="word_931">three</word>
<word id="word_932">pears</word>
<word id="word_933">tsk</word>
<word id="word_934">For</word>
<word id="word_935">bringing</word>
<word id="word_936">back</word>
<word id="word_937">hat.</word>
<word id="word_938">Puts</word>
<word id="word_939">the</word>
<word id="word_940">hat</word>
<word id="word_941">on</word>
<word id="word_942">and</word>
<word id="word_943">that</word>
<word id="word_944">&apos;s</word>
<word id="word_945">the</word>
<word id="word_946">last</word>
<word id="word_947">you</word>
<word id="word_948">see</word>
<word id="word_949">of</word>
<word id="word_950">the</word>
<word id="word_951">bicycle</word>
<word id="word_952">thief</word>
<word id="word_953">but</word>
<word id="word_954">now</word>
<word id="word_955">the</word>
<word id="word_956">three</word>
<word id="word_957">boys</word>
<word id="word_958">who</word>
<word id="word_959">now</word>
<word id="word_960">are</word>
<word id="word_961">eating</word>
<word id="word_962">the</word>
<word id="word_963">polished</word>
<word id="word_964">have</word>
<word id="word_965">polished</word>
<word id="word_966">and</word>
<word id="word_967">are</word>
<word id="word_968">eating</word>
<word id="word_969">pears</word>
<word id="word_970">are</word>
<word id="word_971">walking</word>
<word id="word_972">back</word>
<word id="word_973">towards</word>
<word id="word_974">the</word>
<word id="word_975">pear</word>
<word id="word_976">picker</word>
<word id="word_977">&apos;s</word>
<word id="word_978">area</word>
<word id="word_979">and</word>
<word id="word_980">just</word>
<word id="word_981">eating</word>
<word id="word_982">pears</word>
<word id="word_983">walking</word>
<word id="word_984">along</word>
<word id="word_985">nobody</word>
<word id="word_986">talks</word>
<word id="word_987">during</word>
<word id="word_988">the</word>
<word id="word_989">whole</word>
<word id="word_990">movie</word>
<word id="word_991">there</word>
<word id="word_992">&apos;s</word>
<word id="word_993">no</word>
<word id="word_994">dialogue.</word>
<word id="word_995">Did</word>
<word id="word_996">you</word>
<word id="word_997">know</word>
<word id="word_998">that</word>
<word id="word_999">No.</word>
<word id="word_1000">And</word>
<word id="word_1001">uh</word>
<word id="word_1002">he</word>
<word id="word_1003">has</word>
<word id="word_1004">just</word>
<word id="word_1005">clambered</word>
<word id="word_1006">down</word>
<word id="word_1007">from</word>
<word id="word_1008">ladder</word>
<word id="word_1009">and</word>
<word id="word_1010">notices</word>
<word id="word_1011">Whoa-</word>
<word id="word_1012">My</word>
<word id="word_1013">pear</word>
<word id="word_1014">basket</word>
<word id="word_1015">is</word>
<word id="word_1016">gone</word>
<word id="word_1017">And</word>
<word id="word_1018">goes</word>
<word id="word_1019">one</word>
<word id="word_1020">two</word>
<word id="word_1021">and</word>
<word id="word_1022">the</word>
<word id="word_1023">third</word>
<word id="word_1024">one</word>
<word id="word_1025">is</word>
<word id="word_1026">missing</word>
<word id="word_1027">Then</word>
<word id="word_1028">he</word>
<word id="word_1029">sees</word>
<word id="word_1030">the</word>
<word id="word_1031">three</word>
<word id="word_1032">little</word>
<word id="word_1033">boys</word>
<word id="word_1034">chewing</word>
<word id="word_1035">on</word>
<word id="word_1036">pears</word>
<word id="word_1037">walking</word>
<word id="word_1038">way</word>
<word id="word_1039">and</word>
<word id="word_1040">Iooks</word>
<word id="word_1041">at</word>
<word id="word_1042">them</word>
<word id="word_1043">like</word>
<word id="word_1044">they</word>
<word id="word_1045">&apos;re</word>
<word id="word_1046">very</word>
<word id="word_1047">suspiciously</word>
<word id="word_1048">and</word>
<word id="word_1049">they</word>
<word id="word_1050">walk</word>
<word id="word_1051">off</word>
<word id="word_1052">into</word>
<word id="word_1053">the</word>
<word id="word_1054">distance</word>
<word id="word_1055">and</word>
<word id="word_1056">that</word>
<word id="word_1057">&apos;s</word>
<word id="word_1058">it</word>
</words>
